timestamp_utc,city,lat,lon,temp_c,humidity_pct,wind_speed_ms,pressure_hpa,weather_main,aqi_openweather,pm2_5,pm10,no2,so2,co,o3,nh3,aqi_us_epa,aqi_aqicn
2026-03-05 11:00:00+00:00,Karachi,24.8607,67.0011,26.6,53,16.7,1011.3,,3,25.91,56.63,0.04,0.21,114.66,76.22,0.0,82.3,
2026-03-05 12:00:00+00:00,Karachi,24.8607,67.0011,25.6,61,16.6,1011.1,,3,26.13,56.79,0.05,0.21,114.47,75.34,0.0,82.7,
2026-03-05 13:00:00+00:00,Karachi,24.8607,67.0011,24.6,68,16.0,1011.3,,3,26.32,56.78,0.06,0.21,114.54,75.25,0.0,83.1,
2026-03-05 14:00:00+00:00,Karachi,24.8607,67.0011,23.7,76,14.1,1011.5,,3,26.51,56.71,0.08,0.22,114.6,75.14,0.0,83.4,
2026-03-05 15:00:00+00:00,Karachi,24.8607,67.0011,23.3,82,11.8,1011.7,,3,26.59,56.36,0.08,0.23,114.75,74.88,0.0,83.6,
2026-03-05 16:00:00+00:00,Karachi,24.8607,67.0011,23.0,86,11.9,1012.3,,3,26.47,55.42,0.08,0.23,114.75,74.88,0.0,83.4,
2026-03-05 17:00:00+00:00,Karachi,24.8607,67.0011,22.8,87,11.5,1012.4,,3,26.2,54.32,0.08,0.24,114.89,74.97,0.0,82.9,
2026-03-05 18:00:00+00:00,Karachi,24.8607,67.0011,22.7,87,12.1,1012.5,,3,25.85,53.12,0.08,0.25,114.76,75.26,0.0,82.2,
2026-03-05 19:00:00+00:00,Karachi,24.8607,67.0011,22.7,89,12.6,1011.8,,3,25.45,52.08,0.08,0.26,114.6,75.49,0.0,81.5,
2026-03-05 20:00:00+00:00,Karachi,24.8607,67.0011,22.6,90,13.0,1011.3,,3,25.12,51.51,0.08,0.28,114.32,76.09,0.0,80.8,
2026-03-05 21:00:00+00:00,Karachi,24.8607,67.0011,22.6,90,13.5,1010.9,,3,24.89,51.42,0.07,0.3,113.86,77.15,0.0,80.4,
2026-03-05 22:00:00+00:00,Karachi,24.8607,67.0011,22.4,92,13.7,1010.2,,3,24.72,51.96,0.07,0.31,113.34,78.88,0.0,80.1,
2026-03-05 23:00:00+00:00,Karachi,24.8607,67.0011,22.5,91,14.3,1010.0,,3,25.08,54.62,0.07,0.34,112.95,79.92,0.0,80.8,
2026-03-06 00:00:00+00:00,Karachi,24.8607,67.0011,22.6,90,14.9,1009.7,,3,26.16,60.3,0.07,0.39,112.97,80.47,0.0,82.8,
2026-03-06 01:00:00+00:00,Karachi,24.8607,67.0011,22.7,90,14.4,1009.9,,3,27.85,68.65,0.08,0.47,113.57,81.17,0.0,85.9,
2026-03-06 02:00:00+00:00,Karachi,24.8607,67.0011,22.5,92,13.3,1010.3,,3,29.66,77.03,0.09,0.55,114.44,81.47,0.0,89.3,
2026-03-06 03:00:00+00:00,Karachi,24.8607,67.0011,23.4,86,14.1,1011.0,,3,31.3,84.98,0.12,0.62,115.25,81.75,0.0,92.4,
2026-03-06 04:00:00+00:00,Karachi,24.8607,67.0011,25.1,76,14.5,1011.5,,3,32.63,92.16,0.12,0.66,115.67,82.1,0.0,94.8,
2026-03-06 05:00:00+00:00,Karachi,24.8607,67.0011,26.4,69,15.3,1011.9,,3,33.94,98.98,0.09,0.69,116.13,82.3,0.0,97.3,
2026-03-06 06:00:00+00:00,Karachi,24.8607,67.0011,27.8,62,15.1,1012.0,,4,35.24,105.03,0.08,0.68,116.3,81.94,0.0,99.7,
2026-03-06 07:00:00+00:00,Karachi,24.8607,67.0011,28.7,58,15.8,1011.7,,4,36.56,110.09,0.07,0.65,116.03,81.0,0.0,103.6,
2026-03-06 08:00:00+00:00,Karachi,24.8607,67.0011,29.0,58,16.0,1010.9,,4,38.06,114.92,0.06,0.62,115.49,79.93,0.0,107.3,
2026-03-06 09:00:00+00:00,Karachi,24.8607,67.0011,29.0,58,16.2,1009.9,,4,39.67,119.36,0.06,0.58,114.81,78.85,0.0,111.3,
2026-03-06 10:00:00+00:00,Karachi,24.8607,67.0011,28.8,60,15.4,1009.2,,4,41.28,123.21,0.07,0.54,114.41,78.25,0.0,115.2,
2026-03-06 11:00:00+00:00,Karachi,24.8607,67.0011,28.2,63,14.3,1008.6,,4,42.19,124.82,0.07,0.5,113.53,77.34,0.0,117.5,
2026-03-06 12:00:00+00:00,Karachi,24.8607,67.0011,27.2,71,13.1,1008.3,,4,42.41,124.62,0.08,0.47,113.07,76.47,0.0,118.0,
2026-03-06 13:00:00+00:00,Karachi,24.8607,67.0011,25.9,76,12.4,1008.6,,4,42.22,123.49,0.11,0.45,113.47,76.31,0.0,117.5,
2026-03-06 14:00:00+00:00,Karachi,24.8607,67.0011,24.8,82,10.9,1009.0,,4,41.54,121.07,0.13,0.44,113.94,76.45,0.0,115.9,
2026-03-06 15:00:00+00:00,Karachi,24.8607,67.0011,24.2,88,9.5,1009.5,,4,40.58,117.78,0.14,0.44,114.74,76.57,0.0,113.5,
2026-03-06 16:00:00+00:00,Karachi,24.8607,67.0011,23.8,90,9.0,1009.8,,4,39.5,114.23,0.14,0.43,115.35,77.05,0.0,110.8,
2026-03-06 17:00:00+00:00,Karachi,24.8607,67.0011,23.6,90,8.6,1010.0,,4,38.43,110.69,0.13,0.43,116.18,77.66,0.0,108.2,
2026-03-06 18:00:00+00:00,Karachi,24.8607,67.0011,23.4,91,8.6,1009.9,,4,37.3,106.83,0.13,0.43,116.86,78.64,0.0,105.4,
2026-03-06 19:00:00+00:00,Karachi,24.8607,67.0011,23.3,92,8.7,1009.8,,4,36.08,102.74,0.13,0.44,117.36,79.63,0.0,102.4,
2026-03-06 20:00:00+00:00,Karachi,24.8607,67.0011,23.1,92,7.9,1009.6,,3,34.92,98.92,0.13,0.44,117.74,80.59,0.0,99.1,
2026-03-06 21:00:00+00:00,Karachi,24.8607,67.0011,23.0,93,7.2,1009.2,,3,33.81,95.41,0.13,0.44,118.03,81.64,0.0,97.0,
2026-03-06 22:00:00+00:00,Karachi,24.8607,67.0011,22.7,93,7.5,1008.8,,3,32.57,92.29,0.13,0.45,118.56,82.78,0.0,94.7,
2026-03-06 23:00:00+00:00,Karachi,24.8607,67.0011,22.7,92,7.9,1008.7,,3,31.2,89.17,0.13,0.47,119.43,84.47,0.0,92.2,
2026-03-07 00:00:00+00:00,Karachi,24.8607,67.0011,22.5,93,7.4,1008.6,,3,29.76,86.33,0.14,0.49,120.75,86.82,0.0,89.5,
2026-03-07 01:00:00+00:00,Karachi,24.8607,67.0011,22.5,94,7.1,1008.9,,3,28.36,83.84,0.14,0.51,122.81,89.87,0.0,86.9,
2026-03-07 02:00:00+00:00,Karachi,24.8607,67.0011,22.1,95,5.9,1009.7,,3,27.16,81.8,0.15,0.52,125.13,93.12,0.0,84.6,
2026-03-07 03:00:00+00:00,Karachi,24.8607,67.0011,23.2,94,6.6,1010.3,,3,26.26,80.29,0.19,0.54,127.26,96.15,0.0,83.0,
2026-03-07 04:00:00+00:00,Karachi,24.8607,67.0011,24.8,85,6.0,1010.8,,3,25.56,79.02,0.18,0.54,128.65,98.49,0.0,81.7,
2026-03-07 05:00:00+00:00,Karachi,24.8607,67.0011,26.6,76,5.0,1011.3,,3,25.04,77.98,0.13,0.54,129.95,100.25,0.0,80.7,
2026-03-07 06:00:00+00:00,Karachi,24.8607,67.0011,27.9,68,8.1,1011.7,,3,24.54,76.77,0.1,0.53,130.92,101.26,0.0,79.8,
2026-03-07 07:00:00+00:00,Karachi,24.8607,67.0011,28.8,64,10.4,1011.2,,3,24.13,75.68,0.08,0.52,131.47,101.18,0.0,79.0,
2026-03-07 08:00:00+00:00,Karachi,24.8607,67.0011,29.5,60,11.3,1010.4,,3,23.81,74.58,0.08,0.51,131.5,100.05,0.0,78.4,
2026-03-07 09:00:00+00:00,Karachi,24.8607,67.0011,29.8,58,12.2,1009.6,,3,23.54,73.39,0.07,0.5,131.34,98.69,0.0,77.9,
2026-03-07 10:00:00+00:00,Karachi,24.8607,67.0011,29.6,58,12.6,1009.0,,3,23.25,72.06,0.07,0.49,131.7,98.02,0.0,77.4,
2026-03-07 11:00:00+00:00,Karachi,24.8607,67.0011,28.8,61,12.2,1008.7,,3,22.87,70.16,0.08,0.49,131.8,97.84,0.0,76.7,
2026-03-07 12:00:00+00:00,Karachi,24.8607,67.0011,27.5,68,11.3,1009.1,,3,22.47,67.96,0.1,0.48,132.2,98.46,0.0,75.9,
2026-03-07 13:00:00+00:00,Karachi,24.8607,67.0011,26.2,74,10.3,1009.5,,3,22.04,65.69,0.13,0.48,132.79,99.83,0.0,75.1,
2026-03-07 14:00:00+00:00,Karachi,24.8607,67.0011,24.9,82,8.3,1010.0,,3,21.59,63.28,0.16,0.49,133.2,101.68,0.0,74.3,
2026-03-07 15:00:00+00:00,Karachi,24.8607,67.0011,24.3,88,7.1,1010.6,,3,21.1,60.71,0.16,0.49,133.58,103.92,0.0,73.4,
2026-03-07 16:00:00+00:00,Karachi,24.8607,67.0011,23.9,91,5.9,1011.6,,3,20.59,58.11,0.15,0.49,133.43,105.68,0.0,72.4,
2026-03-07 17:00:00+00:00,Karachi,24.8607,67.0011,23.6,92,5.9,1011.9,,3,20.17,55.75,0.15,0.49,133.57,107.62,0.0,71.6,
2026-03-07 18:00:00+00:00,Karachi,24.8607,67.0011,23.3,96,6.3,1012.0,,3,19.81,53.51,0.14,0.5,133.88,109.53,0.0,71.0,
2026-03-07 19:00:00+00:00,Karachi,24.8607,67.0011,23.2,96,5.8,1012.0,,3,19.49,51.39,0.13,0.5,134.16,110.73,0.0,70.4,
2026-03-07 20:00:00+00:00,Karachi,24.8607,67.0011,22.8,98,4.9,1011.5,,3,19.32,49.75,0.13,0.5,134.91,111.88,0.0,70.0,
2026-03-07 21:00:00+00:00,Karachi,24.8607,67.0011,22.5,99,4.5,1011.1,,3,19.24,48.38,0.13,0.5,135.89,112.69,0.0,69.9,
2026-03-07 22:00:00+00:00,Karachi,24.8607,67.0011,22.4,99,4.5,1010.8,,3,19.22,47.2,0.12,0.49,137.1,113.3,0.0,69.9,
2026-03-07 23:00:00+00:00,Karachi,24.8607,67.0011,22.2,99,4.6,1010.3,,3,19.3,46.4,0.12,0.49,138.84,113.82,0.0,70.0,
2026-03-08 00:00:00+00:00,Karachi,24.8607,67.0011,21.4,99,2.9,1010.5,,3,19.48,45.98,0.12,0.48,140.75,114.26,0.0,70.3,
2026-03-08 01:00:00+00:00,Karachi,24.8607,67.0011,21.2,99,2.1,1010.8,,3,19.73,45.82,0.12,0.48,142.56,114.77,0.0,70.8,
2026-03-08 02:00:00+00:00,Karachi,24.8607,67.0011,21.2,99,2.0,1011.4,,3,20.02,45.8,0.12,0.48,144.57,115.42,0.0,71.3,
2026-03-08 03:00:00+00:00,Karachi,24.8607,67.0011,21.4,98,2.8,1012.3,,3,20.25,45.75,0.14,0.47,146.65,116.01,0.0,71.8,
2026-03-08 04:00:00+00:00,Karachi,24.8607,67.0011,22.5,89,4.3,1013.0,,3,20.3,45.36,0.12,0.47,147.09,115.77,0.0,71.9,
2026-03-08 05:00:00+00:00,Karachi,24.8607,67.0011,24.8,76,3.6,1013.4,,3,20.32,44.99,0.08,0.45,147.74,115.21,0.0,71.9,
2026-03-08 06:00:00+00:00,Karachi,24.8607,67.0011,26.4,70,6.5,1013.6,,3,20.32,44.53,0.06,0.44,148.15,113.83,0.0,71.9,
2026-03-08 07:00:00+00:00,Karachi,24.8607,67.0011,27.6,65,8.8,1013.2,,3,20.25,43.98,0.05,0.42,147.87,111.13,0.0,71.8,
2026-03-08 08:00:00+00:00,Karachi,24.8607,67.0011,28.1,64,9.8,1012.3,,3,20.1,43.38,0.05,0.4,146.96,107.77,0.0,71.5,
2026-03-08 09:00:00+00:00,Karachi,24.8607,67.0011,28.6,59,10.3,1011.4,,3,19.93,42.86,0.05,0.37,146.05,104.83,0.0,71.2,
2026-03-08 10:00:00+00:00,Karachi,24.8607,67.0011,28.7,58,11.1,1010.7,,3,19.92,42.73,0.05,0.36,146.12,103.09,0.0,71.2,
2026-03-08 11:00:00+00:00,Karachi,24.8607,67.0011,28.1,59,11.1,1010.3,,3,19.89,42.61,0.06,0.36,145.76,101.76,0.0,71.1,
2026-03-08 12:00:00+00:00,Karachi,24.8607,67.0011,27.1,63,9.6,1010.4,,3,19.89,42.6,0.08,0.35,145.76,101.12,0.0,71.1,
2026-03-08 13:00:00+00:00,Karachi,24.8607,67.0011,25.7,75,8.6,1010.9,,3,20.03,42.9,0.1,0.36,146.63,101.64,0.0,71.4,
2026-03-08 14:00:00+00:00,Karachi,24.8607,67.0011,24.4,86,7.9,1011.6,,3,20.25,43.33,0.14,0.36,147.62,102.19,0.0,71.8,
2026-03-08 15:00:00+00:00,Karachi,24.8607,67.0011,23.8,91,6.9,1012.2,,3,20.49,43.81,0.14,0.37,148.66,102.99,0.0,72.2,
2026-03-08 16:00:00+00:00,Karachi,24.8607,67.0011,23.5,92,6.5,1012.9,,3,20.57,43.99,0.13,0.37,148.69,103.43,0.0,72.4,
2026-03-08 17:00:00+00:00,Karachi,24.8607,67.0011,23.1,93,5.6,1012.9,,3,20.58,44.0,0.13,0.37,149.0,103.94,0.0,72.4,
2026-03-08 18:00:00+00:00,Karachi,24.8607,67.0011,22.6,98,4.8,1013.0,,3,20.54,43.93,0.12,0.36,148.73,104.48,0.0,72.3,
2026-03-08 19:00:00+00:00,Karachi,24.8607,67.0011,22.4,98,4.3,1013.2,,3,20.42,43.69,0.11,0.36,147.94,104.66,0.0,72.1,
2026-03-08 20:00:00+00:00,Karachi,24.8607,67.0011,22.2,97,4.6,1012.7,,3,20.38,43.53,0.11,0.35,147.64,104.64,0.0,72.0,
2026-03-08 21:00:00+00:00,Karachi,24.8607,67.0011,21.8,99,5.2,1012.1,,3,20.36,43.48,0.1,0.34,147.11,104.51,0.0,72.0,
2026-03-08 22:00:00+00:00,Karachi,24.8607,67.0011,21.7,99,6.1,1011.6,,3,20.41,43.67,0.1,0.34,146.95,104.55,0.0,72.1,
2026-03-08 23:00:00+00:00,Karachi,24.8607,67.0011,21.5,99,6.3,1011.5,,3,20.59,44.19,0.1,0.33,146.91,104.84,0.0,72.4,
2026-03-09 00:00:00+00:00,Karachi,24.8607,67.0011,21.3,99,6.6,1011.5,,3,21.03,45.28,0.09,0.33,147.59,105.22,0.0,73.2,
2026-03-09 01:00:00+00:00,Karachi,24.8607,67.0011,21.4,97,5.2,1012.0,,3,21.74,46.87,0.09,0.34,149.25,105.54,0.0,74.5,
2026-03-09 02:00:00+00:00,Karachi,24.8607,67.0011,21.1,98,3.7,1012.2,,3,22.37,48.2,0.09,0.34,150.95,105.76,0.0,75.7,
2026-03-09 03:00:00+00:00,Karachi,24.8607,67.0011,21.5,95,3.3,1012.8,,3,22.74,49.02,0.11,0.33,152.24,105.99,0.0,76.4,
2026-03-09 04:00:00+00:00,Karachi,24.8607,67.0011,23.3,82,3.9,1013.4,,3,22.69,49.08,0.09,0.32,152.55,105.47,0.0,76.3,
2026-03-09 05:00:00+00:00,Karachi,24.8607,67.0011,25.8,66,4.2,1013.6,,3,22.49,48.93,0.07,0.31,152.71,104.53,0.0,75.9,
2026-03-09 06:00:00+00:00,Karachi,24.8607,67.0011,28.5,52,6.0,1013.7,,3,22.37,48.99,0.05,0.3,152.99,103.05,0.0,75.7,
2026-03-09 07:00:00+00:00,Karachi,24.8607,67.0011,30.6,42,7.3,1013.4,,3,22.14,48.96,0.05,0.28,151.8,101.13,0.0,75.3,
2026-03-09 08:00:00+00:00,Karachi,24.8607,67.0011,31.6,37,9.7,1012.7,,2,21.85,48.73,0.04,0.26,150.06,98.64,0.0,74.8,
2026-03-09 09:00:00+00:00,Karachi,24.8607,67.0011,31.9,34,11.3,1011.8,,2,21.34,48.17,0.04,0.24,147.6,96.57,0.0,73.8,
2026-03-09 10:00:00+00:00,Karachi,24.8607,67.0011,31.6,34,11.4,1011.3,,2,20.57,47.06,0.04,0.22,144.32,95.62,0.0,72.4,
2026-03-09 11:00:00+00:00,Karachi,24.8607,67.0011,31.0,36,10.9,1011.0,,2,20.0,45.66,0.05,0.21,141.71,94.06,0.0,71.3,
2026-03-09 12:00:00+00:00,Karachi,24.8607,67.0011,30.0,42,9.6,1010.5,,2,19.44,44.16,0.06,0.19,139.45,93.11,0.0,70.3,
2026-03-09 13:00:00+00:00,Karachi,24.8607,67.0011,28.0,55,8.3,1011.1,,2,18.82,42.63,0.08,0.18,137.15,93.0,0.0,69.1,
2026-03-09 14:00:00+00:00,Karachi,24.8607,67.0011,25.8,70,6.9,1011.6,,2,18.07,40.85,0.1,0.17,134.14,93.06,0.0,67.7,
2026-03-09 15:00:00+00:00,Karachi,24.8607,67.0011,24.7,81,6.2,1012.1,,2,17.44,39.3,0.1,0.17,131.46,93.14,0.0,66.5,
2026-03-09 16:00:00+00:00,Karachi,24.8607,67.0011,24.2,86,5.3,1012.7,,2,17.02,38.24,0.1,0.17,129.26,93.26,0.0,65.8,
2026-03-09 17:00:00+00:00,Karachi,24.8607,67.0011,23.7,89,5.8,1013.1,,2,16.83,37.76,0.1,0.17,127.41,93.34,0.0,65.4,
2026-03-09 18:00:00+00:00,Karachi,24.8607,67.0011,23.2,94,7.0,1013.4,,2,16.87,37.92,0.09,0.17,126.12,93.4,0.0,65.5,
2026-03-09 19:00:00+00:00,Karachi,24.8607,67.0011,22.7,97,7.7,1013.4,,2,17.14,38.81,0.09,0.19,124.98,93.39,0.0,66.0,
2026-03-09 20:00:00+00:00,Karachi,24.8607,67.0011,22.4,98,7.2,1013.3,,2,17.59,40.54,0.09,0.2,124.43,93.61,0.0,66.8,
2026-03-09 21:00:00+00:00,Karachi,24.8607,67.0011,22.1,98,7.3,1012.8,,2,18.18,43.11,0.09,0.22,123.87,93.77,0.0,67.9,
2026-03-09 22:00:00+00:00,Karachi,24.8607,67.0011,22.0,99,7.1,1012.6,,2,18.86,46.56,0.09,0.25,123.05,94.2,0.0,69.2,
2026-03-09 23:00:00+00:00,Karachi,24.8607,67.0011,21.8,98,8.6,1012.9,,3,19.63,50.64,0.08,0.27,122.38,94.31,0.0,70.6,
2026-03-10 00:00:00+00:00,Karachi,24.8607,67.0011,22.0,98,8.4,1012.9,,3,20.37,54.48,0.08,0.29,121.77,94.31,0.0,72.0,
2026-03-10 01:00:00+00:00,Karachi,24.8607,67.0011,21.7,99,5.9,1013.5,,3,21.0,57.46,0.08,0.31,121.17,94.05,0.0,73.2,
2026-03-10 02:00:00+00:00,Karachi,24.8607,67.0011,21.5,99,5.5,1013.9,,3,21.68,60.17,0.08,0.32,121.03,93.8,0.0,74.4,
2026-03-10 03:00:00+00:00,Karachi,24.8607,67.0011,21.7,98,5.4,1014.4,,3,22.33,62.42,0.09,0.32,120.95,93.52,0.0,75.6,
2026-03-10 04:00:00+00:00,Karachi,24.8607,67.0011,22.8,90,5.9,1015.1,,3,22.76,63.47,0.09,0.33,120.97,93.38,0.0,76.5,
2026-03-10 05:00:00+00:00,Karachi,24.8607,67.0011,26.1,68,6.3,1015.6,,3,23.11,64.05,0.07,0.33,121.12,92.87,0.0,77.1,
2026-03-10 06:00:00+00:00,Karachi,24.8607,67.0011,29.3,48,8.3,1015.5,,3,23.56,64.99,0.06,0.32,121.42,91.63,0.0,77.9,
2026-03-10 07:00:00+00:00,Karachi,24.8607,67.0011,31.3,35,10.7,1015.0,,3,24.1,66.47,0.05,0.32,121.28,89.29,0.0,78.9,
2026-03-10 08:00:00+00:00,Karachi,24.8607,67.0011,32.4,24,12.3,1014.3,,3,24.72,68.1,0.05,0.3,121.12,86.49,0.0,80.1,
2026-03-10 09:00:00+00:00,Karachi,24.8607,67.0011,32.6,19,12.6,1013.5,,3,25.28,69.52,0.05,0.29,121.25,83.77,0.0,81.1,
2026-03-10 10:00:00+00:00,Karachi,24.8607,67.0011,32.0,21,13.1,1012.9,,3,25.88,70.64,0.05,0.28,121.47,81.71,0.0,82.3,
2026-03-10 11:00:00+00:00,Karachi,24.8607,67.0011,30.9,26,12.2,1012.2,,3,26.31,71.18,0.06,0.27,121.32,79.62,0.0,83.1,
2026-03-10 12:00:00+00:00,Karachi,24.8607,67.0011,29.7,36,10.8,1011.7,,3,26.56,71.08,0.07,0.25,120.92,78.26,0.0,83.5,
2026-03-10 13:00:00+00:00,Karachi,24.8607,67.0011,27.5,53,9.1,1012.0,,3,26.78,70.75,0.09,0.24,120.81,77.5,0.0,83.9,
2026-03-10 14:00:00+00:00,Karachi,24.8607,67.0011,25.3,73,7.3,1012.6,,3,26.95,70.24,0.11,0.23,120.31,76.67,0.0,84.3,
2026-03-10 15:00:00+00:00,Karachi,24.8607,67.0011,24.3,81,6.7,1013.1,,3,27.11,69.71,0.11,0.22,119.5,75.57,0.0,84.6,
2026-03-10 16:00:00+00:00,Karachi,24.8607,67.0011,23.7,87,6.6,1013.5,,3,27.21,68.91,0.11,0.21,118.68,74.44,0.0,84.7,
2026-03-10 17:00:00+00:00,Karachi,24.8607,67.0011,23.1,92,7.4,1013.6,,3,27.33,67.97,0.1,0.2,117.91,73.5,0.0,85.0,
2026-03-10 18:00:00+00:00,Karachi,24.8607,67.0011,22.7,95,7.8,1013.8,,3,27.42,66.58,0.1,0.19,117.22,72.83,0.0,85.1,
2026-03-10 19:00:00+00:00,Karachi,24.8607,67.0011,22.6,96,6.8,1013.7,,3,27.36,64.5,0.09,0.19,116.32,72.27,0.0,85.0,
2026-03-10 20:00:00+00:00,Karachi,24.8607,67.0011,22.4,96,6.5,1013.5,,3,27.3,62.54,0.08,0.18,115.74,71.97,0.0,84.9,
2026-03-10 21:00:00+00:00,Karachi,24.8607,67.0011,22.0,96,6.9,1013.1,,3,27.14,60.32,0.08,0.18,115.37,71.79,0.0,84.6,
2026-03-10 22:00:00+00:00,Karachi,24.8607,67.0011,21.8,94,6.9,1013.0,,3,26.73,57.31,0.07,0.18,114.79,72.03,0.0,83.8,
2026-03-10 23:00:00+00:00,Karachi,24.8607,67.0011,21.0,95,5.5,1012.8,,3,26.12,53.94,0.07,0.18,114.33,72.78,0.0,82.7,
2026-03-11 00:00:00+00:00,Karachi,24.8607,67.0011,21.3,95,7.3,1012.7,,3,25.45,50.71,0.06,0.2,114.14,73.87,0.0,81.5,
2026-03-11 01:00:00+00:00,Karachi,24.8607,67.0011,20.8,96,6.2,1013.1,,2,24.82,48.0,0.06,0.21,114.01,75.47,0.0,80.3,
2026-03-11 02:00:00+00:00,Karachi,24.8607,67.0011,20.3,97,4.4,1013.5,,2,24.33,46.24,0.06,0.23,114.19,77.26,0.0,79.4,
2026-03-11 03:00:00+00:00,Karachi,24.8607,67.0011,21.7,95,6.2,1014.3,,2,23.91,45.34,0.07,0.24,114.39,79.54,0.0,78.6,
2026-03-11 04:00:00+00:00,Karachi,24.8607,67.0011,23.9,87,5.7,1015.0,,2,23.63,45.78,0.05,0.26,114.42,81.63,0.0,78.1,
2026-03-11 05:00:00+00:00,Karachi,24.8607,67.0011,26.7,68,8.8,1015.3,,2,23.79,48.08,0.04,0.28,114.92,82.07,0.0,78.4,
2026-03-11 06:00:00+00:00,Karachi,24.8607,67.0011,28.4,61,11.7,1015.2,,3,24.24,51.75,0.03,0.3,115.75,81.36,0.0,79.2,
2026-03-11 07:00:00+00:00,Karachi,24.8607,67.0011,29.3,58,12.8,1014.7,,3,24.89,56.71,0.03,0.32,117.03,79.88,0.0,80.4,
2026-03-11 08:00:00+00:00,Karachi,24.8607,67.0011,29.7,58,13.3,1013.7,,3,25.65,63.12,0.03,0.33,118.3,78.0,0.0,81.8,
2026-03-11 09:00:00+00:00,Karachi,24.8607,67.0011,29.9,58,13.3,1012.4,,3,26.64,71.99,0.04,0.35,119.7,75.99,0.0,83.7,
2026-03-11 10:00:00+00:00,Karachi,24.8607,67.0011,29.6,59,14.2,1011.7,,3,28.25,85.18,0.04,0.36,122.4,74.01,0.0,86.7,
2026-03-11 11:00:00+00:00,Karachi,24.8607,67.0011,28.9,62,13.1,1011.2,,4,30.37,101.29,0.05,0.36,124.66,72.02,0.0,90.6,
2026-03-11 12:00:00+00:00,Karachi,24.8607,67.0011,27.8,71,12.2,1010.9,,4,33.17,120.75,0.07,0.36,126.89,70.76,0.0,95.8,
2026-03-11 13:00:00+00:00,Karachi,24.8607,67.0011,26.7,78,11.0,1011.1,,4,36.95,144.04,0.1,0.37,129.24,70.5,0.0,104.6,
2026-03-11 14:00:00+00:00,Karachi,24.8607,67.0011,25.7,84,9.0,1011.7,,4,41.63,168.04,0.14,0.37,131.25,70.61,0.0,116.1,
2026-03-11 15:00:00+00:00,Karachi,24.8607,67.0011,25.2,85,9.3,1011.8,,4,47.36,191.41,0.16,0.37,132.78,71.45,0.0,130.2,
2026-03-11 16:00:00+00:00,Karachi,24.8607,67.0011,24.9,83,8.6,1012.0,,5,53.39,209.52,0.18,0.37,133.68,72.8,0.0,145.1,
2026-03-11 17:00:00+00:00,Karachi,24.8607,67.0011,24.6,80,7.0,1012.0,,5,59.63,222.13,0.19,0.36,134.5,74.79,0.0,153.9,
2026-03-11 18:00:00+00:00,Karachi,24.8607,67.0011,24.3,80,6.4,1012.0,,5,66.94,235.03,0.2,0.35,135.25,77.37,0.0,159.0,
2026-03-11 19:00:00+00:00,Karachi,24.8607,67.0011,24.2,79,6.8,1011.4,,5,75.24,252.86,0.2,0.34,136.12,80.47,0.0,164.8,
2026-03-11 20:00:00+00:00,Karachi,24.8607,67.0011,24.2,78,8.1,1011.3,,5,83.82,273.82,0.21,0.32,136.76,83.17,0.0,170.9,
2026-03-11 21:00:00+00:00,Karachi,24.8607,67.0011,24.1,78,8.7,1010.6,,5,90.55,288.85,0.22,0.31,137.57,84.97,0.0,175.6,
2026-03-11 22:00:00+00:00,Karachi,24.8607,67.0011,23.9,80,8.8,1010.3,,5,92.39,288.44,0.24,0.3,138.82,86.14,0.0,176.9,
2026-03-11 23:00:00+00:00,Karachi,24.8607,67.0011,23.6,82,7.8,1010.0,,5,86.93,263.05,0.28,0.3,139.85,85.83,0.0,173.0,
2026-03-12 00:00:00+00:00,Karachi,24.8607,67.0011,23.0,90,7.4,1009.9,,5,77.05,221.84,0.33,0.3,140.53,84.54,0.0,166.1,
2026-03-12 01:00:00+00:00,Karachi,24.8607,67.0011,22.6,93,9.5,1010.3,,4,67.27,183.38,0.38,0.3,140.21,83.38,0.01,159.3,
2026-03-12 02:00:00+00:00,Karachi,24.8607,67.0011,22.7,86,10.2,1010.8,,4,60.77,159.95,0.39,0.3,138.82,82.49,0.02,154.7,
2026-03-12 03:00:00+00:00,Karachi,24.8607,67.0011,23.8,67,10.6,1011.1,,4,57.3,148.65,0.49,0.29,137.06,81.82,0.03,152.3,
2026-03-12 04:00:00+00:00,Karachi,24.8607,67.0011,26.2,39,10.9,1011.7,,4,55.83,144.42,0.48,0.29,136.29,81.02,0.06,151.2,
2026-03-12 05:00:00+00:00,Karachi,24.8607,67.0011,28.9,26,11.8,1011.8,,4,55.34,143.39,0.41,0.31,136.51,80.97,0.1,149.9,
2026-03-12 06:00:00+00:00,Karachi,24.8607,67.0011,31.8,26,9.2,1011.6,,4,54.78,143.81,0.32,0.36,137.61,81.58,0.16,148.5,
2026-03-12 07:00:00+00:00,Karachi,24.8607,67.0011,34.0,22,8.9,1010.9,,4,53.42,142.58,0.26,0.44,137.97,82.32,0.22,145.1,
2026-03-12 08:00:00+00:00,Karachi,24.8607,67.0011,35.1,19,11.2,1010.0,,4,52.07,139.24,0.22,0.48,137.44,82.53,0.25,141.8,
2026-03-12 09:00:00+00:00,Karachi,24.8607,67.0011,35.2,18,13.9,1008.9,,4,50.71,136.09,0.2,0.5,136.4,82.89,0.26,138.5,
2026-03-12 10:00:00+00:00,Karachi,24.8607,67.0011,34.3,22,15.1,1008.3,,4,49.3,132.79,0.19,0.46,134.55,83.25,0.24,135.0,
2026-03-12 11:00:00+00:00,Karachi,24.8607,67.0011,33.3,24,13.9,1007.8,,4,47.52,128.25,0.17,0.38,131.57,82.68,0.2,130.6,
2026-03-12 12:00:00+00:00,Karachi,24.8607,67.0011,33.1,21,12.9,1007.9,,4,45.6,122.76,0.17,0.3,128.16,82.06,0.15,125.9,
2026-03-12 13:00:00+00:00,Karachi,24.8607,67.0011,30.6,31,11.7,1008.0,,4,44.05,117.65,0.19,0.23,125.32,81.58,0.12,122.1,
2026-03-12 14:00:00+00:00,Karachi,24.8607,67.0011,28.1,44,9.7,1008.5,,4,43.41,114.64,0.21,0.19,123.48,81.2,0.09,120.5,
2026-03-12 15:00:00+00:00,Karachi,24.8607,67.0011,26.9,51,8.9,1008.9,,4,43.59,113.52,0.21,0.19,122.56,81.7,0.07,120.9,
2026-03-12 16:00:00+00:00,Karachi,24.8607,67.0011,26.3,56,11.9,1009.5,,4,44.44,113.32,0.2,0.21,122.16,82.81,0.05,123.0,
2026-03-12 17:00:00+00:00,Karachi,24.8607,67.0011,26.1,54,10.1,1009.8,,4,45.45,112.97,0.19,0.23,122.43,84.27,0.04,125.5,
2026-03-12 18:00:00+00:00,Karachi,24.8607,67.0011,25.7,58,9.2,1010.0,,4,46.44,112.73,0.19,0.25,123.03,85.7,0.03,127.9,
2026-03-12 19:00:00+00:00,Karachi,24.8607,67.0011,25.6,61,10.2,1009.4,,4,47.19,111.8,0.18,0.26,123.45,86.99,0.03,129.8,
2026-03-12 20:00:00+00:00,Karachi,24.8607,67.0011,25.4,63,11.4,1009.3,,4,48.16,113.18,0.18,0.28,124.09,87.69,0.02,132.2,
2026-03-12 21:00:00+00:00,Karachi,24.8607,67.0011,24.9,67,10.6,1008.6,,4,49.63,118.86,0.18,0.29,124.97,88.24,0.02,135.8,
2026-03-12 22:00:00+00:00,Karachi,24.8607,67.0011,24.3,67,8.8,1008.1,,4,52.55,139.19,0.19,0.29,126.09,89.3,0.02,143.0,
2026-03-12 23:00:00+00:00,Karachi,24.8607,67.0011,23.5,66,6.6,1007.7,,4,58.27,175.48,0.2,0.29,127.85,90.57,0.02,152.9,
2026-03-13 00:00:00+00:00,Karachi,24.8607,67.0011,22.3,77,5.8,1007.7,,5,65.28,211.23,0.23,0.3,130.03,91.16,0.03,157.9,
2026-03-13 01:00:00+00:00,Karachi,24.8607,67.0011,22.1,76,7.4,1008.0,,5,70.35,232.43,0.26,0.31,131.75,91.05,0.03,161.4,
2026-03-13 02:00:00+00:00,Karachi,24.8607,67.0011,21.8,70,7.0,1008.6,,5,71.95,233.81,0.28,0.31,133.08,89.83,0.04,162.5,
2026-03-13 03:00:00+00:00,Karachi,24.8607,67.0011,22.9,59,5.6,1009.2,,5,70.93,224.5,0.38,0.31,134.05,88.3,0.05,161.8,
2026-03-13 04:00:00+00:00,Karachi,24.8607,67.0011,25.8,43,3.6,1009.9,,5,68.44,211.14,0.38,0.3,134.26,86.87,0.06,160.1,
2026-03-13 05:00:00+00:00,Karachi,24.8607,67.0011,29.1,31,1.9,1010.0,,4,65.57,197.68,0.31,0.3,134.34,86.2,0.08,158.1,
2026-03-13 06:00:00+00:00,Karachi,24.8607,67.0011,30.8,30,5.1,1010.1,,4,62.2,184.28,0.23,0.3,133.26,86.04,0.09,155.7,
2026-03-13 07:00:00+00:00,Karachi,24.8607,67.0011,31.5,33,10.5,1009.6,,4,58.52,171.9,0.17,0.29,131.07,85.48,0.1,153.1,
2026-03-13 08:00:00+00:00,Karachi,24.8607,67.0011,32.6,26,12.0,1009.0,,4,54.91,161.33,0.14,0.29,128.34,84.72,0.09,148.8,
2026-03-13 09:00:00+00:00,Karachi,24.8607,67.0011,33.6,14,13.6,1007.8,,4,51.77,154.31,0.13,0.29,125.58,84.32,0.09,141.1,
2026-03-13 10:00:00+00:00,Karachi,24.8607,67.0011,32.9,15,15.0,1007.3,,4,49.43,152.78,0.12,0.29,123.74,85.86,0.1,135.3,
2026-03-13 11:00:00+00:00,Karachi,24.8607,67.0011,31.4,21,14.2,1006.8,,4,48.29,152.19,0.12,0.28,122.44,86.94,0.09,132.5,
2026-03-13 12:00:00+00:00,Karachi,24.8607,67.0011,30.1,27,13.7,1006.9,,4,48.28,152.64,0.13,0.28,121.69,87.89,0.09,132.5,
2026-03-13 13:00:00+00:00,Karachi,24.8607,67.0011,27.9,43,11.3,1007.3,,4,49.0,153.46,0.16,0.28,121.8,89.06,0.09,134.2,
2026-03-13 14:00:00+00:00,Karachi,24.8607,67.0011,26.1,62,9.6,1007.7,,4,50.36,155.5,0.19,0.28,122.01,89.69,0.09,137.6,
2026-03-13 15:00:00+00:00,Karachi,24.8607,67.0011,25.4,67,8.6,1008.2,,4,52.04,158.3,0.18,0.3,122.32,89.79,0.08,141.7,
2026-03-13 16:00:00+00:00,Karachi,24.8607,67.0011,25.3,64,10.8,1008.7,,4,53.49,159.75,0.18,0.31,122.06,89.67,0.08,145.3,
2026-03-13 17:00:00+00:00,Karachi,24.8607,67.0011,25.2,57,10.3,1009.0,,4,54.4,159.94,0.17,0.33,121.95,89.85,0.07,147.5,
2026-03-13 18:00:00+00:00,Karachi,24.8607,67.0011,24.9,66,10.7,1009.2,,4,54.95,159.66,0.18,0.34,122.07,90.82,0.06,148.9,
2026-03-13 19:00:00+00:00,Karachi,24.8607,67.0011,24.8,70,10.7,1009.0,,4,55.2,159.86,0.18,0.35,122.62,92.88,0.05,149.5,
2026-03-13 20:00:00+00:00,Karachi,24.8607,67.0011,24.7,74,10.9,1008.7,,4,55.41,160.5,0.19,0.36,123.6,95.34,0.05,103.7,
2026-03-13 21:00:00+00:00,Karachi,24.8607,67.0011,24.7,71,11.4,1008.2,,4,55.33,159.88,0.18,0.36,124.75,97.66,0.05,149.8,
2026-03-13 22:00:00+00:00,Karachi,24.8607,67.0011,24.7,64,14.1,1007.5,,4,54.34,157.37,0.17,0.35,125.68,99.47,0.04,147.4,
2026-03-13 23:00:00+00:00,Karachi,24.8607,67.0011,24.5,63,14.2,1007.6,,4,53.09,152.86,0.15,0.35,126.03,98.87,0.03,144.3,
2026-03-14 00:00:00+00:00,Karachi,24.8607,67.0011,23.9,71,11.5,1007.7,,4,51.71,146.98,0.14,0.35,125.63,97.06,0.03,140.9,
2026-03-14 01:00:00+00:00,Karachi,24.8607,67.0011,23.3,75,9.4,1008.1,,4,50.29,140.2,0.12,0.34,124.92,94.91,0.02,137.4,
2026-03-14 02:00:00+00:00,Karachi,24.8607,67.0011,22.6,79,8.2,1008.9,,4,49.61,135.59,0.11,0.34,124.45,92.76,0.01,135.7,
2026-03-14 03:00:00+00:00,Karachi,24.8607,67.0011,23.4,75,6.2,1009.6,,4,49.19,132.62,0.14,0.34,124.09,90.92,0.01,134.7,
2026-03-14 04:00:00+00:00,Karachi,24.8607,67.0011,26.4,56,4.0,1010.3,,4,48.57,129.81,0.12,0.33,123.37,89.03,0.0,133.2,
2026-03-14 05:00:00+00:00,Karachi,24.8607,67.0011,29.9,32,5.7,1010.5,,4,48.4,128.22,0.09,0.33,123.08,87.31,0.0,132.8,
2026-03-14 06:00:00+00:00,Karachi,24.8607,67.0011,31.5,29,9.9,1010.7,,4,48.33,126.93,0.07,0.33,122.46,85.12,0.0,132.6,
2026-03-14 07:00:00+00:00,Karachi,24.8607,67.0011,32.7,24,13.8,1010.1,,4,48.08,125.11,0.06,0.33,121.55,82.52,0.0,132.0,
2026-03-14 08:00:00+00:00,Karachi,24.8607,67.0011,32.0,30,16.9,1009.6,,4,47.33,122.09,0.05,0.33,120.6,79.96,0.0,130.1,
2026-03-14 09:00:00+00:00,Karachi,24.8607,67.0011,31.8,35,16.9,1008.6,,4,45.94,117.03,0.05,0.32,119.89,77.45,0.0,126.7,
2026-03-14 10:00:00+00:00,Karachi,24.8607,67.0011,31.4,37,15.9,1007.7,,4,43.55,109.63,0.05,0.31,119.52,75.71,0.0,120.8,
2026-03-14 11:00:00+00:00,Karachi,24.8607,67.0011,30.7,40,14.9,1007.0,,4,40.97,102.14,0.05,0.32,118.92,74.44,0.0,114.5,
2026-03-14 12:00:00+00:00,Karachi,24.8607,67.0011,29.2,46,13.3,1006.9,,3,38.26,95.53,0.06,0.32,118.68,73.99,0.0,107.8,
2026-03-14 13:00:00+00:00,Karachi,24.8607,67.0011,27.6,55,12.1,1007.0,,3,35.44,90.0,0.09,0.34,118.96,74.79,0.0,68.3,
2026-03-14 14:00:00+00:00,Karachi,24.8607,67.0011,26.3,65,11.2,1007.5,,3,32.5,84.96,0.12,0.35,119.63,76.0,0.0,94.6,
2026-03-14 15:00:00+00:00,Karachi,24.8607,67.0011,25.8,69,11.0,1008.2,,3,29.75,79.89,0.13,0.37,120.35,77.9,0.0,89.5,
2026-03-14 16:00:00+00:00,Karachi,24.8607,67.0011,25.6,68,12.3,1008.6,,3,27.39,74.45,0.13,0.39,120.83,79.61,0.0,85.1,
2026-03-14 17:00:00+00:00,Karachi,24.8607,67.0011,25.7,67,11.5,1009.5,,3,25.34,68.75,0.13,0.4,121.51,81.82,0.0,81.3,
2026-03-14 18:00:00+00:00,Karachi,24.8607,67.0011,25.5,68,9.5,1010.1,,3,23.79,63.91,0.12,0.42,121.92,83.86,0.0,78.4,
2026-03-14 19:00:00+00:00,Karachi,24.8607,67.0011,25.6,67,12.5,1009.7,,3,22.85,60.73,0.11,0.43,121.96,85.33,0.0,76.6,
2026-03-14 20:00:00+00:00,Karachi,24.8607,67.0011,25.4,69,12.8,1009.2,,3,22.61,59.12,0.11,0.46,122.43,86.65,0.0,76.2,
2026-03-14 21:00:00+00:00,Karachi,24.8607,67.0011,25.3,69,11.7,1008.5,,3,23.36,61.03,0.11,0.48,124.18,88.69,0.0,77.6,
2026-03-14 22:00:00+00:00,Karachi,24.8607,67.0011,25.1,67,10.6,1008.4,,3,25.76,69.04,0.1,0.51,127.61,92.24,0.0,82.0,
2026-03-14 23:00:00+00:00,Karachi,24.8607,67.0011,24.4,72,9.1,1008.5,,3,29.26,80.72,0.11,0.55,131.43,95.58,0.0,88.6,
2026-03-15 00:00:00+00:00,Karachi,24.8607,67.0011,24.0,78,9.1,1008.5,,3,32.64,92.08,0.11,0.59,134.28,97.91,0.0,94.9,
2026-03-15 01:00:00+00:00,Karachi,24.8607,67.0011,23.3,82,7.7,1009.2,,4,35.92,102.64,0.13,0.62,136.72,99.39,0.0,102.0,
2026-03-15 02:00:00+00:00,Karachi,24.8607,67.0011,22.4,87,7.5,1010.0,,4,38.73,109.88,0.15,0.64,138.27,99.37,0.0,109.0,
2026-03-15 03:00:00+00:00,Karachi,24.8607,67.0011,23.4,80,7.4,1011.1,,4,40.79,114.44,0.23,0.63,138.64,98.16,0.0,114.0,
2026-03-15 04:00:00+00:00,Karachi,24.8607,67.0011,26.9,57,5.9,1011.8,,4,41.4,113.9,0.26,0.6,137.48,95.99,0.0,115.5,
2026-03-15 05:00:00+00:00,Karachi,24.8607,67.0011,31.1,30,8.1,1012.1,,4,40.41,107.97,0.25,0.54,135.44,93.79,0.0,113.1,
2026-03-15 06:00:00+00:00,Karachi,24.8607,67.0011,33.6,16,11.8,1011.5,,3,37.3,97.72,0.23,0.47,132.65,92.13,0.01,105.4,
2026-03-15 07:00:00+00:00,Karachi,24.8607,67.0011,34.7,11,13.4,1011.0,,3,32.8,85.85,0.2,0.41,129.39,90.81,0.02,95.2,
2026-03-15 08:00:00+00:00,Karachi,24.8607,67.0011,35.3,10,12.7,1009.8,,3,28.61,76.27,0.17,0.35,127.06,90.17,0.04,87.3,
2026-03-15 09:00:00+00:00,Karachi,24.8607,67.0011,35.2,12,14.1,1008.8,,3,25.02,69.08,0.16,0.3,125.38,90.69,0.05,80.7,
2026-03-15 10:00:00+00:00,Karachi,24.8607,67.0011,34.8,12,15.7,1008.0,,3,22.54,63.41,0.16,0.25,125.11,91.85,0.05,76.0,
2026-03-15 11:00:00+00:00,Karachi,24.8607,67.0011,34.3,12,15.0,1007.6,,3,21.05,58.74,0.16,0.21,124.39,91.76,0.05,73.3,
2026-03-15 12:00:00+00:00,Karachi,24.8607,67.0011,32.5,17,14.6,1007.4,,3,19.96,55.32,0.18,0.18,123.61,91.43,0.04,71.2,
2026-03-15 13:00:00+00:00,Karachi,24.8607,67.0011,29.9,30,12.4,1007.3,,3,19.25,52.94,0.21,0.17,123.25,91.16,0.03,69.9,
2026-03-15 14:00:00+00:00,Karachi,24.8607,67.0011,27.8,41,10.8,1007.4,,3,19.04,51.67,0.25,0.19,123.34,90.62,0.03,69.5,
2026-03-15 15:00:00+00:00,Karachi,24.8607,67.0011,27.1,44,13.7,1008.5,,3,19.25,51.54,0.24,0.22,123.63,90.17,0.02,69.9,
2026-03-15 16:00:00+00:00,Karachi,24.8607,67.0011,26.8,45,14.8,1009.5,,3,19.55,51.57,0.22,0.27,123.72,89.71,0.02,70.5,
2026-03-15 17:00:00+00:00,Karachi,24.8607,67.0011,26.7,46,14.4,1009.8,,3,19.76,51.04,0.21,0.31,124.07,89.47,0.01,70.9,
2026-03-15 18:00:00+00:00,Karachi,24.8607,67.0011,26.2,50,12.8,1009.9,,2,19.62,49.82,0.2,0.33,124.24,89.89,0.01,70.6,
2026-03-15 19:00:00+00:00,Karachi,24.8607,67.0011,25.4,56,12.9,1009.4,,2,17.97,46.58,0.18,0.32,123.07,94.5,0.02,67.5,
2026-03-15 20:00:00+00:00,Karachi,24.8607,67.0011,25.2,60,13.3,1008.8,,2,17.3,44.97,0.17,0.34,122.26,96.11,0.01,66.3,
2026-03-15 21:00:00+00:00,Karachi,24.8607,67.0011,25.0,61,12.7,1008.1,,2,16.77,43.99,0.16,0.36,121.58,97.24,0.01,65.3,
2026-03-15 22:00:00+00:00,Karachi,24.8607,67.0011,24.3,67,10.4,1007.6,,2,16.18,43.43,0.15,0.36,121.67,99.08,0.01,64.2,
2026-03-15 23:00:00+00:00,Karachi,24.8607,67.0011,23.6,73,9.4,1007.4,,3,15.95,43.89,0.15,0.37,122.21,100.17,0.01,63.8,
2026-03-16 00:00:00+00:00,Karachi,24.8607,67.0011,23.2,78,11.2,1007.1,,3,15.94,45.14,0.14,0.38,122.84,100.82,0.0,63.7,
2026-03-16 01:00:00+00:00,Karachi,24.8607,67.0011,23.3,78,11.0,1007.5,,3,16.02,47.68,0.14,0.37,123.65,102.09,0.0,63.9,
2026-03-16 02:00:00+00:00,Karachi,24.8607,67.0011,23.1,77,10.5,1008.1,,3,16.47,50.85,0.13,0.37,124.73,102.28,0.0,64.7,
2026-03-16 03:00:00+00:00,Karachi,24.8607,67.0011,24.4,67,9.1,1008.7,,3,17.15,54.14,0.18,0.36,125.87,101.46,0.0,66.0,
2026-03-16 04:00:00+00:00,Karachi,24.8607,67.0011,27.3,46,7.9,1009.3,,3,17.84,57.02,0.17,0.35,126.76,99.92,0.0,67.3,
2026-03-16 05:00:00+00:00,Karachi,24.8607,67.0011,30.7,21,11.0,1009.7,,3,18.65,59.96,0.14,0.35,127.73,98.13,0.0,68.8,
2026-03-16 06:00:00+00:00,Karachi,24.8607,67.0011,32.8,15,10.4,1009.3,,3,19.58,63.17,0.11,0.34,128.32,95.73,0.01,70.5,
2026-03-16 07:00:00+00:00,Karachi,24.8607,67.0011,34.0,13,11.2,1008.6,,3,20.63,66.57,0.09,0.34,128.16,92.44,0.0,72.5,
2026-03-16 08:00:00+00:00,Karachi,24.8607,67.0011,34.6,12,12.8,1007.6,,3,21.7,69.96,0.07,0.33,127.35,88.79,0.0,74.5,
2026-03-16 09:00:00+00:00,Karachi,24.8607,67.0011,34.8,12,14.2,1006.8,,3,22.68,73.2,0.07,0.33,126.64,85.4,0.0,76.3,
2026-03-16 10:00:00+00:00,Karachi,24.8607,67.0011,34.2,14,15.3,1006.0,,3,23.75,76.97,0.06,0.33,126.16,82.77,0.0,78.3,
2026-03-16 11:00:00+00:00,Karachi,24.8607,67.0011,32.6,23,15.4,1005.6,,3,24.69,80.48,0.06,0.34,125.18,80.53,0.0,80.0,
2026-03-16 12:00:00+00:00,Karachi,24.8607,67.0011,30.9,31,14.3,1005.5,,3,25.49,83.47,0.07,0.35,124.08,79.16,0.0,81.5,
2026-03-16 13:00:00+00:00,Karachi,24.8607,67.0011,28.7,46,13.8,1005.7,,3,26.18,85.91,0.09,0.35,123.14,78.4,0.0,82.8,
2026-03-16 14:00:00+00:00,Karachi,24.8607,67.0011,27.3,51,13.5,1006.0,,3,26.77,87.76,0.11,0.36,122.26,77.86,0.0,83.9,
2026-03-16 15:00:00+00:00,Karachi,24.8607,67.0011,26.6,56,11.9,1006.5,,3,27.33,89.48,0.11,0.37,121.35,77.67,0.0,85.0,
2026-03-16 16:00:00+00:00,Karachi,24.8607,67.0011,26.3,58,12.0,1007.0,,3,27.86,91.04,0.11,0.37,120.79,77.68,0.0,86.0,
2026-03-16 17:00:00+00:00,Karachi,24.8607,67.0011,26.0,61,11.1,1007.7,,3,28.8,93.57,0.1,0.38,120.81,77.31,0.0,87.7,
2026-03-16 18:00:00+00:00,Karachi,24.8607,67.0011,25.4,63,9.3,1008.0,,3,30.32,97.95,0.1,0.39,121.27,76.86,0.0,90.5,
2026-03-16 19:00:00+00:00,Karachi,24.8607,67.0011,25.1,65,8.8,1007.7,,4,31.9,102.28,0.1,0.4,121.69,76.28,0.0,93.5,
2026-03-16 20:00:00+00:00,Karachi,24.8607,67.0011,24.5,69,7.7,1007.5,,4,32.96,104.61,0.1,0.41,121.53,75.66,0.0,95.5,
2026-03-16 21:00:00+00:00,Karachi,24.8607,67.0011,24.0,75,7.8,1006.8,,4,33.22,103.77,0.1,0.41,120.99,75.12,0.0,95.9,
2026-03-16 22:00:00+00:00,Karachi,24.8607,67.0011,23.8,78,9.1,1006.5,,4,32.66,100.95,0.1,0.41,119.83,75.63,0.0,94.9,
2026-03-16 23:00:00+00:00,Karachi,24.8607,67.0011,23.4,83,9.2,1006.2,,3,31.62,96.95,0.1,0.41,118.7,76.3,0.0,93.0,
2026-03-17 00:00:00+00:00,Karachi,24.8607,67.0011,23.4,86,10.2,1006.2,,3,30.46,92.73,0.1,0.41,117.81,76.59,0.0,90.8,
2026-03-17 01:00:00+00:00,Karachi,24.8607,67.0011,23.3,88,9.9,1006.4,,3,29.5,89.36,0.1,0.4,116.95,76.36,0.0,89.0,
2026-03-17 02:00:00+00:00,Karachi,24.8607,67.0011,23.3,87,8.0,1006.7,,3,28.84,86.41,0.1,0.39,116.6,75.87,0.0,87.8,
2026-03-17 03:00:00+00:00,Karachi,24.8607,67.0011,24.4,81,5.8,1007.4,,3,28.4,84.36,0.12,0.37,116.25,75.26,0.0,87.0,
2026-03-17 04:00:00+00:00,Karachi,24.8607,67.0011,26.4,67,6.7,1008.2,,3,28.13,83.05,0.11,0.35,116.06,74.62,0.0,86.5,
2026-03-17 05:00:00+00:00,Karachi,24.8607,67.0011,28.3,55,7.7,1008.4,,3,27.94,82.3,0.08,0.34,115.95,73.81,0.0,86.1,
2026-03-17 06:00:00+00:00,Karachi,24.8607,67.0011,28.9,54,8.8,1008.7,,3,27.88,82.23,0.07,0.32,115.63,72.75,0.0,86.0,
2026-03-17 07:00:00+00:00,Karachi,24.8607,67.0011,28.9,59,12.8,1008.6,,3,27.97,83.2,0.06,0.31,115.33,71.15,0.0,86.2,
2026-03-17 08:00:00+00:00,Karachi,24.8607,67.0011,28.8,59,14.2,1007.7,,3,28.31,85.66,0.06,0.31,115.0,69.46,0.0,86.8,
2026-03-17 09:00:00+00:00,Karachi,24.8607,67.0011,28.7,58,14.5,1007.1,,3,28.91,89.42,0.05,0.32,114.9,68.13,0.0,87.9,
2026-03-17 10:00:00+00:00,Karachi,24.8607,67.0011,28.2,61,14.8,1006.4,,3,29.86,94.16,0.06,0.33,115.49,67.38,0.0,89.7,
2026-03-17 11:00:00+00:00,Karachi,24.8607,67.0011,28.0,63,13.2,1005.8,,3,30.58,96.22,0.06,0.34,115.62,66.31,0.0,91.0,
2026-03-17 12:00:00+00:00,Karachi,24.8607,67.0011,27.4,65,12.2,1005.7,,3,31.07,96.06,0.07,0.35,115.86,65.69,0.0,91.9,
2026-03-17 13:00:00+00:00,Karachi,24.8607,67.0011,26.6,71,11.4,1005.6,,3,31.51,94.98,0.09,0.37,116.82,65.6,0.0,92.8,
2026-03-17 14:00:00+00:00,Karachi,24.8607,67.0011,25.7,80,8.6,1006.1,,3,31.83,92.98,0.11,0.38,117.44,65.87,0.0,93.3,
2026-03-17 15:00:00+00:00,Karachi,24.8607,67.0011,25.4,86,8.8,1006.5,,3,32.08,89.97,0.11,0.4,118.38,66.44,0.0,93.8,
2026-03-17 16:00:00+00:00,Karachi,24.8607,67.0011,25.2,88,8.0,1007.3,,3,32.18,86.57,0.11,0.41,119.04,67.39,0.0,94.0,
2026-03-17 17:00:00+00:00,Karachi,24.8607,67.0011,25.0,89,7.5,1007.8,,3,32.25,83.61,0.11,0.42,119.76,68.3,0.0,94.1,
2026-03-17 18:00:00+00:00,Karachi,24.8607,67.0011,25.0,91,6.7,1007.8,,3,32.28,81.12,0.11,0.43,120.36,69.25,0.0,94.2,
2026-03-17 19:00:00+00:00,Karachi,24.8607,67.0011,24.8,92,7.0,1007.7,,3,32.3,79.27,0.1,0.44,120.65,70.05,0.0,94.2,
2026-03-17 20:00:00+00:00,Karachi,24.8607,67.0011,24.5,93,5.8,1007.4,,3,32.41,78.49,0.1,0.45,120.84,70.61,0.0,94.4,
2026-03-17 21:00:00+00:00,Karachi,24.8607,67.0011,24.2,95,3.1,1007.1,,3,32.62,78.66,0.1,0.45,121.17,71.17,0.0,94.8,
2026-03-17 22:00:00+00:00,Karachi,24.8607,67.0011,23.7,97,2.6,1006.6,,3,32.97,79.99,0.1,0.44,121.15,71.75,0.0,95.5,
2026-03-17 23:00:00+00:00,Karachi,24.8607,67.0011,23.4,98,4.3,1006.5,,3,33.4,82.18,0.1,0.43,121.44,72.25,0.0,96.3,
2026-03-18 00:00:00+00:00,Karachi,24.8607,67.0011,23.1,98,5.4,1006.8,,3,33.87,84.93,0.1,0.42,121.58,72.61,0.0,97.1,
2026-03-18 01:00:00+00:00,Karachi,24.8607,67.0011,23.0,97,5.6,1007.1,,3,34.34,87.91,0.09,0.4,121.65,73.09,0.0,98.0,
2026-03-18 02:00:00+00:00,Karachi,24.8607,67.0011,23.0,96,6.4,1007.9,,3,34.76,90.11,0.09,0.39,122.07,73.53,0.0,98.8,
2026-03-18 03:00:00+00:00,Karachi,24.8607,67.0011,23.7,91,7.8,1008.5,,3,35.04,91.1,0.11,0.39,122.37,73.62,0.0,99.3,
2026-03-18 04:00:00+00:00,Karachi,24.8607,67.0011,25.4,80,3.1,1009.8,,3,35.13,91.26,0.11,0.39,122.3,73.55,0.0,99.5,
2026-03-18 05:00:00+00:00,Karachi,24.8607,67.0011,27.0,72,7.9,1009.8,,3,35.26,91.66,0.09,0.38,122.4,73.27,0.0,99.7,
2026-03-18 06:00:00+00:00,Karachi,24.8607,67.0011,28.0,65,9.6,1010.0,,3,35.61,93.6,0.07,0.37,122.69,73.06,0.0,101.3,
2026-03-18 07:00:00+00:00,Karachi,24.8607,67.0011,28.6,64,7.8,1010.4,,3,36.21,98.37,0.06,0.36,122.83,72.71,0.0,102.7,
2026-03-18 08:00:00+00:00,Karachi,24.8607,67.0011,28.9,58,3.9,1009.9,,4,36.79,102.78,0.06,0.34,122.65,72.16,0.0,104.2,
2026-03-18 09:00:00+00:00,Karachi,24.8607,67.0011,29.7,53,5.5,1008.7,,4,36.99,104.17,0.06,0.33,122.09,71.01,0.0,104.7,
2026-03-18 10:00:00+00:00,Karachi,24.8607,67.0011,29.7,54,12.7,1007.5,,4,37.08,103.86,0.06,0.31,122.04,69.9,0.0,104.9,
2026-03-18 11:00:00+00:00,Karachi,24.8607,67.0011,28.7,56,11.2,1006.9,,4,37.0,102.74,0.07,0.3,121.75,68.87,0.0,104.7,
2026-03-18 12:00:00+00:00,Karachi,24.8607,67.0011,27.5,72,15.9,1006.4,,4,36.93,101.69,0.08,0.29,121.58,68.03,0.0,104.5,
2026-03-18 13:00:00+00:00,Karachi,24.8607,67.0011,26.4,79,17.8,1006.8,,4,36.86,101.04,0.1,0.28,121.69,67.63,0.0,104.3,
2026-03-18 14:00:00+00:00,Karachi,24.8607,67.0011,26.0,84,12.9,1007.0,,4,36.67,100.07,0.11,0.27,121.71,67.15,0.0,103.9,
2026-03-18 15:00:00+00:00,Karachi,24.8607,67.0011,25.6,88,7.9,1007.6,,3,36.53,99.23,0.11,0.28,122.05,66.98,0.0,103.5,
2026-03-18 16:00:00+00:00,Karachi,24.8607,67.0011,25.4,90,5.7,1009.0,,3,36.45,99.21,0.11,0.28,122.37,67.18,0.0,103.3,
2026-03-18 17:00:00+00:00,Karachi,24.8607,67.0011,25.3,90,7.5,1010.0,,3,36.38,98.78,0.1,0.28,122.65,67.66,0.0,103.2,
2026-03-18 18:00:00+00:00,Karachi,24.8607,67.0011,24.0,75,6.0,1011.2,,3,36.27,97.33,0.1,0.28,122.73,68.02,0.0,102.9,
2026-03-18 19:00:00+00:00,Karachi,24.8607,67.0011,23.1,74,6.0,1010.6,,3,36.03,95.12,0.09,0.28,122.65,68.24,0.0,102.3,
2026-03-18 20:00:00+00:00,Karachi,24.8607,67.0011,23.0,76,3.0,1010.8,,3,35.77,92.69,0.09,0.28,122.81,68.45,0.0,101.7,
2026-03-18 21:00:00+00:00,Karachi,24.8607,67.0011,22.6,78,2.5,1009.7,,3,35.71,91.03,0.08,0.28,123.21,68.53,0.0,101.5,
2026-03-18 22:00:00+00:00,Karachi,24.8607,67.0011,22.9,88,8.5,1008.9,,3,35.87,90.63,0.08,0.28,123.38,68.72,0.0,101.9,
2026-03-18 23:00:00+00:00,Karachi,24.8607,67.0011,22.5,92,0.6,1009.4,,3,36.36,92.55,0.07,0.27,123.56,69.27,0.0,103.1,
2026-03-19 00:00:00+00:00,Karachi,24.8607,67.0011,21.4,88,6.5,1009.7,,3,36.95,95.97,0.07,0.24,124.09,71.3,0.0,104.6,
2026-03-19 01:00:00+00:00,Karachi,24.8607,67.0011,20.5,90,1.0,1010.5,,3,37.08,96.06,0.06,0.24,125.02,74.2,0.0,104.9,
2026-03-19 02:00:00+00:00,Karachi,24.8607,67.0011,20.6,83,1.0,1011.7,,3,36.85,91.97,0.07,0.24,126.13,76.01,0.0,104.3,
2026-03-19 03:00:00+00:00,Karachi,24.8607,67.0011,21.2,88,3.2,1012.6,,3,35.91,85.71,0.08,0.24,127.24,78.7,0.0,102.0,
2026-03-19 04:00:00+00:00,Karachi,24.8607,67.0011,22.4,84,2.9,1013.2,,3,33.65,75.88,0.1,0.28,127.25,81.9,0.0,96.7,
2026-03-19 05:00:00+00:00,Karachi,24.8607,67.0011,24.0,77,1.5,1014.5,,3,30.71,64.17,0.12,0.32,128.65,87.04,0.0,91.3,
2026-03-19 06:00:00+00:00,Karachi,24.8607,67.0011,21.6,82,8.5,1014.4,,3,27.28,51.66,0.17,0.42,131.45,92.21,0.0,84.9,
2026-03-19 07:00:00+00:00,Karachi,24.8607,67.0011,21.8,81,8.6,1014.3,,2,23.02,40.72,0.25,0.51,133.25,96.38,0.0,76.9,
2026-03-19 08:00:00+00:00,Karachi,24.8607,67.0011,23.0,76,7.4,1013.6,,2,20.87,35.82,0.33,0.6,133.33,96.84,0.0,72.9,
2026-03-19 09:00:00+00:00,Karachi,24.8607,67.0011,24.0,70,9.7,1012.2,,2,20.45,33.71,0.4,0.74,132.89,93.86,0.0,72.1,
2026-03-19 10:00:00+00:00,Karachi,24.8607,67.0011,24.3,70,8.4,1011.2,,2,19.88,30.72,0.41,0.82,132.67,90.99,0.0,71.1,
2026-03-19 11:00:00+00:00,Karachi,24.8607,67.0011,24.4,68,7.6,1010.3,,2,19.96,29.64,0.39,0.81,131.25,87.81,0.0,71.2,
2026-03-19 12:00:00+00:00,Karachi,24.8607,67.0011,25.8,57,3.6,1009.4,,2,20.25,29.55,0.38,0.75,129.71,85.18,0.0,71.8,
2026-03-19 13:00:00+00:00,Karachi,24.8607,67.0011,25.4,59,3.1,1009.6,,2,20.38,29.88,0.38,0.67,128.85,84.23,0.0,72.0,
2026-03-19 14:00:00+00:00,Karachi,24.8607,67.0011,24.5,67,5.7,1010.4,,2,20.26,30.34,0.39,0.61,127.76,83.45,0.0,71.8,
2026-03-19 15:00:00+00:00,Karachi,24.8607,67.0011,23.7,70,8.1,1011.3,,2,20.68,32.16,0.35,0.55,126.37,81.43,0.0,72.6,
2026-03-19 16:00:00+00:00,Karachi,24.8607,67.0011,23.0,74,6.1,1012.1,,2,21.63,35.3,0.3,0.5,125.43,79.39,0.0,74.3,
2026-03-19 17:00:00+00:00,Karachi,24.8607,67.0011,22.3,81,4.7,1012.6,,2,22.3,37.5,0.27,0.45,125.3,78.83,0.0,75.6,
2026-03-19 18:00:00+00:00,Karachi,24.8607,67.0011,21.5,77,4.2,1012.8,,2,22.44,38.18,0.25,0.4,125.43,78.99,0.0,75.9,
2026-03-19 19:00:00+00:00,Karachi,24.8607,67.0011,21.3,78,5.6,1012.2,,2,22.0,37.54,0.22,0.35,125.3,79.38,0.0,75.0,
2026-03-19 20:00:00+00:00,Karachi,24.8607,67.0011,21.1,77,4.7,1011.6,,2,21.65,36.99,0.21,0.31,125.12,79.59,0.0,74.4,
2026-03-19 21:00:00+00:00,Karachi,24.8607,67.0011,20.9,80,2.9,1010.5,,2,21.31,36.38,0.19,0.28,124.92,79.73,0.0,73.7,
2026-03-19 22:00:00+00:00,Karachi,24.8607,67.0011,20.5,82,4.2,1009.8,,2,20.76,35.35,0.18,0.25,124.88,80.07,0.0,72.7,
2026-03-19 23:00:00+00:00,Karachi,24.8607,67.0011,19.7,85,7.4,1009.9,,2,20.13,34.2,0.16,0.23,124.6,80.29,0.0,71.6,
2026-03-20 00:00:00+00:00,Karachi,24.8607,67.0011,19.0,92,5.2,1010.5,,2,19.6,33.26,0.15,0.21,124.33,80.39,0.0,70.6,
2026-03-20 01:00:00+00:00,Karachi,24.8607,67.0011,18.8,92,2.0,1011.0,,2,19.08,32.34,0.14,0.19,124.03,80.52,0.0,69.6,
2026-03-20 02:00:00+00:00,Karachi,24.8607,67.0011,18.9,93,1.2,1011.5,,2,18.66,31.58,0.14,0.18,123.78,80.63,0.0,68.8,
2026-03-20 03:00:00+00:00,Karachi,24.8607,67.0011,20.6,87,1.7,1011.9,,2,18.36,31.05,0.16,0.17,123.86,80.94,0.0,68.3,
2026-03-20 04:00:00+00:00,Karachi,24.8607,67.0011,23.1,73,1.8,1012.4,,2,17.88,30.34,0.13,0.16,123.79,81.69,0.0,67.4,
2026-03-20 05:00:00+00:00,Karachi,24.8607,67.0011,24.6,67,3.0,1012.6,,2,17.35,29.55,0.1,0.14,123.72,82.69,0.0,66.4,
2026-03-20 06:00:00+00:00,Karachi,24.8607,67.0011,25.9,55,2.6,1012.7,,2,17.09,29.17,0.07,0.13,123.59,82.75,0.0,65.9,
2026-03-20 07:00:00+00:00,Karachi,24.8607,67.0011,26.8,53,6.5,1012.3,,2,16.81,28.77,0.06,0.12,123.13,81.61,0.0,65.4,
2026-03-20 08:00:00+00:00,Karachi,24.8607,67.0011,26.7,58,11.3,1011.5,,2,16.77,28.64,0.05,0.11,122.58,79.41,0.0,65.3,
2026-03-20 09:00:00+00:00,Karachi,24.8607,67.0011,26.4,60,12.7,1010.5,,2,16.9,28.69,0.05,0.11,122.14,77.24,0.0,65.5,
2026-03-20 10:00:00+00:00,Karachi,24.8607,67.0011,26.3,59,12.4,1009.9,,2,17.17,29.09,0.05,0.1,121.98,75.35,0.0,66.0,
2026-03-20 11:00:00+00:00,Karachi,24.8607,67.0011,26.3,60,9.8,1009.2,,2,17.44,29.68,0.05,0.1,121.77,73.33,0.0,66.5,
2026-03-20 12:00:00+00:00,Karachi,24.8607,67.0011,26.0,61,8.5,1009.1,,2,17.61,30.21,0.06,0.09,121.64,72.16,0.0,66.9,
2026-03-20 13:00:00+00:00,Karachi,24.8607,67.0011,25.1,67,9.9,1009.7,,2,17.63,30.6,0.07,0.09,121.99,72.06,0.0,66.9,
2026-03-20 14:00:00+00:00,Karachi,24.8607,67.0011,24.1,74,9.2,1009.9,,2,17.32,30.45,0.08,0.09,122.05,71.7,0.0,66.3,
2026-03-20 15:00:00+00:00,Karachi,24.8607,67.0011,23.7,78,9.2,1010.5,,2,16.86,30.24,0.07,0.09,122.17,71.34,0.0,65.5,
2026-03-20 16:00:00+00:00,Karachi,24.8607,67.0011,23.5,80,8.7,1011.1,,2,16.4,30.11,0.07,0.1,122.02,71.01,0.0,64.6,
2026-03-20 17:00:00+00:00,Karachi,24.8607,67.0011,23.4,82,8.8,1011.5,,2,16.22,30.88,0.06,0.11,121.97,70.98,0.0,64.3,
2026-03-20 18:00:00+00:00,Karachi,24.8607,67.0011,23.7,86,8.8,1011.1,,2,16.55,33.1,0.06,0.12,121.72,71.1,0.0,64.9,
2026-03-20 19:00:00+00:00,Karachi,24.8607,67.0011,24.1,87,8.9,1010.7,,2,17.65,37.1,0.06,0.14,121.39,70.99,0.0,66.9,
2026-03-20 20:00:00+00:00,Karachi,24.8607,67.0011,23.9,89,10.1,1010.2,,2,19.34,42.57,0.06,0.15,121.25,70.39,0.0,70.1,
2026-03-20 21:00:00+00:00,Karachi,24.8607,67.0011,23.7,90,9.1,1009.9,,2,21.13,48.2,0.06,0.16,120.85,69.59,0.0,73.4,
2026-03-20 22:00:00+00:00,Karachi,24.8607,67.0011,23.5,91,7.6,1009.6,,3,22.92,54.39,0.06,0.17,120.15,68.63,0.0,76.7,
2026-03-20 23:00:00+00:00,Karachi,24.8607,67.0011,23.6,90,8.2,1009.5,,3,24.57,60.59,0.06,0.17,119.06,67.57,0.0,79.8,
2026-03-21 00:00:00+00:00,Karachi,24.8607,67.0011,23.4,90,9.3,1009.9,,3,25.81,65.73,0.06,0.17,117.74,66.74,0.0,82.1,
2026-03-21 01:00:00+00:00,Karachi,24.8607,67.0011,23.0,92,8.8,1010.3,,3,26.71,69.7,0.06,0.17,116.57,66.0,0.0,83.8,
2026-03-21 02:00:00+00:00,Karachi,24.8607,67.0011,22.9,93,4.6,1010.7,,3,27.26,72.33,0.06,0.16,115.31,65.21,0.0,84.8,
2026-03-21 03:00:00+00:00,Karachi,24.8607,67.0011,23.5,90,4.0,1011.4,,3,27.59,74.0,0.08,0.16,114.09,64.52,0.0,85.4,
2026-03-21 04:00:00+00:00,Karachi,24.8607,67.0011,24.5,85,4.2,1011.9,,3,27.67,74.87,0.07,0.15,112.83,64.09,0.0,85.6,
2026-03-21 05:00:00+00:00,Karachi,24.8607,67.0011,26.3,73,6.8,1012.1,,3,27.72,75.46,0.06,0.14,111.99,64.07,0.0,85.7,
2026-03-21 06:00:00+00:00,Karachi,24.8607,67.0011,27.3,65,7.5,1011.9,,3,27.8,75.96,0.05,0.14,111.39,63.68,0.0,85.8,
2026-03-21 07:00:00+00:00,Karachi,24.8607,67.0011,27.7,63,8.6,1012.0,,3,27.82,76.33,0.05,0.13,110.95,63.05,0.0,85.9,
2026-03-21 08:00:00+00:00,Karachi,24.8607,67.0011,27.7,63,11.4,1011.7,,3,27.79,76.65,0.05,0.12,110.26,62.46,0.0,85.8,
2026-03-21 09:00:00+00:00,Karachi,24.8607,67.0011,27.8,63,10.9,1011.1,,3,27.74,76.77,0.04,0.11,109.78,61.64,0.0,85.7,
2026-03-21 10:00:00+00:00,Karachi,24.8607,67.0011,27.6,63,10.9,1010.2,,3,27.72,76.92,0.05,0.11,109.37,61.02,0.0,85.7,
2026-03-21 11:00:00+00:00,Karachi,24.8607,67.0011,27.3,64,13.7,1010.1,,3,27.66,76.86,0.05,0.11,109.05,60.77,0.0,85.6,
2026-03-21 12:00:00+00:00,Karachi,24.8607,67.0011,26.9,63,10.9,1010.1,,3,27.6,76.97,0.06,0.11,108.65,60.82,0.0,85.5,
2026-03-21 13:00:00+00:00,Karachi,24.8607,67.0011,26.5,65,9.4,1010.6,,3,27.59,76.95,0.07,0.12,108.84,61.46,0.0,85.4,
2026-03-21 14:00:00+00:00,Karachi,24.8607,67.0011,25.9,68,9.0,1011.1,,3,27.4,75.91,0.08,0.12,108.83,62.38,0.0,85.1,
2026-03-21 15:00:00+00:00,Karachi,24.8607,67.0011,25.3,73,9.1,1011.8,,3,27.05,73.93,0.08,0.13,108.94,62.94,0.0,84.4,
2026-03-21 16:00:00+00:00,Karachi,24.8607,67.0011,25.0,78,8.8,1012.4,,3,26.48,70.75,0.08,0.13,108.94,63.52,0.0,83.4,
2026-03-21 17:00:00+00:00,Karachi,24.8607,67.0011,24.8,81,8.4,1012.7,,3,25.85,67.36,0.07,0.13,109.05,64.27,0.0,82.2,
2026-03-21 18:00:00+00:00,Karachi,24.8607,67.0011,24.6,82,9.0,1013.0,,3,25.2,63.83,0.07,0.13,109.37,64.79,0.0,81.0,
2026-03-21 19:00:00+00:00,Karachi,24.8607,67.0011,24.5,83,8.8,1012.8,,3,24.57,60.44,0.06,0.13,109.52,64.95,0.0,79.8,
2026-03-21 20:00:00+00:00,Karachi,24.8607,67.0011,24.3,83,7.4,1012.5,,3,24.2,58.17,0.06,0.13,109.53,64.63,0.0,79.1,
2026-03-21 21:00:00+00:00,Karachi,24.8607,67.0011,24.0,86,7.0,1012.0,,3,23.91,56.51,0.06,0.13,109.63,64.24,0.0,78.6,
2026-03-21 22:00:00+00:00,Karachi,24.8607,67.0011,23.5,90,6.5,1011.8,,3,23.66,55.13,0.06,0.13,109.65,64.03,0.0,78.1,
2026-03-21 23:00:00+00:00,Karachi,24.8607,67.0011,23.1,93,4.9,1012.1,,3,23.48,54.14,0.06,0.12,109.62,63.7,0.0,77.8,
2026-03-22 00:00:00+00:00,Karachi,24.8607,67.0011,22.3,98,1.9,1011.9,,3,23.34,53.58,0.06,0.11,109.51,63.65,0.0,77.5,
2026-03-22 01:00:00+00:00,Karachi,24.8607,67.0011,22.5,98,0.5,1012.4,,3,23.23,53.2,0.06,0.11,109.36,63.81,0.0,77.3,
2026-03-22 02:00:00+00:00,Karachi,24.8607,67.0011,22.4,98,4.0,1013.1,,3,23.04,52.4,0.06,0.1,109.58,64.0,0.0,77.0,
2026-03-22 03:00:00+00:00,Karachi,24.8607,67.0011,23.5,91,4.3,1013.8,,3,22.73,51.02,0.07,0.1,109.72,64.4,0.0,76.4,
2026-03-22 04:00:00+00:00,Karachi,24.8607,67.0011,25.1,79,4.3,1014.0,,2,22.32,49.3,0.06,0.1,109.63,64.46,0.0,75.6,
2026-03-22 05:00:00+00:00,Karachi,24.8607,67.0011,26.5,70,4.0,1014.3,,2,22.02,47.97,0.05,0.09,109.72,64.28,0.0,75.1,
2026-03-22 06:00:00+00:00,Karachi,24.8607,67.0011,27.1,64,6.5,1014.5,,2,21.75,46.77,0.04,0.09,109.64,63.68,0.0,74.6,
2026-03-22 07:00:00+00:00,Karachi,24.8607,67.0011,27.7,61,8.7,1014.3,,2,21.5,45.8,0.03,0.08,109.43,62.49,0.0,74.1,
2026-03-22 08:00:00+00:00,Karachi,24.8607,67.0011,28.8,55,11.2,1013.6,,2,21.23,44.88,0.03,0.08,109.08,61.4,0.0,73.6,
2026-03-22 09:00:00+00:00,Karachi,24.8607,67.0011,29.0,52,13.8,1012.8,,2,20.92,44.05,0.03,0.07,108.55,60.29,0.0,73.0,
2026-03-22 10:00:00+00:00,Karachi,24.8607,67.0011,28.5,55,13.3,1012.4,,2,20.65,43.37,0.03,0.07,108.15,59.64,0.0,72.5,
2026-03-22 11:00:00+00:00,Karachi,24.8607,67.0011,28.2,59,12.5,1011.9,,2,20.34,42.69,0.04,0.07,107.77,59.58,0.0,71.9,
2026-03-22 12:00:00+00:00,Karachi,24.8607,67.0011,27.0,64,5.6,1011.8,,2,20.08,42.19,0.04,0.07,107.41,60.06,0.0,71.5,
2026-03-22 13:00:00+00:00,Karachi,24.8607,67.0011,26.4,71,13.9,1012.1,,2,19.93,41.84,0.05,0.07,107.52,60.88,0.0,71.2,
2026-03-22 14:00:00+00:00,Karachi,24.8607,67.0011,25.7,75,9.7,1012.3,,2,19.85,41.51,0.07,0.07,107.34,61.1,0.0,71.0,
2026-03-22 15:00:00+00:00,Karachi,24.8607,67.0011,25.0,79,8.5,1012.7,,2,19.8,41.13,0.07,0.08,107.37,61.3,0.0,70.9,
2026-03-22 16:00:00+00:00,Karachi,24.8607,67.0011,24.5,83,6.9,1012.7,,2,19.73,40.64,0.07,0.08,107.19,61.31,0.0,70.8,
2026-03-22 17:00:00+00:00,Karachi,24.8607,67.0011,24.1,86,7.7,1012.8,,2,19.65,39.99,0.07,0.08,107.1,61.48,0.0,70.7,
2026-03-22 18:00:00+00:00,Karachi,24.8607,67.0011,24.3,84,8.8,1013.2,,2,19.52,39.13,0.07,0.08,107.12,61.69,0.0,70.4,
2026-03-22 19:00:00+00:00,Karachi,24.8607,67.0011,24.1,84,8.8,1012.9,,2,19.36,38.13,0.06,0.07,107.04,61.9,0.0,70.1,
2026-03-22 20:00:00+00:00,Karachi,24.8607,67.0011,23.9,85,8.3,1012.6,,2,19.18,37.07,0.06,0.07,106.86,62.3,0.0,69.8,
2026-03-22 21:00:00+00:00,Karachi,24.8607,67.0011,23.5,86,8.0,1012.2,,2,18.96,35.87,0.06,0.07,106.77,62.58,0.0,69.4,
2026-03-22 22:00:00+00:00,Karachi,24.8607,67.0011,23.4,86,7.9,1011.6,,2,18.64,34.27,0.06,0.08,106.61,62.78,0.0,68.8,
2026-03-22 23:00:00+00:00,Karachi,24.8607,67.0011,23.4,85,9.2,1011.5,,2,18.12,32.23,0.06,0.08,106.48,62.75,0.0,67.8,
2026-03-23 00:00:00+00:00,Karachi,24.8607,67.0011,23.2,87,9.0,1011.4,,2,17.38,29.83,0.06,0.09,106.53,62.82,0.0,66.4,
2026-03-23 01:00:00+00:00,Karachi,24.8607,67.0011,23.3,87,9.1,1011.9,,2,16.38,27.04,0.06,0.09,106.76,63.31,0.0,64.6,
2026-03-23 02:00:00+00:00,Karachi,24.8607,67.0011,23.1,89,7.5,1012.2,,2,15.24,24.15,0.06,0.08,107.29,63.57,0.0,62.4,
2026-03-23 03:00:00+00:00,Karachi,24.8607,67.0011,24.2,83,7.5,1012.7,,2,14.17,21.58,0.07,0.08,107.67,63.4,0.0,60.4,
2026-03-23 04:00:00+00:00,Karachi,24.8607,67.0011,25.9,72,7.3,1012.8,,2,13.08,19.3,0.07,0.07,108.18,62.53,0.0,58.4,
2026-03-23 05:00:00+00:00,Karachi,24.8607,67.0011,27.6,59,7.9,1013.0,,2,12.14,17.52,0.06,0.07,108.79,61.24,0.0,56.7,
2026-03-23 06:00:00+00:00,Karachi,24.8607,67.0011,29.3,49,8.6,1013.1,,2,11.5,16.38,0.04,0.07,109.15,59.66,0.0,55.5,
2026-03-23 07:00:00+00:00,Karachi,24.8607,67.0011,30.3,45,10.3,1012.5,,2,10.97,15.53,0.04,0.07,109.38,57.81,0.0,54.5,
2026-03-23 08:00:00+00:00,Karachi,24.8607,67.0011,30.7,45,12.7,1011.6,,2,10.51,14.92,0.03,0.07,109.31,55.76,0.0,53.6,
2026-03-23 09:00:00+00:00,Karachi,24.8607,67.0011,30.3,48,15.4,1010.8,,2,10.1,14.42,0.03,0.07,109.26,53.91,0.0,52.9,
2026-03-23 10:00:00+00:00,Karachi,24.8607,67.0011,29.7,51,15.2,1010.0,,1,9.64,13.82,0.03,0.06,109.42,52.72,0.0,52.0,
2026-03-23 11:00:00+00:00,Karachi,24.8607,67.0011,29.3,51,14.8,1009.4,,1,9.23,13.42,0.03,0.06,109.47,51.61,0.0,51.2,
2026-03-23 12:00:00+00:00,Karachi,24.8607,67.0011,28.1,55,12.6,1009.6,,1,8.92,13.2,0.04,0.06,109.34,50.84,0.0,49.6,
2026-03-23 13:00:00+00:00,Karachi,24.8607,67.0011,27.1,61,12.9,1010.0,,1,8.69,13.15,0.05,0.06,109.44,50.55,0.0,48.3,
2026-03-23 14:00:00+00:00,Karachi,24.8607,67.0011,25.8,73,9.9,1010.3,,1,8.51,13.29,0.06,0.07,109.23,50.16,0.0,47.3,
2026-03-23 15:00:00+00:00,Karachi,24.8607,67.0011,25.3,80,10.0,1011.0,,1,8.52,13.82,0.07,0.09,108.87,49.8,0.0,47.3,
2026-03-23 16:00:00+00:00,Karachi,24.8607,67.0011,24.9,85,9.0,1011.5,,1,8.75,14.68,0.07,0.1,108.15,49.46,0.0,48.6,
2026-03-23 17:00:00+00:00,Karachi,24.8607,67.0011,24.7,86,9.0,1011.7,,1,9.26,15.88,0.07,0.11,107.73,49.14,0.0,51.3,
2026-03-23 18:00:00+00:00,Karachi,24.8607,67.0011,24.6,89,9.5,1011.8,,2,10.01,17.37,0.07,0.13,107.46,48.81,0.0,52.7,
2026-03-23 19:00:00+00:00,Karachi,24.8607,67.0011,24.6,89,8.6,1011.4,,2,10.9,19.01,0.07,0.14,107.01,48.55,0.0,54.4,
2026-03-23 20:00:00+00:00,Karachi,24.8607,67.0011,24.4,91,8.1,1010.9,,2,11.87,20.74,0.07,0.15,106.86,48.55,0.0,56.2,
2026-03-23 21:00:00+00:00,Karachi,24.8607,67.0011,24.1,92,9.3,1010.6,,2,12.82,22.5,0.07,0.16,106.65,48.64,0.0,57.9,
2026-03-23 22:00:00+00:00,Karachi,24.8607,67.0011,23.8,94,9.6,1010.5,,2,13.58,24.01,0.07,0.16,106.85,48.87,0.0,59.3,
2026-03-23 23:00:00+00:00,Karachi,24.8607,67.0011,24.0,92,8.4,1010.2,,2,13.97,25.11,0.07,0.17,106.82,49.01,0.0,60.1,
2026-03-24 00:00:00+00:00,Karachi,24.8607,67.0011,24.1,93,8.2,1009.7,,2,14.29,26.28,0.07,0.17,107.09,49.14,0.0,60.7,
2026-03-24 01:00:00+00:00,Karachi,24.8607,67.0011,24.2,93,10.2,1010.1,,2,14.6,27.72,0.08,0.18,107.38,49.31,0.0,61.2,
2026-03-24 02:00:00+00:00,Karachi,24.8607,67.0011,24.1,92,10.6,1010.6,,2,14.92,29.36,0.08,0.19,108.02,49.53,0.0,61.8,
2026-03-24 03:00:00+00:00,Karachi,24.8607,67.0011,25.0,84,11.5,1011.5,,2,15.09,30.66,0.1,0.2,108.81,49.96,0.0,62.2,
2026-03-24 04:00:00+00:00,Karachi,24.8607,67.0011,26.4,74,9.3,1011.9,,2,14.89,30.95,0.1,0.2,109.34,50.25,0.0,61.8,
2026-03-24 05:00:00+00:00,Karachi,24.8607,67.0011,28.3,60,9.9,1012.0,,2,14.4,30.24,0.09,0.19,109.65,50.33,0.0,60.9,
2026-03-24 06:00:00+00:00,Karachi,24.8607,67.0011,29.8,50,7.4,1011.7,,2,13.73,28.86,0.07,0.18,109.81,50.29,0.0,59.6,
2026-03-24 07:00:00+00:00,Karachi,24.8607,67.0011,29.1,49,7.6,1010.7,,2,13.06,27.3,0.06,0.16,109.91,50.06,0.0,58.4,
2026-03-24 08:00:00+00:00,Karachi,24.8607,67.0011,29.7,46,7.7,1010.0,,2,12.5,25.96,0.06,0.15,109.7,49.6,0.0,57.3,
2026-03-24 09:00:00+00:00,Karachi,24.8607,67.0011,29.6,52,11.5,1009.4,,2,12.01,24.83,0.05,0.13,109.29,49.22,0.0,56.4,
2026-03-24 10:00:00+00:00,Karachi,24.8607,67.0011,28.7,61,13.1,1008.9,,2,11.6,23.84,0.05,0.12,109.1,49.24,0.0,55.7,
2026-03-24 11:00:00+00:00,Karachi,24.8607,67.0011,29.4,55,10.0,1008.1,,2,11.33,23.07,0.05,0.11,108.56,48.78,0.0,55.2,
2026-03-24 12:00:00+00:00,Karachi,24.8607,67.0011,29.2,61,10.2,1008.0,,2,11.11,22.36,0.06,0.1,108.34,48.62,0.0,54.7,
2026-03-24 13:00:00+00:00,Karachi,24.8607,67.0011,27.9,65,11.4,1008.2,,2,10.9,21.69,0.07,0.1,108.36,48.8,0.0,54.4,
2026-03-24 14:00:00+00:00,Karachi,24.8607,67.0011,26.7,73,9.6,1008.6,,2,10.67,21.03,0.1,0.09,108.38,48.96,0.0,53.9,
2026-03-24 15:00:00+00:00,Karachi,24.8607,67.0011,26.0,82,8.0,1009.2,,2,10.48,20.51,0.1,0.09,108.52,49.04,0.0,53.6,
2026-03-24 16:00:00+00:00,Karachi,24.8607,67.0011,25.5,87,9.4,1010.1,,2,10.32,20.1,0.1,0.1,108.45,49.2,0.0,53.3,
2026-03-24 17:00:00+00:00,Karachi,24.8607,67.0011,25.2,89,9.8,1010.4,,2,10.3,20.08,0.09,0.11,108.35,49.26,0.0,53.2,
2026-03-24 18:00:00+00:00,Karachi,24.8607,67.0011,25.3,90,12.0,1010.4,,2,10.56,20.65,0.09,0.13,108.08,49.04,0.0,53.7,
2026-03-24 19:00:00+00:00,Karachi,24.8607,67.0011,25.3,91,14.4,1010.4,,2,11.04,21.53,0.08,0.14,107.39,48.42,0.0,54.6,
2026-03-24 20:00:00+00:00,Karachi,24.8607,67.0011,25.2,91,13.1,1009.9,,2,11.5,22.03,0.08,0.15,106.58,47.77,0.0,55.5,
2026-03-24 21:00:00+00:00,Karachi,24.8607,67.0011,24.9,92,11.8,1009.6,,2,11.76,22.14,0.08,0.16,105.57,47.41,0.0,56.0,
2026-03-24 22:00:00+00:00,Karachi,24.8607,67.0011,24.8,91,12.5,1009.3,,2,12.01,22.71,0.07,0.16,104.86,47.65,0.0,56.4,
2026-03-24 23:00:00+00:00,Karachi,24.8607,67.0011,24.9,88,12.1,1009.3,,2,12.74,25.23,0.07,0.16,104.43,48.27,0.0,57.8,
2026-03-25 00:00:00+00:00,Karachi,24.8607,67.0011,24.3,86,6.6,1008.2,,2,13.78,28.76,0.07,0.15,104.5,48.95,0.0,59.7,
2026-03-25 01:00:00+00:00,Karachi,24.8607,67.0011,24.0,88,7.1,1008.9,,2,14.7,31.73,0.07,0.15,105.19,49.49,0.0,61.4,
2026-03-25 02:00:00+00:00,Karachi,24.8607,67.0011,24.1,86,8.4,1009.7,,2,15.68,34.74,0.07,0.14,105.79,50.23,0.0,63.3,
2026-03-25 03:00:00+00:00,Karachi,24.8607,67.0011,25.2,78,7.0,1010.3,,2,17.03,38.8,0.08,0.14,106.41,51.33,0.0,65.8,
2026-03-25 04:00:00+00:00,Karachi,24.8607,67.0011,27.6,61,8.5,1010.5,,2,18.54,43.26,0.07,0.13,106.83,52.46,0.0,68.6,
2026-03-25 05:00:00+00:00,Karachi,24.8607,67.0011,29.5,46,9.0,1010.9,,2,19.95,47.21,0.06,0.13,107.55,53.41,0.0,71.2,
2026-03-25 06:00:00+00:00,Karachi,24.8607,67.0011,30.1,46,12.5,1011.0,,3,21.28,50.7,0.05,0.12,107.94,54.03,0.0,73.7,
2026-03-25 07:00:00+00:00,Karachi,24.8607,67.0011,30.5,43,15.0,1010.9,,3,22.5,53.94,0.04,0.12,108.0,53.97,0.0,76.0,
2026-03-25 08:00:00+00:00,Karachi,24.8607,67.0011,30.5,41,14.1,1010.0,,3,23.44,56.66,0.04,0.11,107.79,53.29,0.0,77.7,
2026-03-25 09:00:00+00:00,Karachi,24.8607,67.0011,30.3,40,15.7,1009.6,,3,24.03,58.64,0.04,0.1,107.52,52.31,0.0,78.8,
2026-03-25 10:00:00+00:00,Karachi,24.8607,67.0011,30.1,39,13.7,1009.0,,3,24.94,62.34,0.04,0.09,107.68,52.03,0.0,80.5,
2026-03-25 11:00:00+00:00,Karachi,24.8607,67.0011,29.4,43,13.6,1008.5,,3,26.14,67.08,0.04,0.08,107.73,52.17,0.0,82.7,
2026-03-25 12:00:00+00:00,Karachi,24.8607,67.0011,28.0,58,13.1,1008.4,,3,27.36,72.04,0.05,0.08,107.76,52.59,0.0,85.0,
2026-03-25 13:00:00+00:00,Karachi,24.8607,67.0011,26.9,68,12.5,1008.6,,3,28.84,78.14,0.07,0.07,108.15,53.72,0.0,87.8,
2026-03-25 14:00:00+00:00,Karachi,24.8607,67.0011,26.1,76,10.3,1009.3,,3,30.06,82.71,0.08,0.07,108.36,54.21,0.0,90.1,
2026-03-25 15:00:00+00:00,Karachi,24.8607,67.0011,26.0,75,10.5,1010.0,,3,31.25,86.77,0.08,0.08,108.53,54.42,0.0,92.3,
2026-03-25 16:00:00+00:00,Karachi,24.8607,67.0011,25.9,71,10.5,1010.5,,3,32.44,90.27,0.08,0.08,108.71,54.87,0.0,94.5,
2026-03-25 17:00:00+00:00,Karachi,24.8607,67.0011,25.7,73,8.4,1010.6,,3,33.7,92.81,0.09,0.09,109.06,55.72,0.0,96.8,
2026-03-25 18:00:00+00:00,Karachi,24.8607,67.0011,25.7,73,6.9,1010.7,,3,34.78,93.79,0.09,0.1,109.63,56.6,0.0,98.8,
2026-03-25 19:00:00+00:00,Karachi,24.8607,67.0011,25.7,74,8.6,1010.7,,3,35.2,92.49,0.09,0.1,109.87,57.28,0.0,99.6,
2026-03-25 20:00:00+00:00,Karachi,24.8607,67.0011,25.4,75,6.1,1010.2,,3,34.85,89.22,0.09,0.1,109.98,57.91,0.0,99.0,
2026-03-25 21:00:00+00:00,Karachi,24.8607,67.0011,25.3,77,6.2,1010.1,,3,33.88,84.83,0.09,0.1,110.02,58.4,0.0,97.2,
2026-03-25 22:00:00+00:00,Karachi,24.8607,67.0011,25.1,77,7.5,1010.6,,3,32.3,79.16,0.08,0.1,109.66,58.94,0.0,94.2,
2026-03-25 23:00:00+00:00,Karachi,24.8607,67.0011,24.8,78,6.5,1010.5,,3,30.24,72.71,0.08,0.1,109.17,59.7,0.0,90.4,
2026-03-26 00:00:00+00:00,Karachi,24.8607,67.0011,24.8,80,9.7,1010.9,,3,28.03,66.29,0.07,0.1,108.63,60.32,0.0,86.3,
2026-03-26 01:00:00+00:00,Karachi,24.8607,67.0011,25.0,78,11.7,1012.0,,3,25.69,59.76,0.07,0.1,108.15,61.07,0.0,81.9,
2026-03-26 02:00:00+00:00,Karachi,24.8607,67.0011,25.0,78,9.7,1012.2,,3,23.05,52.52,0.06,0.1,107.61,61.91,0.0,77.0,
2026-03-26 03:00:00+00:00,Karachi,24.8607,67.0011,24.8,78,9.4,1013.0,,2,20.69,46.27,0.07,0.09,107.19,62.47,0.0,72.6,
2026-03-26 04:00:00+00:00,Karachi,24.8607,67.0011,25.3,75,6.4,1013.4,,2,18.78,41.32,0.07,0.09,106.46,62.71,0.0,69.0,
2026-03-26 05:00:00+00:00,Karachi,24.8607,67.0011,28.0,60,6.8,1013.6,,2,17.55,38.1,0.06,0.09,105.98,62.52,0.0,66.7,
2026-03-26 06:00:00+00:00,Karachi,24.8607,67.0011,29.8,50,10.1,1013.0,,2,16.67,35.69,0.05,0.08,105.64,62.09,0.0,65.1,
2026-03-26 07:00:00+00:00,Karachi,24.8607,67.0011,30.3,47,15.2,1012.8,,2,15.97,33.75,0.04,0.08,105.01,61.05,0.0,63.8,
2026-03-26 08:00:00+00:00,Karachi,24.8607,67.0011,30.1,48,16.0,1012.6,,2,15.41,32.22,0.03,0.07,104.22,59.38,0.0,62.8,
2026-03-26 09:00:00+00:00,Karachi,24.8607,67.0011,30.3,46,15.3,1012.0,,2,14.92,30.89,0.03,0.07,103.55,57.57,0.0,61.8,
2026-03-26 10:00:00+00:00,Karachi,24.8607,67.0011,29.6,50,15.0,1011.1,,2,14.35,29.35,0.03,0.07,103.06,55.99,0.0,60.8,
2026-03-26 11:00:00+00:00,Karachi,24.8607,67.0011,29.1,52,12.9,1010.3,,2,13.79,27.9,0.03,0.06,102.55,54.73,0.0,59.7,
2026-03-26 12:00:00+00:00,Karachi,24.8607,67.0011,28.3,52,12.3,1011.1,,2,13.39,26.87,0.03,0.06,102.22,53.94,0.0,59.0,
2026-03-26 13:00:00+00:00,Karachi,24.8607,67.0011,27.5,56,11.2,1011.3,,2,13.11,26.17,0.04,0.06,102.21,53.65,0.0,58.5,
2026-03-26 14:00:00+00:00,Karachi,24.8607,67.0011,26.4,64,9.4,1011.4,,2,12.85,25.52,0.05,0.06,102.05,53.42,0.0,58.0,
2026-03-26 15:00:00+00:00,Karachi,24.8607,67.0011,25.7,71,7.3,1012.2,,2,12.53,24.82,0.05,0.06,101.98,53.27,0.0,57.4,
2026-03-26 16:00:00+00:00,Karachi,24.8607,67.0011,25.4,75,6.1,1012.8,,2,12.15,24.0,0.05,0.06,101.67,53.02,0.0,56.7,
2026-03-26 17:00:00+00:00,Karachi,24.8607,67.0011,25.2,77,6.9,1013.3,,2,11.82,23.29,0.05,0.06,101.71,52.77,0.0,56.1,
2026-03-26 18:00:00+00:00,Karachi,24.8607,67.0011,25.4,81,8.2,1013.5,,2,11.34,22.33,0.05,0.06,101.78,52.5,0.0,55.2,
2026-03-26 19:00:00+00:00,Karachi,24.8607,67.0011,25.4,81,7.9,1012.9,,2,10.74,21.16,0.05,0.06,101.75,52.13,0.0,54.1,
2026-03-26 20:00:00+00:00,Karachi,24.8607,67.0011,25.2,83,6.5,1012.5,,2,10.07,19.95,0.05,0.06,101.99,51.78,0.0,52.8,
2026-03-26 21:00:00+00:00,Karachi,24.8607,67.0011,24.7,85,7.0,1011.9,,1,9.33,18.69,0.05,0.07,102.17,51.31,0.0,51.4,
2026-03-26 22:00:00+00:00,Karachi,24.8607,67.0011,24.3,88,7.8,1011.4,,1,8.4,17.1,0.05,0.07,102.4,50.69,0.0,46.7,
2026-03-26 23:00:00+00:00,Karachi,24.8607,67.0011,24.0,90,7.9,1011.1,,1,7.44,15.36,0.05,0.07,102.49,49.85,0.0,41.3,
2026-03-27 00:00:00+00:00,Karachi,24.8607,67.0011,23.7,93,6.2,1011.6,,1,6.64,13.93,0.04,0.07,102.5,48.98,0.0,36.9,
2026-03-27 01:00:00+00:00,Karachi,24.8607,67.0011,23.7,93,6.8,1012.0,,1,6.03,12.88,0.04,0.07,102.46,48.16,0.0,33.5,
2026-03-27 02:00:00+00:00,Karachi,24.8607,67.0011,23.7,93,7.5,1012.2,,1,5.55,12.13,0.04,0.07,102.39,47.44,0.0,30.8,
2026-03-27 03:00:00+00:00,Karachi,24.8607,67.0011,24.9,86,6.2,1012.9,,1,5.16,11.57,0.04,0.08,102.22,46.77,0.0,28.7,
2026-03-27 04:00:00+00:00,Karachi,24.8607,67.0011,26.7,75,5.1,1013.3,,1,4.85,11.1,0.04,0.09,101.88,46.04,0.0,26.9,
2026-03-27 05:00:00+00:00,Karachi,24.8607,67.0011,28.7,60,1.5,1013.4,,1,4.64,10.71,0.03,0.09,101.61,45.37,0.0,25.8,
2026-03-27 06:00:00+00:00,Karachi,24.8607,67.0011,30.0,54,3.9,1013.2,,1,4.46,10.26,0.03,0.09,101.51,44.58,0.0,24.8,
2026-03-27 07:00:00+00:00,Karachi,24.8607,67.0011,30.8,52,11.8,1012.8,,1,4.31,9.83,0.03,0.08,100.95,43.43,0.0,23.9,
2026-03-27 08:00:00+00:00,Karachi,24.8607,67.0011,30.7,52,13.3,1012.0,,1,4.2,9.56,0.03,0.08,100.15,42.09,0.0,23.3,
2026-03-27 09:00:00+00:00,Karachi,24.8607,67.0011,31.0,49,15.3,1011.2,,1,4.12,9.41,0.02,0.07,99.03,40.56,0.0,22.9,
2026-03-27 10:00:00+00:00,Karachi,24.8607,67.0011,30.1,54,18.2,1010.6,,1,4.06,9.38,0.02,0.07,98.1,39.28,0.0,22.6,
2026-03-27 11:00:00+00:00,Karachi,24.8607,67.0011,28.9,59,19.7,1010.0,,1,4.02,9.58,0.02,0.08,96.99,38.42,0.0,22.3,
2026-03-27 12:00:00+00:00,Karachi,24.8607,67.0011,27.8,66,20.6,1010.1,,1,4.02,9.99,0.02,0.1,95.83,38.22,0.0,22.3,
2026-03-27 13:00:00+00:00,Karachi,24.8607,67.0011,27.1,70,17.6,1009.6,,1,4.04,10.44,0.03,0.11,95.07,38.77,0.0,22.4,
2026-03-27 14:00:00+00:00,Karachi,24.8607,67.0011,26.3,75,12.7,1009.2,,1,4.04,10.68,0.05,0.12,93.98,39.53,0.0,22.4,
2026-03-27 15:00:00+00:00,Karachi,24.8607,67.0011,25.8,81,15.0,1009.4,,1,4.05,10.72,0.05,0.13,92.88,40.5,0.0,22.5,
2026-03-27 16:00:00+00:00,Karachi,24.8607,67.0011,25.7,81,15.0,1009.5,,1,4.08,10.67,0.06,0.14,91.45,41.31,0.0,22.7,
2026-03-27 17:00:00+00:00,Karachi,24.8607,67.0011,25.4,83,12.7,1009.2,,1,4.15,10.73,0.06,0.15,90.14,41.95,0.0,23.1,
2026-03-27 18:00:00+00:00,Karachi,24.8607,67.0011,25.4,84,12.4,1008.8,,1,4.26,10.97,0.06,0.16,89.0,42.4,0.0,23.7,
2026-03-27 19:00:00+00:00,Karachi,24.8607,67.0011,25.3,86,15.8,1008.5,,1,4.47,11.58,0.06,0.17,88.22,42.58,0.0,24.8,
2026-03-27 20:00:00+00:00,Karachi,24.8607,67.0011,25.1,87,19.1,1008.4,,1,4.77,12.57,0.06,0.18,87.99,42.71,0.0,26.5,
2026-03-27 21:00:00+00:00,Karachi,24.8607,67.0011,25.0,87,18.0,1007.6,,1,5.17,13.85,0.06,0.19,88.08,42.55,0.0,28.7,
2026-03-27 22:00:00+00:00,Karachi,24.8607,67.0011,24.8,87,15.1,1006.7,,1,5.6,14.97,0.07,0.19,88.83,41.96,0.0,31.1,
2026-03-27 23:00:00+00:00,Karachi,24.8607,67.0011,24.8,87,14.8,1006.4,,1,5.86,15.41,0.07,0.2,89.79,40.37,0.0,32.6,
2026-03-28 00:00:00+00:00,Karachi,24.8607,67.0011,25.0,83,15.2,1006.9,,1,6.03,15.66,0.07,0.2,90.99,38.18,0.0,33.5,
2026-03-28 01:00:00+00:00,Karachi,24.8607,67.0011,25.0,82,14.3,1007.1,,1,6.14,16.17,0.08,0.22,92.17,36.03,0.0,34.1,
2026-03-28 02:00:00+00:00,Karachi,24.8607,67.0011,25.1,80,14.5,1007.4,,1,6.21,17.24,0.09,0.24,93.18,34.68,0.0,34.5,
2026-03-28 03:00:00+00:00,Karachi,24.8607,67.0011,26.1,73,20.8,1007.8,,1,6.19,18.3,0.12,0.27,94.67,35.17,0.0,34.4,
2026-03-28 04:00:00+00:00,Karachi,24.8607,67.0011,27.2,66,23.2,1008.5,,1,6.05,18.74,0.14,0.29,96.35,38.17,0.0,33.6,
2026-03-28 05:00:00+00:00,Karachi,24.8607,67.0011,28.0,64,22.9,1008.9,,1,5.8,18.38,0.14,0.29,98.36,42.93,0.0,32.2,
2026-03-28 06:00:00+00:00,Karachi,24.8607,67.0011,29.1,54,19.1,1008.3,,1,5.56,17.64,0.13,0.28,100.11,47.8,0.0,30.9,
2026-03-28 07:00:00+00:00,Karachi,24.8607,67.0011,29.5,55,20.7,1008.0,,1,5.39,16.84,0.12,0.27,101.1,51.08,0.0,29.9,
2026-03-28 08:00:00+00:00,Karachi,24.8607,67.0011,30.3,48,21.3,1007.0,,1,5.3,16.31,0.1,0.25,101.5,52.25,0.0,29.4,
2026-03-28 09:00:00+00:00,Karachi,24.8607,67.0011,30.1,47,22.8,1006.5,,1,5.23,15.93,0.09,0.24,101.5,51.93,0.0,29.1,
2026-03-28 10:00:00+00:00,Karachi,24.8607,67.0011,29.4,50,23.4,1006.2,,1,5.15,15.52,0.09,0.23,101.77,51.21,0.0,28.6,
2026-03-28 11:00:00+00:00,Karachi,24.8607,67.0011,28.1,62,21.3,1005.6,,1,5.02,15.05,0.1,0.23,101.35,50.24,0.0,27.9,
2026-03-28 12:00:00+00:00,Karachi,24.8607,67.0011,27.8,60,20.8,1004.8,,1,4.94,14.72,0.12,0.23,101.09,49.1,0.0,27.4,
2026-03-28 13:00:00+00:00,Karachi,24.8607,67.0011,27.0,66,19.5,1004.9,,1,4.81,14.16,0.14,0.23,101.25,46.89,0.0,26.7,
2026-03-28 14:00:00+00:00,Karachi,24.8607,67.0011,26.3,72,20.4,1005.0,,1,4.67,13.47,0.15,0.23,102.41,43.3,0.0,25.9,
2026-03-28 15:00:00+00:00,Karachi,24.8607,67.0011,26.1,72,20.8,1005.3,,1,4.61,13.04,0.15,0.23,104.94,39.09,0.0,25.6,
2026-03-28 16:00:00+00:00,Karachi,24.8607,67.0011,25.9,71,20.9,1005.9,,1,4.52,12.61,0.14,0.22,108.06,35.62,0.0,25.1,
2026-03-28 17:00:00+00:00,Karachi,24.8607,67.0011,25.8,70,20.8,1006.1,,1,4.35,12.4,0.14,0.22,111.07,33.93,0.0,24.2,
2026-03-28 18:00:00+00:00,Karachi,24.8607,67.0011,26.2,68,19.8,1006.0,,1,4.17,12.41,0.14,0.22,113.72,33.61,0.0,23.2,
2026-03-28 19:00:00+00:00,Karachi,24.8607,67.0011,26.0,66,19.3,1005.7,,1,4.11,12.84,0.14,0.22,115.31,34.01,0.0,22.8,
2026-03-28 20:00:00+00:00,Karachi,24.8607,67.0011,25.6,67,19.4,1005.5,,1,4.33,13.42,0.15,0.24,116.49,35.01,0.0,24.1,
2026-03-28 21:00:00+00:00,Karachi,24.8607,67.0011,25.3,72,18.7,1005.2,,1,4.71,14.01,0.17,0.25,117.31,36.86,0.0,26.2,
2026-03-28 22:00:00+00:00,Karachi,24.8607,67.0011,25.1,68,19.6,1005.0,,1,5.07,13.77,0.18,0.25,117.61,39.82,0.0,28.2,
2026-03-28 23:00:00+00:00,Karachi,24.8607,67.0011,24.9,70,19.7,1004.9,,1,5.21,13.08,0.2,0.25,117.24,43.48,0.0,28.9,
2026-03-29 00:00:00+00:00,Karachi,24.8607,67.0011,24.6,73,19.7,1004.7,,1,5.13,12.41,0.21,0.23,116.73,47.29,0.0,28.5,
2026-03-29 01:00:00+00:00,Karachi,24.8607,67.0011,24.8,71,18.9,1005.2,,1,4.81,12.01,0.23,0.22,116.19,50.97,0.0,26.7,
2026-03-29 02:00:00+00:00,Karachi,24.8607,67.0011,24.7,69,17.8,1005.8,,1,4.54,12.08,0.24,0.21,116.1,53.85,0.0,25.2,
2026-03-29 03:00:00+00:00,Karachi,24.8607,67.0011,25.7,62,18.6,1006.7,,1,4.35,12.24,0.28,0.22,116.15,56.19,0.0,24.2,
2026-03-29 04:00:00+00:00,Karachi,24.8607,67.0011,26.8,54,18.7,1007.7,,1,4.16,12.07,0.28,0.22,116.33,57.82,0.0,23.1,
2026-03-29 05:00:00+00:00,Karachi,24.8607,67.0011,28.0,44,18.4,1008.4,,1,4.07,11.81,0.24,0.22,116.84,59.38,0.0,22.6,
2026-03-29 06:00:00+00:00,Karachi,24.8607,67.0011,28.5,55,19.4,1008.5,,2,4.18,11.75,0.19,0.22,117.64,61.1,0.0,23.2,
2026-03-29 07:00:00+00:00,Karachi,24.8607,67.0011,29.2,53,21.5,1008.6,,2,4.44,12.0,0.16,0.23,118.39,62.42,0.0,24.7,
2026-03-29 08:00:00+00:00,Karachi,24.8607,67.0011,29.0,53,20.1,1008.2,,2,4.74,12.69,0.14,0.23,118.85,63.81,0.0,26.3,
2026-03-29 09:00:00+00:00,Karachi,24.8607,67.0011,29.1,48,19.7,1007.4,,2,5.0,13.51,0.13,0.24,119.05,65.88,0.0,27.8,
2026-03-29 10:00:00+00:00,Karachi,24.8607,67.0011,28.9,43,19.3,1006.8,,2,5.26,14.34,0.13,0.25,119.15,69.99,0.0,29.2,
2026-03-29 11:00:00+00:00,Karachi,24.8607,67.0011,28.5,39,18.7,1006.3,,2,5.58,15.42,0.14,0.26,119.04,76.57,0.0,31.0,
2026-03-29 12:00:00+00:00,Karachi,24.8607,67.0011,27.7,42,17.7,1006.3,,2,5.88,16.64,0.16,0.28,119.17,84.52,0.0,32.7,
2026-03-29 13:00:00+00:00,Karachi,24.8607,67.0011,26.8,50,17.3,1006.6,,2,6.2,18.18,0.21,0.31,119.6,92.5,0.0,34.4,
2026-03-29 14:00:00+00:00,Karachi,24.8607,67.0011,26.0,56,18.8,1007.2,,2,6.67,20.13,0.26,0.35,120.2,98.3,0.0,37.1,
2026-03-29 15:00:00+00:00,Karachi,24.8607,67.0011,25.7,62,12.7,1007.3,,3,7.09,21.8,0.27,0.37,120.79,102.96,0.0,39.4,
2026-03-29 16:00:00+00:00,Karachi,24.8607,67.0011,25.3,65,13.3,1007.2,,3,7.34,22.97,0.26,0.39,121.19,106.25,0.0,40.8,
2026-03-29 17:00:00+00:00,Karachi,24.8607,67.0011,25.0,68,13.8,1007.4,,3,7.53,24.04,0.25,0.41,121.56,109.97,0.0,41.8,
2026-03-29 18:00:00+00:00,Karachi,24.8607,67.0011,25.2,64,12.6,1007.4,,3,7.67,25.2,0.25,0.44,121.8,114.16,0.0,42.6,
2026-03-29 19:00:00+00:00,Karachi,24.8607,67.0011,25.4,65,12.9,1007.0,,3,7.77,26.32,0.25,0.48,121.87,118.04,0.0,43.2,
2026-03-29 20:00:00+00:00,Karachi,24.8607,67.0011,25.5,58,14.4,1006.6,,3,7.87,27.49,0.25,0.52,121.54,120.93,0.0,43.7,
2026-03-29 21:00:00+00:00,Karachi,24.8607,67.0011,25.2,60,14.7,1006.2,,3,8.05,29.0,0.25,0.56,121.3,123.02,0.0,44.7,
2026-03-29 22:00:00+00:00,Karachi,24.8607,67.0011,24.9,65,15.1,1006.2,,3,8.28,30.71,0.24,0.61,120.88,123.92,0.0,46.0,
2026-03-29 23:00:00+00:00,Karachi,24.8607,67.0011,24.8,66,14.7,1006.3,,3,8.46,32.23,0.24,0.65,120.47,124.24,0.0,47.0,
2026-03-30 00:00:00+00:00,Karachi,24.8607,67.0011,24.0,62,14.2,1006.2,,3,8.55,33.15,0.24,0.69,120.04,123.8,0.0,47.5,
2026-03-30 01:00:00+00:00,Karachi,24.8607,67.0011,23.8,62,14.2,1006.7,,3,8.54,33.33,0.24,0.71,119.74,123.05,0.0,47.4,
2026-03-30 02:00:00+00:00,Karachi,24.8607,67.0011,23.8,63,13.9,1007.5,,3,8.5,33.07,0.25,0.72,119.76,123.15,0.0,47.2,
2026-03-30 03:00:00+00:00,Karachi,24.8607,67.0011,24.7,61,15.4,1008.3,,3,8.56,32.84,0.31,0.73,120.25,123.81,0.0,47.6,
2026-03-30 04:00:00+00:00,Karachi,24.8607,67.0011,25.7,56,14.6,1009.3,,3,8.7,32.81,0.29,0.75,120.77,124.57,0.0,48.3,
2026-03-30 05:00:00+00:00,Karachi,24.8607,67.0011,26.6,50,13.2,1009.7,,3,8.97,33.2,0.23,0.76,121.29,125.73,0.0,49.8,
2026-03-30 06:00:00+00:00,Karachi,24.8607,67.0011,27.5,48,15.3,1010.2,,3,9.34,33.91,0.18,0.78,121.81,126.34,0.0,51.4,
2026-03-30 07:00:00+00:00,Karachi,24.8607,67.0011,27.9,43,15.7,1010.2,,3,9.76,34.79,0.16,0.79,122.1,125.82,0.0,52.2,
2026-03-30 08:00:00+00:00,Karachi,24.8607,67.0011,28.2,40,16.5,1009.8,,3,10.22,35.75,0.15,0.8,122.4,125.16,0.0,53.1,
2026-03-30 09:00:00+00:00,Karachi,24.8607,67.0011,28.3,38,15.7,1008.6,,3,10.65,36.57,0.14,0.81,122.39,124.19,0.0,53.9,
2026-03-30 10:00:00+00:00,Karachi,24.8607,67.0011,28.0,38,16.3,1007.9,,3,11.09,37.33,0.15,0.83,122.76,124.19,0.0,54.7,
2026-03-30 11:00:00+00:00,Karachi,24.8607,67.0011,27.6,39,15.4,1007.1,,3,11.46,37.81,0.16,0.85,122.85,124.57,0.0,55.4,
2026-03-30 12:00:00+00:00,Karachi,24.8607,67.0011,26.7,42,15.6,1007.3,,3,11.72,37.95,0.19,0.86,122.91,124.94,0.0,55.9,
2026-03-30 13:00:00+00:00,Karachi,24.8607,67.0011,25.7,47,14.6,1007.4,,3,11.85,37.81,0.24,0.87,122.79,126.18,0.0,56.1,
2026-03-30 14:00:00+00:00,Karachi,24.8607,67.0011,24.8,54,13.9,1007.5,,3,11.84,37.27,0.28,0.87,122.62,127.11,0.0,56.1,
2026-03-30 15:00:00+00:00,Karachi,24.8607,67.0011,24.7,57,15.2,1008.3,,3,11.66,36.29,0.27,0.87,122.02,127.84,0.0,55.8,
2026-03-30 16:00:00+00:00,Karachi,24.8607,67.0011,24.5,60,13.7,1008.8,,3,11.27,34.79,0.25,0.85,121.11,128.25,0.0,55.0,
2026-03-30 17:00:00+00:00,Karachi,24.8607,67.0011,24.4,60,12.8,1009.2,,3,10.74,32.9,0.24,0.81,120.24,128.31,0.0,54.1,
2026-03-30 18:00:00+00:00,Karachi,24.8607,67.0011,24.2,57,11.4,1008.8,,3,10.12,30.88,0.22,0.76,119.41,128.21,0.0,52.9,
2026-03-30 19:00:00+00:00,Karachi,24.8607,67.0011,24.1,58,11.5,1008.8,,3,9.51,29.03,0.21,0.71,118.42,127.47,0.0,51.8,
2026-03-30 20:00:00+00:00,Karachi,24.8607,67.0011,23.9,61,11.3,1008.3,,3,9.08,27.83,0.21,0.68,117.75,126.84,0.0,25.8,
2026-03-30 21:00:00+00:00,Karachi,24.8607,67.0011,23.9,61,12.8,1007.7,,3,8.84,27.26,0.2,0.65,117.46,126.05,0.0,49.1,
2026-03-30 22:00:00+00:00,Karachi,24.8607,67.0011,23.7,59,12.9,1007.4,,3,8.75,27.23,0.2,0.65,117.53,125.17,0.0,48.6,
2026-03-30 23:00:00+00:00,Karachi,24.8607,67.0011,23.4,62,12.6,1007.6,,3,8.74,27.48,0.19,0.66,117.63,124.34,0.0,48.6,
2026-03-31 00:00:00+00:00,Karachi,24.8607,67.0011,23.4,64,8.2,1007.3,,3,8.74,27.79,0.19,0.67,117.82,123.26,0.0,48.6,
2026-03-31 01:00:00+00:00,Karachi,24.8607,67.0011,23.4,65,9.3,1008.1,,3,8.71,27.86,0.19,0.68,117.89,122.29,0.0,48.4,
2026-03-31 02:00:00+00:00,Karachi,24.8607,67.0011,23.6,64,8.7,1009.0,,3,8.56,27.37,0.19,0.69,117.78,121.31,0.0,47.6,
2026-03-31 03:00:00+00:00,Karachi,24.8607,67.0011,24.6,60,8.9,1009.9,,3,8.42,26.72,0.24,0.69,117.85,120.79,0.0,46.8,
2026-03-31 04:00:00+00:00,Karachi,24.8607,67.0011,25.8,52,10.2,1010.5,,3,8.37,26.23,0.25,0.69,118.08,120.68,0.0,46.5,
2026-03-31 05:00:00+00:00,Karachi,24.8607,67.0011,26.7,47,11.3,1010.9,,3,8.42,26.01,0.23,0.69,118.24,120.39,0.0,46.8,
2026-03-31 06:00:00+00:00,Karachi,24.8607,67.0011,26.5,45,12.3,1010.9,,3,8.58,26.08,0.18,0.69,118.48,119.94,0.0,47.7,
2026-03-31 07:00:00+00:00,Karachi,24.8607,67.0011,27.3,45,12.4,1010.4,,3,8.79,26.29,0.15,0.68,118.38,118.94,0.0,48.8,
2026-03-31 08:00:00+00:00,Karachi,24.8607,67.0011,27.4,45,12.4,1010.0,,3,8.99,26.5,0.13,0.67,118.24,117.59,0.0,49.9,
2026-03-31 09:00:00+00:00,Karachi,24.8607,67.0011,27.3,46,12.5,1009.0,,3,9.12,26.59,0.12,0.64,117.74,115.89,0.0,51.0,
2026-03-31 10:00:00+00:00,Karachi,24.8607,67.0011,27.4,45,13.7,1008.3,,3,9.24,26.73,0.12,0.63,117.67,114.76,0.0,51.3,
2026-03-31 11:00:00+00:00,Karachi,24.8607,67.0011,27.2,46,14.6,1007.6,,3,9.3,26.81,0.14,0.61,117.31,113.95,0.0,51.4,
2026-03-31 12:00:00+00:00,Karachi,24.8607,67.0011,26.5,49,13.1,1007.6,,3,9.29,26.79,0.16,0.6,116.99,113.39,0.0,51.4,
2026-03-31 13:00:00+00:00,Karachi,24.8607,67.0011,25.8,55,14.3,1008.0,,3,9.26,26.8,0.19,0.58,117.16,113.54,0.0,51.3,
2026-03-31 14:00:00+00:00,Karachi,24.8607,67.0011,25.1,58,13.9,1008.7,,3,9.24,26.89,0.21,0.57,117.21,113.73,0.0,51.3,
2026-03-31 15:00:00+00:00,Karachi,24.8607,67.0011,25.1,57,13.0,1008.9,,3,9.24,27.04,0.2,0.55,117.11,114.08,0.0,51.3,
2026-03-31 16:00:00+00:00,Karachi,24.8607,67.0011,25.0,56,12.2,1009.7,,3,9.25,27.21,0.18,0.54,116.96,114.38,0.0,51.3,
2026-03-31 17:00:00+00:00,Karachi,24.8607,67.0011,24.7,58,9.2,1009.9,,3,9.31,27.41,0.18,0.52,116.88,114.91,0.0,51.4,
2026-03-31 18:00:00+00:00,Karachi,24.8607,67.0011,24.5,62,9.7,1010.1,,3,9.41,27.65,0.17,0.5,116.8,115.23,0.0,51.6,
2026-03-31 19:00:00+00:00,Karachi,24.8607,67.0011,24.5,64,8.9,1009.6,,3,9.5,27.79,0.16,0.48,116.36,115.31,0.0,51.7,
2026-03-31 20:00:00+00:00,Karachi,24.8607,67.0011,24.5,65,8.4,1009.2,,3,9.61,27.97,0.15,0.46,116.21,115.35,0.0,52.0,
2026-03-31 21:00:00+00:00,Karachi,24.8607,67.0011,24.0,68,7.3,1008.5,,3,9.71,28.13,0.15,0.44,116.11,115.39,0.0,52.1,
2026-03-31 22:00:00+00:00,Karachi,24.8607,67.0011,23.9,69,8.8,1008.1,,3,9.81,28.31,0.14,0.42,116.03,115.4,0.0,52.3,
2026-03-31 23:00:00+00:00,Karachi,24.8607,67.0011,23.4,72,8.4,1007.9,,3,9.9,28.5,0.13,0.4,116.03,115.38,0.0,52.5,
2026-04-01 00:00:00+00:00,Karachi,24.8607,67.0011,24.0,70,9.4,1008.2,,3,9.91,28.52,0.12,0.39,116.05,115.2,0.0,52.5,
2026-04-01 01:00:00+00:00,Karachi,24.8607,67.0011,23.9,70,10.1,1008.4,,3,9.8,28.21,0.12,0.37,115.9,115.02,0.0,52.3,
2026-04-01 02:00:00+00:00,Karachi,24.8607,67.0011,23.7,72,9.4,1008.8,,3,9.58,27.61,0.12,0.34,115.93,114.87,0.0,51.9,
2026-04-01 03:00:00+00:00,Karachi,24.8607,67.0011,24.9,67,9.9,1009.6,,3,9.4,27.1,0.14,0.32,115.95,114.72,0.0,51.6,
2026-04-01 04:00:00+00:00,Karachi,24.8607,67.0011,26.4,58,13.3,1010.2,,3,9.33,26.87,0.14,0.31,116.02,114.34,0.0,51.4,
2026-04-01 05:00:00+00:00,Karachi,24.8607,67.0011,27.4,53,13.4,1010.5,,3,9.35,26.96,0.12,0.29,116.06,113.65,0.0,51.5,
2026-04-01 06:00:00+00:00,Karachi,24.8607,67.0011,27.9,50,15.3,1010.8,,3,9.44,27.27,0.1,0.28,116.19,112.65,0.0,51.6,
2026-04-01 07:00:00+00:00,Karachi,24.8607,67.0011,28.5,48,14.9,1010.8,,3,9.59,27.76,0.08,0.27,116.23,111.11,0.0,51.9,
2026-04-01 08:00:00+00:00,Karachi,24.8607,67.0011,28.6,48,14.8,1010.0,,3,9.8,28.4,0.07,0.26,116.3,108.99,0.0,52.3,
2026-04-01 09:00:00+00:00,Karachi,24.8607,67.0011,29.0,44,13.3,1009.1,,3,10.03,29.08,0.07,0.25,116.36,106.84,0.0,52.7,
2026-04-01 10:00:00+00:00,Karachi,24.8607,67.0011,28.9,44,12.8,1007.8,,3,10.32,29.96,0.07,0.24,116.74,104.7,0.0,53.3,
2026-04-01 11:00:00+00:00,Karachi,24.8607,67.0011,28.0,50,14.9,1007.0,,3,10.72,31.19,0.07,0.24,117.05,102.47,0.0,54.0,
2026-04-01 12:00:00+00:00,Karachi,24.8607,67.0011,27.0,56,15.9,1007.7,,3,11.22,32.79,0.09,0.24,117.27,100.77,0.0,54.9,
2026-04-01 13:00:00+00:00,Karachi,24.8607,67.0011,26.3,60,15.4,1007.9,,2,11.81,34.65,0.11,0.24,117.6,99.74,0.0,56.0,
2026-04-01 14:00:00+00:00,Karachi,24.8607,67.0011,25.6,63,12.5,1008.3,,2,12.35,36.36,0.13,0.25,118.04,99.06,0.0,57.1,
2026-04-01 15:00:00+00:00,Karachi,24.8607,67.0011,25.2,66,12.3,1008.9,,2,12.81,37.74,0.13,0.25,118.33,98.8,0.0,57.9,
2026-04-01 16:00:00+00:00,Karachi,24.8607,67.0011,24.9,70,10.8,1009.5,,2,13.1,38.58,0.13,0.25,118.28,98.71,0.0,58.5,
2026-04-01 17:00:00+00:00,Karachi,24.8607,67.0011,24.7,73,9.1,1009.8,,2,13.29,39.19,0.12,0.25,118.29,99.19,0.0,58.8,
2026-04-01 18:00:00+00:00,Karachi,24.8607,67.0011,24.7,76,8.5,1009.3,,2,13.43,39.78,0.12,0.25,118.23,99.68,0.0,59.1,
2026-04-01 19:00:00+00:00,Karachi,24.8607,67.0011,24.9,77,11.5,1009.4,,3,13.56,40.37,0.11,0.24,118.06,100.09,0.0,59.3,
2026-04-01 20:00:00+00:00,Karachi,24.8607,67.0011,25.0,76,11.7,1009.6,,3,13.77,41.0,0.11,0.24,118.25,100.42,0.0,59.7,
2026-04-01 21:00:00+00:00,Karachi,24.8607,67.0011,24.6,78,7.7,1008.6,,3,13.99,41.35,0.1,0.23,118.56,100.84,0.0,60.1,
2026-04-01 22:00:00+00:00,Karachi,24.8607,67.0011,24.2,80,4.3,1008.4,,3,13.84,38.47,0.1,0.24,119.3,101.38,0.0,59.8,
2026-04-01 23:00:00+00:00,Karachi,24.8607,67.0011,23.6,83,6.5,1007.8,,3,13.38,34.04,0.1,0.22,119.98,101.58,0.0,59.0,
2026-04-02 00:00:00+00:00,Karachi,24.8607,67.0011,23.2,86,1.6,1008.5,,3,12.8,29.95,0.09,0.2,120.02,101.36,0.0,57.9,
2026-04-02 01:00:00+00:00,Karachi,24.8607,67.0011,23.4,85,1.2,1008.1,,3,12.12,27.09,0.09,0.17,119.29,100.43,0.0,56.6,
2026-04-02 02:00:00+00:00,Karachi,24.8607,67.0011,23.2,87,6.9,1009.0,,2,11.41,25.08,0.08,0.15,118.39,99.51,0.0,55.3,
2026-04-02 03:00:00+00:00,Karachi,24.8607,67.0011,23.8,79,12.8,1010.1,,2,10.87,23.67,0.09,0.13,117.05,98.89,0.0,54.3,
2026-04-02 04:00:00+00:00,Karachi,24.8607,67.0011,21.4,82,15.1,1011.5,,2,10.18,21.05,0.1,0.13,116.03,98.11,0.0,53.0,
2026-04-02 05:00:00+00:00,Karachi,24.8607,67.0011,21.5,81,10.7,1012.4,,2,9.38,18.07,0.11,0.14,115.38,96.24,0.0,51.5,
2026-04-02 06:00:00+00:00,Karachi,24.8607,67.0011,23.8,74,4.9,1011.9,,2,8.77,16.02,0.11,0.17,115.45,92.89,0.0,48.7,
2026-04-02 07:00:00+00:00,Karachi,24.8607,67.0011,24.3,72,8.7,1012.1,,2,7.97,13.93,0.11,0.18,114.4,86.35,0.0,44.3,
2026-04-02 08:00:00+00:00,Karachi,24.8607,67.0011,24.0,73,11.0,1011.3,,2,7.12,12.05,0.09,0.18,113.7,79.39,0.0,39.6,
2026-04-02 09:00:00+00:00,Karachi,24.8607,67.0011,24.3,75,10.7,1010.6,,2,6.21,10.18,0.08,0.16,113.08,73.7,0.0,34.5,
2026-04-02 10:00:00+00:00,Karachi,24.8607,67.0011,21.8,82,6.5,1010.4,,2,5.25,8.19,0.07,0.13,112.36,69.59,0.0,29.2,
2026-04-02 11:00:00+00:00,Karachi,24.8607,67.0011,23.9,73,8.3,1009.2,,2,4.55,7.2,0.06,0.12,112.13,64.11,0.0,25.3,
2026-04-02 12:00:00+00:00,Karachi,24.8607,67.0011,20.3,86,1.7,1009.9,,1,3.93,6.44,0.07,0.11,112.47,57.98,0.0,21.8,
2026-04-02 13:00:00+00:00,Karachi,24.8607,67.0011,20.5,86,7.2,1009.2,,1,3.38,5.93,0.08,0.12,113.54,51.66,0.0,18.8,
2026-04-02 14:00:00+00:00,Karachi,24.8607,67.0011,20.5,86,1.9,1008.9,,1,3.05,6.0,0.09,0.14,116.2,46.4,0.0,16.9,
2026-04-02 15:00:00+00:00,Karachi,24.8607,67.0011,20.5,85,1.6,1009.4,,1,3.17,6.99,0.1,0.17,120.62,43.31,0.0,17.6,
2026-04-02 16:00:00+00:00,Karachi,24.8607,67.0011,20.6,85,1.3,1010.0,,1,3.76,9.15,0.1,0.19,125.18,42.64,0.0,20.9,
2026-04-02 17:00:00+00:00,Karachi,24.8607,67.0011,20.5,87,4.4,1010.5,,1,4.4,10.79,0.1,0.21,129.13,43.43,0.0,24.4,
2026-04-02 18:00:00+00:00,Karachi,24.8607,67.0011,18.2,92,21.7,1011.1,,1,4.94,11.55,0.1,0.21,132.06,44.42,0.0,27.4,
2026-04-02 19:00:00+00:00,Karachi,24.8607,67.0011,19.2,89,6.4,1010.3,,1,5.4,11.11,0.1,0.2,135.81,46.0,0.0,30.0,
2026-04-02 20:00:00+00:00,Karachi,24.8607,67.0011,19.2,91,6.0,1009.9,,1,5.9,10.89,0.1,0.19,139.71,48.01,0.0,32.8,
2026-04-02 21:00:00+00:00,Karachi,24.8607,67.0011,19.6,90,7.6,1009.2,,1,6.44,10.91,0.1,0.18,142.95,50.07,0.0,35.8,
2026-04-02 22:00:00+00:00,Karachi,24.8607,67.0011,18.8,91,7.6,1008.4,,1,6.96,10.88,0.1,0.18,145.93,52.78,0.0,38.7,
2026-04-02 23:00:00+00:00,Karachi,24.8607,67.0011,17.9,94,8.1,1008.0,,1,7.32,10.86,0.11,0.17,146.57,55.71,0.0,40.7,
2026-04-03 00:00:00+00:00,Karachi,24.8607,67.0011,17.7,95,7.4,1008.8,,1,7.56,10.92,0.11,0.17,146.57,58.8,0.0,42.0,
2026-04-03 01:00:00+00:00,Karachi,24.8607,67.0011,17.8,93,6.7,1009.1,,2,7.53,10.78,0.12,0.17,145.4,62.44,0.0,41.8,
2026-04-03 02:00:00+00:00,Karachi,24.8607,67.0011,18.1,91,4.7,1009.6,,2,7.35,10.63,0.14,0.18,142.95,65.98,0.0,40.8,
2026-04-03 03:00:00+00:00,Karachi,24.8607,67.0011,19.1,87,4.1,1010.3,,2,7.14,10.61,0.17,0.22,140.08,69.1,0.0,39.7,
2026-04-03 04:00:00+00:00,Karachi,24.8607,67.0011,20.8,78,2.7,1011.0,,2,6.28,9.96,0.2,0.22,136.43,75.88,0.0,34.9,
2026-04-03 05:00:00+00:00,Karachi,24.8607,67.0011,22.6,71,3.6,1011.2,,2,5.01,8.5,0.22,0.22,133.3,83.19,0.0,27.8,
2026-04-03 06:00:00+00:00,Karachi,24.8607,67.0011,24.1,61,8.3,1011.6,,2,4.04,6.98,0.19,0.21,131.59,86.97,0.0,22.4,
2026-04-03 07:00:00+00:00,Karachi,24.8607,67.0011,24.9,54,11.3,1011.0,,2,3.12,5.58,0.14,0.17,129.37,91.7,0.0,17.3,
2026-04-03 08:00:00+00:00,Karachi,24.8607,67.0011,25.3,52,12.6,1010.5,,2,2.47,4.61,0.13,0.14,127.65,97.91,0.0,13.7,
2026-04-03 09:00:00+00:00,Karachi,24.8607,67.0011,25.3,52,12.9,1009.5,,3,2.16,4.15,0.13,0.13,126.61,103.02,0.0,12.0,
2026-04-03 10:00:00+00:00,Karachi,24.8607,67.0011,25.4,51,12.9,1008.6,,3,2.06,4.13,0.15,0.13,126.3,108.23,0.0,11.4,
2026-04-03 11:00:00+00:00,Karachi,24.8607,67.0011,24.9,54,13.5,1008.1,,3,2.16,4.63,0.17,0.14,125.96,112.72,0.0,12.0,
2026-04-03 12:00:00+00:00,Karachi,24.8607,67.0011,24.5,64,12.8,1007.8,,3,2.45,5.68,0.21,0.16,125.85,118.0,0.0,13.6,
2026-04-03 13:00:00+00:00,Karachi,24.8607,67.0011,24.0,66,11.5,1007.7,,3,2.93,7.35,0.27,0.19,126.92,123.77,0.0,16.3,
2026-04-03 14:00:00+00:00,Karachi,24.8607,67.0011,23.4,69,10.1,1008.2,,3,3.58,9.58,0.32,0.24,127.75,127.88,0.0,19.9,
2026-04-03 15:00:00+00:00,Karachi,24.8607,67.0011,23.3,72,10.2,1008.5,,3,4.4,12.37,0.32,0.29,128.87,131.12,0.01,24.4,
2026-04-03 16:00:00+00:00,Karachi,24.8607,67.0011,23.2,74,9.2,1009.5,,3,5.16,15.02,0.31,0.33,130.32,133.07,0.02,28.7,
2026-04-03 17:00:00+00:00,Karachi,24.8607,67.0011,23.1,76,7.8,1010.0,,3,5.69,17.15,0.31,0.35,131.38,134.08,0.04,31.6,
2026-04-03 18:00:00+00:00,Karachi,24.8607,67.0011,23.2,71,6.8,1009.8,,3,5.95,18.7,0.31,0.37,132.11,134.7,0.06,33.1,
2026-04-03 19:00:00+00:00,Karachi,24.8607,67.0011,23.3,69,7.4,1009.5,,3,6.03,19.74,0.3,0.37,132.66,134.74,0.08,33.5,
2026-04-03 20:00:00+00:00,Karachi,24.8607,67.0011,22.9,69,6.6,1009.4,,3,6.04,20.4,0.29,0.37,133.02,134.73,0.09,33.6,
2026-04-03 21:00:00+00:00,Karachi,24.8607,67.0011,22.5,68,8.0,1008.7,,3,6.05,20.92,0.27,0.37,132.96,134.71,0.09,33.6,
2026-04-03 22:00:00+00:00,Karachi,24.8607,67.0011,22.1,68,9.2,1008.5,,3,5.96,21.0,0.26,0.37,132.79,134.45,0.09,33.1,
2026-04-03 23:00:00+00:00,Karachi,24.8607,67.0011,21.7,70,9.7,1008.6,,3,5.77,20.63,0.25,0.36,132.66,134.39,0.09,32.1,
2026-04-04 00:00:00+00:00,Karachi,24.8607,67.0011,21.4,80,7.3,1008.9,,3,5.57,20.11,0.24,0.35,132.61,134.03,0.09,30.9,
2026-04-04 01:00:00+00:00,Karachi,24.8607,67.0011,20.9,84,5.9,1009.2,,3,5.19,18.65,0.24,0.35,132.27,133.87,0.09,28.8,
2026-04-04 02:00:00+00:00,Karachi,24.8607,67.0011,20.5,87,4.9,1009.8,,3,4.85,17.19,0.27,0.34,131.82,133.86,0.09,26.9,
2026-04-04 03:00:00+00:00,Karachi,24.8607,67.0011,21.8,85,2.7,1010.3,,3,4.76,16.72,0.34,0.33,131.92,133.81,0.1,26.4,
2026-04-04 04:00:00+00:00,Karachi,24.8607,67.0011,24.0,74,2.2,1010.9,,3,4.76,16.59,0.32,0.32,131.91,133.93,0.1,26.4,
2026-04-04 05:00:00+00:00,Karachi,24.8607,67.0011,25.7,65,4.5,1011.0,,3,4.85,16.72,0.26,0.31,132.0,134.08,0.11,26.9,
2026-04-04 06:00:00+00:00,Karachi,24.8607,67.0011,27.0,56,7.6,1010.9,,3,4.97,16.95,0.2,0.29,131.92,133.83,0.11,27.6,
2026-04-04 07:00:00+00:00,Karachi,24.8607,67.0011,27.5,53,11.9,1010.8,,3,5.08,17.19,0.17,0.28,131.68,132.97,0.11,28.2,
2026-04-04 08:00:00+00:00,Karachi,24.8607,67.0011,27.5,51,14.3,1010.4,,3,5.18,17.43,0.15,0.27,131.16,131.39,0.12,28.8,
2026-04-04 09:00:00+00:00,Karachi,24.8607,67.0011,27.5,50,14.4,1009.6,,3,5.27,17.63,0.14,0.25,130.57,129.66,0.12,29.3,
2026-04-04 10:00:00+00:00,Karachi,24.8607,67.0011,27.4,48,14.5,1008.6,,3,5.36,17.9,0.14,0.25,130.43,128.79,0.12,29.8,
2026-04-04 11:00:00+00:00,Karachi,24.8607,67.0011,26.9,50,14.1,1008.1,,3,5.45,18.08,0.14,0.24,130.05,127.98,0.12,30.3,
2026-04-04 12:00:00+00:00,Karachi,24.8607,67.0011,25.7,53,14.2,1008.7,,3,5.55,18.2,0.16,0.24,129.77,127.46,0.12,30.8,
2026-04-04 13:00:00+00:00,Karachi,24.8607,67.0011,24.9,58,12.8,1009.0,,3,5.71,18.44,0.19,0.24,129.9,127.65,0.11,31.7,
2026-04-04 14:00:00+00:00,Karachi,24.8607,67.0011,24.0,66,12.5,1009.3,,3,5.98,18.83,0.22,0.24,130.04,126.82,0.09,33.2,
2026-04-04 15:00:00+00:00,Karachi,24.8607,67.0011,23.8,68,14.0,1009.7,,3,6.29,19.18,0.2,0.24,129.88,125.94,0.07,34.9,
2026-04-04 16:00:00+00:00,Karachi,24.8607,67.0011,23.7,68,13.6,1009.9,,3,6.51,19.32,0.19,0.24,129.64,125.21,0.04,36.2,
2026-04-04 17:00:00+00:00,Karachi,24.8607,67.0011,23.8,69,13.8,1010.9,,3,6.69,19.42,0.17,0.24,129.36,125.33,0.02,37.2,
2026-04-04 18:00:00+00:00,Karachi,24.8607,67.0011,24.1,68,12.2,1010.7,,3,6.88,19.7,0.17,0.24,128.96,125.2,0.01,38.2,
2026-04-04 19:00:00+00:00,Karachi,24.8607,67.0011,24.0,68,10.6,1010.4,,3,7.14,20.41,0.16,0.24,128.24,124.64,0.0,39.7,
2026-04-04 20:00:00+00:00,Karachi,24.8607,67.0011,23.6,71,8.6,1010.3,,3,7.57,21.89,0.15,0.25,127.55,124.05,0.0,42.1,
2026-04-04 21:00:00+00:00,Karachi,24.8607,67.0011,23.2,73,7.5,1009.7,,3,8.21,24.21,0.14,0.26,126.91,123.15,0.0,45.6,
2026-04-04 22:00:00+00:00,Karachi,24.8607,67.0011,22.9,75,7.6,1009.5,,3,9.13,27.5,0.13,0.26,126.19,122.26,0.0,51.1,
2026-04-04 23:00:00+00:00,Karachi,24.8607,67.0011,22.6,76,7.4,1009.3,,3,10.25,31.48,0.12,0.27,125.68,121.12,0.0,53.1,
2026-04-05 00:00:00+00:00,Karachi,24.8607,67.0011,22.1,83,7.9,1009.7,,3,11.51,35.79,0.11,0.27,125.23,119.85,0.0,55.5,
2026-04-05 01:00:00+00:00,Karachi,24.8607,67.0011,22.4,81,6.7,1009.9,,3,12.77,40.1,0.1,0.27,124.87,118.71,0.0,57.8,
2026-04-05 02:00:00+00:00,Karachi,24.8607,67.0011,22.4,81,6.2,1010.3,,3,13.97,44.14,0.1,0.26,124.83,117.95,0.0,60.1,
2026-04-05 03:00:00+00:00,Karachi,24.8607,67.0011,23.4,79,5.2,1011.1,,3,15.05,47.61,0.11,0.26,124.83,117.32,0.0,62.1,
2026-04-05 04:00:00+00:00,Karachi,24.8607,67.0011,24.8,71,5.4,1011.3,,3,15.8,49.79,0.08,0.25,124.69,116.63,0.0,63.5,
2026-04-05 05:00:00+00:00,Karachi,24.8607,67.0011,26.4,62,6.3,1011.6,,3,16.36,51.14,0.06,0.24,124.78,116.05,0.0,64.5,
2026-04-05 06:00:00+00:00,Karachi,24.8607,67.0011,26.9,56,9.3,1011.9,,3,16.86,52.2,0.05,0.23,124.72,114.68,0.0,65.5,
2026-04-05 07:00:00+00:00,Karachi,24.8607,67.0011,26.9,56,10.5,1011.8,,3,17.37,53.4,0.04,0.21,124.44,112.68,0.0,66.4,
2026-04-05 08:00:00+00:00,Karachi,24.8607,67.0011,27.0,55,9.7,1011.1,,3,17.91,54.85,0.04,0.2,124.06,110.49,0.0,67.4,
2026-04-05 09:00:00+00:00,Karachi,24.8607,67.0011,27.1,54,9.4,1009.9,,3,18.42,56.28,0.04,0.19,123.84,108.35,0.0,68.4,
2026-04-05 10:00:00+00:00,Karachi,24.8607,67.0011,27.7,52,11.4,1009.3,,3,18.97,57.69,0.05,0.19,123.94,107.3,0.0,69.4,
2026-04-05 11:00:00+00:00,Karachi,24.8607,67.0011,26.6,59,12.5,1008.6,,3,19.36,58.44,0.05,0.18,123.99,106.98,0.0,70.1,
2026-04-05 12:00:00+00:00,Karachi,24.8607,67.0011,26.4,53,11.4,1008.8,,3,19.57,58.63,0.06,0.18,124.27,107.55,0.0,70.5,
2026-04-05 13:00:00+00:00,Karachi,24.8607,67.0011,25.5,58,11.7,1008.8,,3,19.81,59.21,0.08,0.18,125.04,108.71,0.0,71.0,
2026-04-05 14:00:00+00:00,Karachi,24.8607,67.0011,24.7,64,9.7,1009.1,,3,20.23,61.15,0.1,0.18,125.6,109.17,0.0,71.7,
2026-04-05 15:00:00+00:00,Karachi,24.8607,67.0011,24.1,69,9.8,1009.4,,3,21.0,65.03,0.1,0.19,126.36,108.28,0.0,73.2,
2026-04-05 16:00:00+00:00,Karachi,24.8607,67.0011,23.9,70,9.1,1010.0,,3,21.92,69.78,0.09,0.2,126.73,106.13,0.0,74.9,
2026-04-05 17:00:00+00:00,Karachi,24.8607,67.0011,23.6,73,7.7,1010.2,,3,22.8,74.11,0.09,0.21,126.85,103.38,0.0,76.5,
2026-04-05 18:00:00+00:00,Karachi,24.8607,67.0011,23.8,76,7.8,1010.3,,3,23.55,77.65,0.08,0.22,126.79,100.68,0.0,77.9,
2026-04-05 19:00:00+00:00,Karachi,24.8607,67.0011,24.0,76,9.6,1010.2,,3,24.07,80.02,0.08,0.23,126.4,98.46,0.0,78.9,
2026-04-05 20:00:00+00:00,Karachi,24.8607,67.0011,23.8,77,9.5,1009.7,,3,24.37,81.39,0.07,0.25,125.89,96.89,0.0,79.4,
2026-04-05 21:00:00+00:00,Karachi,24.8607,67.0011,23.6,79,8.8,1009.2,,3,24.51,82.12,0.07,0.26,125.43,95.7,0.0,79.7,
2026-04-05 22:00:00+00:00,Karachi,24.8607,67.0011,23.6,79,8.9,1008.8,,3,24.59,82.54,0.07,0.29,125.04,94.16,0.0,79.9,
2026-04-05 23:00:00+00:00,Karachi,24.8607,67.0011,23.5,78,8.2,1008.6,,3,24.57,82.86,0.07,0.3,124.76,92.11,0.0,79.8,
2026-04-06 00:00:00+00:00,Karachi,24.8607,67.0011,23.3,79,8.8,1008.6,,3,24.41,83.33,0.06,0.32,124.71,89.18,0.0,79.5,
2026-04-07 01:00:00+00:00,Karachi,24.8607,67.0011,24.9,84,18.5,1006.0,,3,13.39,56.86,0.09,0.38,121.65,48.27,0.0,59.0,
2026-04-07 02:00:00+00:00,Karachi,24.8607,67.0011,25.0,82,18.5,1006.1,,3,13.57,58.38,0.1,0.39,122.08,49.03,0.0,59.3,
2026-04-07 03:00:00+00:00,Karachi,24.8607,67.0011,25.7,81,15.8,1006.9,,3,13.7,59.07,0.1,0.39,122.55,49.81,0.0,59.6,
2026-04-07 04:00:00+00:00,Karachi,24.8607,67.0011,26.9,67,17.7,1007.4,,3,13.9,59.45,0.09,0.4,122.64,51.1,0.0,59.9,
2026-04-07 05:00:00+00:00,Karachi,24.8607,67.0011,27.8,60,19.6,1007.5,,3,14.28,59.92,0.09,0.44,123.01,54.25,0.0,60.7,
2026-04-07 06:00:00+00:00,Karachi,24.8607,67.0011,28.8,53,21.5,1007.8,,3,14.67,59.81,0.09,0.48,123.06,59.31,0.0,61.4,
2026-04-07 07:00:00+00:00,Karachi,24.8607,67.0011,29.2,52,20.5,1007.6,,3,15.08,59.79,0.09,0.54,122.84,65.35,0.0,62.1,
2026-04-07 08:00:00+00:00,Karachi,24.8607,67.0011,29.3,52,19.2,1006.8,,3,15.69,60.65,0.1,0.61,122.23,71.17,0.0,63.3,
2026-04-07 09:00:00+00:00,Karachi,24.8607,67.0011,29.1,54,18.6,1006.0,,3,16.33,61.74,0.1,0.67,121.63,75.67,0.0,64.5,
2026-04-07 10:00:00+00:00,Karachi,24.8607,67.0011,28.9,51,18.3,1005.2,,3,17.02,63.24,0.11,0.73,121.49,79.89,0.0,65.8,
2026-04-07 11:00:00+00:00,Karachi,24.8607,67.0011,28.5,51,17.9,1004.7,,3,17.64,64.89,0.13,0.76,121.24,82.91,0.0,66.9,
2026-04-07 12:00:00+00:00,Karachi,24.8607,67.0011,27.6,58,17.5,1004.6,,3,18.3,66.76,0.15,0.78,121.16,84.86,0.0,68.1,
2026-04-07 13:00:00+00:00,Karachi,24.8607,67.0011,26.5,67,17.3,1004.5,,3,19.0,68.84,0.19,0.78,121.54,86.11,0.0,69.4,
2026-04-07 14:00:00+00:00,Karachi,24.8607,67.0011,25.7,72,16.9,1004.5,,3,19.73,71.59,0.23,0.76,121.57,84.85,0.0,70.8,
2026-04-07 15:00:00+00:00,Karachi,24.8607,67.0011,25.4,74,17.3,1004.8,,3,20.69,74.66,0.22,0.76,121.86,85.09,0.0,72.6,
2026-04-07 16:00:00+00:00,Karachi,24.8607,67.0011,25.1,82,15.1,1005.2,,3,21.9,77.83,0.22,0.77,122.64,88.38,0.0,74.8,
2026-04-07 17:00:00+00:00,Karachi,24.8607,67.0011,24.7,85,11.0,1005.8,,3,23.46,81.52,0.22,0.81,124.29,93.46,0.0,77.8,
2026-04-07 18:00:00+00:00,Karachi,24.8607,67.0011,24.8,85,11.2,1005.9,,3,25.25,85.17,0.21,0.86,126.64,100.17,0.01,81.1,
2026-04-07 19:00:00+00:00,Karachi,24.8607,67.0011,24.7,83,10.3,1006.3,,3,27.02,88.49,0.21,0.9,129.14,107.42,0.02,84.4,
2026-04-07 20:00:00+00:00,Karachi,24.8607,67.0011,24.1,84,7.7,1005.9,,3,28.56,90.7,0.21,0.95,131.74,115.18,0.04,87.3,
2026-04-07 21:00:00+00:00,Karachi,24.8607,67.0011,23.7,88,9.3,1005.3,,3,30.15,93.04,0.21,0.98,134.28,123.38,0.06,90.2,
2026-04-07 22:00:00+00:00,Karachi,24.8607,67.0011,23.5,90,10.2,1005.1,,3,31.64,95.04,0.21,1.01,136.8,131.68,0.11,93.0,
2026-04-07 23:00:00+00:00,Karachi,24.8607,67.0011,23.4,89,10.5,1004.8,,3,32.53,95.41,0.21,1.01,139.02,138.62,0.14,94.7,
2026-04-08 00:00:00+00:00,Karachi,24.8607,67.0011,23.2,89,8.3,1004.6,,4,32.43,93.41,0.2,0.97,139.95,142.91,0.15,94.5,
2026-04-08 01:00:00+00:00,Karachi,24.8607,67.0011,23.2,89,7.3,1005.1,,4,31.08,88.1,0.2,0.91,138.97,145.46,0.15,92.0,
2026-04-08 02:00:00+00:00,Karachi,24.8607,67.0011,23.4,89,6.1,1005.8,,4,29.39,82.67,0.21,0.86,137.57,147.24,0.14,88.8,
2026-04-08 03:00:00+00:00,Karachi,24.8607,67.0011,24.7,82,2.9,1006.7,,4,27.56,77.55,0.25,0.81,135.81,148.47,0.12,85.4,
2026-04-08 04:00:00+00:00,Karachi,24.8607,67.0011,26.2,69,2.6,1007.4,,4,25.77,72.9,0.22,0.79,134.18,149.15,0.1,82.1,
2026-04-08 05:00:00+00:00,Karachi,24.8607,67.0011,27.8,59,2.7,1007.8,,4,24.41,69.72,0.16,0.78,132.67,149.49,0.09,79.5,
2026-04-08 06:00:00+00:00,Karachi,24.8607,67.0011,28.6,57,6.1,1008.1,,4,23.68,68.48,0.13,0.78,131.89,148.86,0.07,78.2,
2026-04-08 07:00:00+00:00,Karachi,24.8607,67.0011,28.9,59,9.5,1008.0,,4,23.53,69.14,0.11,0.79,131.51,147.49,0.05,77.9,
2026-04-08 08:00:00+00:00,Karachi,24.8607,67.0011,29.0,60,12.0,1007.6,,4,23.9,71.25,0.1,0.81,131.59,145.88,0.02,78.6,
2026-04-08 09:00:00+00:00,Karachi,24.8607,67.0011,28.8,58,12.9,1007.1,,4,24.6,74.11,0.1,0.81,131.91,143.71,0.0,79.9,
2026-04-08 10:00:00+00:00,Karachi,24.8607,67.0011,28.5,59,13.9,1006.5,,4,25.48,77.53,0.1,0.81,132.89,142.47,0.0,81.5,
2026-04-08 11:00:00+00:00,Karachi,24.8607,67.0011,28.3,60,13.0,1005.9,,4,26.21,80.39,0.11,0.82,133.58,141.79,0.0,82.9,
2026-04-08 12:00:00+00:00,Karachi,24.8607,67.0011,27.6,64,11.9,1005.6,,4,26.69,82.34,0.13,0.82,134.33,141.72,0.0,83.8,
2026-04-08 13:00:00+00:00,Karachi,24.8607,67.0011,26.7,72,12.1,1005.8,,4,27.06,83.83,0.17,0.82,135.39,142.53,0.0,84.5,
2026-04-08 14:00:00+00:00,Karachi,24.8607,67.0011,25.7,80,9.7,1006.3,,4,27.37,84.9,0.21,0.82,136.3,143.02,0.0,85.0,
2026-04-08 15:00:00+00:00,Karachi,24.8607,67.0011,25.1,84,9.2,1006.8,,4,27.56,85.48,0.21,0.82,137.08,143.71,0.0,85.4,
2026-04-08 16:00:00+00:00,Karachi,24.8607,67.0011,24.8,85,8.2,1007.4,,4,27.51,85.23,0.19,0.82,137.3,143.5,0.0,85.3,
2026-04-08 17:00:00+00:00,Karachi,24.8607,67.0011,24.4,87,5.6,1007.9,,4,27.39,84.66,0.18,0.82,137.76,143.42,0.0,85.1,
2026-04-08 18:00:00+00:00,Karachi,24.8607,67.0011,24.4,89,5.4,1008.4,,4,27.18,83.94,0.17,0.81,137.93,143.23,0.0,84.7,
2026-04-08 19:00:00+00:00,Karachi,24.8607,67.0011,24.2,90,4.7,1008.6,,4,26.82,82.86,0.16,0.8,137.48,142.1,0.0,84.0,
2026-04-08 20:00:00+00:00,Karachi,24.8607,67.0011,23.6,93,5.9,1008.6,,4,26.5,82.04,0.15,0.79,137.29,141.19,0.0,83.4,
2026-04-08 21:00:00+00:00,Karachi,24.8607,67.0011,23.0,95,5.6,1008.4,,3,26.2,81.38,0.14,0.77,137.15,139.92,0.0,82.9,
2026-04-08 22:00:00+00:00,Karachi,24.8607,67.0011,22.5,97,4.2,1008.2,,3,25.9,80.62,0.13,0.75,137.44,138.46,0.0,82.3,
2026-04-08 23:00:00+00:00,Karachi,24.8607,67.0011,22.1,99,2.5,1008.4,,3,25.56,79.61,0.13,0.72,137.62,136.95,0.0,81.7,
2026-04-09 00:00:00+00:00,Karachi,24.8607,67.0011,22.1,99,2.6,1008.8,,3,25.27,78.7,0.12,0.69,138.03,135.4,0.0,81.1,
2026-04-09 01:00:00+00:00,Karachi,24.8607,67.0011,21.9,99,4.3,1009.5,,3,25.06,78.09,0.11,0.65,138.13,133.72,0.0,80.7,
2026-04-09 02:00:00+00:00,Karachi,24.8607,67.0011,21.7,98,3.3,1010.4,,3,25.02,78.02,0.12,0.62,138.25,132.47,0.0,80.7,
2026-04-09 03:00:00+00:00,Karachi,24.8607,67.0011,22.8,89,0.8,1010.9,,3,25.1,78.24,0.13,0.59,138.48,131.82,0.0,80.8,
2026-04-09 04:00:00+00:00,Karachi,24.8607,67.0011,25.1,72,1.4,1011.4,,3,25.21,78.45,0.1,0.58,137.78,130.97,0.0,81.0,
2026-04-09 05:00:00+00:00,Karachi,24.8607,67.0011,27.7,56,4.6,1011.7,,3,25.4,78.76,0.07,0.59,137.24,129.9,0.0,81.4,
2026-04-09 06:00:00+00:00,Karachi,24.8607,67.0011,29.0,55,6.9,1012.0,,3,25.53,78.85,0.06,0.6,136.36,128.23,0.0,81.6,
2026-04-09 07:00:00+00:00,Karachi,24.8607,67.0011,29.7,56,8.7,1011.8,,3,25.57,78.39,0.05,0.59,135.12,125.49,0.0,81.7,
2026-04-09 08:00:00+00:00,Karachi,24.8607,67.0011,30.0,56,11.0,1011.3,,3,25.47,77.63,0.05,0.55,133.61,122.59,0.0,81.5,
2026-04-09 09:00:00+00:00,Karachi,24.8607,67.0011,30.2,55,11.7,1010.3,,3,25.31,76.87,0.05,0.5,131.89,119.63,0.0,81.2,
2026-04-09 10:00:00+00:00,Karachi,24.8607,67.0011,29.5,57,13.5,1009.8,,3,25.09,76.18,0.05,0.46,130.47,117.52,0.0,80.8,
2026-04-09 11:00:00+00:00,Karachi,24.8607,67.0011,28.3,61,15.3,1009.6,,3,24.73,75.12,0.05,0.41,129.22,115.61,0.0,80.1,
2026-04-09 12:00:00+00:00,Karachi,24.8607,67.0011,27.5,66,15.1,1009.5,,3,24.46,74.27,0.06,0.37,128.06,114.79,0.0,79.6,
2026-04-09 13:00:00+00:00,Karachi,24.8607,67.0011,26.9,65,12.5,1010.1,,3,24.3,73.68,0.07,0.34,127.66,114.87,0.0,79.3,
2026-04-09 14:00:00+00:00,Karachi,24.8607,67.0011,26.2,74,10.8,1010.8,,3,24.12,72.99,0.09,0.33,127.26,115.17,0.0,79.0,
2026-04-09 15:00:00+00:00,Karachi,24.8607,67.0011,25.7,77,8.2,1011.3,,3,23.98,72.28,0.09,0.33,127.28,115.37,0.0,78.7,
2026-04-09 16:00:00+00:00,Karachi,24.8607,67.0011,25.3,80,6.5,1012.3,,3,23.86,71.53,0.09,0.32,127.25,115.32,0.0,78.5,
2026-04-09 17:00:00+00:00,Karachi,24.8607,67.0011,25.0,82,7.4,1013.0,,3,23.9,71.2,0.08,0.31,127.69,114.58,0.0,78.6,
2026-04-09 18:00:00+00:00,Karachi,24.8607,67.0011,24.6,86,8.3,1013.4,,3,23.92,70.76,0.08,0.31,128.52,113.78,0.0,78.6,
2026-04-09 19:00:00+00:00,Karachi,24.8607,67.0011,24.8,86,6.6,1013.0,,3,23.77,69.91,0.07,0.3,129.25,112.4,0.0,78.3,
2026-04-09 20:00:00+00:00,Karachi,24.8607,67.0011,24.3,88,8.0,1012.9,,3,23.56,69.0,0.07,0.29,129.79,111.38,0.0,77.9,
2026-04-09 21:00:00+00:00,Karachi,24.8607,67.0011,23.9,89,6.1,1012.2,,3,23.33,68.22,0.06,0.28,130.25,110.53,0.0,77.5,
2026-04-09 22:00:00+00:00,Karachi,24.8607,67.0011,24.0,87,3.5,1011.4,,3,23.09,67.58,0.06,0.27,130.71,109.42,0.0,77.1,
2026-04-09 23:00:00+00:00,Karachi,24.8607,67.0011,24.0,86,3.4,1011.3,,3,22.91,67.31,0.06,0.26,131.27,108.39,0.0,76.7,
2026-04-10 00:00:00+00:00,Karachi,24.8607,67.0011,23.9,84,5.8,1011.5,,3,22.81,67.46,0.06,0.25,131.69,107.58,0.0,76.5,
2026-04-10 01:00:00+00:00,Karachi,24.8607,67.0011,23.9,81,6.0,1012.2,,3,22.74,67.7,0.06,0.24,132.25,106.97,0.0,76.4,
2026-04-10 02:00:00+00:00,Karachi,24.8607,67.0011,24.0,78,5.6,1013.0,,3,22.7,67.91,0.06,0.24,132.68,106.12,0.0,76.3,
2026-04-10 03:00:00+00:00,Karachi,24.8607,67.0011,26.0,65,3.2,1013.9,,3,22.68,68.03,0.07,0.23,132.91,105.24,0.0,76.3,
2026-04-10 04:00:00+00:00,Karachi,24.8607,67.0011,28.9,46,2.8,1014.1,,3,22.64,68.01,0.06,0.25,133.21,104.11,0.01,76.2,
2026-04-10 05:00:00+00:00,Karachi,24.8607,67.0011,30.9,36,5.6,1014.5,,3,22.77,68.29,0.06,0.33,134.2,102.78,0.02,76.5,
2026-04-10 06:00:00+00:00,Karachi,24.8607,67.0011,31.5,36,9.4,1014.5,,3,23.19,68.86,0.07,0.5,135.86,101.39,0.02,77.3,
2026-04-10 07:00:00+00:00,Karachi,24.8607,67.0011,31.8,35,11.3,1014.0,,3,23.93,69.37,0.08,0.65,137.41,99.66,0.01,78.6,
2026-04-10 08:00:00+00:00,Karachi,24.8607,67.0011,31.7,34,11.4,1013.3,,3,24.63,69.39,0.08,0.68,138.14,97.36,0.0,79.9,
2026-04-10 09:00:00+00:00,Karachi,24.8607,67.0011,31.3,36,11.4,1012.4,,3,24.95,68.78,0.08,0.63,137.2,95.06,0.0,80.5,
2026-04-10 10:00:00+00:00,Karachi,24.8607,67.0011,31.8,36,11.5,1011.8,,3,24.53,67.28,0.07,0.5,134.71,92.97,0.0,79.7,
2026-04-10 11:00:00+00:00,Karachi,24.8607,67.0011,31.0,41,13.6,1011.6,,3,23.64,65.43,0.06,0.36,131.42,90.67,0.0,78.1,
2026-04-10 12:00:00+00:00,Karachi,24.8607,67.0011,29.7,49,12.5,1011.5,,3,22.77,63.98,0.05,0.26,128.57,89.12,0.0,76.5,
2026-04-10 13:00:00+00:00,Karachi,24.8607,67.0011,28.3,56,12.0,1011.7,,3,21.9,62.56,0.06,0.18,126.73,88.91,0.0,74.8,
2026-04-10 14:00:00+00:00,Karachi,24.8607,67.0011,26.7,70,10.7,1012.2,,3,21.59,62.17,0.07,0.13,126.41,88.15,0.0,74.3,
2026-04-10 15:00:00+00:00,Karachi,24.8607,67.0011,25.9,78,8.0,1012.7,,3,21.6,62.45,0.07,0.12,126.71,87.59,0.0,74.3,
2026-04-10 16:00:00+00:00,Karachi,24.8607,67.0011,25.4,82,6.6,1012.4,,3,21.69,62.88,0.06,0.12,126.97,87.43,0.0,74.5,
2026-04-10 17:00:00+00:00,Karachi,24.8607,67.0011,25.0,85,7.8,1012.6,,3,21.96,63.77,0.06,0.13,127.52,87.42,0.0,75.0,
2026-04-10 18:00:00+00:00,Karachi,24.8607,67.0011,24.9,86,9.9,1013.3,,3,22.24,64.88,0.06,0.15,127.89,87.66,0.0,75.5,
2026-04-10 19:00:00+00:00,Karachi,24.8607,67.0011,24.8,85,8.0,1012.6,,3,22.28,65.45,0.06,0.17,127.98,88.91,0.0,75.6,
2026-04-10 20:00:00+00:00,Karachi,24.8607,67.0011,24.6,85,9.0,1012.4,,3,22.01,65.44,0.06,0.2,127.89,91.26,0.0,75.1,
2026-04-10 21:00:00+00:00,Karachi,24.8607,67.0011,24.5,84,8.8,1011.7,,3,21.49,65.0,0.06,0.22,127.94,94.7,0.0,74.1,
2026-04-10 22:00:00+00:00,Karachi,24.8607,67.0011,24.4,84,7.2,1011.1,,3,20.9,64.61,0.07,0.24,128.98,99.07,0.0,73.0,
2026-04-10 23:00:00+00:00,Karachi,24.8607,67.0011,24.0,87,7.0,1010.7,,3,20.7,65.22,0.07,0.26,131.29,103.51,0.0,72.6,
2026-04-11 00:00:00+00:00,Karachi,24.8607,67.0011,24.1,90,8.0,1010.5,,3,21.28,67.81,0.07,0.28,134.43,107.69,0.0,73.7,
2026-04-11 01:00:00+00:00,Karachi,24.8607,67.0011,24.4,88,9.7,1010.9,,3,22.69,72.06,0.08,0.3,138.46,111.07,0.0,76.3,
2026-04-11 02:00:00+00:00,Karachi,24.8607,67.0011,24.6,86,9.8,1011.6,,3,24.5,76.42,0.09,0.33,141.86,113.02,0.0,79.7,
2026-04-11 03:00:00+00:00,Karachi,24.8607,67.0011,26.2,77,9.9,1012.3,,3,26.29,79.99,0.1,0.35,144.32,113.68,0.0,83.0,
2026-04-11 04:00:00+00:00,Karachi,24.8607,67.0011,28.0,67,11.2,1012.7,,3,27.49,81.45,0.08,0.35,144.89,112.78,0.0,85.3,
2026-04-11 05:00:00+00:00,Karachi,24.8607,67.0011,29.7,58,11.5,1012.5,,3,28.16,81.25,0.06,0.34,144.81,111.01,0.0,86.5,
2026-04-11 06:00:00+00:00,Karachi,24.8607,67.0011,31.2,52,13.1,1012.5,,3,28.39,80.15,0.06,0.32,144.14,108.17,0.0,86.9,
2026-04-11 07:00:00+00:00,Karachi,24.8607,67.0011,32.0,47,14.2,1012.0,,3,28.31,78.86,0.06,0.29,142.76,104.52,0.0,86.8,
2026-04-11 08:00:00+00:00,Karachi,24.8607,67.0011,32.6,44,14.8,1011.3,,3,28.08,77.8,0.06,0.28,141.28,100.79,0.0,86.4,
2026-04-11 09:00:00+00:00,Karachi,24.8607,67.0011,33.1,40,14.2,1010.4,,3,27.75,77.52,0.06,0.27,139.79,97.6,0.0,85.7,
2026-04-11 10:00:00+00:00,Karachi,24.8607,67.0011,33.1,39,14.6,1009.7,,3,27.54,77.96,0.06,0.26,138.97,95.28,0.0,85.4,
2026-04-11 11:00:00+00:00,Karachi,24.8607,67.0011,32.7,39,14.3,1009.0,,3,27.34,78.07,0.07,0.27,137.89,93.21,0.0,85.0,
2026-04-11 12:00:00+00:00,Karachi,24.8607,67.0011,31.8,43,11.6,1008.4,,3,27.17,77.9,0.08,0.27,136.75,92.0,0.0,84.7,
2026-04-11 13:00:00+00:00,Karachi,24.8607,67.0011,30.0,53,10.5,1008.6,,3,27.11,77.64,0.11,0.28,136.38,91.81,0.0,84.6,
2026-04-11 14:00:00+00:00,Karachi,24.8607,67.0011,27.8,66,9.4,1009.2,,3,27.0,76.98,0.15,0.29,136.03,91.77,0.0,84.3,
2026-04-11 15:00:00+00:00,Karachi,24.8607,67.0011,27.0,68,6.9,1009.9,,3,26.94,76.3,0.16,0.3,135.79,91.99,0.0,84.2,
2026-04-11 16:00:00+00:00,Karachi,24.8607,67.0011,26.6,68,10.5,1010.4,,3,26.8,74.76,0.16,0.3,135.41,92.49,0.0,84.0,
2026-04-11 17:00:00+00:00,Karachi,24.8607,67.0011,26.6,63,12.1,1010.3,,3,26.54,71.74,0.15,0.3,134.95,93.57,0.0,83.5,
2026-04-11 18:00:00+00:00,Karachi,24.8607,67.0011,26.6,65,12.2,1010.7,,3,26.18,67.41,0.15,0.29,134.25,95.11,0.0,82.8,
2026-04-11 19:00:00+00:00,Karachi,24.8607,67.0011,26.1,68,10.4,1010.2,,3,25.71,62.9,0.14,0.28,133.02,96.71,0.0,81.9,
2026-04-11 20:00:00+00:00,Karachi,24.8607,67.0011,25.7,70,11.4,1009.6,,3,25.48,59.98,0.13,0.28,131.63,97.01,0.0,81.5,
2026-04-11 21:00:00+00:00,Karachi,24.8607,67.0011,25.4,70,10.7,1008.9,,3,25.44,58.46,0.12,0.29,130.55,96.83,0.0,81.4,
2026-04-11 22:00:00+00:00,Karachi,24.8607,67.0011,25.2,70,9.0,1008.3,,3,25.88,60.48,0.11,0.3,130.56,96.87,0.0,82.3,
2026-04-11 23:00:00+00:00,Karachi,24.8607,67.0011,24.7,74,7.2,1008.1,,3,27.54,69.11,0.11,0.3,131.11,96.84,0.0,85.4,
2026-04-12 00:00:00+00:00,Karachi,24.8607,67.0011,24.0,78,5.4,1008.2,,3,31.02,86.25,0.13,0.29,132.34,96.96,0.0,91.8,
2026-04-12 01:00:00+00:00,Karachi,24.8607,67.0011,23.5,80,6.3,1008.2,,4,35.56,105.85,0.16,0.28,134.31,96.64,0.0,101.1,
2026-04-12 02:00:00+00:00,Karachi,24.8607,67.0011,23.3,79,6.7,1008.6,,4,39.61,120.66,0.2,0.26,135.85,95.51,0.0,111.1,
2026-04-12 03:00:00+00:00,Karachi,24.8607,67.0011,25.4,65,3.7,1009.2,,4,42.6,131.16,0.24,0.24,137.1,94.34,0.0,118.5,
2026-04-12 04:00:00+00:00,Karachi,24.8607,67.0011,28.7,46,4.1,1009.5,,4,43.96,134.6,0.21,0.21,137.97,92.86,0.0,121.8,
2026-04-12 05:00:00+00:00,Karachi,24.8607,67.0011,32.7,29,3.6,1009.6,,4,44.35,132.97,0.16,0.2,138.7,91.59,0.0,122.8,
2026-04-12 06:00:00+00:00,Karachi,24.8607,67.0011,34.5,23,1.5,1009.7,,4,44.34,130.2,0.13,0.19,139.25,90.37,0.0,122.8,
2026-04-12 07:00:00+00:00,Karachi,24.8607,67.0011,34.9,27,7.0,1009.0,,4,44.23,128.29,0.11,0.19,139.37,89.05,0.0,122.5,
2026-04-12 08:00:00+00:00,Karachi,24.8607,67.0011,34.3,39,12.1,1008.2,,4,44.3,128.42,0.1,0.18,139.06,87.04,0.0,122.7,
2026-04-12 09:00:00+00:00,Karachi,24.8607,67.0011,34.1,37,14.2,1007.5,,4,44.39,130.3,0.09,0.18,138.76,84.95,0.0,122.9,
2026-04-12 10:00:00+00:00,Karachi,24.8607,67.0011,33.5,37,14.2,1006.8,,4,44.98,135.02,0.09,0.19,138.58,83.82,0.0,124.3,
2026-04-12 11:00:00+00:00,Karachi,24.8607,67.0011,32.2,45,12.1,1006.4,,4,45.86,139.15,0.09,0.18,138.24,82.28,0.0,126.5,
2026-04-12 12:00:00+00:00,Karachi,24.8607,67.0011,31.3,50,10.9,1006.4,,4,46.69,143.33,0.11,0.18,138.02,81.84,0.0,128.6,
2026-04-12 13:00:00+00:00,Karachi,24.8607,67.0011,30.0,57,9.9,1006.7,,4,47.43,146.85,0.13,0.19,138.12,82.6,0.0,130.4,
2026-04-12 14:00:00+00:00,Karachi,24.8607,67.0011,28.0,72,9.1,1007.2,,4,48.11,148.47,0.17,0.21,138.65,82.94,0.0,132.0,
2026-04-12 15:00:00+00:00,Karachi,24.8607,67.0011,27.1,77,7.9,1007.5,,4,48.54,148.82,0.17,0.23,139.24,83.56,0.0,133.1,
2026-04-12 16:00:00+00:00,Karachi,24.8607,67.0011,26.6,80,8.8,1008.2,,4,48.32,146.83,0.17,0.26,139.6,84.2,0.0,132.6,
2026-04-12 17:00:00+00:00,Karachi,24.8607,67.0011,26.2,81,9.2,1008.9,,4,47.32,141.91,0.16,0.3,139.37,85.07,0.0,130.1,
2026-04-12 18:00:00+00:00,Karachi,24.8607,67.0011,26.0,81,8.8,1009.2,,4,45.2,133.58,0.15,0.32,138.85,85.81,0.0,124.9,
2026-04-12 19:00:00+00:00,Karachi,24.8607,67.0011,25.8,80,8.1,1008.9,,4,41.71,121.34,0.14,0.32,136.3,86.09,0.0,116.3,
2026-04-12 20:00:00+00:00,Karachi,24.8607,67.0011,25.4,80,6.5,1008.3,,4,37.07,105.01,0.13,0.29,132.18,86.3,0.0,104.9,
2026-04-12 21:00:00+00:00,Karachi,24.8607,67.0011,25.2,79,7.2,1007.8,,3,31.61,85.08,0.11,0.25,126.0,86.81,0.0,92.9,
2026-04-12 22:00:00+00:00,Karachi,24.8607,67.0011,24.8,75,8.2,1007.2,,3,26.25,66.62,0.11,0.23,119.49,87.68,0.0,83.0,
2026-04-12 23:00:00+00:00,Karachi,24.8607,67.0011,24.5,74,9.3,1006.9,,3,22.68,56.86,0.1,0.23,115.31,87.33,0.0,76.3,
2026-04-13 00:00:00+00:00,Karachi,24.8607,67.0011,24.7,78,8.8,1007.4,,3,21.38,56.57,0.11,0.24,113.71,86.03,0.0,73.9,
2026-04-13 01:00:00+00:00,Karachi,24.8607,67.0011,24.8,81,8.3,1007.5,,3,22.01,63.42,0.12,0.25,114.02,83.93,0.0,75.1,
2026-04-13 02:00:00+00:00,Karachi,24.8607,67.0011,25.1,81,7.4,1008.0,,3,23.92,73.84,0.16,0.26,115.39,81.43,0.0,78.6,
2026-04-13 03:00:00+00:00,Karachi,24.8607,67.0011,26.8,75,7.4,1008.9,,3,26.7,86.68,0.2,0.27,117.29,79.03,0.0,83.8,
2026-04-13 04:00:00+00:00,Karachi,24.8607,67.0011,28.8,66,9.9,1009.5,,3,29.73,99.03,0.19,0.28,118.95,77.15,0.0,89.4,
2026-04-13 05:00:00+00:00,Karachi,24.8607,67.0011,30.9,54,11.2,1009.6,,4,32.74,109.24,0.16,0.3,120.97,76.15,0.0,95.0,
2026-04-13 06:00:00+00:00,Karachi,24.8607,67.0011,31.5,51,15.2,1009.7,,4,34.82,113.1,0.14,0.31,123.03,75.27,0.0,98.9,
2026-04-13 07:00:00+00:00,Karachi,24.8607,67.0011,32.3,45,16.2,1009.4,,4,34.68,106.56,0.12,0.32,124.43,74.25,0.0,98.7,
2026-04-13 08:00:00+00:00,Karachi,24.8607,67.0011,32.9,40,16.8,1008.9,,3,32.42,92.45,0.11,0.32,124.74,72.77,0.0,94.4,
2026-04-13 09:00:00+00:00,Karachi,24.8607,67.0011,33.4,37,16.1,1008.2,,3,29.04,76.25,0.1,0.31,124.08,71.21,0.0,88.2,
2026-04-13 10:00:00+00:00,Karachi,24.8607,67.0011,33.0,38,15.5,1007.6,,3,25.09,60.95,0.09,0.3,122.81,69.91,0.0,80.8,
2026-04-13 11:00:00+00:00,Karachi,24.8607,67.0011,32.4,42,15.8,1007.0,,2,21.25,48.86,0.09,0.29,120.91,68.83,0.0,73.6,
2026-04-13 12:00:00+00:00,Karachi,24.8607,67.0011,30.8,49,17.7,1006.8,,2,18.03,40.71,0.1,0.29,118.7,67.92,0.0,67.6,
2026-04-13 13:00:00+00:00,Karachi,24.8607,67.0011,29.5,54,16.2,1006.7,,2,15.69,35.93,0.12,0.3,117.4,67.82,0.0,63.3,
2026-04-13 14:00:00+00:00,Karachi,24.8607,67.0011,28.3,60,13.8,1007.0,,2,14.26,33.93,0.15,0.32,116.64,67.96,0.0,60.6,
2026-04-13 15:00:00+00:00,Karachi,24.8607,67.0011,27.9,62,10.6,1007.6,,2,13.57,33.71,0.16,0.35,116.67,68.8,0.0,59.3,
2026-04-13 16:00:00+00:00,Karachi,24.8607,67.0011,27.6,64,9.4,1008.1,,2,13.17,33.89,0.17,0.36,117.33,70.07,0.0,58.6,
2026-04-13 17:00:00+00:00,Karachi,24.8607,67.0011,27.3,65,9.9,1008.6,,2,12.89,33.91,0.17,0.37,118.09,71.37,0.0,58.1,
2026-04-13 18:00:00+00:00,Karachi,24.8607,67.0011,26.9,67,8.4,1008.9,,2,12.58,33.26,0.17,0.38,118.91,72.62,0.0,57.5,
2026-04-13 19:00:00+00:00,Karachi,24.8607,67.0011,26.5,70,9.0,1008.4,,2,12.25,32.1,0.17,0.37,118.98,73.53,0.0,56.9,
2026-04-13 20:00:00+00:00,Karachi,24.8607,67.0011,26.2,72,10.9,1007.9,,2,12.1,31.27,0.18,0.38,119.22,74.77,0.0,56.6,
2026-04-13 21:00:00+00:00,Karachi,24.8607,67.0011,26.1,73,11.4,1007.2,,2,12.09,30.87,0.18,0.38,119.41,76.03,0.0,56.6,
2026-04-13 22:00:00+00:00,Karachi,24.8607,67.0011,26.1,71,13.2,1006.5,,2,11.85,30.11,0.18,0.38,119.14,77.31,0.0,56.1,
2026-04-13 23:00:00+00:00,Karachi,24.8607,67.0011,26.0,72,12.8,1006.3,,2,11.57,30.4,0.18,0.38,118.16,78.72,0.0,55.6,
2026-04-14 00:00:00+00:00,Karachi,24.8607,67.0011,25.8,77,11.3,1006.4,,2,11.8,34.74,0.18,0.38,117.03,80.64,0.0,56.0,
2026-04-14 01:00:00+00:00,Karachi,24.8607,67.0011,25.8,77,10.4,1006.9,,2,13.11,44.94,0.18,0.4,116.53,83.7,0.0,58.5,
2026-04-14 02:00:00+00:00,Karachi,24.8607,67.0011,25.9,76,9.1,1007.4,,3,15.16,57.2,0.21,0.43,116.81,86.72,0.0,62.3,
2026-04-14 03:00:00+00:00,Karachi,24.8607,67.0011,27.5,69,7.2,1008.0,,3,17.89,71.26,0.23,0.47,117.53,90.07,0.0,67.4,
2026-04-14 04:00:00+00:00,Karachi,24.8607,67.0011,29.8,57,8.1,1008.2,,3,21.19,85.93,0.21,0.51,117.94,93.52,0.0,73.5,
2026-04-14 05:00:00+00:00,Karachi,24.8607,67.0011,31.8,48,9.4,1008.6,,3,24.84,99.33,0.16,0.53,118.42,96.72,0.0,80.3,
2026-04-14 06:00:00+00:00,Karachi,24.8607,67.0011,32.0,50,13.1,1009.0,,4,28.21,108.39,0.13,0.55,118.67,99.16,0.0,86.6,
2026-04-14 07:00:00+00:00,Karachi,24.8607,67.0011,32.9,45,13.3,1008.6,,4,30.12,109.51,0.11,0.55,118.69,100.91,0.0,90.2,
2026-04-14 08:00:00+00:00,Karachi,24.8607,67.0011,33.4,43,14.4,1007.8,,4,29.98,102.72,0.1,0.55,118.74,101.83,0.0,89.9,
2026-04-14 09:00:00+00:00,Karachi,24.8607,67.0011,33.2,42,15.0,1007.2,,3,28.46,92.1,0.09,0.56,118.99,102.37,0.0,87.1,
2026-04-14 10:00:00+00:00,Karachi,24.8607,67.0011,32.5,44,15.0,1006.5,,3,26.54,81.41,0.09,0.58,120.24,103.58,0.0,83.5,
2026-04-14 11:00:00+00:00,Karachi,24.8607,67.0011,31.9,47,13.5,1006.0,,3,25.07,73.62,0.09,0.61,121.92,105.41,0.0,80.8,
2026-04-14 12:00:00+00:00,Karachi,24.8607,67.0011,30.8,52,11.6,1005.5,,3,24.67,70.11,0.11,0.64,124.14,107.73,0.0,80.0,
2026-04-14 13:00:00+00:00,Karachi,24.8607,67.0011,29.3,55,12.3,1005.7,,3,24.83,68.52,0.15,0.68,126.59,110.6,0.0,80.3,
2026-04-14 14:00:00+00:00,Karachi,24.8607,67.0011,27.9,58,9.4,1006.0,,3,25.08,67.27,0.2,0.71,128.97,113.62,0.0,80.8,
2026-04-14 15:00:00+00:00,Karachi,24.8607,67.0011,27.0,66,9.2,1006.4,,3,25.4,66.39,0.22,0.73,131.14,116.36,0.0,81.4,
2026-04-14 16:00:00+00:00,Karachi,24.8607,67.0011,26.4,74,8.6,1006.9,,3,25.32,65.03,0.22,0.73,132.22,118.24,0.0,81.2,
2026-04-14 17:00:00+00:00,Karachi,24.8607,67.0011,25.9,78,8.5,1007.5,,3,24.97,63.59,0.22,0.73,132.93,120.05,0.0,80.6,
2026-04-14 18:00:00+00:00,Karachi,24.8607,67.0011,25.8,79,8.6,1007.4,,3,24.41,62.1,0.22,0.71,133.28,121.71,0.0,79.5,
2026-04-14 19:00:00+00:00,Karachi,24.8607,67.0011,25.7,79,6.2,1007.2,,3,23.57,60.03,0.22,0.68,132.88,123.02,0.0,78.0,
2026-04-14 20:00:00+00:00,Karachi,24.8607,67.0011,25.3,80,5.3,1006.4,,3,22.69,57.72,0.22,0.64,132.42,123.97,0.0,76.3,
2026-04-14 21:00:00+00:00,Karachi,24.8607,67.0011,25.0,80,7.2,1005.7,,3,21.79,55.2,0.21,0.61,131.37,124.12,0.0,74.6,
2026-04-14 22:00:00+00:00,Karachi,24.8607,67.0011,25.0,78,8.8,1005.2,,3,21.04,52.88,0.2,0.58,130.32,124.15,0.0,73.2,
2026-04-14 23:00:00+00:00,Karachi,24.8607,67.0011,25.0,77,7.7,1004.9,,3,20.49,51.34,0.19,0.57,128.67,123.53,0.0,72.2,
2026-04-15 00:00:00+00:00,Karachi,24.8607,67.0011,24.6,80,5.2,1004.6,,3,20.27,51.32,0.18,0.57,127.2,122.47,0.0,71.8,
2026-04-15 01:00:00+00:00,Karachi,24.8607,67.0011,24.7,80,5.6,1005.0,,3,20.44,53.53,0.17,0.58,126.48,121.66,0.0,72.1,
2026-04-15 02:00:00+00:00,Karachi,24.8607,67.0011,24.7,80,5.2,1005.5,,3,20.83,56.72,0.2,0.59,126.15,120.78,0.0,72.9,
2026-04-15 03:00:00+00:00,Karachi,24.8607,67.0011,26.4,75,3.7,1006.2,,3,21.17,59.71,0.21,0.6,126.14,119.81,0.0,73.5,
2026-04-15 04:00:00+00:00,Karachi,24.8607,67.0011,28.4,68,5.8,1006.5,,3,21.41,61.92,0.17,0.59,126.01,118.9,0.0,73.9,
2026-04-15 05:00:00+00:00,Karachi,24.8607,67.0011,30.0,62,8.0,1006.9,,3,21.61,63.91,0.12,0.58,125.82,117.9,0.0,74.3,
2026-04-15 06:00:00+00:00,Karachi,24.8607,67.0011,30.8,60,10.7,1007.2,,3,21.79,65.29,0.1,0.56,125.68,115.96,0.0,74.6,
2026-04-15 07:00:00+00:00,Karachi,24.8607,67.0011,31.5,57,12.2,1007.0,,3,21.84,65.36,0.09,0.54,125.4,113.81,0.0,74.7,
2026-04-15 08:00:00+00:00,Karachi,24.8607,67.0011,32.0,53,12.6,1006.4,,3,21.83,64.71,0.08,0.53,125.06,111.66,0.0,74.7,
2026-04-15 09:00:00+00:00,Karachi,24.8607,67.0011,32.3,50,12.9,1005.4,,3,21.82,64.32,0.08,0.52,124.81,109.69,0.0,74.7,
2026-04-15 10:00:00+00:00,Karachi,24.8607,67.0011,32.1,51,12.3,1004.6,,3,21.82,64.66,0.08,0.52,125.01,108.48,0.0,74.7,
2026-04-15 11:00:00+00:00,Karachi,24.8607,67.0011,31.2,56,12.4,1004.1,,3,21.73,66.05,0.09,0.52,124.31,107.32,0.0,74.5,
2026-04-15 12:00:00+00:00,Karachi,24.8607,67.0011,29.3,67,13.5,1004.3,,3,21.54,68.54,0.11,0.51,123.02,105.87,0.0,74.2,
2026-04-15 13:00:00+00:00,Karachi,24.8607,67.0011,28.0,73,13.0,1004.4,,3,21.15,71.4,0.14,0.5,121.33,104.62,0.0,73.5,
2026-04-15 14:00:00+00:00,Karachi,24.8607,67.0011,26.9,79,11.2,1004.8,,3,20.23,70.08,0.19,0.49,119.53,103.5,0.0,71.7,
2026-04-15 15:00:00+00:00,Karachi,24.8607,67.0011,26.5,81,9.7,1005.4,,3,18.74,62.91,0.2,0.48,118.54,104.08,0.0,69.0,
2026-04-15 16:00:00+00:00,Karachi,24.8607,67.0011,26.1,82,9.4,1005.9,,3,17.17,53.52,0.2,0.47,118.69,106.98,0.0,66.0,
2026-04-15 17:00:00+00:00,Karachi,24.8607,67.0011,25.7,84,7.9,1006.0,,3,16.24,47.58,0.21,0.47,120.05,111.4,0.01,64.3,
2026-04-15 18:00:00+00:00,Karachi,24.8607,67.0011,25.7,80,7.8,1005.9,,3,16.21,46.82,0.21,0.46,121.24,115.93,0.02,64.2,
2026-04-15 19:00:00+00:00,Karachi,24.8607,67.0011,25.8,73,10.0,1005.4,,3,17.0,50.33,0.2,0.44,121.78,117.68,0.02,65.7,
2026-04-15 20:00:00+00:00,Karachi,24.8607,67.0011,25.7,69,10.9,1005.1,,3,18.19,55.9,0.19,0.43,121.59,116.22,0.01,67.9,
2026-04-15 21:00:00+00:00,Karachi,24.8607,67.0011,25.6,68,11.3,1004.7,,3,19.56,63.1,0.18,0.42,120.71,112.96,0.0,70.5,
2026-04-15 22:00:00+00:00,Karachi,24.8607,67.0011,25.4,66,10.8,1004.4,,3,21.0,71.23,0.16,0.41,119.76,108.53,0.0,73.2,
2026-04-15 23:00:00+00:00,Karachi,24.8607,67.0011,25.0,66,10.2,1004.0,,3,22.34,78.33,0.15,0.4,118.75,103.86,0.0,75.7,
2026-04-16 00:00:00+00:00,Karachi,24.8607,67.0011,24.9,72,10.8,1003.8,,3,23.61,84.55,0.14,0.39,117.79,99.29,0.0,78.0,
2026-04-16 01:00:00+00:00,Karachi,24.8607,67.0011,24.9,72,10.9,1004.3,,3,25.01,92.63,0.13,0.38,117.02,94.99,0.0,80.6,
2026-04-16 02:00:00+00:00,Karachi,24.8607,67.0011,25.2,70,10.8,1004.9,,4,26.4,100.21,0.13,0.37,116.6,90.6,0.0,83.2,
2026-04-16 03:00:00+00:00,Karachi,24.8607,67.0011,26.7,67,10.4,1005.7,,4,27.62,105.7,0.14,0.36,116.04,86.17,0.0,85.5,
2026-04-16 04:00:00+00:00,Karachi,24.8607,67.0011,28.1,59,12.4,1006.3,,4,28.39,107.37,0.11,0.33,115.04,82.35,0.0,86.9,
2026-04-16 05:00:00+00:00,Karachi,24.8607,67.0011,29.3,53,12.6,1006.6,,4,28.85,105.87,0.08,0.31,114.59,79.72,0.0,87.8,
2026-04-16 06:00:00+00:00,Karachi,24.8607,67.0011,29.7,50,15.4,1007.3,,4,28.97,102.14,0.07,0.29,114.27,77.59,0.0,88.0,
2026-04-16 07:00:00+00:00,Karachi,24.8607,67.0011,29.8,50,16.1,1007.3,,3,28.74,96.91,0.06,0.26,113.87,75.9,0.0,87.6,
2026-04-16 08:00:00+00:00,Karachi,24.8607,67.0011,29.9,53,16.4,1006.9,,3,28.22,91.04,0.05,0.24,113.26,74.62,0.0,86.6,
2026-04-16 09:00:00+00:00,Karachi,24.8607,67.0011,30.3,50,15.6,1006.1,,3,27.56,85.26,0.05,0.23,112.89,74.27,0.0,85.4,
2026-04-16 10:00:00+00:00,Karachi,24.8607,67.0011,30.2,51,14.8,1005.4,,3,26.85,80.15,0.06,0.22,113.08,75.34,0.0,84.1,
2026-04-16 11:00:00+00:00,Karachi,24.8607,67.0011,29.5,54,14.6,1004.8,,3,26.16,76.1,0.06,0.21,113.35,77.13,0.0,82.8,
2026-04-16 12:00:00+00:00,Karachi,24.8607,67.0011,28.6,60,12.5,1004.3,,3,25.65,73.64,0.08,0.21,113.97,79.77,0.0,81.8,
2026-04-16 13:00:00+00:00,Karachi,24.8607,67.0011,27.8,65,11.2,1004.4,,3,25.47,72.77,0.1,0.21,115.21,83.06,0.0,81.5,
2026-04-16 14:00:00+00:00,Karachi,24.8607,67.0011,26.9,71,9.3,1004.8,,3,25.83,73.44,0.13,0.21,115.99,84.8,0.0,82.2,
2026-04-16 15:00:00+00:00,Karachi,24.8607,67.0011,26.4,76,8.9,1005.4,,3,26.62,74.86,0.14,0.21,116.68,85.39,0.0,83.6,
2026-04-16 16:00:00+00:00,Karachi,24.8607,67.0011,26.1,79,9.8,1006.3,,3,27.6,76.35,0.14,0.21,116.69,85.26,0.0,85.5,
2026-04-16 17:00:00+00:00,Karachi,24.8607,67.0011,25.9,80,9.6,1006.8,,3,28.71,77.96,0.13,0.21,116.74,85.02,0.0,87.5,
2026-04-16 18:00:00+00:00,Karachi,24.8607,67.0011,25.7,81,9.3,1007.2,,3,30.02,79.8,0.13,0.22,116.52,84.49,0.0,90.0,
2026-04-16 19:00:00+00:00,Karachi,24.8607,67.0011,25.7,80,8.7,1007.2,,3,31.4,81.61,0.12,0.22,115.72,83.37,0.0,92.5,
2026-04-16 20:00:00+00:00,Karachi,24.8607,67.0011,25.3,83,8.3,1006.6,,3,32.77,83.09,0.11,0.22,114.97,82.65,0.0,95.1,
2026-04-16 21:00:00+00:00,Karachi,24.8607,67.0011,25.1,85,8.6,1006.4,,3,33.93,84.0,0.11,0.22,114.19,82.11,0.0,97.3,
2026-04-16 22:00:00+00:00,Karachi,24.8607,67.0011,24.9,85,9.4,1006.2,,3,34.84,84.19,0.1,0.22,113.59,81.82,0.0,99.0,
2026-04-16 23:00:00+00:00,Karachi,24.8607,67.0011,24.9,84,9.6,1006.2,,3,35.48,83.86,0.1,0.22,113.12,81.64,0.0,65.3,
2026-04-17 00:00:00+00:00,Karachi,24.8607,67.0011,25.0,85,11.1,1006.3,,3,35.73,83.16,0.1,0.22,112.86,81.64,0.0,101.6,
2026-04-17 01:00:00+00:00,Karachi,24.8607,67.0011,24.8,86,10.8,1006.7,,3,35.5,82.02,0.1,0.22,112.93,81.79,0.0,101.0,
2026-04-17 02:00:00+00:00,Karachi,24.8607,67.0011,25.0,86,10.4,1007.3,,3,34.89,80.56,0.11,0.22,113.0,82.6,0.0,99.0,
2026-04-17 03:00:00+00:00,Karachi,24.8607,67.0011,26.6,77,10.8,1008.2,,3,33.66,78.39,0.11,0.23,113.27,84.38,0.0,96.8,
2026-04-17 04:00:00+00:00,Karachi,24.8607,67.0011,28.7,66,11.9,1009.0,,3,32.14,76.16,0.09,0.24,113.45,87.34,0.0,93.9,
2026-04-17 05:00:00+00:00,Karachi,24.8607,67.0011,30.9,54,11.3,1009.3,,3,32.02,76.94,0.07,0.24,113.44,86.36,0.0,93.7,
2026-04-17 06:00:00+00:00,Karachi,24.8607,67.0011,32.4,45,13.3,1009.3,,3,32.17,78.56,0.06,0.24,113.2,84.24,0.0,94.0,
2026-04-17 07:00:00+00:00,Karachi,24.8607,67.0011,33.0,43,14.9,1009.1,,3,32.3,81.0,0.05,0.23,112.39,81.79,0.0,94.2,
2026-04-17 08:00:00+00:00,Karachi,24.8607,67.0011,33.4,40,15.5,1008.6,,3,32.29,84.15,0.05,0.21,111.5,79.76,0.0,94.2,
2026-04-17 09:00:00+00:00,Karachi,24.8607,67.0011,33.5,38,15.7,1007.9,,3,32.24,88.14,0.05,0.2,110.58,78.59,0.0,94.1,
2026-04-17 10:00:00+00:00,Karachi,24.8607,67.0011,33.2,37,14.8,1007.2,,3,32.98,94.95,0.05,0.19,110.06,77.7,0.0,95.5,
2026-04-17 11:00:00+00:00,Karachi,24.8607,67.0011,32.6,36,13.4,1006.6,,4,34.94,105.45,0.05,0.17,109.46,76.12,0.0,99.1,
2026-04-17 12:00:00+00:00,Karachi,24.8607,67.0011,31.4,36,13.4,1006.8,,4,38.11,118.99,0.06,0.17,108.92,74.77,0.0,107.4,
2026-04-17 13:00:00+00:00,Karachi,24.8607,67.0011,29.9,43,12.1,1006.6,,4,42.5,134.82,0.07,0.16,108.79,74.73,0.0,118.2,
2026-04-17 14:00:00+00:00,Karachi,24.8607,67.0011,28.1,55,10.5,1007.1,,4,48.28,153.5,0.09,0.16,108.8,74.88,0.0,132.5,
2026-04-17 15:00:00+00:00,Karachi,24.8607,67.0011,27.3,59,8.7,1007.7,,4,55.14,173.89,0.09,0.17,109.19,74.92,0.0,149.4,
2026-04-17 16:00:00+00:00,Karachi,24.8607,67.0011,26.7,66,8.9,1008.3,,4,61.45,190.32,0.09,0.17,109.41,75.31,0.0,155.2,
2026-04-17 17:00:00+00:00,Karachi,24.8607,67.0011,26.1,72,8.8,1009.0,,5,66.42,201.56,0.08,0.17,110.27,75.73,0.0,158.7,
2026-04-17 18:00:00+00:00,Karachi,24.8607,67.0011,25.6,75,7.9,1009.0,,5,69.4,206.87,0.08,0.18,111.25,76.18,0.0,160.7,
2026-04-17 19:00:00+00:00,Karachi,24.8607,67.0011,25.2,81,7.7,1008.9,,5,69.63,205.41,0.07,0.19,111.83,76.67,0.0,160.9,
2026-04-17 20:00:00+00:00,Karachi,24.8607,67.0011,24.9,84,7.7,1008.5,,4,67.77,199.57,0.07,0.2,112.61,77.79,0.0,159.6,
2026-04-17 21:00:00+00:00,Karachi,24.8607,67.0011,24.5,87,8.2,1007.9,,4,64.77,192.06,0.07,0.21,113.24,78.95,0.0,157.5,
2026-04-17 22:00:00+00:00,Karachi,24.8607,67.0011,24.3,86,8.0,1007.3,,4,61.02,183.73,0.07,0.21,113.88,80.43,0.0,154.9,
2026-04-17 23:00:00+00:00,Karachi,24.8607,67.0011,24.2,86,8.2,1007.0,,4,57.21,175.57,0.07,0.22,114.38,82.14,0.0,152.2,
2026-04-18 00:00:00+00:00,Karachi,24.8607,67.0011,24.2,85,8.6,1007.1,,4,54.01,168.89,0.07,0.22,114.77,83.72,0.0,146.6,
2026-04-18 01:00:00+00:00,Karachi,24.8607,67.0011,23.9,86,9.7,1007.5,,4,51.49,163.4,0.07,0.22,115.17,84.94,0.0,140.4,
2026-04-18 02:00:00+00:00,Karachi,24.8607,67.0011,24.3,84,9.7,1007.9,,4,49.66,159.12,0.07,0.22,115.46,86.29,0.0,135.9,
2026-04-18 03:00:00+00:00,Karachi,24.8607,67.0011,25.9,75,9.9,1008.5,,4,48.24,155.66,0.08,0.21,115.88,87.45,0.0,132.4,
2026-04-18 04:00:00+00:00,Karachi,24.8607,67.0011,27.6,64,10.6,1008.8,,4,47.03,153.05,0.06,0.21,116.2,88.5,0.0,129.4,
2026-04-18 05:00:00+00:00,Karachi,24.8607,67.0011,28.9,55,12.2,1009.3,,4,46.04,150.73,0.04,0.2,116.54,89.58,0.0,127.0,
2026-04-18 06:00:00+00:00,Karachi,24.8607,67.0011,29.2,54,14.0,1009.5,,4,45.19,148.69,0.04,0.2,116.88,90.23,0.0,124.9,
2026-04-18 07:00:00+00:00,Karachi,24.8607,67.0011,30.1,50,14.2,1009.4,,4,44.13,145.67,0.04,0.19,117.17,91.08,0.0,122.2,
2026-04-18 08:00:00+00:00,Karachi,24.8607,67.0011,30.4,49,14.5,1009.0,,4,42.86,141.01,0.04,0.18,117.28,91.81,0.0,119.1,
2026-04-18 09:00:00+00:00,Karachi,24.8607,67.0011,30.4,49,14.3,1008.1,,4,41.32,134.71,0.04,0.17,117.5,93.08,0.0,115.3,
2026-04-18 10:00:00+00:00,Karachi,24.8607,67.0011,30.2,47,14.2,1007.3,,4,39.57,127.61,0.04,0.17,118.47,95.6,0.0,111.0,
2026-04-18 11:00:00+00:00,Karachi,24.8607,67.0011,29.4,55,14.6,1007.0,,4,37.69,120.1,0.05,0.17,118.81,97.87,0.0,106.4,
2026-04-18 12:00:00+00:00,Karachi,24.8607,67.0011,27.9,64,14.0,1006.9,,4,35.96,113.51,0.06,0.17,118.58,99.76,0.0,102.1,
2026-04-18 13:00:00+00:00,Karachi,24.8607,67.0011,27.0,70,14.0,1007.0,,4,34.59,108.79,0.08,0.18,118.41,101.39,0.0,98.5,
2026-04-18 14:00:00+00:00,Karachi,24.8607,67.0011,26.1,75,13.2,1007.6,,4,33.65,105.69,0.1,0.18,117.66,101.6,0.0,96.7,
2026-04-18 15:00:00+00:00,Karachi,24.8607,67.0011,25.8,76,10.7,1008.0,,4,33.21,104.2,0.11,0.18,116.89,101.09,0.0,95.9,
2026-04-18 16:00:00+00:00,Karachi,24.8607,67.0011,25.5,77,7.2,1008.2,,4,33.13,103.73,0.1,0.18,116.23,100.23,0.0,95.8,
2026-04-18 17:00:00+00:00,Karachi,24.8607,67.0011,25.1,79,6.4,1008.3,,4,33.41,104.03,0.1,0.19,116.02,99.7,0.0,96.3,
2026-04-18 18:00:00+00:00,Karachi,24.8607,67.0011,24.8,77,8.1,1008.7,,4,33.83,104.38,0.1,0.2,116.19,99.14,0.0,97.1,
2026-04-18 19:00:00+00:00,Karachi,24.8607,67.0011,24.6,79,8.2,1008.7,,4,34.15,104.47,0.09,0.21,116.41,98.47,0.0,97.7,
2026-04-18 20:00:00+00:00,Karachi,24.8607,67.0011,24.4,83,7.6,1008.2,,4,34.3,104.36,0.09,0.22,116.66,98.57,0.0,98.0,
2026-04-18 21:00:00+00:00,Karachi,24.8607,67.0011,24.1,85,8.6,1007.6,,4,34.29,104.04,0.09,0.24,117.06,99.16,0.0,97.9,
2026-04-18 22:00:00+00:00,Karachi,24.8607,67.0011,23.8,86,7.8,1007.1,,4,34.15,103.58,0.09,0.26,117.72,100.42,0.0,97.7,
2026-04-18 23:00:00+00:00,Karachi,24.8607,67.0011,23.6,87,8.3,1006.7,,4,33.95,102.86,0.09,0.27,117.98,101.5,0.0,97.3,
2026-04-19 00:00:00+00:00,Karachi,24.8607,67.0011,23.8,90,9.2,1006.5,,4,33.61,101.72,0.08,0.28,118.22,102.58,0.0,96.7,
2026-04-19 01:00:00+00:00,Karachi,24.8607,67.0011,23.8,89,8.5,1006.8,,4,33.14,100.04,0.08,0.3,118.49,104.2,0.0,95.8,
2026-04-19 02:00:00+00:00,Karachi,24.8607,67.0011,24.3,85,7.4,1007.4,,3,32.82,98.54,0.09,0.31,118.85,105.09,0.0,95.2,
2026-04-19 03:00:00+00:00,Karachi,24.8607,67.0011,25.9,76,7.7,1008.0,,3,32.71,97.46,0.1,0.31,119.16,105.41,0.0,95.0,
2026-04-19 04:00:00+00:00,Karachi,24.8607,67.0011,27.5,68,8.5,1008.5,,3,32.7,96.49,0.08,0.32,119.38,105.04,0.0,95.0,
2026-04-19 05:00:00+00:00,Karachi,24.8607,67.0011,28.9,61,10.2,1008.8,,3,32.82,95.66,0.06,0.34,119.63,104.65,0.0,95.2,
2026-04-19 06:00:00+00:00,Karachi,24.8607,67.0011,29.6,59,13.3,1009.3,,3,33.05,94.9,0.05,0.36,120.37,103.96,0.0,95.6,
2026-04-19 07:00:00+00:00,Karachi,24.8607,67.0011,30.2,56,14.9,1009.3,,3,33.34,94.12,0.05,0.38,120.99,103.2,0.0,96.2,
2026-04-19 08:00:00+00:00,Karachi,24.8607,67.0011,30.7,54,14.9,1008.7,,3,33.47,92.85,0.05,0.41,121.91,102.58,0.0,96.4,
2026-04-19 09:00:00+00:00,Karachi,24.8607,67.0011,30.9,53,14.5,1007.9,,3,33.32,91.12,0.05,0.43,122.62,102.57,0.0,96.1,
2026-04-19 10:00:00+00:00,Karachi,24.8607,67.0011,30.8,53,14.1,1007.3,,3,32.94,89.0,0.06,0.46,123.74,103.6,0.0,95.4,
2026-04-19 11:00:00+00:00,Karachi,24.8607,67.0011,30.3,53,13.7,1006.8,,3,32.48,86.79,0.07,0.48,124.44,104.53,0.0,94.6,
2026-04-19 12:00:00+00:00,Karachi,24.8607,67.0011,29.4,53,12.6,1006.6,,3,31.96,84.7,0.08,0.5,124.53,105.62,0.0,93.6,
2026-04-19 13:00:00+00:00,Karachi,24.8607,67.0011,28.3,60,11.2,1006.8,,3,31.5,83.09,0.11,0.53,124.96,107.61,0.0,92.7,
2026-04-19 14:00:00+00:00,Karachi,24.8607,67.0011,26.8,72,11.7,1006.9,,3,31.03,81.75,0.14,0.55,124.73,108.97,0.0,91.9,
2026-04-19 15:00:00+00:00,Karachi,24.8607,67.0011,26.1,79,10.9,1007.5,,3,30.49,80.36,0.14,0.57,124.1,109.83,0.0,90.9,
2026-04-19 16:00:00+00:00,Karachi,24.8607,67.0011,25.8,81,9.6,1007.8,,3,29.93,79.02,0.13,0.59,122.93,109.88,0.0,89.8,
2026-04-19 17:00:00+00:00,Karachi,24.8607,67.0011,25.5,84,6.6,1008.4,,3,29.49,78.14,0.12,0.6,122.04,109.93,0.0,89.0,
2026-04-19 18:00:00+00:00,Karachi,24.8607,67.0011,25.1,85,6.3,1008.6,,3,29.19,77.63,0.11,0.62,121.15,109.85,0.0,88.4,
2026-04-19 19:00:00+00:00,Karachi,24.8607,67.0011,24.9,86,7.5,1008.4,,3,29.01,77.27,0.11,0.62,120.2,109.11,0.0,88.1,
2026-04-19 20:00:00+00:00,Karachi,24.8607,67.0011,24.6,88,8.2,1007.8,,3,29.12,77.49,0.1,0.62,119.42,107.93,0.0,88.3,
2026-04-19 21:00:00+00:00,Karachi,24.8607,67.0011,24.4,89,8.6,1007.2,,3,29.44,78.13,0.1,0.62,118.96,106.66,0.0,88.9,
2026-04-19 22:00:00+00:00,Karachi,24.8607,67.0011,24.2,90,9.6,1007.0,,3,29.86,78.97,0.09,0.62,118.81,105.78,0.0,89.7,
2026-04-19 23:00:00+00:00,Karachi,24.8607,67.0011,24.1,91,8.8,1007.2,,3,30.2,79.75,0.09,0.62,118.69,105.3,0.0,90.3,
2026-04-20 00:00:00+00:00,Karachi,24.8607,67.0011,24.2,95,7.6,1006.9,,3,30.4,80.38,0.09,0.62,118.86,105.42,0.0,90.7,
2026-04-20 01:00:00+00:00,Karachi,24.8607,67.0011,24.2,95,7.7,1007.0,,3,30.34,80.58,0.09,0.64,118.95,106.16,0.0,90.6,
2026-04-20 02:00:00+00:00,Karachi,24.8607,67.0011,24.6,93,8.1,1007.4,,3,30.22,80.57,0.1,0.65,119.1,106.94,0.0,90.3,
2026-04-20 03:00:00+00:00,Karachi,24.8607,67.0011,26.3,83,10.6,1008.1,,3,30.12,80.54,0.1,0.64,118.75,107.06,0.0,90.2,
2026-04-20 04:00:00+00:00,Karachi,24.8607,67.0011,27.9,74,9.9,1008.8,,3,30.06,80.48,0.08,0.61,117.85,106.07,0.0,90.1,
2026-04-20 05:00:00+00:00,Karachi,24.8607,67.0011,29.6,65,9.9,1008.8,,3,30.16,80.85,0.06,0.56,116.89,104.02,0.0,90.2,
2026-04-20 06:00:00+00:00,Karachi,24.8607,67.0011,30.6,62,11.0,1008.7,,3,30.44,81.67,0.05,0.5,115.64,100.71,0.0,90.8,
2026-04-20 07:00:00+00:00,Karachi,24.8607,67.0011,31.3,59,12.5,1008.3,,3,30.89,83.17,0.04,0.43,114.01,96.47,0.0,91.6,
2026-04-20 08:00:00+00:00,Karachi,24.8607,67.0011,31.6,56,13.6,1007.8,,3,31.43,85.26,0.04,0.36,112.42,91.79,0.0,92.6,
2026-04-20 09:00:00+00:00,Karachi,24.8607,67.0011,31.6,53,14.1,1006.9,,3,32.08,87.86,0.04,0.31,111.01,87.3,0.0,93.8,
2026-04-20 10:00:00+00:00,Karachi,24.8607,67.0011,31.4,51,13.6,1006.4,,3,33.1,91.65,0.04,0.27,110.27,83.29,0.0,95.7,
2026-04-20 11:00:00+00:00,Karachi,24.8607,67.0011,30.9,52,13.7,1006.0,,3,34.08,95.8,0.04,0.23,109.52,79.27,0.0,97.5,
2026-04-20 12:00:00+00:00,Karachi,24.8607,67.0011,29.1,59,13.8,1005.9,,3,34.87,99.73,0.05,0.22,109.12,76.24,0.0,99.0,
2026-04-20 13:00:00+00:00,Karachi,24.8607,67.0011,28.0,66,12.7,1006.2,,4,35.33,103.29,0.06,0.21,109.15,74.39,0.0,99.9,
2026-04-20 14:00:00+00:00,Karachi,24.8607,67.0011,26.7,78,13.1,1006.7,,4,35.43,106.08,0.08,0.21,109.21,72.81,0.0,76.3,
2026-04-20 15:00:00+00:00,Karachi,24.8607,67.0011,26.1,81,11.1,1007.2,,4,35.2,108.5,0.09,0.22,109.28,70.97,0.0,99.6,
2026-04-20 16:00:00+00:00,Karachi,24.8607,67.0011,25.9,81,9.2,1007.8,,4,34.75,109.95,0.08,0.22,109.25,69.35,0.0,98.8,
2026-04-20 17:00:00+00:00,Karachi,24.8607,67.0011,25.7,81,7.4,1008.1,,4,34.28,111.15,0.08,0.23,109.51,67.97,0.0,97.9,
2026-04-20 18:00:00+00:00,Karachi,24.8607,67.0011,25.5,84,9.0,1008.0,,4,33.77,111.8,0.08,0.24,109.84,66.9,0.0,97.0,
2026-04-20 19:00:00+00:00,Karachi,24.8607,67.0011,25.4,85,7.9,1008.3,,4,33.23,111.51,0.08,0.26,110.01,66.48,0.0,96.0,
2026-04-20 20:00:00+00:00,Karachi,24.8607,67.0011,25.2,86,8.8,1007.9,,4,32.91,110.73,0.07,0.28,110.29,66.61,0.0,95.4,
2026-04-20 21:00:00+00:00,Karachi,24.8607,67.0011,24.8,87,7.7,1007.7,,4,32.62,109.22,0.07,0.3,110.68,67.35,0.0,94.8,
2026-04-20 22:00:00+00:00,Karachi,24.8607,67.0011,24.6,89,6.3,1007.3,,4,32.33,107.2,0.07,0.32,110.81,68.64,0.0,94.3,
2026-04-20 23:00:00+00:00,Karachi,24.8607,67.0011,24.4,91,7.8,1007.0,,4,32.08,104.99,0.07,0.34,110.8,69.63,0.0,93.8,
2026-04-21 00:00:00+00:00,Karachi,24.8607,67.0011,24.5,92,8.6,1006.8,,4,31.89,102.83,0.07,0.34,110.69,69.71,0.0,93.5,
2026-04-21 01:00:00+00:00,Karachi,24.8607,67.0011,24.5,93,9.0,1007.0,,4,31.74,100.83,0.07,0.35,110.56,70.34,0.0,93.2,
2026-04-21 02:00:00+00:00,Karachi,24.8607,67.0011,24.8,92,9.8,1007.5,,3,31.59,98.93,0.07,0.36,110.53,71.92,0.0,92.9,
2026-04-21 03:00:00+00:00,Karachi,24.8607,67.0011,26.3,83,12.6,1008.1,,3,31.46,97.47,0.07,0.37,110.5,73.67,0.0,92.7,
2026-04-21 04:00:00+00:00,Karachi,24.8607,67.0011,27.9,69,12.3,1008.6,,3,31.15,96.05,0.05,0.39,110.09,75.48,0.0,92.1,
2026-04-21 05:00:00+00:00,Karachi,24.8607,67.0011,29.3,61,13.5,1008.9,,3,30.86,95.11,0.04,0.39,109.8,76.16,0.0,91.5,
2026-04-21 06:00:00+00:00,Karachi,24.8607,67.0011,29.8,58,14.9,1008.9,,3,30.53,94.4,0.03,0.38,109.3,74.92,0.0,90.9,
2026-04-21 07:00:00+00:00,Karachi,24.8607,67.0011,30.5,54,15.3,1008.6,,3,30.09,93.74,0.03,0.37,108.37,71.94,0.0,90.1,
2026-04-21 08:00:00+00:00,Karachi,24.8607,67.0011,31.0,50,15.4,1008.0,,3,29.5,93.09,0.03,0.34,107.15,68.0,0.0,89.0,
2026-04-21 09:00:00+00:00,Karachi,24.8607,67.0011,31.1,47,15.5,1007.0,,3,28.74,92.28,0.03,0.31,105.58,63.94,0.0,87.6,
2026-04-21 10:00:00+00:00,Karachi,24.8607,67.0011,30.6,51,15.7,1006.5,,3,27.87,91.31,0.04,0.28,104.32,59.91,0.0,86.0,
2026-04-21 11:00:00+00:00,Karachi,24.8607,67.0011,29.8,56,15.4,1006.0,,3,26.73,89.75,0.04,0.25,102.69,56.13,0.0,83.8,
2026-04-21 12:00:00+00:00,Karachi,24.8607,67.0011,28.8,58,14.0,1005.6,,3,25.64,88.04,0.05,0.23,101.1,53.32,0.0,81.8,
2026-04-21 13:00:00+00:00,Karachi,24.8607,67.0011,27.8,64,12.7,1005.6,,3,24.75,86.63,0.06,0.21,100.06,51.56,0.0,80.2,
2026-04-21 14:00:00+00:00,Karachi,24.8607,67.0011,26.7,75,11.2,1006.0,,3,23.97,85.15,0.08,0.2,99.17,50.16,0.0,78.7,
2026-04-21 15:00:00+00:00,Karachi,24.8607,67.0011,26.2,81,11.1,1006.4,,3,23.35,83.81,0.08,0.2,98.57,49.09,0.0,77.5,
2026-04-21 16:00:00+00:00,Karachi,24.8607,67.0011,26.0,82,9.1,1006.8,,3,22.96,82.64,0.08,0.2,98.12,48.55,0.0,76.8,
2026-04-21 17:00:00+00:00,Karachi,24.8607,67.0011,25.7,83,8.2,1007.3,,3,22.76,81.97,0.08,0.2,97.94,48.25,0.0,76.5,
2026-04-21 18:00:00+00:00,Karachi,24.8607,67.0011,25.7,86,7.9,1007.4,,3,22.67,81.64,0.08,0.2,97.94,48.09,0.0,76.3,
2026-04-21 19:00:00+00:00,Karachi,24.8607,67.0011,25.6,88,6.0,1007.5,,3,22.6,81.65,0.08,0.21,97.69,48.17,0.0,76.2,
2026-04-21 20:00:00+00:00,Karachi,24.8607,67.0011,25.2,90,6.5,1007.1,,3,22.62,82.14,0.08,0.21,97.84,48.73,0.0,76.2,
2026-04-21 21:00:00+00:00,Karachi,24.8607,67.0011,25.0,92,8.4,1006.8,,3,22.69,82.7,0.08,0.22,97.94,49.52,0.0,76.3,
2026-04-21 22:00:00+00:00,Karachi,24.8607,67.0011,25.0,92,8.8,1006.2,,3,22.79,83.41,0.08,0.22,98.21,50.36,0.0,76.5,
2026-04-21 23:00:00+00:00,Karachi,24.8607,67.0011,24.9,92,9.9,1006.0,,3,22.87,83.96,0.07,0.22,98.18,50.87,0.0,76.7,
2026-04-22 00:00:00+00:00,Karachi,24.8607,67.0011,24.7,93,8.9,1006.2,,3,22.98,84.7,0.07,0.22,98.29,51.11,0.0,76.9,
2026-04-22 01:00:00+00:00,Karachi,24.8607,67.0011,25.0,91,9.4,1006.4,,3,23.17,85.86,0.07,0.22,98.62,51.44,0.0,77.2,
2026-04-22 02:00:00+00:00,Karachi,24.8607,67.0011,25.5,87,11.0,1006.9,,3,23.45,87.14,0.08,0.22,98.78,51.7,0.0,77.7,
2026-04-22 03:00:00+00:00,Karachi,24.8607,67.0011,26.8,79,12.3,1007.9,,3,23.84,88.73,0.08,0.22,98.84,51.97,0.0,78.5,
2026-04-22 04:00:00+00:00,Karachi,24.8607,67.0011,28.1,71,13.7,1008.3,,3,24.19,90.16,0.07,0.22,98.71,52.13,0.0,79.1,
2026-04-22 05:00:00+00:00,Karachi,24.8607,67.0011,29.2,66,14.3,1008.5,,3,24.61,91.52,0.05,0.23,98.65,51.91,0.0,79.9,
2026-04-22 06:00:00+00:00,Karachi,24.8607,67.0011,30.1,61,15.8,1008.1,,3,25.05,92.99,0.05,0.23,98.47,51.36,0.0,80.7,
2026-04-22 07:00:00+00:00,Karachi,24.8607,67.0011,30.7,60,16.7,1007.7,,3,25.58,94.88,0.04,0.24,98.33,50.66,0.0,81.7,
2026-04-22 08:00:00+00:00,Karachi,24.8607,67.0011,31.3,56,15.8,1006.7,,3,26.2,97.38,0.04,0.25,98.23,50.06,0.0,82.9,
2026-04-22 09:00:00+00:00,Karachi,24.8607,67.0011,31.2,57,16.1,1005.9,,4,26.92,100.21,0.04,0.26,98.28,49.62,0.0,84.2,
2026-04-22 10:00:00+00:00,Karachi,24.8607,67.0011,30.3,63,17.1,1005.4,,4,27.81,103.27,0.05,0.27,98.75,49.3,0.0,85.9,
2026-04-22 11:00:00+00:00,Karachi,24.8607,67.0011,29.6,70,16.7,1005.0,,4,28.66,105.54,0.05,0.28,99.05,49.13,0.0,87.4,
2026-04-22 12:00:00+00:00,Karachi,24.8607,67.0011,28.7,74,14.5,1004.7,,4,29.5,106.98,0.06,0.3,99.4,49.36,0.0,89.0,
2026-04-22 13:00:00+00:00,Karachi,24.8607,67.0011,27.9,78,14.6,1004.9,,4,30.31,107.45,0.08,0.31,100.11,50.47,0.0,90.5,
2026-04-22 14:00:00+00:00,Karachi,24.8607,67.0011,26.9,84,12.6,1005.0,,4,30.89,106.26,0.1,0.31,100.7,51.92,0.0,91.6,
2026-04-22 15:00:00+00:00,Karachi,24.8607,67.0011,26.8,86,11.6,1005.4,,4,31.26,103.88,0.1,0.31,101.25,53.32,0.0,92.3,
2026-04-22 16:00:00+00:00,Karachi,24.8607,67.0011,26.6,88,10.3,1005.8,,4,31.49,101.28,0.1,0.31,101.73,54.12,0.0,92.7,
2026-04-22 17:00:00+00:00,Karachi,24.8607,67.0011,26.4,90,7.9,1006.2,,4,31.91,100.09,0.1,0.32,102.32,54.36,0.0,93.5,
2026-04-22 18:00:00+00:00,Karachi,24.8607,67.0011,26.4,89,8.9,1006.4,,3,32.37,99.65,0.1,0.33,103.0,54.37,0.0,94.4,
2026-04-22 19:00:00+00:00,Karachi,24.8607,67.0011,26.4,89,8.9,1006.4,,3,32.68,99.14,0.09,0.34,103.37,54.28,0.0,94.9,
2026-04-22 20:00:00+00:00,Karachi,24.8607,67.0011,26.1,90,10.0,1006.2,,3,32.77,98.17,0.09,0.34,103.43,54.24,0.0,95.1,
2026-04-22 21:00:00+00:00,Karachi,24.8607,67.0011,25.9,91,10.6,1005.5,,3,32.71,96.96,0.09,0.34,103.34,54.36,0.0,95.0,
2026-04-22 22:00:00+00:00,Karachi,24.8607,67.0011,25.7,93,10.5,1005.5,,3,32.59,95.46,0.09,0.33,103.25,54.63,0.0,94.8,
2026-04-22 23:00:00+00:00,Karachi,24.8607,67.0011,25.6,93,9.8,1005.4,,3,32.53,93.88,0.08,0.33,103.66,55.12,0.0,94.7,
2026-04-23 00:00:00+00:00,Karachi,24.8607,67.0011,25.5,95,11.2,1005.5,,3,32.45,92.12,0.08,0.33,104.17,55.83,0.0,94.5,
2026-04-23 01:00:00+00:00,Karachi,24.8607,67.0011,25.5,94,12.6,1005.9,,3,32.39,90.41,0.08,0.33,104.68,56.37,0.0,94.4,
2026-04-23 02:00:00+00:00,Karachi,24.8607,67.0011,26.1,90,14.6,1006.4,,3,32.45,89.17,0.09,0.33,105.07,56.23,0.0,94.5,
2026-04-23 03:00:00+00:00,Karachi,24.8607,67.0011,27.2,82,14.6,1007.3,,3,32.6,88.29,0.09,0.33,105.05,55.69,0.0,94.8,
2026-04-23 04:00:00+00:00,Karachi,24.8607,67.0011,28.3,75,14.1,1007.6,,3,32.73,87.65,0.08,0.33,104.87,54.99,0.0,95.0,
2026-04-23 05:00:00+00:00,Karachi,24.8607,67.0011,29.5,71,13.4,1007.5,,3,32.88,87.03,0.06,0.33,104.99,54.43,0.0,95.3,
2026-04-23 06:00:00+00:00,Karachi,24.8607,67.0011,30.0,66,14.5,1008.0,,3,32.95,86.04,0.06,0.33,105.08,53.65,0.0,95.4,
2026-04-23 07:00:00+00:00,Karachi,24.8607,67.0011,30.9,62,15.8,1007.7,,3,32.94,84.76,0.05,0.32,105.07,52.72,0.0,95.4,
2026-04-23 08:00:00+00:00,Karachi,24.8607,67.0011,31.5,57,16.1,1007.0,,3,32.88,83.33,0.05,0.32,105.02,51.77,0.0,95.3,
2026-04-23 09:00:00+00:00,Karachi,24.8607,67.0011,31.6,58,16.4,1006.3,,3,32.81,82.03,0.05,0.31,104.96,50.97,0.0,95.2,
2026-04-23 10:00:00+00:00,Karachi,24.8607,67.0011,31.2,60,15.9,1005.7,,3,32.86,81.03,0.05,0.31,105.26,50.47,0.0,95.3,
2026-04-23 11:00:00+00:00,Karachi,24.8607,67.0011,31.1,61,14.0,1005.4,,3,32.9,80.21,0.06,0.31,105.45,50.26,0.0,95.3,
2026-04-23 12:00:00+00:00,Karachi,24.8607,67.0011,29.8,67,12.1,1004.9,,3,33.0,79.84,0.07,0.32,105.61,50.32,0.0,95.5,
2026-04-23 13:00:00+00:00,Karachi,24.8607,67.0011,29.0,71,7.3,1005.6,,3,33.24,79.91,0.09,0.32,105.96,50.64,0.0,96.0,
2026-04-23 14:00:00+00:00,Karachi,24.8607,67.0011,28.0,76,8.7,1006.2,,3,33.37,79.79,0.11,0.32,106.31,50.66,0.0,96.2,
2026-04-23 15:00:00+00:00,Karachi,24.8607,67.0011,27.2,82,10.7,1006.1,,3,33.47,79.64,0.12,0.31,106.49,50.46,0.0,96.4,
2026-04-23 16:00:00+00:00,Karachi,24.8607,67.0011,26.8,86,10.8,1006.2,,3,33.44,79.37,0.12,0.3,106.32,50.06,0.0,96.3,
2026-04-23 17:00:00+00:00,Karachi,24.8607,67.0011,26.6,87,6.8,1007.2,,3,33.47,79.42,0.12,0.3,106.37,49.78,0.0,96.4,
2026-04-23 18:00:00+00:00,Karachi,24.8607,67.0011,26.6,89,6.5,1006.9,,3,33.5,79.48,0.11,0.3,106.39,49.39,0.0,96.5,
2026-04-23 19:00:00+00:00,Karachi,24.8607,67.0011,26.4,90,6.0,1006.8,,3,33.42,79.3,0.11,0.29,106.24,48.89,0.0,96.3,
2026-04-23 20:00:00+00:00,Karachi,24.8607,67.0011,26.2,92,6.9,1006.3,,3,33.42,79.26,0.11,0.3,106.01,48.37,0.0,96.3,
2026-04-23 21:00:00+00:00,Karachi,24.8607,67.0011,26.1,92,8.0,1006.1,,3,33.43,79.21,0.1,0.3,105.8,47.75,0.0,96.3,
2026-04-23 22:00:00+00:00,Karachi,24.8607,67.0011,25.9,93,7.1,1006.1,,3,33.46,79.03,0.1,0.31,105.63,47.19,0.0,96.4,
2026-04-23 23:00:00+00:00,Karachi,24.8607,67.0011,25.7,94,6.4,1006.1,,3,33.5,78.66,0.1,0.31,105.55,46.6,0.0,96.5,
2026-04-24 00:00:00+00:00,Karachi,24.8607,67.0011,25.6,97,7.1,1005.9,,3,33.56,78.25,0.1,0.3,105.5,46.23,0.0,96.6,
2026-04-24 01:00:00+00:00,Karachi,24.8607,67.0011,25.8,96,7.7,1006.4,,3,33.58,77.75,0.1,0.3,105.44,46.03,0.0,96.6,
2026-04-24 02:00:00+00:00,Karachi,24.8607,67.0011,26.2,93,8.5,1007.0,,3,33.6,76.96,0.11,0.3,105.47,46.07,0.0,96.6,
2026-04-24 03:00:00+00:00,Karachi,24.8607,67.0011,27.6,83,11.7,1007.7,,3,33.52,75.73,0.11,0.29,105.64,46.48,0.0,96.5,
2026-04-24 04:00:00+00:00,Karachi,24.8607,67.0011,29.1,76,10.9,1007.9,,3,33.21,74.07,0.08,0.29,105.83,47.4,0.0,95.9,
2026-04-24 05:00:00+00:00,Karachi,24.8607,67.0011,30.1,72,11.7,1008.0,,3,32.87,72.65,0.07,0.28,106.3,48.52,0.0,95.3,
2026-04-24 06:00:00+00:00,Karachi,24.8607,67.0011,30.3,69,14.0,1008.1,,3,32.64,71.44,0.06,0.27,106.63,49.21,0.0,94.9,
2026-04-24 07:00:00+00:00,Karachi,24.8607,67.0011,31.0,64,14.4,1007.8,,3,32.56,70.43,0.05,0.27,106.95,49.08,0.0,94.7,
2026-04-24 08:00:00+00:00,Karachi,24.8607,67.0011,31.3,63,14.5,1007.3,,3,32.65,69.37,0.05,0.27,106.81,48.1,0.0,94.9,
2026-04-24 09:00:00+00:00,Karachi,24.8607,67.0011,31.0,64,15.5,1006.7,,3,32.8,68.47,0.05,0.28,106.51,47.11,0.0,95.2,
2026-04-24 10:00:00+00:00,Karachi,24.8607,67.0011,30.6,68,16.5,1006.0,,3,32.96,67.82,0.06,0.29,106.7,46.82,0.0,95.5,
2026-04-24 11:00:00+00:00,Karachi,24.8607,67.0011,30.3,67,14.7,1005.9,,3,32.94,67.2,0.06,0.29,106.63,47.21,0.0,95.4,
2026-04-24 12:00:00+00:00,Karachi,24.8607,67.0011,29.7,70,13.1,1005.4,,3,32.92,67.02,0.07,0.29,106.71,48.2,0.0,95.4,
2026-04-24 13:00:00+00:00,Karachi,24.8607,67.0011,28.8,75,11.3,1005.4,,3,33.11,67.46,0.09,0.29,107.01,49.18,0.0,95.7,
2026-04-24 14:00:00+00:00,Karachi,24.8607,67.0011,27.7,83,8.7,1006.0,,3,33.3,67.8,0.12,0.28,106.91,49.72,0.0,96.1,
2026-04-24 15:00:00+00:00,Karachi,24.8607,67.0011,27.1,88,7.9,1006.7,,3,33.55,68.21,0.12,0.28,106.75,49.8,0.0,96.6,
2026-04-24 16:00:00+00:00,Karachi,24.8607,67.0011,26.9,89,6.8,1007.2,,3,33.71,68.54,0.12,0.26,106.54,49.74,0.0,96.9,
2026-04-24 17:00:00+00:00,Karachi,24.8607,67.0011,26.6,90,5.8,1007.5,,3,33.96,68.86,0.12,0.25,106.53,49.7,0.0,97.3,
2026-04-24 18:00:00+00:00,Karachi,24.8607,67.0011,26.5,92,7.6,1007.7,,3,34.19,69.23,0.12,0.25,106.73,49.7,0.0,97.7,
2026-04-24 19:00:00+00:00,Karachi,24.8607,67.0011,26.5,91,6.9,1007.2,,3,34.31,69.78,0.12,0.24,106.77,49.77,0.0,98.0,
2026-04-24 20:00:00+00:00,Karachi,24.8607,67.0011,26.2,92,5.4,1007.0,,3,34.43,71.0,0.12,0.24,106.8,49.8,0.0,98.2,
2026-04-24 21:00:00+00:00,Karachi,24.8607,67.0011,25.8,95,8.0,1006.9,,3,34.61,72.95,0.11,0.24,106.62,49.74,0.0,98.5,
2026-04-24 22:00:00+00:00,Karachi,24.8607,67.0011,25.4,97,7.5,1007.0,,3,34.97,75.61,0.11,0.25,106.6,49.35,0.0,99.2,
2026-04-24 23:00:00+00:00,Karachi,24.8607,67.0011,25.1,98,6.8,1006.9,,3,35.37,78.25,0.11,0.26,106.27,48.79,0.0,99.9,
2026-04-25 00:00:00+00:00,Karachi,24.8607,67.0011,25.1,99,6.9,1006.6,,3,35.73,81.17,0.11,0.25,106.11,48.32,0.0,101.6,
2026-04-25 01:00:00+00:00,Karachi,24.8607,67.0011,25.0,99,6.5,1006.9,,3,35.99,84.35,0.11,0.25,105.62,48.09,0.0,102.2,
2026-04-25 02:00:00+00:00,Karachi,24.8607,67.0011,25.3,96,6.5,1007.4,,3,36.26,87.3,0.12,0.24,105.49,47.87,0.0,102.9,
2026-04-25 03:00:00+00:00,Karachi,24.8607,67.0011,27.1,84,6.0,1008.1,,3,36.4,89.87,0.12,0.23,105.53,47.95,0.0,103.2,
2026-04-25 04:00:00+00:00,Karachi,24.8607,67.0011,28.8,76,6.4,1008.7,,3,36.42,92.23,0.1,0.22,105.51,48.16,0.0,103.3,
2026-04-25 05:00:00+00:00,Karachi,24.8607,67.0011,30.3,70,8.8,1008.9,,3,36.46,94.59,0.08,0.22,105.34,48.34,0.0,103.4,
2026-04-25 06:00:00+00:00,Karachi,24.8607,67.0011,31.4,65,10.5,1008.7,,3,36.48,96.74,0.07,0.22,105.28,48.34,0.0,103.4,
2026-04-25 07:00:00+00:00,Karachi,24.8607,67.0011,32.3,59,12.2,1008.4,,3,36.47,98.33,0.06,0.23,105.07,47.99,0.0,103.4,
2026-04-25 08:00:00+00:00,Karachi,24.8607,67.0011,33.0,56,12.6,1007.6,,3,36.39,99.13,0.06,0.23,104.71,47.3,0.0,103.2,
2026-04-25 09:00:00+00:00,Karachi,24.8607,67.0011,33.1,56,13.3,1007.0,,4,36.32,100.22,0.06,0.24,104.35,46.62,0.0,103.0,
2026-04-25 10:00:00+00:00,Karachi,24.8607,67.0011,32.8,56,13.9,1006.3,,4,36.37,102.0,0.06,0.26,104.37,46.67,0.0,103.1,
2026-04-25 11:00:00+00:00,Karachi,24.8607,67.0011,32.0,59,13.5,1006.1,,4,36.39,103.38,0.06,0.29,103.96,46.99,0.0,103.2,
2026-04-25 12:00:00+00:00,Karachi,24.8607,67.0011,30.6,64,11.7,1005.8,,4,36.49,105.06,0.07,0.34,103.93,48.04,0.0,103.4,
2026-04-25 13:00:00+00:00,Karachi,24.8607,67.0011,29.6,68,10.7,1005.8,,4,36.84,107.33,0.1,0.39,104.55,50.11,0.0,104.3,
2026-04-25 14:00:00+00:00,Karachi,24.8607,67.0011,28.4,75,9.7,1006.3,,4,37.09,108.24,0.13,0.44,105.16,52.42,0.0,104.9,
2026-04-25 15:00:00+00:00,Karachi,24.8607,67.0011,27.9,77,8.9,1006.9,,4,37.2,107.63,0.14,0.49,105.79,54.57,0.0,105.2,
2026-04-25 16:00:00+00:00,Karachi,24.8607,67.0011,27.6,78,8.0,1007.4,,4,37.02,105.59,0.15,0.52,106.18,56.31,0.0,104.7,
2026-04-25 17:00:00+00:00,Karachi,24.8607,67.0011,27.3,79,7.6,1007.7,,4,36.7,102.82,0.15,0.54,106.62,57.83,0.0,104.0,
2026-04-25 18:00:00+00:00,Karachi,24.8607,67.0011,27.3,82,8.0,1007.7,,3,36.21,99.42,0.15,0.54,106.95,59.2,0.0,102.7,
2026-04-25 19:00:00+00:00,Karachi,24.8607,67.0011,27.2,81,7.7,1007.4,,3,35.48,95.8,0.15,0.53,107.06,60.19,0.0,71.2,
2026-04-25 20:00:00+00:00,Karachi,24.8607,67.0011,26.9,81,6.2,1006.9,,3,34.76,92.57,0.14,0.5,106.66,60.49,0.0,98.8,
2026-04-25 21:00:00+00:00,Karachi,24.8607,67.0011,26.6,81,6.4,1006.4,,3,34.2,90.22,0.14,0.46,106.31,60.34,0.0,97.8,
2026-04-25 22:00:00+00:00,Karachi,24.8607,67.0011,26.4,81,6.9,1006.1,,3,34.01,88.95,0.14,0.41,106.15,60.0,0.0,97.4,
2026-04-25 23:00:00+00:00,Karachi,24.8607,67.0011,26.2,82,7.6,1006.0,,3,34.17,88.33,0.14,0.37,105.95,59.63,0.0,97.7,
2026-04-26 00:00:00+00:00,Karachi,24.8607,67.0011,26.0,86,8.6,1005.9,,3,34.67,88.99,0.14,0.35,105.94,60.04,0.0,98.6,
2026-04-26 01:00:00+00:00,Karachi,24.8607,67.0011,26.1,86,9.4,1006.1,,3,35.37,90.83,0.13,0.34,106.2,61.1,0.0,99.9,
2026-04-26 02:00:00+00:00,Karachi,24.8607,67.0011,26.6,84,8.3,1006.5,,3,36.19,93.21,0.15,0.33,106.68,62.45,0.0,102.7,
2026-04-26 03:00:00+00:00,Karachi,24.8607,67.0011,28.5,75,8.1,1007.0,,3,37.02,95.6,0.15,0.33,107.25,63.73,0.0,104.7,
2026-04-26 04:00:00+00:00,Karachi,24.8607,67.0011,30.9,63,11.0,1007.4,,3,37.71,97.82,0.13,0.33,107.75,64.78,0.0,106.4,
2026-04-26 05:00:00+00:00,Karachi,24.8607,67.0011,32.7,53,13.0,1007.4,,3,38.39,99.87,0.1,0.33,108.11,65.49,0.0,108.1,
2026-04-26 06:00:00+00:00,Karachi,24.8607,67.0011,33.5,51,13.7,1007.4,,4,39.03,101.5,0.08,0.33,108.52,65.65,0.0,109.7,
2026-04-26 07:00:00+00:00,Karachi,24.8607,67.0011,34.3,47,14.8,1006.8,,4,39.62,103.01,0.07,0.33,108.65,65.31,0.0,111.1,
2026-04-26 08:00:00+00:00,Karachi,24.8607,67.0011,35.0,43,15.3,1006.2,,4,40.07,104.66,0.07,0.34,108.71,64.69,0.0,112.3,
2026-04-26 09:00:00+00:00,Karachi,24.8607,67.0011,35.3,41,15.5,1005.3,,4,40.37,106.25,0.07,0.34,108.77,64.08,0.0,113.0,
2026-04-26 10:00:00+00:00,Karachi,24.8607,67.0011,35.2,39,15.5,1004.4,,4,40.69,107.78,0.07,0.36,109.25,63.91,0.0,113.8,
2026-04-26 11:00:00+00:00,Karachi,24.8607,67.0011,34.7,39,14.6,1003.9,,4,40.55,108.05,0.07,0.37,109.3,63.61,0.0,113.4,
2026-04-26 12:00:00+00:00,Karachi,24.8607,67.0011,33.6,43,12.8,1003.6,,4,39.87,107.42,0.08,0.37,109.26,63.4,0.0,111.8,
2026-04-26 13:00:00+00:00,Karachi,24.8607,67.0011,32.0,48,11.9,1003.9,,4,38.78,106.26,0.1,0.35,109.55,63.24,0.0,109.1,
2026-04-26 14:00:00+00:00,Karachi,24.8607,67.0011,30.2,60,11.1,1004.2,,4,37.14,103.86,0.13,0.33,109.27,62.94,0.0,105.0,
2026-04-26 15:00:00+00:00,Karachi,24.8607,67.0011,29.2,65,9.9,1004.8,,4,35.21,101.22,0.14,0.3,108.56,63.19,0.0,99.6,
2026-04-26 16:00:00+00:00,Karachi,24.8607,67.0011,28.7,69,8.8,1005.2,,3,33.57,99.3,0.13,0.28,107.61,64.11,0.0,96.6,
2026-04-26 17:00:00+00:00,Karachi,24.8607,67.0011,28.2,72,7.8,1005.4,,3,32.69,97.61,0.13,0.29,106.72,65.02,0.0,95.0,
2026-04-26 18:00:00+00:00,Karachi,24.8607,67.0011,28.1,74,8.0,1005.5,,3,32.55,96.74,0.12,0.3,106.04,66.15,0.0,94.7,
2026-04-26 19:00:00+00:00,Karachi,24.8607,67.0011,27.8,76,7.7,1005.1,,3,33.01,97.2,0.12,0.32,105.92,67.62,0.0,95.5,
2026-04-26 20:00:00+00:00,Karachi,24.8607,67.0011,27.2,80,6.6,1004.5,,3,33.86,98.57,0.11,0.33,106.19,68.99,0.0,97.1,
2026-04-26 21:00:00+00:00,Karachi,24.8607,67.0011,26.8,83,7.3,1004.2,,4,34.76,100.01,0.11,0.34,106.52,70.27,0.0,98.8,
2026-04-26 22:00:00+00:00,Karachi,24.8607,67.0011,26.5,85,7.6,1003.8,,4,35.68,101.49,0.11,0.36,106.94,71.37,0.0,101.4,
2026-04-26 23:00:00+00:00,Karachi,24.8607,67.0011,26.3,87,8.2,1003.5,,4,36.52,102.78,0.11,0.37,107.52,72.44,0.0,103.5,
2026-04-27 00:00:00+00:00,Karachi,24.8607,67.0011,26.2,88,8.5,1003.2,,4,37.16,103.74,0.11,0.38,107.99,73.2,0.0,105.1,
2026-04-27 01:00:00+00:00,Karachi,24.8607,67.0011,26.4,88,9.6,1003.4,,4,37.49,104.23,0.11,0.38,108.34,73.77,0.0,105.9,
2026-04-27 02:00:00+00:00,Karachi,24.8607,67.0011,27.0,85,8.9,1003.8,,4,37.51,104.19,0.13,0.39,108.82,74.08,0.0,105.9,
2026-04-27 03:00:00+00:00,Karachi,24.8607,67.0011,28.8,75,9.9,1004.4,,4,37.09,103.58,0.14,0.38,109.45,73.96,0.0,104.9,
2026-04-27 04:00:00+00:00,Karachi,24.8607,67.0011,30.5,65,12.4,1004.6,,4,36.1,101.39,0.12,0.37,109.62,73.46,0.0,102.5,
2026-04-27 05:00:00+00:00,Karachi,24.8607,67.0011,31.8,58,13.8,1004.8,,3,34.96,96.96,0.09,0.35,109.53,72.47,0.0,99.2,
2026-04-27 06:00:00+00:00,Karachi,24.8607,67.0011,32.7,54,14.0,1004.5,,3,33.8,90.79,0.08,0.34,109.48,71.09,0.0,97.0,
2026-04-27 07:00:00+00:00,Karachi,24.8607,67.0011,32.8,55,15.7,1004.2,,3,32.7,84.51,0.07,0.33,109.16,69.32,0.0,95.0,
2026-04-27 08:00:00+00:00,Karachi,24.8607,67.0011,33.2,53,15.1,1003.7,,3,31.61,79.29,0.07,0.33,108.34,67.43,0.0,92.9,
2026-04-27 09:00:00+00:00,Karachi,24.8607,67.0011,33.3,52,15.4,1002.7,,3,30.61,75.79,0.06,0.32,107.32,66.04,0.0,91.1,
2026-04-27 10:00:00+00:00,Karachi,24.8607,67.0011,32.9,55,15.2,1001.8,,3,29.78,74.04,0.06,0.32,106.41,65.53,0.0,89.5,
2026-04-27 11:00:00+00:00,Karachi,24.8607,67.0011,32.5,56,14.5,1001.1,,3,28.85,72.55,0.07,0.33,105.23,65.85,0.0,87.8,
2026-04-27 12:00:00+00:00,Karachi,24.8607,67.0011,31.4,58,13.5,1001.2,,3,28.04,71.4,0.07,0.35,104.11,66.87,0.0,86.3,
2026-04-27 13:00:00+00:00,Karachi,24.8607,67.0011,30.5,63,13.0,1001.4,,3,27.63,71.34,0.09,0.37,103.96,68.57,0.0,85.5,
2026-04-27 14:00:00+00:00,Karachi,24.8607,67.0011,29.6,69,10.4,1001.4,,3,27.56,71.91,0.12,0.4,104.22,70.44,0.0,85.4,
2026-04-27 15:00:00+00:00,Karachi,24.8607,67.0011,28.9,73,9.3,1001.5,,3,27.84,73.19,0.13,0.44,105.11,72.56,0.0,85.9,
2026-04-27 16:00:00+00:00,Karachi,24.8607,67.0011,28.6,75,9.2,1002.2,,3,28.36,74.83,0.13,0.48,106.23,74.65,0.0,86.9,
2026-04-27 17:00:00+00:00,Karachi,24.8607,67.0011,28.5,75,8.9,1002.8,,3,29.15,76.98,0.14,0.53,107.78,77.19,0.0,88.4,
2026-04-27 18:00:00+00:00,Karachi,24.8607,67.0011,28.6,75,11.4,1002.5,,3,30.11,79.34,0.14,0.59,109.68,80.17,0.0,90.1,
2026-04-27 19:00:00+00:00,Karachi,24.8607,67.0011,28.4,75,11.6,1002.3,,3,30.96,81.27,0.14,0.64,111.32,82.99,0.0,91.7,
2026-04-27 20:00:00+00:00,Karachi,24.8607,67.0011,27.9,77,10.8,1002.0,,3,31.67,82.81,0.14,0.66,112.76,85.27,0.0,93.1,
2026-04-27 21:00:00+00:00,Karachi,24.8607,67.0011,27.5,80,11.2,1001.4,,3,32.18,84.3,0.14,0.67,113.97,86.72,0.0,94.0,
2026-04-27 22:00:00+00:00,Karachi,24.8607,67.0011,27.3,80,11.1,1001.5,,3,32.54,85.99,0.13,0.66,114.88,87.7,0.0,94.7,
2026-04-27 23:00:00+00:00,Karachi,24.8607,67.0011,27.1,81,10.9,1001.4,,3,32.81,87.64,0.13,0.66,115.7,88.3,0.0,95.2,
2026-04-28 00:00:00+00:00,Karachi,24.8607,67.0011,27.7,79,13.4,1000.4,,3,32.98,88.88,0.12,0.65,116.2,88.23,0.0,95.5,
2026-04-28 01:00:00+00:00,Karachi,24.8607,67.0011,27.5,80,12.5,1000.5,,3,33.0,89.25,0.12,0.63,116.27,87.32,0.0,95.5,
2026-04-28 02:00:00+00:00,Karachi,24.8607,67.0011,27.9,78,10.6,1001.6,,3,32.82,88.57,0.14,0.6,116.4,85.74,0.0,95.2,
2026-04-28 03:00:00+00:00,Karachi,24.8607,67.0011,29.5,70,12.3,1002.3,,3,32.42,87.13,0.15,0.57,116.58,83.6,0.0,94.4,
2026-04-28 04:00:00+00:00,Karachi,24.8607,67.0011,31.0,61,14.7,1003.1,,3,31.82,84.85,0.12,0.54,116.61,82.05,0.0,93.3,
2026-04-28 05:00:00+00:00,Karachi,24.8607,67.0011,32.1,57,15.7,1003.4,,3,31.22,82.36,0.1,0.53,116.11,80.71,0.0,92.2,
2026-04-28 06:00:00+00:00,Karachi,24.8607,67.0011,32.1,57,15.5,1004.4,,3,31.0,80.96,0.09,0.52,115.65,78.58,0.0,91.8,
2026-04-28 07:00:00+00:00,Karachi,24.8607,67.0011,32.6,56,15.4,1004.1,,3,31.08,80.73,0.08,0.51,114.85,75.97,0.0,92.0,
2026-04-28 08:00:00+00:00,Karachi,24.8607,67.0011,32.9,54,15.8,1003.5,,3,31.27,80.91,0.07,0.5,114.27,73.7,0.0,92.3,
2026-04-28 09:00:00+00:00,Karachi,24.8607,67.0011,32.9,54,16.6,1002.7,,3,31.34,80.98,0.07,0.51,113.58,72.58,0.0,92.4,
2026-04-28 10:00:00+00:00,Karachi,24.8607,67.0011,32.6,55,16.7,1001.8,,3,31.39,81.18,0.07,0.54,113.5,72.91,0.0,92.5,
2026-04-28 11:00:00+00:00,Karachi,24.8607,67.0011,32.2,56,15.7,1001.0,,3,31.42,81.4,0.08,0.58,113.3,74.05,0.0,92.6,
2026-04-28 12:00:00+00:00,Karachi,24.8607,67.0011,31.3,59,12.5,1001.2,,3,31.61,82.26,0.09,0.62,113.65,75.7,0.0,92.9,
2026-04-28 13:00:00+00:00,Karachi,24.8607,67.0011,30.6,64,11.5,1001.3,,3,32.06,84.11,0.12,0.66,114.73,77.67,0.0,93.8,
2026-04-28 14:00:00+00:00,Karachi,24.8607,67.0011,29.5,70,11.5,1001.7,,3,32.48,86.08,0.15,0.68,115.62,78.58,0.0,94.6,
2026-04-28 15:00:00+00:00,Karachi,24.8607,67.0011,29.0,73,13.7,1001.8,,3,32.93,88.14,0.15,0.66,116.29,78.11,0.0,95.4,
2026-04-28 16:00:00+00:00,Karachi,24.8607,67.0011,28.7,74,11.1,1002.5,,3,33.23,89.16,0.14,0.62,116.68,77.03,0.0,96.0,
2026-04-28 17:00:00+00:00,Karachi,24.8607,67.0011,28.6,73,11.2,1003.6,,3,33.36,88.05,0.13,0.58,116.9,75.84,0.0,96.2,
2026-04-28 18:00:00+00:00,Karachi,24.8607,67.0011,28.3,75,9.9,1003.1,,3,33.41,85.29,0.11,0.54,117.32,75.35,0.0,96.3,
2026-04-28 19:00:00+00:00,Karachi,24.8607,67.0011,28.0,78,9.2,1002.9,,3,33.32,81.95,0.11,0.52,117.81,75.51,0.0,96.1,
2026-04-28 20:00:00+00:00,Karachi,24.8607,67.0011,27.6,81,8.8,1002.4,,3,33.33,80.33,0.1,0.5,118.66,76.42,0.0,96.1,
2026-04-28 21:00:00+00:00,Karachi,24.8607,67.0011,27.4,83,7.9,1002.1,,3,33.52,80.92,0.1,0.49,119.56,77.54,0.0,96.5,
2026-04-28 22:00:00+00:00,Karachi,24.8607,67.0011,27.1,85,7.9,1001.9,,3,33.91,83.25,0.1,0.48,120.61,78.39,0.0,97.2,
2026-04-28 23:00:00+00:00,Karachi,24.8607,67.0011,26.9,87,7.8,1001.7,,3,34.4,85.82,0.1,0.48,121.88,78.72,0.0,98.1,
2026-04-29 00:00:00+00:00,Karachi,24.8607,67.0011,26.8,89,7.2,1001.7,,3,34.82,88.15,0.1,0.48,122.92,79.1,0.0,98.9,
2026-04-29 01:00:00+00:00,Karachi,24.8607,67.0011,26.7,90,7.8,1002.0,,3,35.08,89.59,0.1,0.48,123.41,79.33,0.0,99.4,
2026-04-29 02:00:00+00:00,Karachi,24.8607,67.0011,27.0,89,5.3,1002.7,,3,35.34,90.49,0.12,0.48,124.05,79.38,0.0,99.9,
2026-04-29 03:00:00+00:00,Karachi,24.8607,67.0011,28.5,81,6.5,1003.3,,3,35.52,91.01,0.12,0.48,124.48,79.21,0.0,101.0,
2026-04-29 04:00:00+00:00,Karachi,24.8607,67.0011,30.3,70,7.3,1003.7,,3,35.54,91.0,0.1,0.48,124.44,78.9,0.0,101.1,
2026-04-29 05:00:00+00:00,Karachi,24.8607,67.0011,32.0,62,8.1,1003.8,,3,35.56,90.82,0.08,0.48,124.78,78.88,0.0,101.1,
2026-04-29 06:00:00+00:00,Karachi,24.8607,67.0011,32.4,63,11.3,1004.1,,3,35.59,90.35,0.07,0.49,124.85,78.94,0.0,101.2,
2026-04-29 07:00:00+00:00,Karachi,24.8607,67.0011,32.4,63,13.2,1003.7,,3,35.57,89.44,0.06,0.5,124.34,78.61,0.0,101.2,
2026-04-29 08:00:00+00:00,Karachi,24.8607,67.0011,32.8,60,13.7,1003.3,,3,35.39,87.48,0.06,0.5,123.52,77.99,0.0,100.0,
2026-04-29 09:00:00+00:00,Karachi,24.8607,67.0011,32.9,59,13.8,1002.5,,3,34.88,84.06,0.06,0.5,122.51,77.64,0.0,99.0,
2026-04-29 10:00:00+00:00,Karachi,24.8607,67.0011,32.8,58,13.2,1001.6,,3,33.95,79.17,0.06,0.5,121.92,78.2,0.0,97.3,
2026-04-29 11:00:00+00:00,Karachi,24.8607,67.0011,32.3,61,12.7,1001.5,,3,32.67,74.23,0.06,0.5,120.82,78.97,0.0,94.9,
2026-04-29 12:00:00+00:00,Karachi,24.8607,67.0011,31.3,64,12.5,1001.4,,3,31.47,70.84,0.08,0.5,119.7,79.86,0.0,92.7,
2026-04-29 13:00:00+00:00,Karachi,24.8607,67.0011,30.5,66,10.1,1001.3,,3,30.57,68.95,0.1,0.52,119.0,81.19,0.0,91.0,
2026-04-29 14:00:00+00:00,Karachi,24.8607,67.0011,29.4,70,8.0,1001.5,,3,29.91,67.82,0.14,0.56,118.17,82.64,0.0,89.8,
2026-04-29 15:00:00+00:00,Karachi,24.8607,67.0011,28.8,76,8.6,1001.8,,3,29.63,67.48,0.15,0.63,117.76,84.89,0.0,89.2,
2026-04-29 16:00:00+00:00,Karachi,24.8607,67.0011,28.2,83,10.6,1002.0,,3,29.88,68.66,0.16,0.71,117.23,87.54,0.0,89.7,
2026-04-29 17:00:00+00:00,Karachi,24.8607,67.0011,27.9,85,8.2,1002.5,,3,30.85,71.52,0.16,0.79,117.36,90.68,0.0,91.5,
2026-04-29 18:00:00+00:00,Karachi,24.8607,67.0011,27.9,86,6.0,1002.7,,3,32.45,75.8,0.15,0.86,117.78,93.61,0.0,94.5,
2026-04-29 19:00:00+00:00,Karachi,24.8607,67.0011,27.8,86,4.3,1002.7,,3,34.29,80.76,0.15,0.89,118.09,95.72,0.0,97.9,
2026-04-29 20:00:00+00:00,Karachi,24.8607,67.0011,27.5,87,5.2,1002.2,,3,35.75,84.68,0.15,0.88,118.07,95.87,0.0,101.6,
2026-04-29 21:00:00+00:00,Karachi,24.8607,67.0011,27.2,88,6.4,1001.8,,3,36.62,87.03,0.14,0.84,117.64,94.61,0.0,103.8,
2026-04-29 22:00:00+00:00,Karachi,24.8607,67.0011,27.0,89,6.5,1001.7,,3,36.99,88.28,0.13,0.79,117.32,93.16,0.0,104.7,
2026-04-29 23:00:00+00:00,Karachi,24.8607,67.0011,26.8,90,7.4,1001.5,,3,36.87,88.65,0.12,0.75,117.01,92.09,0.0,104.4,
2026-04-30 00:00:00+00:00,Karachi,24.8607,67.0011,26.9,92,8.9,1001.4,,3,36.67,88.96,0.12,0.72,116.84,91.67,0.0,103.9,
2026-04-30 01:00:00+00:00,Karachi,24.8607,67.0011,27.0,90,9.7,1001.9,,3,36.47,89.14,0.12,0.69,116.68,91.33,0.0,103.4,
2026-04-30 02:00:00+00:00,Karachi,24.8607,67.0011,27.6,87,8.0,1002.4,,3,36.56,90.24,0.14,0.64,116.61,89.8,0.0,103.6,
2026-04-30 03:00:00+00:00,Karachi,24.8607,67.0011,29.2,76,8.9,1003.2,,3,36.84,92.71,0.14,0.59,116.6,86.81,0.0,104.3,
2026-04-30 04:00:00+00:00,Karachi,24.8607,67.0011,31.0,64,10.5,1003.8,,3,37.17,95.87,0.12,0.53,116.27,82.53,0.0,105.1,
2026-04-30 05:00:00+00:00,Karachi,24.8607,67.0011,32.4,56,12.4,1004.1,,3,37.43,98.62,0.09,0.48,115.45,77.73,0.0,105.8,
2026-04-30 06:00:00+00:00,Karachi,24.8607,67.0011,33.3,52,12.4,1004.2,,3,37.44,99.75,0.08,0.44,114.34,72.41,0.0,105.8,
2026-04-30 07:00:00+00:00,Karachi,24.8607,67.0011,34.0,50,13.5,1003.8,,3,37.02,98.65,0.07,0.4,112.66,67.38,0.0,104.7,
2026-04-30 08:00:00+00:00,Karachi,24.8607,67.0011,33.9,52,14.2,1003.5,,3,36.35,96.12,0.07,0.38,110.99,63.31,0.0,103.1,
2026-04-30 09:00:00+00:00,Karachi,24.8607,67.0011,33.7,53,13.9,1002.8,,3,35.59,93.46,0.06,0.37,109.5,60.4,0.0,101.2,
2026-04-30 10:00:00+00:00,Karachi,24.8607,67.0011,33.1,56,14.0,1002.2,,3,34.98,91.75,0.06,0.37,108.32,58.97,0.0,99.2,
2026-04-30 11:00:00+00:00,Karachi,24.8607,67.0011,32.6,57,12.9,1001.7,,3,34.65,91.36,0.07,0.38,107.3,58.83,0.0,98.6,
2026-04-30 12:00:00+00:00,Karachi,24.8607,67.0011,31.5,61,13.5,1001.7,,3,34.71,92.54,0.08,0.41,106.71,59.93,0.0,98.7,
2026-04-30 13:00:00+00:00,Karachi,24.8607,67.0011,30.8,65,11.7,1001.5,,3,35.23,95.08,0.1,0.45,106.84,62.44,0.0,99.7,
2026-04-30 14:00:00+00:00,Karachi,24.8607,67.0011,29.5,73,10.2,1001.5,,3,35.9,97.21,0.13,0.49,107.31,65.19,0.0,102.0,
2026-04-30 15:00:00+00:00,Karachi,24.8607,67.0011,29.0,77,9.4,1002.2,,3,36.51,99.08,0.14,0.54,108.07,67.78,0.0,103.5,
2026-04-30 16:00:00+00:00,Karachi,24.8607,67.0011,28.7,79,8.8,1002.9,,4,36.84,100.28,0.14,0.56,108.81,69.4,0.0,104.3,
2026-04-30 17:00:00+00:00,Karachi,24.8607,67.0011,28.3,80,9.7,1003.1,,4,37.0,101.05,0.14,0.55,109.32,70.2,0.0,104.7,
2026-04-30 18:00:00+00:00,Karachi,24.8607,67.0011,28.5,77,12.3,1002.9,,4,37.0,101.79,0.13,0.54,109.52,70.55,0.0,104.7,
2026-04-30 19:00:00+00:00,Karachi,24.8607,67.0011,28.5,75,10.6,1002.8,,4,36.79,102.2,0.13,0.51,109.13,70.44,0.0,104.2,
2026-04-30 20:00:00+00:00,Karachi,24.8607,67.0011,28.4,74,12.4,1002.4,,4,36.6,103.06,0.12,0.49,108.49,70.59,0.0,103.7,
2026-04-30 21:00:00+00:00,Karachi,24.8607,67.0011,28.5,72,14.4,1001.8,,4,36.58,104.72,0.12,0.49,107.7,71.05,0.0,103.7,
2026-04-30 22:00:00+00:00,Karachi,24.8607,67.0011,28.5,71,14.5,1001.6,,4,36.84,107.24,0.11,0.49,106.99,71.83,0.0,104.3,
2026-04-30 23:00:00+00:00,Karachi,24.8607,67.0011,28.4,71,13.8,1001.4,,4,37.22,110.11,0.11,0.49,106.61,72.69,0.0,105.2,
2026-05-01 00:00:00+00:00,Karachi,24.8607,67.0011,28.7,71,13.2,1001.5,,4,37.57,112.81,0.11,0.49,106.55,73.35,0.0,106.1,
2026-05-01 01:00:00+00:00,Karachi,24.8607,67.0011,28.8,70,13.4,1001.8,,4,37.78,114.81,0.11,0.5,106.01,73.76,0.0,106.6,
2026-05-01 02:00:00+00:00,Karachi,24.8607,67.0011,29.4,68,14.1,1002.5,,4,37.77,114.35,0.13,0.53,105.45,73.94,0.0,106.6,
2026-05-01 03:00:00+00:00,Karachi,24.8607,67.0011,31.0,62,13.5,1003.1,,4,37.58,111.96,0.14,0.57,104.87,73.84,0.0,106.1,
2026-05-01 04:00:00+00:00,Karachi,24.8607,67.0011,32.3,56,15.7,1003.7,,4,37.47,109.47,0.12,0.62,104.57,74.16,0.0,105.9,
2026-05-01 05:00:00+00:00,Karachi,24.8607,67.0011,33.4,52,14.9,1003.9,,4,37.72,108.53,0.11,0.67,104.49,74.66,0.0,106.5,
2026-05-01 06:00:00+00:00,Karachi,24.8607,67.0011,34.2,52,14.7,1003.9,,4,38.51,109.78,0.09,0.7,104.76,75.46,0.0,108.4,
2026-05-01 07:00:00+00:00,Karachi,24.8607,67.0011,35.1,49,14.2,1003.7,,4,39.49,111.81,0.08,0.71,105.08,76.05,0.0,110.8,
2026-05-01 08:00:00+00:00,Karachi,24.8607,67.0011,35.8,46,13.5,1002.9,,4,40.49,113.22,0.08,0.7,105.39,76.24,0.0,113.3,
2026-05-01 09:00:00+00:00,Karachi,24.8607,67.0011,35.9,45,14.3,1002.1,,4,41.57,114.18,0.07,0.68,105.57,76.39,0.0,115.9,
2026-05-01 10:00:00+00:00,Karachi,24.8607,67.0011,35.4,46,14.3,1001.1,,4,42.63,114.55,0.07,0.66,106.15,76.87,0.0,118.6,
2026-05-01 11:00:00+00:00,Karachi,24.8607,67.0011,34.4,50,13.9,1000.4,,4,43.09,113.4,0.07,0.65,106.19,77.33,0.0,119.7,
2026-05-01 12:00:00+00:00,Karachi,24.8607,67.0011,32.7,55,13.0,1000.3,,4,42.92,111.21,0.08,0.64,106.24,77.94,0.0,119.3,
2026-05-01 13:00:00+00:00,Karachi,24.8607,67.0011,31.7,60,13.1,999.8,,4,42.53,108.85,0.1,0.65,106.7,78.95,0.0,118.3,
2026-05-01 14:00:00+00:00,Karachi,24.8607,67.0011,31.2,60,10.7,1000.2,,4,42.01,106.33,0.13,0.66,107.08,80.38,0.0,117.0,
2026-05-01 15:00:00+00:00,Karachi,24.8607,67.0011,31.1,58,8.4,1000.9,,4,41.63,104.96,0.14,0.67,107.66,82.06,0.0,116.1,
2026-05-01 16:00:00+00:00,Karachi,24.8607,67.0011,31.0,56,10.9,1001.4,,4,41.44,104.84,0.14,0.7,108.17,83.85,0.0,115.6,
2026-05-01 17:00:00+00:00,Karachi,24.8607,67.0011,30.7,56,10.2,1002.1,,4,41.6,105.27,0.14,0.78,108.94,86.29,0.0,116.0,
2026-05-01 18:00:00+00:00,Karachi,24.8607,67.0011,30.2,58,10.2,1002.5,,4,41.85,105.33,0.14,0.89,109.88,89.15,0.0,116.6,
2026-05-01 19:00:00+00:00,Karachi,24.8607,67.0011,30.0,60,12.8,1001.9,,4,41.81,104.12,0.14,0.99,110.93,92.1,0.0,116.5,
2026-05-01 20:00:00+00:00,Karachi,24.8607,67.0011,29.7,61,13.5,1001.3,,4,41.15,101.21,0.14,1.05,111.86,94.35,0.0,114.9,
2026-05-01 21:00:00+00:00,Karachi,24.8607,67.0011,29.7,59,13.6,1000.9,,3,40.4,98.37,0.13,1.06,112.48,95.54,0.0,113.1,
2026-05-01 22:00:00+00:00,Karachi,24.8607,67.0011,29.6,59,14.6,1000.6,,3,40.12,97.49,0.13,1.06,113.1,95.93,0.0,112.4,
2026-05-01 23:00:00+00:00,Karachi,24.8607,67.0011,29.5,61,15.6,1000.4,,3,40.32,99.04,0.12,1.04,113.55,95.18,0.0,112.9,
2026-05-02 00:00:00+00:00,Karachi,24.8607,67.0011,29.2,65,14.1,1000.1,,4,40.74,102.13,0.12,1.01,113.98,93.99,0.0,113.9,
2026-05-02 01:00:00+00:00,Karachi,24.8607,67.0011,29.1,63,12.8,1000.3,,4,41.04,104.69,0.11,0.98,113.96,92.47,0.0,114.6,
2026-05-02 02:00:00+00:00,Karachi,24.8607,67.0011,29.7,60,13.5,1000.9,,4,41.32,105.95,0.14,0.96,114.2,91.14,0.0,115.3,
2026-05-02 03:00:00+00:00,Karachi,24.8607,67.0011,31.4,57,13.3,1001.5,,4,41.36,106.16,0.15,0.95,114.49,89.91,0.0,115.4,
2026-05-02 04:00:00+00:00,Karachi,24.8607,67.0011,33.0,51,15.5,1002.0,,4,40.85,104.68,0.13,0.95,114.47,89.05,0.0,114.2,
2026-05-02 05:00:00+00:00,Karachi,24.8607,67.0011,34.2,46,17.1,1002.2,,4,39.95,102.18,0.11,0.96,114.3,89.2,0.0,112.0,
2026-05-02 06:00:00+00:00,Karachi,24.8607,67.0011,34.9,43,16.1,1002.8,,3,38.9,99.69,0.1,0.97,114.14,89.9,0.0,109.4,
2026-05-02 07:00:00+00:00,Karachi,24.8607,67.0011,35.6,40,17.3,1002.5,,3,37.78,97.54,0.08,0.97,113.93,90.35,0.0,106.6,
2026-05-02 08:00:00+00:00,Karachi,24.8607,67.0011,35.6,41,18.9,1001.8,,3,36.53,95.07,0.08,0.96,113.14,90.22,0.0,103.5,
2026-05-02 09:00:00+00:00,Karachi,24.8607,67.0011,35.5,41,19.4,1001.3,,3,35.17,92.15,0.07,0.96,112.1,90.04,0.0,99.6,
2026-05-02 10:00:00+00:00,Karachi,24.8607,67.0011,35.1,42,19.1,1000.5,,3,34.02,89.97,0.07,1.0,111.84,90.89,0.0,97.4,
2026-05-02 11:00:00+00:00,Karachi,24.8607,67.0011,34.2,45,18.3,999.8,,3,33.55,89.68,0.08,1.09,111.83,92.07,0.0,96.6,
2026-05-02 12:00:00+00:00,Karachi,24.8607,67.0011,32.9,47,17.6,999.5,,3,34.02,91.11,0.1,1.21,112.55,93.37,0.0,97.4,
2026-05-02 13:00:00+00:00,Karachi,24.8607,67.0011,31.8,51,17.1,999.3,,3,35.08,93.44,0.14,1.33,113.92,94.91,0.0,99.4,
2026-05-02 14:00:00+00:00,Karachi,24.8607,67.0011,30.7,56,15.2,999.5,,3,36.15,95.41,0.2,1.44,115.06,96.66,0.0,102.6,
2026-05-02 15:00:00+00:00,Karachi,24.8607,67.0011,30.3,58,13.5,1000.1,,3,37.06,97.09,0.23,1.54,116.01,99.56,0.0,104.8,
2026-05-02 16:00:00+00:00,Karachi,24.8607,67.0011,30.1,57,13.5,1000.7,,3,37.76,98.29,0.22,1.6,116.79,102.82,0.0,106.6,
2026-05-02 17:00:00+00:00,Karachi,24.8607,67.0011,30.0,57,13.0,1001.2,,4,38.62,100.11,0.21,1.59,117.53,104.81,0.0,108.7,
2026-05-02 18:00:00+00:00,Karachi,24.8607,67.0011,30.1,56,15.5,1000.9,,4,39.55,102.28,0.19,1.54,117.95,104.78,0.0,111.0,
2026-05-02 19:00:00+00:00,Karachi,24.8607,67.0011,30.0,56,14.8,1000.6,,4,40.21,104.13,0.17,1.44,117.95,102.96,0.0,112.6,
2026-05-02 20:00:00+00:00,Karachi,24.8607,67.0011,29.7,56,13.1,999.8,,4,40.52,105.13,0.15,1.34,118.25,101.51,0.0,113.4,
2026-05-02 21:00:00+00:00,Karachi,24.8607,67.0011,29.5,56,12.7,999.7,,4,40.26,104.2,0.14,1.27,118.75,100.7,0.0,112.7,
2026-05-02 22:00:00+00:00,Karachi,24.8607,67.0011,29.2,60,13.0,999.2,,4,39.49,101.15,0.13,1.2,119.31,100.54,0.0,110.8,
2026-05-02 23:00:00+00:00,Karachi,24.8607,67.0011,28.8,62,11.8,999.1,,3,38.67,97.94,0.13,1.13,120.08,100.48,0.0,108.8,
2026-05-03 00:00:00+00:00,Karachi,24.8607,67.0011,28.7,66,13.9,999.2,,3,37.81,94.79,0.12,1.08,120.59,100.57,0.0,106.7,
2026-05-03 01:00:00+00:00,Karachi,24.8607,67.0011,28.4,67,12.2,999.7,,3,36.94,91.98,0.12,1.06,120.88,101.31,0.0,104.5,
2026-05-03 02:00:00+00:00,Karachi,24.8607,67.0011,28.7,68,10.8,1000.5,,3,36.14,90.05,0.15,1.07,121.2,102.77,0.0,102.6,
2026-05-03 03:00:00+00:00,Karachi,24.8607,67.0011,30.4,64,8.1,1001.3,,3,35.43,88.99,0.16,1.08,121.23,103.79,0.0,67.8,
2026-05-03 04:00:00+00:00,Karachi,24.8607,67.0011,32.9,52,6.5,1001.8,,3,34.91,88.31,0.13,1.09,121.35,103.99,0.0,99.1,
2026-05-03 05:00:00+00:00,Karachi,24.8607,67.0011,35.4,41,6.8,1002.3,,3,34.39,87.28,0.11,1.08,121.45,103.53,0.0,98.1,
2026-05-03 06:00:00+00:00,Karachi,24.8607,67.0011,35.7,44,10.6,1002.2,,3,33.74,85.43,0.09,1.07,121.23,102.43,0.0,96.9,
2026-05-03 07:00:00+00:00,Karachi,24.8607,67.0011,36.2,43,12.6,1002.2,,3,32.96,82.68,0.09,1.06,120.61,100.36,0.0,95.5,
2026-05-03 08:00:00+00:00,Karachi,24.8607,67.0011,36.7,42,13.9,1001.7,,3,32.43,80.77,0.08,1.06,119.65,97.63,0.0,94.5,
2026-05-03 09:00:00+00:00,Karachi,24.8607,67.0011,36.5,41,14.4,1001.2,,3,32.24,80.27,0.08,1.08,118.91,95.5,0.0,94.1,
2026-05-03 10:00:00+00:00,Karachi,24.8607,67.0011,36.1,41,13.7,1000.4,,3,32.29,80.6,0.08,1.13,118.99,95.1,0.0,94.2,
2026-05-03 11:00:00+00:00,Karachi,24.8607,67.0011,35.2,46,12.9,1000.0,,3,32.48,81.32,0.09,1.18,119.66,95.97,0.0,94.6,
2026-05-03 12:00:00+00:00,Karachi,24.8607,67.0011,33.0,55,12.8,999.5,,3,32.82,82.94,0.11,1.21,120.7,97.68,0.0,95.2,
2026-05-03 13:00:00+00:00,Karachi,24.8607,67.0011,31.5,65,10.3,999.3,,3,33.34,85.21,0.14,1.22,122.07,99.96,0.0,96.2,
2026-05-03 14:00:00+00:00,Karachi,24.8607,67.0011,30.2,71,7.0,999.5,,3,34.07,87.58,0.18,1.2,123.44,101.8,0.0,97.5,
2026-05-03 15:00:00+00:00,Karachi,24.8607,67.0011,29.5,73,6.1,999.7,,3,34.89,90.2,0.2,1.18,124.7,103.67,0.0,99.0,
2026-05-03 16:00:00+00:00,Karachi,24.8607,67.0011,29.2,71,16.7,1001.2,,3,35.65,92.93,0.19,1.14,125.44,105.02,0.0,101.4,
2026-05-03 17:00:00+00:00,Karachi,24.8607,67.0011,29.1,70,9.9,1001.6,,3,36.38,96.12,0.17,1.09,126.14,106.09,0.0,103.2,
2026-05-03 18:00:00+00:00,Karachi,24.8607,67.0011,29.9,56,10.0,1001.4,,4,36.99,100.16,0.16,1.02,126.38,106.71,0.0,104.7,
2026-05-03 19:00:00+00:00,Karachi,24.8607,67.0011,30.6,47,11.2,1001.1,,4,37.43,105.69,0.14,0.93,125.78,106.72,0.0,105.8,
2026-05-03 20:00:00+00:00,Karachi,24.8607,67.0011,31.1,40,13.0,1000.8,,4,37.97,110.6,0.13,0.84,125.12,106.33,0.0,107.1,
2026-05-03 21:00:00+00:00,Karachi,24.8607,67.0011,29.9,49,10.2,1000.2,,4,38.42,113.28,0.12,0.77,124.78,105.69,0.0,108.2,
2026-05-03 22:00:00+00:00,Karachi,24.8607,67.0011,30.3,40,10.6,999.7,,4,38.57,113.07,0.13,0.72,125.49,105.36,0.0,108.6,
2026-05-03 23:00:00+00:00,Karachi,24.8607,67.0011,29.5,42,14.3,1000.4,,4,38.01,109.45,0.15,0.67,126.56,104.92,0.0,107.2,
2026-05-04 00:00:00+00:00,Karachi,24.8607,67.0011,29.4,44,11.2,1000.3,,4,36.32,102.35,0.18,0.63,127.91,105.31,0.02,103.0,
2026-05-04 01:00:00+00:00,Karachi,24.8607,67.0011,29.1,43,11.7,1000.8,,3,33.77,93.57,0.22,0.6,129.49,107.17,0.04,97.0,
2026-05-04 02:00:00+00:00,Karachi,24.8607,67.0011,30.1,35,13.1,1001.6,,3,31.45,87.4,0.32,0.56,129.36,109.0,0.07,92.6,
2026-05-04 03:00:00+00:00,Karachi,24.8607,67.0011,32.6,27,11.0,1002.3,,3,29.99,85.19,0.36,0.53,128.01,110.59,0.09,89.9,
2026-05-04 04:00:00+00:00,Karachi,24.8607,67.0011,35.7,17,11.3,1002.8,,3,29.34,85.42,0.3,0.48,125.95,111.15,0.1,88.7,
2026-05-04 05:00:00+00:00,Karachi,24.8607,67.0011,38.7,9,14.7,1003.2,,3,29.4,87.89,0.23,0.43,123.97,111.58,0.11,88.8,
2026-05-04 06:00:00+00:00,Karachi,24.8607,67.0011,40.3,7,15.3,1003.2,,3,30.04,92.76,0.18,0.4,122.22,111.36,0.13,90.0,
2026-05-04 07:00:00+00:00,Karachi,24.8607,67.0011,41.0,7,16.5,1002.7,,3,31.12,98.38,0.14,0.38,120.73,110.48,0.13,92.0,
2026-05-04 08:00:00+00:00,Karachi,24.8607,67.0011,41.0,7,15.5,1002.1,,4,31.97,102.55,0.12,0.34,119.46,108.0,0.12,93.6,
2026-05-04 09:00:00+00:00,Karachi,24.8607,67.0011,41.2,7,15.4,1001.3,,4,32.49,107.33,0.1,0.31,118.34,105.21,0.1,94.6,
2026-05-04 10:00:00+00:00,Karachi,24.8607,67.0011,40.8,8,16.7,1000.4,,4,32.81,112.96,0.09,0.28,117.61,103.05,0.09,95.2,
2026-05-04 11:00:00+00:00,Karachi,24.8607,67.0011,39.4,14,16.4,999.6,,4,32.91,117.41,0.09,0.27,116.94,101.41,0.08,95.4,
2026-05-04 12:00:00+00:00,Karachi,24.8607,67.0011,38.0,16,11.0,999.6,,4,33.02,119.65,0.09,0.29,116.87,99.97,0.06,95.6,
2026-05-04 13:00:00+00:00,Karachi,24.8607,67.0011,36.1,23,11.1,999.6,,4,33.16,119.0,0.11,0.32,117.51,98.85,0.05,95.8,
2026-05-04 14:00:00+00:00,Karachi,24.8607,67.0011,32.7,42,12.5,1000.4,,4,33.26,115.5,0.13,0.35,118.74,97.66,0.04,96.0,
2026-05-04 15:00:00+00:00,Karachi,24.8607,67.0011,31.9,45,9.0,1001.1,,4,33.26,112.74,0.14,0.4,120.2,97.0,0.03,96.0,
2026-05-04 16:00:00+00:00,Karachi,24.8607,67.0011,31.5,44,5.7,1001.9,,4,33.0,110.93,0.13,0.45,121.14,97.96,0.03,95.5,
2026-05-04 17:00:00+00:00,Karachi,24.8607,67.0011,31.0,46,6.3,1002.8,,4,33.03,108.18,0.11,0.5,122.36,99.35,0.02,95.6,
2026-05-04 18:00:00+00:00,Karachi,24.8607,67.0011,30.4,49,9.9,1002.7,,4,33.4,104.52,0.1,0.55,123.69,100.54,0.01,96.3,
2026-05-04 19:00:00+00:00,Karachi,24.8607,67.0011,30.1,49,6.9,1002.8,,4,34.06,100.84,0.1,0.59,125.13,101.1,0.0,97.5,
2026-05-04 20:00:00+00:00,Karachi,24.8607,67.0011,29.5,50,5.8,1002.8,,3,34.56,97.51,0.09,0.61,126.18,100.96,0.0,98.4,
2026-05-04 21:00:00+00:00,Karachi,24.8607,67.0011,28.8,53,7.4,1002.6,,3,34.77,95.11,0.09,0.6,126.48,100.32,0.0,98.8,
2026-05-04 22:00:00+00:00,Karachi,24.8607,67.0011,28.5,57,10.1,1002.7,,3,34.61,92.72,0.08,0.57,126.06,99.03,0.0,98.5,
2026-05-04 23:00:00+00:00,Karachi,24.8607,67.0011,28.4,59,11.4,1002.6,,3,34.26,90.47,0.08,0.53,125.49,97.2,0.0,97.9,
2026-05-05 00:00:00+00:00,Karachi,24.8607,67.0011,28.7,59,10.5,1002.9,,3,33.78,88.66,0.08,0.49,124.8,94.87,0.0,97.0,
2026-05-05 01:00:00+00:00,Karachi,24.8607,67.0011,28.6,60,9.1,1003.4,,3,33.17,87.3,0.08,0.47,123.95,92.36,0.0,95.8,
2026-05-05 02:00:00+00:00,Karachi,24.8607,67.0011,29.0,59,6.5,1004.1,,3,32.55,86.85,0.1,0.45,123.58,89.49,0.0,94.7,
2026-05-05 03:00:00+00:00,Karachi,24.8607,67.0011,30.9,53,5.1,1004.6,,3,31.56,86.68,0.1,0.44,123.19,85.4,0.0,92.8,
2026-05-05 04:00:00+00:00,Karachi,24.8607,67.0011,33.0,45,5.7,1005.1,,3,29.98,86.06,0.08,0.44,121.93,80.19,0.0,89.9,
2026-05-05 05:00:00+00:00,Karachi,24.8607,67.0011,34.6,41,6.9,1005.6,,3,28.08,85.52,0.06,0.44,120.93,73.94,0.0,86.4,
2026-05-05 06:00:00+00:00,Karachi,24.8607,67.0011,34.0,48,12.0,1006.5,,3,25.87,84.83,0.06,0.44,119.9,67.21,0.0,82.2,
2026-05-05 07:00:00+00:00,Karachi,24.8607,67.0011,33.5,50,15.2,1006.7,,3,23.56,84.16,0.05,0.43,118.78,60.84,0.0,77.9,
2026-05-05 08:00:00+00:00,Karachi,24.8607,67.0011,33.2,52,16.6,1006.5,,3,21.9,83.87,0.05,0.42,118.05,56.32,0.0,74.8,
2026-05-05 09:00:00+00:00,Karachi,24.8607,67.0011,32.5,60,16.9,1006.3,,3,20.82,84.16,0.05,0.4,117.34,53.34,0.0,72.8,
2026-05-05 10:00:00+00:00,Karachi,24.8607,67.0011,31.8,65,16.0,1005.9,,3,20.08,84.73,0.05,0.39,117.09,51.3,0.0,71.5,
2026-05-05 11:00:00+00:00,Karachi,24.8607,67.0011,31.8,67,14.5,1005.5,,3,19.58,85.14,0.06,0.38,116.53,49.82,0.0,70.5,
2026-05-05 12:00:00+00:00,Karachi,24.8607,67.0011,31.2,65,13.7,1005.4,,3,19.38,85.64,0.06,0.37,116.05,49.5,0.0,70.2,
2026-05-05 13:00:00+00:00,Karachi,24.8607,67.0011,30.2,76,11.3,1005.5,,3,19.5,86.43,0.08,0.37,115.81,50.49,0.0,70.4,
2026-05-05 14:00:00+00:00,Karachi,24.8607,67.0011,29.1,81,9.2,1005.8,,3,19.83,87.21,0.1,0.37,115.36,52.18,0.0,71.0,
2026-05-05 15:00:00+00:00,Karachi,24.8607,67.0011,28.4,88,5.9,1006.2,,3,20.19,87.76,0.1,0.37,114.97,54.14,0.0,71.7,
2026-05-05 16:00:00+00:00,Karachi,24.8607,67.0011,28.0,89,6.7,1006.6,,3,20.5,87.95,0.1,0.36,114.67,55.67,0.0,72.2,
2026-05-05 17:00:00+00:00,Karachi,24.8607,67.0011,27.6,90,5.4,1007.1,,3,20.79,88.48,0.09,0.36,114.86,56.93,0.0,72.8,
2026-05-05 18:00:00+00:00,Karachi,24.8607,67.0011,27.3,95,7.6,1007.1,,3,20.99,89.31,0.09,0.34,115.21,57.67,0.0,73.2,
2026-05-05 19:00:00+00:00,Karachi,24.8607,67.0011,27.4,93,10.7,1007.2,,3,20.97,89.63,0.09,0.33,115.08,57.8,0.0,73.1,
2026-05-05 20:00:00+00:00,Karachi,24.8607,67.0011,27.1,94,8.9,1006.9,,3,20.89,90.07,0.08,0.32,115.04,57.48,0.0,73.0,
2026-05-05 21:00:00+00:00,Karachi,24.8607,67.0011,26.9,94,5.8,1006.6,,3,20.7,90.14,0.08,0.31,114.96,56.96,0.0,72.6,
2026-05-05 22:00:00+00:00,Karachi,24.8607,67.0011,26.7,94,3.3,1006.4,,3,20.42,90.03,0.08,0.3,114.73,56.12,0.0,72.1,
2026-05-05 23:00:00+00:00,Karachi,24.8607,67.0011,26.4,95,1.1,1006.4,,3,20.18,89.93,0.08,0.28,114.54,55.64,0.0,71.6,
2026-05-06 00:00:00+00:00,Karachi,24.8607,67.0011,25.6,98,5.4,1006.7,,3,19.99,89.6,0.07,0.27,114.49,55.25,0.0,71.3,
2026-05-06 01:00:00+00:00,Karachi,24.8607,67.0011,25.4,96,4.8,1007.0,,3,19.99,89.6,0.07,0.26,114.39,55.32,0.0,71.3,
2026-05-06 02:00:00+00:00,Karachi,24.8607,67.0011,25.5,93,3.5,1007.5,,3,20.03,89.53,0.08,0.26,114.41,55.67,0.0,71.4,
2026-05-06 03:00:00+00:00,Karachi,24.8607,67.0011,27.4,79,2.1,1007.8,,3,19.93,89.01,0.07,0.25,114.54,56.0,0.0,71.2,
2026-05-06 04:00:00+00:00,Karachi,24.8607,67.0011,30.6,60,1.5,1008.0,,3,19.73,88.21,0.06,0.24,114.31,56.24,0.0,70.8,
2026-05-06 05:00:00+00:00,Karachi,24.8607,67.0011,33.4,49,5.4,1008.0,,3,19.53,87.16,0.05,0.24,114.14,56.38,0.0,70.4,
2026-05-06 06:00:00+00:00,Karachi,24.8607,67.0011,32.5,63,13.4,1008.2,,3,19.23,85.73,0.04,0.25,113.5,56.17,0.0,69.9,
2026-05-06 07:00:00+00:00,Karachi,24.8607,67.0011,32.5,61,14.0,1007.8,,3,18.85,84.06,0.03,0.27,112.76,55.71,0.0,69.2,
2026-05-06 08:00:00+00:00,Karachi,24.8607,67.0011,32.6,60,15.3,1007.2,,3,18.51,82.0,0.03,0.28,111.57,54.82,0.0,68.5,
2026-05-06 09:00:00+00:00,Karachi,24.8607,67.0011,32.2,61,16.4,1006.7,,3,18.25,80.15,0.03,0.28,110.33,53.69,0.0,68.0,
2026-05-06 10:00:00+00:00,Karachi,24.8607,67.0011,31.8,61,15.1,1005.9,,3,18.01,78.54,0.03,0.29,109.27,52.54,0.0,67.6,
2026-05-06 11:00:00+00:00,Karachi,24.8607,67.0011,31.5,60,15.2,1005.3,,3,17.57,76.65,0.04,0.29,107.73,50.91,0.0,66.8,
2026-05-06 12:00:00+00:00,Karachi,24.8607,67.0011,30.5,62,12.6,1005.3,,3,17.11,75.24,0.04,0.29,106.14,49.35,0.0,65.9,
2026-05-06 13:00:00+00:00,Karachi,24.8607,67.0011,29.8,67,11.4,1004.6,,3,16.78,74.58,0.06,0.3,105.04,48.35,0.0,65.3,
2026-05-06 14:00:00+00:00,Karachi,24.8607,67.0011,27.9,82,10.6,1004.1,,3,16.4,73.67,0.08,0.3,103.76,47.22,0.0,64.6,
2026-05-06 15:00:00+00:00,Karachi,24.8607,67.0011,27.5,84,11.2,1005.0,,3,16.02,72.49,0.09,0.29,102.48,46.27,0.0,63.9,
2026-05-06 16:00:00+00:00,Karachi,24.8607,67.0011,27.6,85,9.4,1005.7,,3,15.8,71.6,0.09,0.29,101.5,45.85,0.0,63.5,
2026-05-06 17:00:00+00:00,Karachi,24.8607,67.0011,27.3,87,7.6,1005.9,,3,15.77,71.28,0.09,0.28,100.67,45.66,0.0,63.4,
2026-05-06 18:00:00+00:00,Karachi,24.8607,67.0011,27.5,88,9.1,1005.9,,3,15.74,71.02,0.1,0.28,99.88,45.45,0.0,63.4,
2026-05-06 19:00:00+00:00,Karachi,24.8607,67.0011,27.3,89,7.7,1005.2,,3,15.7,70.66,0.1,0.28,99.06,45.27,0.0,63.3,
2026-05-06 20:00:00+00:00,Karachi,24.8607,67.0011,27.1,90,7.6,1004.4,,3,15.74,70.16,0.09,0.28,98.64,45.47,0.0,63.4,
2026-05-06 21:00:00+00:00,Karachi,24.8607,67.0011,26.9,92,8.5,1004.2,,3,15.85,69.41,0.09,0.27,98.43,46.05,0.0,63.6,
2026-05-06 22:00:00+00:00,Karachi,24.8607,67.0011,26.5,95,9.6,1003.7,,3,15.98,68.44,0.09,0.26,98.46,47.04,0.0,63.8,
2026-05-06 23:00:00+00:00,Karachi,24.8607,67.0011,26.3,96,9.4,1003.8,,3,16.03,67.14,0.08,0.26,98.55,47.59,0.0,63.9,
2026-05-07 00:00:00+00:00,Karachi,24.8607,67.0011,26.5,94,12.5,1003.8,,3,15.95,65.85,0.08,0.26,98.55,47.16,0.0,63.8,
2026-05-07 01:00:00+00:00,Karachi,24.8607,67.0011,26.7,93,12.8,1004.0,,3,15.75,64.65,0.08,0.26,98.33,45.85,0.0,63.4,
2026-05-07 02:00:00+00:00,Karachi,24.8607,67.0011,27.4,89,14.2,1004.6,,3,15.45,62.98,0.09,0.27,97.99,44.59,0.0,62.8,
2026-05-07 03:00:00+00:00,Karachi,24.8607,67.0011,28.8,78,15.1,1005.1,,3,15.13,60.91,0.08,0.27,97.78,44.56,0.0,62.2,
2026-05-07 04:00:00+00:00,Karachi,24.8607,67.0011,30.2,70,15.5,1005.3,,3,14.93,58.71,0.06,0.28,97.91,46.49,0.0,61.9,
2026-05-07 05:00:00+00:00,Karachi,24.8607,67.0011,31.2,64,15.7,1005.4,,3,14.84,56.68,0.05,0.29,98.2,49.13,0.0,61.7,
2026-05-07 06:00:00+00:00,Karachi,24.8607,67.0011,31.9,63,16.1,1005.5,,3,14.78,55.09,0.04,0.29,98.36,50.67,0.0,61.6,
2026-05-07 07:00:00+00:00,Karachi,24.8607,67.0011,32.3,61,15.8,1005.3,,3,14.64,54.06,0.04,0.3,98.13,50.41,0.0,61.3,
2026-05-07 08:00:00+00:00,Karachi,24.8607,67.0011,32.5,59,16.1,1005.1,,3,14.38,53.31,0.04,0.3,97.28,48.84,0.0,60.8,
2026-05-07 09:00:00+00:00,Karachi,24.8607,67.0011,32.1,61,16.6,1004.7,,3,14.1,52.79,0.04,0.31,96.53,47.32,0.0,60.3,
2026-05-07 10:00:00+00:00,Karachi,24.8607,67.0011,31.6,65,16.5,1004.3,,3,13.83,52.34,0.05,0.32,95.98,46.97,0.0,59.8,
2026-05-07 11:00:00+00:00,Karachi,24.8607,67.0011,31.0,68,15.7,1004.0,,3,13.66,52.04,0.05,0.33,95.55,47.43,0.0,59.5,
2026-05-07 12:00:00+00:00,Karachi,24.8607,67.0011,30.2,74,17.1,1003.5,,3,13.65,52.36,0.06,0.33,95.29,48.19,0.0,59.5,
2026-05-07 13:00:00+00:00,Karachi,24.8607,67.0011,29.6,78,16.7,1003.5,,3,13.79,53.09,0.07,0.33,95.48,49.04,0.0,59.7,
2026-05-07 14:00:00+00:00,Karachi,24.8607,67.0011,28.8,83,14.2,1003.9,,3,13.98,54.03,0.09,0.33,95.53,49.57,0.0,60.1,
2026-05-07 15:00:00+00:00,Karachi,24.8607,67.0011,28.6,85,13.9,1003.8,,3,14.17,55.11,0.09,0.34,95.56,50.0,0.0,60.4,
2026-05-07 16:00:00+00:00,Karachi,24.8607,67.0011,28.4,87,14.9,1004.3,,3,14.3,56.06,0.09,0.35,95.42,50.49,0.0,60.7,
2026-05-07 17:00:00+00:00,Karachi,24.8607,67.0011,28.2,88,10.5,1005.6,,3,14.35,56.79,0.09,0.36,95.38,50.91,0.0,60.8,
2026-05-07 18:00:00+00:00,Karachi,24.8607,67.0011,28.2,89,8.8,1005.7,,3,14.35,57.18,0.09,0.36,95.3,51.51,0.0,60.8,
2026-05-07 19:00:00+00:00,Karachi,24.8607,67.0011,28.1,88,6.5,1005.6,,3,14.28,57.34,0.09,0.37,95.03,51.85,0.0,60.7,
2026-05-07 20:00:00+00:00,Karachi,24.8607,67.0011,27.8,90,7.9,1004.7,,3,14.24,57.63,0.09,0.37,94.7,51.86,0.0,60.6,
2026-05-07 21:00:00+00:00,Karachi,24.8607,67.0011,27.5,91,8.4,1004.0,,3,14.25,58.08,0.09,0.37,94.45,51.79,0.0,60.6,
2026-05-07 22:00:00+00:00,Karachi,24.8607,67.0011,27.3,92,7.6,1003.7,,3,14.32,58.77,0.09,0.37,94.38,51.75,0.0,60.7,
2026-05-07 23:00:00+00:00,Karachi,24.8607,67.0011,27.1,93,7.3,1003.4,,3,14.43,59.54,0.1,0.36,94.5,51.88,0.0,60.9,
2026-05-08 00:00:00+00:00,Karachi,24.8607,67.0011,26.9,95,6.5,1003.8,,3,14.54,60.08,0.1,0.36,94.61,51.94,0.0,61.1,
2026-05-08 01:00:00+00:00,Karachi,24.8607,67.0011,27.0,95,7.2,1004.3,,3,14.63,60.4,0.1,0.36,94.87,51.98,0.0,61.3,
2026-05-08 02:00:00+00:00,Karachi,24.8607,67.0011,27.6,90,8.1,1004.9,,3,14.65,60.19,0.12,0.35,95.09,52.06,0.0,61.3,
2026-05-08 03:00:00+00:00,Karachi,24.8607,67.0011,28.7,83,8.6,1005.3,,3,14.58,59.49,0.11,0.35,95.25,52.15,0.0,61.2,
2026-05-08 04:00:00+00:00,Karachi,24.8607,67.0011,30.1,74,7.9,1005.9,,3,14.39,58.36,0.09,0.34,95.34,52.31,0.0,60.9,
2026-05-08 05:00:00+00:00,Karachi,24.8607,67.0011,31.3,67,8.1,1006.0,,3,14.23,57.38,0.08,0.33,95.48,52.56,0.0,60.6,
2026-05-08 06:00:00+00:00,Karachi,24.8607,67.0011,31.6,67,12.0,1006.3,,3,14.11,56.72,0.06,0.33,95.54,52.37,0.0,60.3,
2026-05-08 07:00:00+00:00,Karachi,24.8607,67.0011,32.1,65,13.6,1006.2,,3,14.03,56.36,0.06,0.33,95.51,51.52,0.0,60.2,
2026-05-08 08:00:00+00:00,Karachi,24.8607,67.0011,32.1,65,14.2,1006.1,,3,14.03,56.31,0.05,0.33,95.25,49.78,0.0,60.2,
2026-05-08 09:00:00+00:00,Karachi,24.8607,67.0011,31.9,65,14.3,1005.9,,3,14.09,56.61,0.05,0.34,94.93,47.97,0.0,60.3,
2026-05-08 10:00:00+00:00,Karachi,24.8607,67.0011,31.7,66,13.9,1005.4,,3,14.22,57.15,0.05,0.34,94.68,46.94,0.0,60.5,
2026-05-08 11:00:00+00:00,Karachi,24.8607,67.0011,31.4,68,13.3,1005.0,,3,14.35,57.4,0.05,0.34,94.43,46.83,0.0,60.8,
2026-05-08 12:00:00+00:00,Karachi,24.8607,67.0011,30.8,69,13.0,1005.0,,3,14.46,57.31,0.06,0.35,94.36,47.63,0.0,61.0,
2026-05-08 13:00:00+00:00,Karachi,24.8607,67.0011,30.0,76,12.3,1005.2,,3,14.59,57.27,0.07,0.35,94.54,48.99,0.0,61.2,
2026-05-08 14:00:00+00:00,Karachi,24.8607,67.0011,29.2,82,12.6,1005.6,,3,14.73,57.37,0.09,0.35,94.89,50.18,0.0,61.5,
2026-05-08 15:00:00+00:00,Karachi,24.8607,67.0011,28.9,85,11.7,1006.0,,3,14.88,57.69,0.1,0.35,95.15,51.02,0.0,61.8,
2026-05-08 16:00:00+00:00,Karachi,24.8607,67.0011,28.6,87,12.1,1006.5,,3,15.01,58.1,0.1,0.35,95.26,51.16,0.0,62.0,
2026-05-08 17:00:00+00:00,Karachi,24.8607,67.0011,28.4,88,13.0,1006.8,,3,15.19,58.87,0.09,0.35,95.45,50.91,0.0,62.3,
2026-05-08 18:00:00+00:00,Karachi,24.8607,67.0011,28.5,88,12.5,1006.9,,3,15.37,59.77,0.09,0.35,95.59,50.55,0.0,62.7,
2026-05-08 19:00:00+00:00,Karachi,24.8607,67.0011,28.4,88,10.5,1007.0,,3,15.49,60.49,0.09,0.35,95.7,50.29,0.0,62.9,
2026-05-08 20:00:00+00:00,Karachi,24.8607,67.0011,28.3,87,8.7,1006.9,,3,15.57,61.08,0.08,0.35,95.7,50.44,0.0,63.1,
2026-05-08 21:00:00+00:00,Karachi,24.8607,67.0011,27.8,92,8.0,1006.2,,3,15.6,61.65,0.08,0.34,95.65,51.1,0.0,63.1,
2026-05-08 22:00:00+00:00,Karachi,24.8607,67.0011,27.4,95,7.2,1005.8,,3,15.64,62.37,0.08,0.33,95.61,52.42,0.0,63.2,
2026-05-08 23:00:00+00:00,Karachi,24.8607,67.0011,27.2,97,5.9,1006.0,,3,15.74,63.31,0.08,0.32,95.48,53.96,0.0,63.4,
2026-05-09 00:00:00+00:00,Karachi,24.8607,67.0011,27.0,97,6.0,1006.1,,3,15.86,64.6,0.07,0.31,95.53,55.62,0.0,63.6,
2026-05-09 01:00:00+00:00,Karachi,24.8607,67.0011,27.1,96,4.5,1006.8,,3,16.01,65.94,0.07,0.3,95.58,57.22,0.0,63.9,
2026-05-09 02:00:00+00:00,Karachi,24.8607,67.0011,27.5,92,3.6,1007.4,,3,16.11,67.04,0.08,0.29,95.57,58.46,0.0,64.1,
2026-05-09 03:00:00+00:00,Karachi,24.8607,67.0011,28.8,82,5.3,1008.1,,3,16.14,67.6,0.08,0.28,95.59,59.26,0.0,64.1,
2026-05-09 04:00:00+00:00,Karachi,24.8607,67.0011,30.1,74,7.5,1008.4,,3,16.0,67.42,0.07,0.27,95.18,59.5,0.0,63.9,
2026-05-09 05:00:00+00:00,Karachi,24.8607,67.0011,31.1,68,10.3,1008.5,,3,15.84,66.83,0.05,0.26,94.86,59.39,0.0,63.6,
2026-05-09 06:00:00+00:00,Karachi,24.8607,67.0011,31.5,65,12.2,1008.5,,3,15.6,65.6,0.05,0.25,94.57,58.72,0.0,63.1,
2026-05-09 07:00:00+00:00,Karachi,24.8607,67.0011,32.0,63,13.4,1008.0,,3,15.3,63.93,0.04,0.25,94.1,57.62,0.0,62.6,
2026-05-09 08:00:00+00:00,Karachi,24.8607,67.0011,32.1,64,13.8,1007.7,,3,15.0,62.06,0.04,0.25,93.57,56.26,0.0,62.0,
2026-05-09 09:00:00+00:00,Karachi,24.8607,67.0011,32.0,64,14.4,1007.0,,3,14.76,60.18,0.04,0.25,93.16,55.14,0.0,61.5,
2026-05-09 10:00:00+00:00,Karachi,24.8607,67.0011,31.8,66,14.6,1006.4,,3,14.59,58.25,0.04,0.26,93.17,54.67,0.0,61.2,
2026-05-09 11:00:00+00:00,Karachi,24.8607,67.0011,31.4,67,14.2,1005.9,,3,14.42,55.89,0.04,0.27,92.88,54.22,0.0,60.9,
2026-05-09 12:00:00+00:00,Karachi,24.8607,67.0011,30.6,71,13.6,1005.9,,3,14.27,53.94,0.05,0.28,92.77,54.42,0.0,60.6,
2026-05-09 13:00:00+00:00,Karachi,24.8607,67.0011,29.8,75,12.4,1005.8,,3,14.17,52.61,0.06,0.28,93.03,55.4,0.0,60.4,
2026-05-09 14:00:00+00:00,Karachi,24.8607,67.0011,28.9,81,11.1,1006.2,,3,14.07,51.41,0.07,0.29,93.36,56.6,0.0,60.3,
2026-05-09 15:00:00+00:00,Karachi,24.8607,67.0011,28.4,86,10.1,1006.5,,3,14.01,50.62,0.08,0.29,93.61,58.03,0.0,60.1,
2026-05-09 16:00:00+00:00,Karachi,24.8607,67.0011,28.2,87,9.6,1007.0,,3,13.98,50.3,0.08,0.28,93.65,59.28,0.0,60.1,
2026-05-09 17:00:00+00:00,Karachi,24.8607,67.0011,28.0,89,9.2,1007.3,,3,14.05,50.6,0.08,0.28,93.92,60.6,0.0,60.2,
2026-05-09 18:00:00+00:00,Karachi,24.8607,67.0011,28.0,90,8.7,1007.1,,3,14.16,51.28,0.07,0.29,94.05,61.62,0.0,60.4,
2026-05-09 19:00:00+00:00,Karachi,24.8607,67.0011,27.9,90,10.1,1006.8,,3,14.22,52.03,0.07,0.29,93.86,62.35,0.0,60.5,
2026-05-09 20:00:00+00:00,Karachi,24.8607,67.0011,27.6,90,9.6,1006.5,,3,14.28,52.98,0.07,0.29,93.66,62.85,0.0,60.7,
2026-05-09 21:00:00+00:00,Karachi,24.8607,67.0011,27.5,90,9.6,1006.1,,3,14.35,53.93,0.07,0.3,93.25,63.01,0.0,60.8,
2026-05-09 22:00:00+00:00,Karachi,24.8607,67.0011,27.2,92,9.1,1006.0,,3,14.46,54.9,0.07,0.31,93.14,62.99,0.0,61.0,
2026-05-09 23:00:00+00:00,Karachi,24.8607,67.0011,27.0,93,9.1,1005.6,,3,14.58,55.91,0.07,0.32,92.79,63.06,0.0,61.2,
2026-05-10 00:00:00+00:00,Karachi,24.8607,67.0011,26.9,94,8.6,1005.5,,3,14.74,57.39,0.06,0.32,92.58,63.23,0.0,61.5,
2026-05-10 01:00:00+00:00,Karachi,24.8607,67.0011,27.1,93,8.3,1005.9,,3,14.99,59.8,0.06,0.32,92.39,63.88,0.0,62.0,
2026-05-10 02:00:00+00:00,Karachi,24.8607,67.0011,27.7,89,8.5,1006.5,,3,15.28,62.76,0.07,0.32,92.39,64.86,0.0,62.5,
2026-05-10 03:00:00+00:00,Karachi,24.8607,67.0011,29.0,80,9.0,1007.3,,3,15.55,65.6,0.07,0.32,92.59,65.95,0.0,63.0,
2026-05-10 04:00:00+00:00,Karachi,24.8607,67.0011,30.2,73,10.5,1007.4,,3,15.73,68.08,0.06,0.32,92.63,67.06,0.0,63.4,
2026-05-10 05:00:00+00:00,Karachi,24.8607,67.0011,31.0,69,12.7,1007.6,,3,15.83,69.21,0.05,0.31,92.57,66.99,0.0,63.5,
2026-05-10 06:00:00+00:00,Karachi,24.8607,67.0011,31.5,67,13.3,1007.5,,3,15.83,69.07,0.04,0.3,92.42,65.64,0.0,63.5,
2026-05-10 07:00:00+00:00,Karachi,24.8607,67.0011,32.3,61,14.4,1007.2,,3,15.71,67.74,0.04,0.29,91.98,63.35,0.0,63.3,
2026-05-10 08:00:00+00:00,Karachi,24.8607,67.0011,32.5,61,15.3,1006.7,,3,15.45,65.14,0.04,0.29,91.28,60.28,0.0,62.8,
2026-05-10 09:00:00+00:00,Karachi,24.8607,67.0011,32.4,61,15.9,1005.9,,3,15.16,62.6,0.04,0.28,90.67,57.84,0.0,62.3,
2026-05-10 10:00:00+00:00,Karachi,24.8607,67.0011,32.0,64,16.0,1005.0,,3,14.9,60.77,0.04,0.28,90.71,56.76,0.0,61.8,
2026-05-10 11:00:00+00:00,Karachi,24.8607,67.0011,31.7,66,15.5,1004.5,,3,14.6,59.31,0.04,0.28,90.43,56.7,0.0,61.2,
2026-05-10 12:00:00+00:00,Karachi,24.8607,67.0011,30.9,68,13.2,1004.2,,3,14.4,58.42,0.04,0.28,90.48,57.63,0.0,60.9,
2026-05-10 13:00:00+00:00,Karachi,24.8607,67.0011,30.2,72,11.7,1004.2,,3,14.36,58.19,0.06,0.29,90.95,58.89,0.0,60.8,
2026-05-10 14:00:00+00:00,Karachi,24.8607,67.0011,29.5,78,10.1,1004.7,,3,14.39,58.22,0.07,0.29,91.11,59.91,0.0,60.9,
2026-05-10 15:00:00+00:00,Karachi,24.8607,67.0011,29.0,82,9.1,1005.1,,3,14.48,58.64,0.08,0.3,91.26,60.58,0.0,61.0,
2026-05-10 16:00:00+00:00,Karachi,24.8607,67.0011,28.6,84,9.5,1005.3,,3,14.6,59.11,0.08,0.31,91.32,60.83,0.0,61.2,
2026-05-10 17:00:00+00:00,Karachi,24.8607,67.0011,28.2,87,8.4,1005.7,,3,14.71,59.61,0.08,0.31,91.39,60.93,0.0,61.5,
2026-05-10 18:00:00+00:00,Karachi,24.8607,67.0011,28.2,89,8.6,1005.7,,3,14.8,60.24,0.08,0.31,91.49,60.98,0.0,61.6,
2026-05-10 19:00:00+00:00,Karachi,24.8607,67.0011,28.1,89,9.6,1005.5,,3,14.82,60.84,0.08,0.31,91.51,60.82,0.0,61.7,
2026-05-10 20:00:00+00:00,Karachi,24.8607,67.0011,27.8,91,8.1,1004.8,,3,14.82,61.54,0.07,0.31,91.33,60.87,0.0,61.7,
2026-05-10 21:00:00+00:00,Karachi,24.8607,67.0011,27.5,93,8.5,1004.6,,3,14.83,62.07,0.07,0.3,91.28,60.69,0.0,61.7,
2026-05-10 22:00:00+00:00,Karachi,24.8607,67.0011,27.3,94,8.7,1004.3,,3,14.88,62.67,0.07,0.3,91.11,60.57,0.0,61.8,
2026-05-10 23:00:00+00:00,Karachi,24.8607,67.0011,27.1,94,7.4,1004.2,,3,14.97,63.34,0.07,0.31,90.92,60.51,0.0,61.9,
2026-05-11 00:00:00+00:00,Karachi,24.8607,67.0011,26.9,95,7.7,1004.1,,3,15.05,64.07,0.07,0.32,90.7,60.34,0.0,62.1,
2026-05-12 01:00:00+00:00,Karachi,24.8607,67.0011,28.0,92,8.7,1003.1,,3,18.91,77.34,0.1,0.4,89.67,63.39,0.0,69.3,
2026-05-12 02:00:00+00:00,Karachi,24.8607,67.0011,28.6,88,9.7,1003.8,,3,19.19,78.48,0.12,0.41,89.98,63.11,0.0,69.8,
2026-05-12 03:00:00+00:00,Karachi,24.8607,67.0011,29.7,80,7.8,1004.4,,3,19.33,77.85,0.13,0.41,90.3,63.23,0.0,70.1,
2026-05-12 04:00:00+00:00,Karachi,24.8607,67.0011,31.1,72,8.4,1004.6,,3,19.26,75.37,0.11,0.4,90.71,63.6,0.0,69.9,
2026-05-12 05:00:00+00:00,Karachi,24.8607,67.0011,32.3,67,9.5,1004.7,,3,19.16,72.07,0.09,0.38,91.07,64.49,0.0,69.7,
2026-05-12 06:00:00+00:00,Karachi,24.8607,67.0011,33.8,57,9.5,1004.4,,3,19.17,69.07,0.08,0.36,91.73,65.32,0.0,69.8,
2026-05-12 07:00:00+00:00,Karachi,24.8607,67.0011,34.4,54,10.3,1003.6,,3,19.47,67.93,0.06,0.34,92.61,66.51,0.0,70.3,
2026-05-12 08:00:00+00:00,Karachi,24.8607,67.0011,34.9,51,10.8,1002.8,,3,20.0,68.74,0.06,0.34,93.53,67.68,0.0,71.3,
2026-05-12 09:00:00+00:00,Karachi,24.8607,67.0011,34.8,52,12.0,1002.0,,3,20.65,70.83,0.05,0.34,94.26,68.18,0.0,72.5,
2026-05-12 10:00:00+00:00,Karachi,24.8607,67.0011,34.2,53,12.5,1001.1,,3,21.51,74.28,0.05,0.35,95.4,68.95,0.0,74.1,
2026-05-12 11:00:00+00:00,Karachi,24.8607,67.0011,33.3,56,12.0,1000.5,,3,22.13,77.6,0.05,0.37,95.59,69.0,0.0,75.3,
2026-05-12 12:00:00+00:00,Karachi,24.8607,67.0011,33.5,57,10.3,1000.4,,3,22.59,81.25,0.06,0.39,95.11,69.34,0.0,76.1,
2026-05-12 13:00:00+00:00,Karachi,24.8607,67.0011,32.0,62,9.8,1000.3,,3,23.32,86.76,0.08,0.42,95.1,70.84,0.0,77.5,
2026-05-12 14:00:00+00:00,Karachi,24.8607,67.0011,30.7,71,7.0,1000.9,,3,24.36,92.86,0.1,0.44,95.19,73.05,0.0,79.4,
2026-05-12 15:00:00+00:00,Karachi,24.8607,67.0011,30.0,79,9.1,1001.2,,3,25.9,99.49,0.11,0.46,95.69,75.89,0.0,82.3,
2026-05-12 16:00:00+00:00,Karachi,24.8607,67.0011,29.6,82,8.4,1001.5,,4,27.72,105.68,0.11,0.47,96.41,78.76,0.0,85.7,
2026-05-12 17:00:00+00:00,Karachi,24.8607,67.0011,29.4,82,7.1,1002.0,,4,30.08,112.7,0.11,0.5,97.78,82.08,0.0,90.1,
2026-05-12 18:00:00+00:00,Karachi,24.8607,67.0011,29.4,81,8.4,1001.9,,4,32.96,120.14,0.1,0.54,99.71,85.88,0.0,95.5,
2026-05-12 19:00:00+00:00,Karachi,24.8607,67.0011,29.1,81,6.6,1001.7,,4,35.98,126.38,0.1,0.6,101.65,89.7,0.0,102.2,
2026-05-12 20:00:00+00:00,Karachi,24.8607,67.0011,28.8,82,4.6,1001.3,,4,38.79,130.13,0.1,0.66,103.73,93.17,0.0,109.1,
2026-05-12 21:00:00+00:00,Karachi,24.8607,67.0011,28.4,84,2.7,1000.8,,4,41.0,130.58,0.1,0.71,105.67,95.99,0.0,114.5,
2026-05-12 22:00:00+00:00,Karachi,24.8607,67.0011,28.1,85,2.4,1000.3,,4,42.48,128.59,0.1,0.75,107.71,98.77,0.0,118.2,
2026-05-12 23:00:00+00:00,Karachi,24.8607,67.0011,27.7,88,4.9,1000.2,,4,42.81,124.42,0.1,0.79,109.5,101.39,0.0,119.0,
2026-05-13 00:00:00+00:00,Karachi,24.8607,67.0011,27.6,93,4.7,1000.3,,4,42.01,119.2,0.09,0.83,110.63,103.52,0.0,117.0,
2026-05-13 01:00:00+00:00,Karachi,24.8607,67.0011,27.3,93,5.6,1000.9,,4,40.36,113.31,0.09,0.87,111.18,104.77,0.0,113.0,
2026-05-13 02:00:00+00:00,Karachi,24.8607,67.0011,28.6,86,4.0,1001.4,,4,37.69,105.46,0.11,0.9,110.5,104.31,0.0,106.4,
2026-05-13 03:00:00+00:00,Karachi,24.8607,67.0011,30.8,70,5.3,1002.0,,3,34.26,96.66,0.12,0.89,109.42,102.13,0.0,97.9,
2026-05-13 04:00:00+00:00,Karachi,24.8607,67.0011,32.7,58,7.2,1002.4,,3,30.59,88.27,0.11,0.84,108.25,98.53,0.01,91.0,
2026-05-13 05:00:00+00:00,Karachi,24.8607,67.0011,34.2,53,8.7,1002.7,,3,27.02,80.22,0.09,0.75,106.32,93.43,0.02,84.4,
2026-05-13 06:00:00+00:00,Karachi,24.8607,67.0011,35.7,45,13.1,1002.6,,3,23.61,72.24,0.08,0.66,103.1,87.02,0.04,78.0,
2026-05-13 07:00:00+00:00,Karachi,24.8607,67.0011,36.3,39,17.3,1002.2,,3,20.64,65.28,0.08,0.58,99.42,80.4,0.06,72.5,
2026-05-13 08:00:00+00:00,Karachi,24.8607,67.0011,36.3,38,19.8,1001.8,,3,18.83,61.05,0.07,0.52,96.44,74.94,0.09,69.1,
2026-05-13 09:00:00+00:00,Karachi,24.8607,67.0011,36.6,35,20.5,1001.1,,3,18.36,59.45,0.07,0.48,94.92,71.13,0.13,68.3,
2026-05-13 10:00:00+00:00,Karachi,24.8607,67.0011,36.3,36,19.9,1000.5,,3,18.68,58.59,0.07,0.45,95.14,69.16,0.18,68.8,
2026-05-13 11:00:00+00:00,Karachi,24.8607,67.0011,35.4,39,20.4,1000.0,,3,19.08,57.38,0.07,0.43,96.39,68.49,0.23,69.6,
2026-05-13 12:00:00+00:00,Karachi,24.8607,67.0011,34.6,42,22.4,999.5,,3,19.12,55.58,0.08,0.41,98.27,69.07,0.29,69.7,
2026-05-13 13:00:00+00:00,Karachi,24.8607,67.0011,33.3,46,19.5,999.4,,3,18.86,53.59,0.09,0.39,100.55,70.15,0.34,69.2,
2026-05-13 14:00:00+00:00,Karachi,24.8607,67.0011,32.3,50,16.8,999.5,,3,18.44,51.9,0.11,0.39,102.13,70.68,0.38,68.4,
2026-05-13 15:00:00+00:00,Karachi,24.8607,67.0011,31.8,51,14.1,1000.2,,3,17.95,50.08,0.11,0.39,103.73,71.06,0.42,67.5,
2026-05-13 16:00:00+00:00,Karachi,24.8607,67.0011,31.4,53,15.2,1000.6,,2,17.38,48.2,0.11,0.39,104.96,71.32,0.44,66.4,
2026-05-13 17:00:00+00:00,Karachi,24.8607,67.0011,30.9,56,15.3,1001.0,,2,16.75,46.28,0.11,0.38,105.83,70.88,0.42,65.3,
2026-05-13 18:00:00+00:00,Karachi,24.8607,67.0011,30.8,58,13.9,1000.7,,2,15.88,44.07,0.1,0.37,105.55,69.13,0.37,63.6,
2026-05-13 19:00:00+00:00,Karachi,24.8607,67.0011,30.3,60,13.2,1000.6,,2,14.71,41.72,0.1,0.37,103.04,65.74,0.3,61.5,
2026-05-13 20:00:00+00:00,Karachi,24.8607,67.0011,29.6,66,11.9,1000.4,,2,13.5,39.99,0.1,0.36,99.76,62.37,0.23,59.2,
2026-05-13 21:00:00+00:00,Karachi,24.8607,67.0011,29.1,71,11.7,1000.3,,2,12.38,38.7,0.1,0.36,96.36,59.54,0.17,57.1,
2026-05-13 22:00:00+00:00,Karachi,24.8607,67.0011,28.7,75,13.2,1000.5,,2,11.35,37.52,0.09,0.36,93.12,57.61,0.12,55.2,
2026-05-13 23:00:00+00:00,Karachi,24.8607,67.0011,28.5,78,14.1,1000.7,,2,10.56,36.94,0.09,0.36,90.25,56.09,0.09,53.7,
2026-05-14 00:00:00+00:00,Karachi,24.8607,67.0011,28.3,84,14.0,1001.0,,2,10.0,37.47,0.09,0.37,87.27,54.35,0.05,52.7,
2026-05-14 01:00:00+00:00,Karachi,24.8607,67.0011,27.9,87,15.0,1001.5,,2,9.57,38.57,0.09,0.38,84.18,52.42,0.01,51.9,
2026-05-14 02:00:00+00:00,Karachi,24.8607,67.0011,28.5,86,15.7,1002.5,,2,9.19,39.83,0.09,0.4,81.53,50.62,0.0,51.2,
2026-05-14 03:00:00+00:00,Karachi,24.8607,67.0011,29.6,79,17.4,1003.0,,2,8.81,40.72,0.09,0.4,79.22,49.13,0.0,48.9,
2026-05-14 04:00:00+00:00,Karachi,24.8607,67.0011,30.7,73,18.4,1003.6,,2,8.35,40.19,0.07,0.39,77.62,48.21,0.0,46.4,
2026-05-14 05:00:00+00:00,Karachi,24.8607,67.0011,31.5,69,18.9,1004.0,,2,7.95,39.07,0.06,0.37,76.63,47.44,0.0,44.2,
2026-05-14 06:00:00+00:00,Karachi,24.8607,67.0011,32.4,64,20.1,1004.3,,2,7.82,39.13,0.05,0.37,75.52,45.64,0.0,43.4,
2026-05-14 07:00:00+00:00,Karachi,24.8607,67.0011,32.6,62,20.6,1003.7,,2,7.73,38.93,0.04,0.35,75.03,43.3,0.0,42.9,
2026-05-14 08:00:00+00:00,Karachi,24.8607,67.0011,32.8,62,19.8,1003.1,,2,7.57,38.1,0.04,0.34,74.96,41.25,0.0,42.1,
2026-05-14 09:00:00+00:00,Karachi,24.8607,67.0011,32.7,62,19.2,1002.5,,2,7.42,37.04,0.04,0.32,75.36,39.57,0.0,41.2,
2026-05-14 10:00:00+00:00,Karachi,24.8607,67.0011,32.4,63,18.6,1001.7,,2,7.32,36.19,0.04,0.31,76.4,38.44,0.0,40.7,
2026-05-14 11:00:00+00:00,Karachi,24.8607,67.0011,31.6,67,18.2,1001.1,,2,7.26,35.77,0.04,0.31,77.14,37.48,0.0,40.3,
2026-05-14 12:00:00+00:00,Karachi,24.8607,67.0011,31.0,69,18.0,1000.7,,2,7.26,36.1,0.04,0.31,77.65,36.77,0.0,40.3,
2026-05-14 13:00:00+00:00,Karachi,24.8607,67.0011,29.8,75,18.1,1000.5,,2,7.27,37.04,0.05,0.31,77.67,36.22,0.0,40.4,
2026-05-14 14:00:00+00:00,Karachi,24.8607,67.0011,29.1,78,17.3,1000.7,,2,7.29,38.48,0.06,0.32,77.05,35.51,0.0,40.5,
2026-05-14 15:00:00+00:00,Karachi,24.8607,67.0011,28.9,78,16.9,1001.0,,2,7.37,40.42,0.07,0.33,75.92,34.56,0.0,40.9,
2026-05-14 16:00:00+00:00,Karachi,24.8607,67.0011,28.7,80,16.3,1001.6,,2,7.43,42.22,0.08,0.33,74.41,33.56,0.0,41.3,
2026-05-14 17:00:00+00:00,Karachi,24.8607,67.0011,28.5,81,15.9,1002.2,,2,7.43,43.48,0.08,0.33,73.02,32.72,0.0,41.3,
2026-05-14 18:00:00+00:00,Karachi,24.8607,67.0011,28.7,82,14.2,1001.8,,2,7.36,43.76,0.08,0.33,71.77,31.93,0.0,40.9,
2026-05-14 19:00:00+00:00,Karachi,24.8607,67.0011,28.6,82,13.6,1001.9,,2,7.19,42.93,0.08,0.33,70.76,31.37,0.0,39.9,
2026-05-14 20:00:00+00:00,Karachi,24.8607,67.0011,28.4,84,14.8,1001.6,,2,7.04,41.83,0.09,0.33,70.31,31.33,0.0,39.1,
2026-05-14 21:00:00+00:00,Karachi,24.8607,67.0011,28.3,85,14.5,1001.2,,2,6.95,41.07,0.09,0.32,70.29,31.92,0.0,38.6,
2026-05-14 22:00:00+00:00,Karachi,24.8607,67.0011,28.3,85,14.7,1001.2,,2,6.99,41.02,0.08,0.32,70.97,33.13,0.0,38.8,
2026-05-14 23:00:00+00:00,Karachi,24.8607,67.0011,28.2,85,16.0,1001.2,,2,7.1,41.47,0.08,0.32,71.73,34.18,0.0,39.4,
2026-05-15 00:00:00+00:00,Karachi,24.8607,67.0011,28.5,80,15.4,1001.5,,2,7.27,42.05,0.08,0.33,72.46,34.63,0.0,40.4,
2026-05-15 01:00:00+00:00,Karachi,24.8607,67.0011,28.3,80,14.2,1002.0,,2,7.45,42.77,0.08,0.33,72.95,34.76,0.0,41.4,
2026-05-15 02:00:00+00:00,Karachi,24.8607,67.0011,28.9,76,17.5,1003.0,,2,7.59,43.31,0.09,0.34,73.66,35.05,0.0,42.2,
2026-05-15 03:00:00+00:00,Karachi,24.8607,67.0011,29.9,68,16.2,1003.6,,2,7.7,43.54,0.08,0.34,74.57,35.78,0.0,42.8,
2026-05-15 04:00:00+00:00,Karachi,24.8607,67.0011,30.9,63,18.7,1004.1,,2,7.75,43.42,0.07,0.34,75.28,36.73,0.0,43.1,
2026-05-15 05:00:00+00:00,Karachi,24.8607,67.0011,31.8,60,17.7,1004.7,,2,7.78,43.09,0.06,0.33,75.88,37.47,0.0,43.2,
2026-05-15 06:00:00+00:00,Karachi,24.8607,67.0011,32.4,58,17.4,1005.1,,2,7.84,42.84,0.05,0.32,76.11,37.82,0.0,43.6,
2026-05-15 07:00:00+00:00,Karachi,24.8607,67.0011,32.8,56,17.3,1004.4,,2,7.93,42.78,0.05,0.31,76.31,37.95,0.0,44.1,
2026-05-15 08:00:00+00:00,Karachi,24.8607,67.0011,32.9,58,17.3,1003.8,,2,8.02,42.76,0.04,0.31,76.14,37.41,0.0,44.6,
2026-05-15 09:00:00+00:00,Karachi,24.8607,67.0011,32.8,59,16.9,1003.1,,2,8.09,42.7,0.04,0.3,76.14,36.89,0.0,44.9,
2026-05-15 10:00:00+00:00,Karachi,24.8607,67.0011,32.5,62,16.4,1002.2,,2,8.13,42.6,0.04,0.29,76.42,36.7,0.0,45.2,
2026-05-15 11:00:00+00:00,Karachi,24.8607,67.0011,32.0,64,16.1,1001.5,,2,8.17,42.44,0.04,0.29,76.63,36.74,0.0,45.4,
2026-05-15 12:00:00+00:00,Karachi,24.8607,67.0011,31.5,66,15.3,1001.3,,2,8.17,42.14,0.04,0.28,76.89,37.02,0.0,45.4,
2026-05-15 13:00:00+00:00,Karachi,24.8607,67.0011,30.4,72,14.5,1001.2,,2,8.17,41.9,0.05,0.28,77.22,37.55,0.0,45.4,
2026-05-15 14:00:00+00:00,Karachi,24.8607,67.0011,29.5,79,13.4,1001.6,,2,8.14,41.62,0.06,0.28,77.39,38.03,0.0,45.2,
2026-05-15 15:00:00+00:00,Karachi,24.8607,67.0011,29.0,83,12.1,1002.1,,2,8.09,41.46,0.07,0.27,77.42,38.32,0.0,44.9,
2026-05-15 16:00:00+00:00,Karachi,24.8607,67.0011,28.7,84,11.3,1002.7,,2,8.03,41.22,0.07,0.27,77.41,38.64,0.0,44.6,
2026-05-15 17:00:00+00:00,Karachi,24.8607,67.0011,28.5,85,11.7,1003.2,,2,8.0,41.29,0.06,0.27,77.49,39.12,0.0,44.4,
2026-05-15 18:00:00+00:00,Karachi,24.8607,67.0011,28.7,83,12.8,1003.3,,2,7.99,41.42,0.06,0.28,77.71,39.88,0.0,44.4,
2026-05-15 19:00:00+00:00,Karachi,24.8607,67.0011,28.5,84,13.7,1003.3,,2,7.98,41.66,0.06,0.28,77.93,40.71,0.0,44.3,
2026-05-15 20:00:00+00:00,Karachi,24.8607,67.0011,28.2,85,12.6,1002.8,,2,7.99,41.97,0.06,0.28,78.24,41.76,0.0,44.4,
2026-05-15 21:00:00+00:00,Karachi,24.8607,67.0011,28.0,86,10.9,1002.4,,2,8.0,42.15,0.06,0.28,78.5,42.9,0.0,44.4,
2026-05-15 22:00:00+00:00,Karachi,24.8607,67.0011,27.9,86,10.6,1002.7,,2,8.01,42.45,0.06,0.29,78.93,44.19,0.0,44.5,
2026-05-15 23:00:00+00:00,Karachi,24.8607,67.0011,27.8,86,9.1,1003.2,,2,8.01,42.38,0.06,0.29,79.0,44.99,0.0,44.5,
2026-05-16 00:00:00+00:00,Karachi,24.8607,67.0011,27.7,86,9.6,1003.5,,2,8.0,42.24,0.06,0.29,79.18,45.52,0.0,44.4,
2026-05-16 01:00:00+00:00,Karachi,24.8607,67.0011,27.6,86,9.0,1003.8,,2,8.03,42.25,0.06,0.29,79.33,46.16,0.0,44.6,
2026-05-16 02:00:00+00:00,Karachi,24.8607,67.0011,28.5,79,8.8,1004.3,,2,8.09,42.55,0.07,0.29,79.56,46.87,0.0,44.9,
2026-05-16 03:00:00+00:00,Karachi,24.8607,67.0011,29.7,71,9.8,1004.8,,2,8.19,43.25,0.06,0.29,79.71,47.49,0.0,45.5,
2026-05-16 04:00:00+00:00,Karachi,24.8607,67.0011,31.0,65,10.8,1005.3,,2,8.33,44.35,0.05,0.28,79.88,47.96,0.0,46.3,
2026-05-16 05:00:00+00:00,Karachi,24.8607,67.0011,31.8,61,11.8,1005.2,,2,8.51,45.54,0.04,0.27,80.05,48.36,0.0,47.3,
2026-05-16 06:00:00+00:00,Karachi,24.8607,67.0011,32.8,58,12.8,1005.1,,2,8.7,46.7,0.04,0.26,80.36,48.25,0.0,48.3,
2026-05-16 07:00:00+00:00,Karachi,24.8607,67.0011,33.0,57,14.2,1004.7,,2,8.87,48.04,0.03,0.25,80.68,47.87,0.0,49.3,
2026-05-16 08:00:00+00:00,Karachi,24.8607,67.0011,33.3,55,13.4,1004.3,,2,9.01,49.19,0.03,0.23,80.76,47.21,0.0,45.5,
2026-05-16 09:00:00+00:00,Karachi,24.8607,67.0011,33.2,55,13.9,1004.0,,2,9.05,49.51,0.03,0.22,80.71,46.08,0.0,45.8,
2026-05-16 10:00:00+00:00,Karachi,24.8607,67.0011,32.6,57,14.3,1003.6,,2,9.04,49.41,0.03,0.21,80.67,45.01,0.0,45.8,
2026-05-16 11:00:00+00:00,Karachi,24.8607,67.0011,31.8,61,14.4,1003.2,,2,9.0,48.79,0.03,0.2,80.45,43.84,0.0,50.0,
2026-05-16 12:00:00+00:00,Karachi,24.8607,67.0011,31.2,63,13.1,1003.2,,2,8.96,48.14,0.03,0.19,80.23,43.23,0.0,49.8,
2026-05-16 13:00:00+00:00,Karachi,24.8607,67.0011,30.0,69,12.6,1003.4,,2,8.96,47.76,0.04,0.18,80.17,43.17,0.0,49.8,
2026-05-16 14:00:00+00:00,Karachi,24.8607,67.0011,28.9,76,11.5,1003.5,,2,8.96,47.52,0.05,0.18,80.41,43.4,0.0,49.8,
2026-05-16 15:00:00+00:00,Karachi,24.8607,67.0011,28.5,80,10.4,1004.2,,2,8.98,47.3,0.06,0.18,80.5,43.81,0.0,49.9,
2026-05-16 16:00:00+00:00,Karachi,24.8607,67.0011,28.2,83,9.3,1004.8,,2,8.96,47.02,0.06,0.18,80.53,44.27,0.0,49.8,
2026-05-16 17:00:00+00:00,Karachi,24.8607,67.0011,28.0,84,9.9,1005.4,,2,8.98,46.98,0.06,0.18,80.84,44.87,0.0,49.9,
2026-05-16 18:00:00+00:00,Karachi,24.8607,67.0011,28.1,85,11.2,1005.2,,2,9.01,46.88,0.06,0.18,81.15,45.48,0.0,43.4,
2026-05-16 19:00:00+00:00,Karachi,24.8607,67.0011,27.8,87,11.9,1005.2,,2,9.0,46.54,0.06,0.19,81.43,45.98,0.0,50.0,
2026-05-16 20:00:00+00:00,Karachi,24.8607,67.0011,27.4,89,11.5,1004.8,,2,9.03,46.45,0.05,0.19,81.72,46.6,0.0,43.0,
2026-05-16 21:00:00+00:00,Karachi,24.8607,67.0011,27.2,88,11.9,1004.6,,2,9.08,46.5,0.05,0.2,81.99,47.12,0.0,43.1,
2026-05-16 22:00:00+00:00,Karachi,24.8607,67.0011,27.1,88,11.7,1004.5,,2,9.19,46.64,0.05,0.2,82.38,47.45,0.0,51.2,
2026-05-16 23:00:00+00:00,Karachi,24.8607,67.0011,27.0,87,12.0,1004.6,,2,9.34,46.94,0.05,0.21,82.73,47.78,0.0,51.4,
2026-05-17 00:00:00+00:00,Karachi,24.8607,67.0011,27.1,88,12.7,1004.8,,2,9.53,47.39,0.05,0.21,83.22,48.14,0.0,51.8,
2026-05-17 01:00:00+00:00,Karachi,24.8607,67.0011,27.0,88,11.7,1005.2,,2,9.8,48.16,0.05,0.2,83.53,48.62,0.0,52.3,
2026-05-17 02:00:00+00:00,Karachi,24.8607,67.0011,27.7,82,12.4,1005.7,,2,10.09,49.08,0.06,0.2,84.08,49.23,0.0,52.8,
2026-05-17 03:00:00+00:00,Karachi,24.8607,67.0011,28.9,74,12.3,1006.2,,2,10.38,49.97,0.05,0.19,84.63,49.85,0.0,53.4,
2026-05-17 04:00:00+00:00,Karachi,24.8607,67.0011,30.5,64,12.5,1006.7,,3,10.64,50.82,0.04,0.18,84.8,50.07,0.0,53.9,
2026-05-17 05:00:00+00:00,Karachi,24.8607,67.0011,32.0,56,13.1,1007.0,,3,10.9,51.79,0.03,0.18,85.1,49.81,0.0,54.4,
2026-05-17 06:00:00+00:00,Karachi,24.8607,67.0011,33.4,44,13.5,1007.2,,3,11.13,52.72,0.03,0.17,85.21,48.77,0.0,54.8,
2026-05-17 07:00:00+00:00,Karachi,24.8607,67.0011,33.7,45,14.5,1006.9,,3,11.31,53.39,0.03,0.16,85.1,46.94,0.0,55.1,
2026-05-17 08:00:00+00:00,Karachi,24.8607,67.0011,33.9,44,14.7,1006.4,,3,11.44,54.15,0.03,0.15,84.8,44.92,0.0,55.4,
2026-05-17 09:00:00+00:00,Karachi,24.8607,67.0011,33.8,45,15.2,1005.8,,3,11.55,55.09,0.03,0.15,84.48,43.01,0.0,55.6,
2026-05-17 10:00:00+00:00,Karachi,24.8607,67.0011,33.3,46,15.4,1005.1,,3,11.66,56.36,0.03,0.15,84.36,41.46,0.0,55.8,
2026-05-17 11:00:00+00:00,Karachi,24.8607,67.0011,32.3,52,15.3,1004.6,,3,11.7,57.5,0.03,0.15,83.92,40.22,0.0,55.8,
2026-05-17 12:00:00+00:00,Karachi,24.8607,67.0011,31.1,63,15.1,1004.4,,3,11.63,58.28,0.03,0.15,83.57,39.36,0.0,55.7,
2026-05-17 13:00:00+00:00,Karachi,24.8607,67.0011,29.6,71,14.6,1004.4,,3,11.49,58.81,0.04,0.16,83.28,39.11,0.0,55.5,
2026-05-17 14:00:00+00:00,Karachi,24.8607,67.0011,28.4,79,13.6,1004.5,,3,11.24,58.6,0.06,0.17,83.04,39.05,0.0,55.0,
2026-05-17 15:00:00+00:00,Karachi,24.8607,67.0011,28.0,81,13.4,1004.7,,3,10.9,58.0,0.06,0.18,82.79,39.46,0.0,54.4,
2026-05-17 16:00:00+00:00,Karachi,24.8607,67.0011,27.9,82,14.1,1005.2,,3,10.6,57.47,0.07,0.18,82.67,40.4,0.0,53.8,
2026-05-17 17:00:00+00:00,Karachi,24.8607,67.0011,27.7,83,14.3,1005.7,,3,10.36,57.17,0.06,0.19,82.77,41.76,0.0,53.3,
2026-05-17 18:00:00+00:00,Karachi,24.8607,67.0011,28.1,80,14.6,1005.3,,3,10.17,56.54,0.06,0.19,83.01,43.34,0.0,53.0,
2026-05-17 19:00:00+00:00,Karachi,24.8607,67.0011,27.7,83,13.7,1005.1,,3,9.93,55.25,0.06,0.2,82.99,44.79,0.0,52.5,
2026-05-17 20:00:00+00:00,Karachi,24.8607,67.0011,27.4,85,13.9,1004.4,,3,9.72,53.85,0.06,0.2,83.0,46.0,0.0,52.2,
2026-05-17 21:00:00+00:00,Karachi,24.8607,67.0011,27.3,86,13.9,1004.0,,3,9.53,52.61,0.06,0.21,82.9,46.66,0.0,51.8,
2026-05-17 22:00:00+00:00,Karachi,24.8607,67.0011,27.1,87,13.3,1003.8,,3,9.34,51.33,0.06,0.22,82.74,47.0,0.0,51.4,
2026-05-17 23:00:00+00:00,Karachi,24.8607,67.0011,27.0,86,13.3,1004.0,,2,9.07,49.73,0.06,0.22,82.43,47.08,0.0,46.0,
2026-05-18 00:00:00+00:00,Karachi,24.8607,67.0011,27.1,85,14.1,1003.9,,2,8.82,48.24,0.06,0.22,82.14,47.07,0.0,49.0,
2026-05-18 01:00:00+00:00,Karachi,24.8607,67.0011,27.2,82,14.6,1004.0,,2,8.68,47.72,0.06,0.22,82.28,47.63,0.0,48.2,
2026-05-18 02:00:00+00:00,Karachi,24.8607,67.0011,27.9,76,17.0,1004.5,,2,8.74,49.11,0.06,0.22,82.74,49.22,0.0,48.6,
2026-05-18 03:00:00+00:00,Karachi,24.8607,67.0011,28.8,71,18.0,1005.0,,3,8.99,52.05,0.05,0.22,83.24,51.6,0.0,49.9,
2026-05-18 04:00:00+00:00,Karachi,24.8607,67.0011,30.0,65,18.4,1005.3,,3,9.42,56.2,0.04,0.22,83.77,53.84,0.0,51.6,
2026-05-18 05:00:00+00:00,Karachi,24.8607,67.0011,31.0,61,17.5,1005.4,,3,9.83,59.72,0.04,0.21,83.89,54.65,0.0,53.3,
2026-05-18 06:00:00+00:00,Karachi,24.8607,67.0011,32.0,58,18.4,1005.3,,3,10.11,62.17,0.03,0.21,83.84,54.02,0.0,54.5,
2026-05-18 07:00:00+00:00,Karachi,24.8607,67.0011,32.2,57,19.1,1005.1,,3,10.3,63.88,0.03,0.2,83.84,52.73,0.0,55.4,
2026-05-18 08:00:00+00:00,Karachi,24.8607,67.0011,32.2,56,19.6,1004.6,,3,10.38,64.81,0.03,0.2,83.41,50.91,0.0,55.9,
2026-05-18 09:00:00+00:00,Karachi,24.8607,67.0011,32.1,59,19.6,1004.2,,3,10.38,65.22,0.03,0.2,83.14,48.99,0.0,56.1,
2026-05-18 10:00:00+00:00,Karachi,24.8607,67.0011,31.7,62,19.7,1003.7,,3,10.36,65.33,0.03,0.2,83.03,47.58,0.0,56.1,
2026-05-18 11:00:00+00:00,Karachi,24.8607,67.0011,31.3,64,19.8,1003.1,,3,10.29,64.68,0.03,0.21,82.88,46.84,0.0,55.8,
2026-05-18 12:00:00+00:00,Karachi,24.8607,67.0011,30.8,66,18.9,1002.4,,3,10.11,62.71,0.03,0.21,82.77,46.62,0.0,54.8,
2026-05-18 13:00:00+00:00,Karachi,24.8607,67.0011,29.6,72,18.4,1002.5,,3,9.76,59.53,0.04,0.21,82.77,46.83,0.0,53.2,
2026-05-18 14:00:00+00:00,Karachi,24.8607,67.0011,28.8,77,17.6,1002.5,,3,9.18,55.21,0.05,0.22,82.5,46.72,0.0,51.1,
2026-05-18 15:00:00+00:00,Karachi,24.8607,67.0011,28.6,79,16.9,1002.7,,3,8.5,50.57,0.06,0.23,82.09,46.25,0.0,47.2,
2026-05-18 16:00:00+00:00,Karachi,24.8607,67.0011,28.5,79,17.9,1003.1,,2,7.98,46.89,0.06,0.25,81.52,45.68,0.0,44.3,
2026-05-18 17:00:00+00:00,Karachi,24.8607,67.0011,28.5,80,17.0,1003.4,,2,7.79,45.02,0.06,0.26,81.37,45.59,0.0,43.3,
2026-05-18 18:00:00+00:00,Karachi,24.8607,67.0011,28.6,80,16.4,1003.1,,2,7.94,45.02,0.06,0.27,81.55,46.26,0.0,44.1,
2026-05-18 19:00:00+00:00,Karachi,24.8607,67.0011,28.4,81,17.3,1003.1,,2,8.35,46.65,0.06,0.28,82.18,47.66,0.0,46.4,
2026-05-18 20:00:00+00:00,Karachi,24.8607,67.0011,28.3,83,15.1,1002.4,,2,8.88,49.32,0.06,0.29,82.99,49.42,0.0,49.3,
2026-05-18 21:00:00+00:00,Karachi,24.8607,67.0011,28.3,82,15.6,1002.1,,3,9.39,52.14,0.06,0.3,83.7,51.04,0.0,51.5,
2026-05-18 22:00:00+00:00,Karachi,24.8607,67.0011,28.2,81,15.9,1001.8,,3,9.8,54.58,0.06,0.31,84.41,52.41,0.0,52.3,
2026-05-18 23:00:00+00:00,Karachi,24.8607,67.0011,28.2,82,16.6,1001.8,,3,10.06,56.05,0.06,0.32,84.89,53.45,0.0,52.8,
2026-05-19 00:00:00+00:00,Karachi,24.8607,67.0011,28.3,82,16.8,1001.9,,3,10.25,56.78,0.06,0.33,85.44,54.71,0.0,53.1,
2026-05-20 01:00:00+00:00,Karachi,24.8607,67.0011,27.8,89,14.0,1002.9,,3,17.41,99.4,0.08,0.37,86.77,50.55,0.0,73.0,
2026-05-20 02:00:00+00:00,Karachi,24.8607,67.0011,28.5,82,16.0,1003.7,,4,18.51,109.3,0.09,0.37,86.51,51.43,0.0,77.9,
2026-05-20 03:00:00+00:00,Karachi,24.8607,67.0011,29.5,75,15.4,1004.1,,4,19.56,118.67,0.08,0.37,86.68,52.8,0.0,82.5,
2026-05-20 04:00:00+00:00,Karachi,24.8607,67.0011,30.4,70,15.8,1004.5,,4,20.66,127.73,0.07,0.38,86.88,54.49,0.0,87.0,
2026-05-20 05:00:00+00:00,Karachi,24.8607,67.0011,31.2,67,16.4,1004.7,,4,21.21,132.06,0.06,0.38,86.97,54.88,0.0,89.1,
2026-05-20 06:00:00+00:00,Karachi,24.8607,67.0011,32.6,63,17.0,1004.5,,4,21.56,134.84,0.05,0.38,86.99,54.63,0.0,90.5,
2026-05-20 07:00:00+00:00,Karachi,24.8607,67.0011,33.1,58,17.1,1004.2,,4,21.76,136.37,0.05,0.37,87.02,53.96,0.0,91.3,
2026-05-20 08:00:00+00:00,Karachi,24.8607,67.0011,33.3,56,17.4,1003.6,,4,21.77,135.64,0.04,0.36,86.93,52.77,0.0,90.9,
2026-05-20 09:00:00+00:00,Karachi,24.8607,67.0011,33.2,57,17.0,1003.0,,4,21.79,133.94,0.04,0.34,86.95,51.49,0.0,90.1,
2026-05-20 10:00:00+00:00,Karachi,24.8607,67.0011,32.8,59,16.7,1002.4,,4,21.83,131.45,0.04,0.33,87.16,50.56,0.0,88.8,
2026-05-20 11:00:00+00:00,Karachi,24.8607,67.0011,32.1,64,16.9,1001.8,,4,21.62,126.52,0.04,0.33,87.34,49.79,0.0,86.4,
2026-05-20 12:00:00+00:00,Karachi,24.8607,67.0011,31.6,63,15.8,1001.7,,4,21.07,118.84,0.05,0.32,87.22,49.21,0.0,82.6,
2026-05-20 13:00:00+00:00,Karachi,24.8607,67.0011,30.4,71,14.6,1001.5,,4,20.41,110.36,0.06,0.32,87.41,49.08,0.0,78.4,
2026-05-20 14:00:00+00:00,Karachi,24.8607,67.0011,29.4,78,12.5,1001.8,,4,19.6,101.5,0.07,0.31,87.56,48.97,0.0,74.0,
2026-05-20 15:00:00+00:00,Karachi,24.8607,67.0011,28.9,83,11.8,1002.2,,3,18.7,93.08,0.08,0.31,87.66,48.86,0.0,69.8,
2026-05-20 16:00:00+00:00,Karachi,24.8607,67.0011,28.6,85,12.0,1002.7,,3,17.89,86.48,0.08,0.3,87.81,48.91,0.0,67.4,
2026-05-20 17:00:00+00:00,Karachi,24.8607,67.0011,28.5,86,13.2,1003.3,,3,17.25,81.57,0.08,0.3,88.24,49.32,0.0,66.2,
2026-05-20 18:00:00+00:00,Karachi,24.8607,67.0011,28.8,85,16.3,1003.3,,3,16.67,77.7,0.07,0.31,88.66,49.84,0.0,65.1,
2026-05-20 19:00:00+00:00,Karachi,24.8607,67.0011,28.7,84,15.3,1003.1,,3,16.15,74.74,0.07,0.31,88.88,50.22,0.0,64.1,
2026-05-20 20:00:00+00:00,Karachi,24.8607,67.0011,28.3,88,14.0,1002.7,,3,15.81,72.74,0.07,0.32,89.25,50.52,0.0,63.5,
2026-05-20 21:00:00+00:00,Karachi,24.8607,67.0011,28.2,88,14.2,1002.4,,3,15.59,71.58,0.07,0.32,89.38,50.88,0.0,63.1,
2026-05-20 22:00:00+00:00,Karachi,24.8607,67.0011,28.2,86,14.1,1002.3,,3,15.48,71.26,0.07,0.33,89.6,51.57,0.0,62.9,
2026-05-20 23:00:00+00:00,Karachi,24.8607,67.0011,28.3,83,13.7,1002.4,,3,15.46,72.12,0.07,0.33,89.68,52.38,0.0,62.8,
2026-05-21 00:00:00+00:00,Karachi,24.8607,67.0011,28.3,84,12.5,1002.4,,3,15.53,74.16,0.07,0.33,89.62,53.14,0.0,63.0,
2026-05-21 01:00:00+00:00,Karachi,24.8607,67.0011,28.1,84,12.1,1003.0,,3,15.67,76.79,0.07,0.33,89.34,53.58,0.0,63.2,
2026-05-21 02:00:00+00:00,Karachi,24.8607,67.0011,28.7,80,13.6,1003.6,,3,15.84,79.47,0.08,0.33,89.11,53.96,0.0,63.6,
2026-05-21 03:00:00+00:00,Karachi,24.8607,67.0011,29.8,74,14.9,1004.2,,3,15.96,81.87,0.07,0.33,89.08,54.19,0.0,64.3,
2026-05-21 04:00:00+00:00,Karachi,24.8607,67.0011,30.9,67,15.5,1004.4,,3,16.05,83.85,0.06,0.33,89.0,54.34,0.0,65.3,
2026-05-21 05:00:00+00:00,Karachi,24.8607,67.0011,31.6,65,15.9,1004.6,,3,16.0,84.48,0.05,0.32,88.63,53.94,0.0,65.6,
2026-05-21 06:00:00+00:00,Karachi,24.8607,67.0011,32.5,62,15.9,1004.6,,3,15.84,83.78,0.04,0.31,88.2,52.72,0.0,65.2,
2026-05-21 07:00:00+00:00,Karachi,24.8607,67.0011,32.5,63,15.9,1004.4,,3,15.55,82.18,0.04,0.3,87.63,50.92,0.0,64.5,
2026-05-21 08:00:00+00:00,Karachi,24.8607,67.0011,32.6,63,16.6,1003.9,,3,15.22,80.6,0.04,0.3,86.9,48.96,0.0,63.7,
2026-05-21 09:00:00+00:00,Karachi,24.8607,67.0011,32.4,64,16.7,1003.3,,3,14.92,79.66,0.04,0.29,86.41,47.31,0.0,63.2,
2026-05-21 10:00:00+00:00,Karachi,24.8607,67.0011,32.1,65,17.1,1002.9,,3,14.66,79.63,0.04,0.29,86.28,46.19,0.0,63.2,
2026-05-21 11:00:00+00:00,Karachi,24.8607,67.0011,31.7,66,16.1,1002.5,,3,14.41,79.65,0.04,0.29,86.03,45.47,0.0,63.2,
2026-05-21 12:00:00+00:00,Karachi,24.8607,67.0011,31.6,66,15.3,1002.5,,3,14.29,80.36,0.04,0.29,85.98,45.59,0.0,63.6,
2026-05-21 13:00:00+00:00,Karachi,24.8607,67.0011,30.6,70,15.4,1002.7,,3,14.44,82.92,0.05,0.3,86.23,46.5,0.0,64.8,
2026-05-21 14:00:00+00:00,Karachi,24.8607,67.0011,29.9,73,15.0,1003.2,,3,14.75,85.96,0.07,0.31,86.7,47.71,0.0,66.3,
2026-05-21 15:00:00+00:00,Karachi,24.8607,67.0011,29.6,75,14.4,1003.7,,3,15.11,89.03,0.07,0.32,87.0,48.96,0.0,67.8,
2026-05-21 16:00:00+00:00,Karachi,24.8607,67.0011,29.3,78,13.2,1004.3,,3,15.46,91.7,0.07,0.32,87.3,49.92,0.0,69.2,
2026-05-21 17:00:00+00:00,Karachi,24.8607,67.0011,29.0,81,12.7,1004.8,,3,15.8,94.52,0.07,0.32,87.6,50.8,0.0,70.6,
2026-05-21 18:00:00+00:00,Karachi,24.8607,67.0011,29.0,81,13.3,1004.9,,3,16.22,97.46,0.07,0.32,87.72,51.63,0.0,72.0,
2026-05-21 19:00:00+00:00,Karachi,24.8607,67.0011,28.7,82,13.0,1004.9,,4,16.61,100.22,0.07,0.32,87.6,52.17,0.0,73.4,
2026-05-21 20:00:00+00:00,Karachi,24.8607,67.0011,28.5,84,12.2,1004.7,,4,17.02,103.03,0.06,0.31,87.43,52.58,0.0,74.8,
2026-05-21 21:00:00+00:00,Karachi,24.8607,67.0011,28.3,85,11.3,1004.4,,4,17.37,105.43,0.06,0.31,87.08,52.77,0.0,76.0,
2026-05-21 22:00:00+00:00,Karachi,24.8607,67.0011,28.1,87,10.6,1004.7,,4,17.64,107.61,0.06,0.31,86.8,52.92,0.0,77.0,
2026-05-21 23:00:00+00:00,Karachi,24.8607,67.0011,27.9,88,9.7,1004.9,,4,17.76,109.04,0.06,0.3,86.28,52.85,0.0,77.7,
2026-05-22 00:00:00+00:00,Karachi,24.8607,67.0011,28.1,86,9.6,1004.9,,4,17.72,109.16,0.06,0.29,85.85,52.48,0.0,77.8,
2026-05-22 01:00:00+00:00,Karachi,24.8607,67.0011,27.9,87,9.7,1005.4,,4,17.54,106.97,0.06,0.28,85.17,51.77,0.0,76.7,
2026-05-22 02:00:00+00:00,Karachi,24.8607,67.0011,28.7,82,10.2,1006.3,,4,17.35,104.19,0.07,0.27,84.83,51.2,0.0,75.3,
2026-05-22 03:00:00+00:00,Karachi,24.8607,67.0011,29.9,75,10.5,1006.9,,4,17.15,102.03,0.06,0.26,84.59,50.82,0.0,74.3,
2026-05-22 04:00:00+00:00,Karachi,24.8607,67.0011,30.9,70,10.8,1007.4,,4,17.0,101.62,0.05,0.25,84.24,50.5,0.0,74.1,
2026-05-22 05:00:00+00:00,Karachi,24.8607,67.0011,31.7,67,11.8,1007.7,,4,17.05,103.02,0.04,0.23,84.27,50.39,0.0,74.8,
2026-05-22 06:00:00+00:00,Karachi,24.8607,67.0011,32.4,63,11.7,1007.7,,4,17.12,104.26,0.04,0.22,84.38,49.98,0.0,75.4,
2026-05-22 07:00:00+00:00,Karachi,24.8607,67.0011,32.7,61,12.4,1007.4,,4,17.18,105.29,0.03,0.21,84.47,49.25,0.0,75.9,
2026-05-22 08:00:00+00:00,Karachi,24.8607,67.0011,33.0,59,13.2,1006.8,,4,17.2,105.68,0.03,0.2,84.49,48.17,0.0,76.1,
2026-05-22 09:00:00+00:00,Karachi,24.8607,67.0011,32.9,60,14.1,1006.1,,4,17.21,105.87,0.03,0.2,84.52,47.07,0.0,76.2,
2026-05-22 10:00:00+00:00,Karachi,24.8607,67.0011,32.4,62,15.2,1005.6,,4,17.23,105.99,0.03,0.19,84.81,46.28,0.0,76.2,
2026-05-22 11:00:00+00:00,Karachi,24.8607,67.0011,31.5,66,15.6,1005.4,,4,17.21,105.79,0.03,0.19,84.99,45.76,0.0,76.1,
2026-05-22 12:00:00+00:00,Karachi,24.8607,67.0011,31.3,70,13.7,1005.3,,4,17.19,105.3,0.03,0.19,85.11,45.71,0.0,75.9,
2026-05-22 13:00:00+00:00,Karachi,24.8607,67.0011,30.1,75,13.7,1005.6,,4,17.23,104.94,0.04,0.2,85.63,46.11,0.0,75.7,
2026-05-22 14:00:00+00:00,Karachi,24.8607,67.0011,29.6,78,13.1,1006.0,,4,17.27,104.4,0.05,0.2,85.75,46.38,0.0,75.5,
2026-05-22 15:00:00+00:00,Karachi,24.8607,67.0011,29.4,79,14.8,1006.5,,4,17.34,104.06,0.06,0.2,85.58,46.56,0.0,75.3,
2026-05-22 16:00:00+00:00,Karachi,24.8607,67.0011,29.2,79,15.7,1006.8,,4,17.45,103.86,0.06,0.21,85.57,46.84,0.0,75.2,
2026-05-22 17:00:00+00:00,Karachi,24.8607,67.0011,29.1,79,14.5,1007.4,,4,17.59,103.74,0.06,0.21,85.59,47.38,0.0,75.1,
2026-05-22 18:00:00+00:00,Karachi,24.8607,67.0011,29.1,80,14.3,1007.5,,4,17.65,103.4,0.06,0.22,85.73,47.95,0.0,75.0,
2026-05-22 19:00:00+00:00,Karachi,24.8607,67.0011,29.0,80,13.7,1007.5,,4,17.55,102.38,0.06,0.23,85.58,48.26,0.0,74.5,
2026-05-22 20:00:00+00:00,Karachi,24.8607,67.0011,28.8,81,12.8,1007.3,,4,17.41,101.6,0.06,0.23,85.33,48.43,0.0,74.1,
2026-05-22 21:00:00+00:00,Karachi,24.8607,67.0011,28.5,83,11.8,1007.2,,4,17.28,101.09,0.06,0.24,85.19,48.56,0.0,73.8,
2026-05-22 22:00:00+00:00,Karachi,24.8607,67.0011,28.4,82,10.7,1007.1,,4,17.33,101.49,0.06,0.25,85.11,49.07,0.0,74.0,
2026-05-22 23:00:00+00:00,Karachi,24.8607,67.0011,28.2,82,10.0,1007.2,,4,17.72,104.15,0.06,0.25,85.53,50.46,0.0,75.3,
2026-05-23 00:00:00+00:00,Karachi,24.8607,67.0011,28.0,82,10.3,1007.0,,4,18.27,108.25,0.06,0.26,85.74,51.81,0.0,77.4,
2026-05-23 01:00:00+00:00,Karachi,24.8607,67.0011,27.7,84,10.0,1007.4,,4,18.9,113.5,0.06,0.26,86.23,53.19,0.0,80.0,
2026-05-23 02:00:00+00:00,Karachi,24.8607,67.0011,28.3,78,10.3,1007.8,,4,19.42,117.89,0.07,0.26,86.49,54.3,0.0,82.1,
2026-05-23 03:00:00+00:00,Karachi,24.8607,67.0011,29.4,73,9.9,1008.3,,4,19.74,120.68,0.06,0.25,86.72,55.17,0.0,83.5,
2026-05-23 04:00:00+00:00,Karachi,24.8607,67.0011,30.6,66,10.7,1008.8,,4,19.81,121.42,0.05,0.24,86.77,55.58,0.0,83.9,
2026-05-23 05:00:00+00:00,Karachi,24.8607,67.0011,31.6,62,12.0,1009.0,,4,19.79,121.44,0.04,0.23,86.89,55.35,0.0,83.9,
2026-05-23 06:00:00+00:00,Karachi,24.8607,67.0011,32.3,60,12.8,1008.7,,4,19.71,121.0,0.04,0.21,86.8,54.3,0.0,83.7,
2026-05-23 07:00:00+00:00,Karachi,24.8607,67.0011,32.6,58,13.4,1008.4,,4,19.5,119.74,0.03,0.19,86.68,52.7,0.0,83.0,
2026-05-23 08:00:00+00:00,Karachi,24.8607,67.0011,32.5,58,14.4,1007.9,,4,19.09,116.89,0.03,0.18,86.35,50.91,0.0,81.6,
2026-05-23 09:00:00+00:00,Karachi,24.8607,67.0011,32.0,62,15.5,1007.4,,4,18.48,112.57,0.03,0.17,86.26,49.2,0.0,79.5,
2026-05-23 10:00:00+00:00,Karachi,24.8607,67.0011,31.5,65,16.4,1007.0,,4,17.76,107.44,0.03,0.16,86.17,47.7,0.0,77.0,
2026-05-23 11:00:00+00:00,Karachi,24.8607,67.0011,31.0,67,16.7,1006.5,,4,16.91,101.73,0.03,0.16,85.86,46.14,0.0,74.1,
2026-05-23 12:00:00+00:00,Karachi,24.8607,67.0011,30.9,67,15.8,1006.3,,3,15.97,95.49,0.03,0.16,85.54,45.03,0.0,71.0,
2026-05-23 13:00:00+00:00,Karachi,24.8607,67.0011,29.9,71,14.9,1006.1,,3,15.12,89.7,0.04,0.16,85.48,44.63,0.0,68.2,
2026-05-23 14:00:00+00:00,Karachi,24.8607,67.0011,29.0,76,14.0,1006.1,,3,14.4,84.95,0.06,0.17,85.4,44.55,0.0,65.8,
2026-05-23 15:00:00+00:00,Karachi,24.8607,67.0011,28.6,78,13.4,1006.4,,3,13.82,81.27,0.06,0.18,85.49,44.59,0.0,64.0,
2026-05-23 16:00:00+00:00,Karachi,24.8607,67.0011,28.6,77,13.9,1007.0,,3,13.35,78.18,0.06,0.18,85.56,44.94,0.0,62.5,
2026-05-23 17:00:00+00:00,Karachi,24.8607,67.0011,28.5,78,14.3,1007.6,,3,12.91,74.82,0.07,0.19,85.8,45.89,0.0,60.8,
2026-05-23 18:00:00+00:00,Karachi,24.8607,67.0011,28.5,79,14.0,1007.5,,3,12.36,70.62,0.07,0.19,86.11,46.99,0.0,58.7,
2026-05-23 19:00:00+00:00,Karachi,24.8607,67.0011,28.2,80,13.6,1007.2,,3,11.66,65.33,0.06,0.2,86.15,47.88,0.0,56.1,
2026-05-23 20:00:00+00:00,Karachi,24.8607,67.0011,28.0,82,14.3,1006.7,,3,10.96,60.22,0.06,0.2,86.27,48.57,0.0,54.5,
2026-05-23 21:00:00+00:00,Karachi,24.8607,67.0011,27.8,82,14.6,1006.3,,3,10.33,55.98,0.06,0.2,86.45,49.06,0.0,53.3,
2026-05-23 22:00:00+00:00,Karachi,24.8607,67.0011,27.8,81,14.6,1006.0,,3,9.86,53.04,0.06,0.21,86.74,49.57,0.0,52.4,
2026-05-23 23:00:00+00:00,Karachi,24.8607,67.0011,27.8,79,14.2,1006.4,,3,9.55,51.31,0.06,0.21,86.92,49.88,0.0,51.8,
2026-05-24 00:00:00+00:00,Karachi,24.8607,67.0011,27.9,81,14.8,1006.7,,2,9.28,49.98,0.06,0.21,86.69,49.66,0.0,51.3,
2026-05-24 01:00:00+00:00,Karachi,24.8607,67.0011,28.0,78,14.5,1007.2,,2,9.04,48.93,0.06,0.21,86.5,49.2,0.0,45.3,
2026-05-24 02:00:00+00:00,Karachi,24.8607,67.0011,28.8,73,15.6,1007.9,,2,8.85,48.0,0.07,0.22,86.21,48.63,0.0,49.2,
2026-05-24 03:00:00+00:00,Karachi,24.8607,67.0011,29.7,70,17.7,1008.4,,2,8.65,46.88,0.06,0.22,86.09,48.06,0.0,48.1,
2026-05-24 04:00:00+00:00,Karachi,24.8607,67.0011,30.7,65,18.3,1008.7,,2,8.46,45.66,0.05,0.22,85.9,47.55,0.0,47.0,
2026-05-24 05:00:00+00:00,Karachi,24.8607,67.0011,31.5,61,18.8,1008.8,,2,8.34,44.73,0.05,0.22,85.8,46.97,0.0,46.3,
2026-05-24 06:00:00+00:00,Karachi,24.8607,67.0011,32.4,60,19.8,1008.7,,2,8.25,43.98,0.04,0.22,85.73,46.25,0.0,45.8,
2026-05-24 07:00:00+00:00,Karachi,24.8607,67.0011,32.7,58,20.0,1008.3,,2,8.18,43.36,0.04,0.22,85.66,45.42,0.0,45.4,
2026-05-24 08:00:00+00:00,Karachi,24.8607,67.0011,32.6,59,19.2,1007.6,,2,8.09,42.85,0.03,0.21,85.62,44.57,0.0,44.9,
2026-05-24 09:00:00+00:00,Karachi,24.8607,67.0011,32.9,59,18.8,1006.8,,2,7.99,42.52,0.03,0.2,85.6,43.63,0.0,44.4,
2026-05-24 10:00:00+00:00,Karachi,24.8607,67.0011,32.5,62,18.7,1005.9,,2,7.91,42.42,0.03,0.2,85.81,42.83,0.0,43.9,
2026-05-24 11:00:00+00:00,Karachi,24.8607,67.0011,31.8,66,18.6,1005.6,,2,7.73,41.36,0.03,0.2,85.79,41.75,0.0,42.9,
2026-05-24 12:00:00+00:00,Karachi,24.8607,67.0011,31.1,67,18.3,1005.5,,2,7.44,39.54,0.03,0.2,85.56,40.77,0.0,41.3,
2026-05-24 13:00:00+00:00,Karachi,24.8607,67.0011,30.0,72,17.2,1005.4,,2,7.16,37.78,0.04,0.21,85.47,40.1,0.0,39.8,
2026-05-24 14:00:00+00:00,Karachi,24.8607,67.0011,29.1,79,16.4,1005.7,,2,6.92,36.39,0.05,0.22,85.27,39.35,0.0,38.4,
2026-05-24 15:00:00+00:00,Karachi,24.8607,67.0011,28.8,81,17.6,1006.0,,2,6.8,35.46,0.06,0.24,85.12,38.63,0.0,37.8,
2026-05-24 16:00:00+00:00,Karachi,24.8607,67.0011,28.8,80,18.2,1006.4,,2,6.84,35.27,0.06,0.25,84.86,37.87,0.0,38.0,
2026-05-24 17:00:00+00:00,Karachi,24.8607,67.0011,28.8,81,16.9,1007.1,,2,7.11,36.04,0.07,0.27,84.68,37.36,0.0,39.5,
2026-05-24 18:00:00+00:00,Karachi,24.8607,67.0011,28.9,79,17.4,1007.1,,2,7.61,37.67,0.07,0.28,84.41,37.04,0.0,42.3,
2026-05-24 19:00:00+00:00,Karachi,24.8607,67.0011,28.7,80,17.6,1006.7,,2,8.26,39.91,0.07,0.3,84.27,37.2,0.0,45.9,
2026-05-24 20:00:00+00:00,Karachi,24.8607,67.0011,28.8,78,17.4,1006.1,,2,9.04,42.5,0.07,0.3,84.39,37.92,0.0,39.4,
2026-05-24 21:00:00+00:00,Karachi,24.8607,67.0011,28.6,81,17.6,1005.8,,2,9.97,45.52,0.07,0.3,84.85,38.72,0.0,52.6,
2026-05-24 22:00:00+00:00,Karachi,24.8607,67.0011,28.4,82,17.7,1005.4,,2,11.04,48.77,0.07,0.31,85.24,39.47,0.0,54.6,
2026-05-24 23:00:00+00:00,Karachi,24.8607,67.0011,28.4,81,17.1,1005.2,,3,12.15,51.75,0.07,0.32,85.59,39.99,0.0,56.7,
2026-05-25 00:00:00+00:00,Karachi,24.8607,67.0011,28.1,87,16.2,1005.4,,3,13.22,54.51,0.07,0.33,85.88,40.15,0.0,58.7,
2026-05-25 01:00:00+00:00,Karachi,24.8607,67.0011,28.2,87,15.8,1005.4,,3,14.11,56.7,0.07,0.34,85.77,40.18,0.0,60.3,
2026-05-25 02:00:00+00:00,Karachi,24.8607,67.0011,29.0,82,17.6,1006.0,,3,14.61,57.56,0.08,0.34,85.54,40.13,0.0,61.3,
2026-05-25 03:00:00+00:00,Karachi,24.8607,67.0011,30.2,74,18.0,1006.4,,3,14.7,57.43,0.07,0.34,85.0,40.31,0.0,61.4,
2026-05-25 04:00:00+00:00,Karachi,24.8607,67.0011,31.3,69,18.4,1006.8,,3,14.54,56.94,0.06,0.34,84.45,40.76,0.0,61.1,
2026-05-25 05:00:00+00:00,Karachi,24.8607,67.0011,32.0,66,17.3,1007.0,,3,14.39,56.92,0.05,0.33,84.07,41.17,0.0,60.9,
2026-05-25 06:00:00+00:00,Karachi,24.8607,67.0011,32.4,66,18.0,1006.8,,3,14.36,56.93,0.05,0.33,83.47,41.04,0.0,60.8,
2026-05-25 07:00:00+00:00,Karachi,24.8607,67.0011,32.6,65,19.0,1006.5,,3,14.37,56.62,0.04,0.33,82.98,40.4,0.0,60.8,
2026-05-25 08:00:00+00:00,Karachi,24.8607,67.0011,32.9,64,20.3,1005.7,,3,14.52,56.33,0.04,0.33,82.66,39.59,0.0,61.1,
2026-05-25 09:00:00+00:00,Karachi,24.8607,67.0011,32.9,65,20.2,1004.9,,3,14.85,56.94,0.04,0.33,82.84,38.99,0.0,61.7,
2026-05-25 10:00:00+00:00,Karachi,24.8607,67.0011,32.4,68,19.8,1004.1,,3,15.61,59.13,0.04,0.33,83.27,38.88,0.0,63.1,
2026-05-25 11:00:00+00:00,Karachi,24.8607,67.0011,31.8,72,18.6,1003.5,,3,16.72,62.25,0.04,0.33,83.83,38.95,0.0,65.2,
2026-05-25 12:00:00+00:00,Karachi,24.8607,67.0011,31.6,72,16.9,1003.2,,3,17.91,65.75,0.04,0.34,84.24,39.13,0.0,67.4,
2026-05-25 13:00:00+00:00,Karachi,24.8607,67.0011,30.5,78,13.9,1003.2,,3,18.83,68.54,0.05,0.35,84.3,39.4,0.0,69.1,
2026-05-25 14:00:00+00:00,Karachi,24.8607,67.0011,29.6,83,13.0,1003.6,,3,19.1,69.12,0.07,0.36,83.79,39.23,0.0,69.6,
2026-05-25 15:00:00+00:00,Karachi,24.8607,67.0011,29.4,84,12.7,1004.0,,3,18.51,67.12,0.08,0.36,83.1,38.88,0.0,68.5,
2026-05-25 16:00:00+00:00,Karachi,24.8607,67.0011,29.3,85,11.3,1004.3,,3,17.18,63.29,0.08,0.37,82.31,38.47,0.0,66.1,
2026-05-25 17:00:00+00:00,Karachi,24.8607,67.0011,29.0,87,10.2,1004.7,,3,15.58,59.11,0.09,0.37,81.63,38.13,0.0,63.1,
2026-05-25 18:00:00+00:00,Karachi,24.8607,67.0011,29.3,87,10.3,1004.9,,3,14.14,55.54,0.09,0.37,81.14,37.84,0.0,60.4,
2026-05-25 19:00:00+00:00,Karachi,24.8607,67.0011,28.8,90,10.5,1004.6,,3,13.04,53.33,0.09,0.37,80.66,37.58,0.0,58.3,
2026-05-25 20:00:00+00:00,Karachi,24.8607,67.0011,28.6,92,10.6,1004.4,,3,12.36,52.37,0.09,0.37,80.33,37.22,0.0,57.1,
2026-05-25 21:00:00+00:00,Karachi,24.8607,67.0011,28.3,93,12.7,1003.9,,3,12.01,52.35,0.1,0.38,80.12,36.81,0.0,56.4,
2026-05-25 22:00:00+00:00,Karachi,24.8607,67.0011,28.2,93,13.3,1003.6,,3,11.98,54.44,0.1,0.39,80.11,36.69,0.0,56.4,
2026-05-25 23:00:00+00:00,Karachi,24.8607,67.0011,28.1,93,13.5,1003.6,,3,12.29,58.43,0.1,0.39,80.32,37.08,0.0,56.9,
2026-05-26 00:00:00+00:00,Karachi,24.8607,67.0011,28.1,93,13.2,1003.8,,3,12.9,63.21,0.1,0.39,80.55,37.75,0.0,58.1,
2026-05-26 01:00:00+00:00,Karachi,24.8607,67.0011,28.0,94,12.7,1004.1,,3,13.53,67.1,0.1,0.39,80.74,38.23,0.0,59.3,
2026-05-26 02:00:00+00:00,Karachi,24.8607,67.0011,28.8,88,13.3,1004.8,,3,13.91,68.39,0.11,0.4,80.65,38.0,0.0,60.0,
2026-05-26 03:00:00+00:00,Karachi,24.8607,67.0011,30.1,80,12.0,1005.3,,3,14.03,68.03,0.11,0.41,80.65,37.49,0.0,60.2,
2026-05-26 04:00:00+00:00,Karachi,24.8607,67.0011,31.1,75,11.4,1005.5,,3,14.03,67.48,0.09,0.42,80.52,37.25,0.0,60.2,
2026-05-26 05:00:00+00:00,Karachi,24.8607,67.0011,32.2,71,11.3,1005.8,,3,14.17,68.13,0.07,0.42,80.88,37.52,0.0,60.4,
2026-05-26 06:00:00+00:00,Karachi,24.8607,67.0011,33.3,66,13.5,1005.7,,3,14.46,69.28,0.06,0.41,81.25,37.73,0.0,61.0,
2026-05-26 07:00:00+00:00,Karachi,24.8607,67.0011,33.7,63,14.5,1005.4,,3,14.78,69.57,0.06,0.41,81.6,37.46,0.0,61.6,
2026-05-26 08:00:00+00:00,Karachi,24.8607,67.0011,33.8,63,15.7,1004.9,,3,15.05,68.52,0.05,0.4,81.75,36.66,0.0,62.1,
2026-05-26 09:00:00+00:00,Karachi,24.8607,67.0011,33.8,63,16.2,1004.2,,3,15.27,66.81,0.05,0.4,81.56,35.76,0.0,62.5,
2026-05-26 10:00:00+00:00,Karachi,24.8607,67.0011,33.5,63,15.9,1003.4,,3,15.42,65.15,0.05,0.39,81.51,35.0,0.0,62.8,
2026-05-26 11:00:00+00:00,Karachi,24.8607,67.0011,33.1,65,15.1,1003.2,,3,15.32,63.6,0.05,0.39,81.19,34.43,0.0,62.6,
2026-05-26 12:00:00+00:00,Karachi,24.8607,67.0011,32.8,67,13.4,1003.2,,3,14.96,62.44,0.05,0.39,80.74,34.3,0.0,61.9,
2026-05-26 13:00:00+00:00,Karachi,24.8607,67.0011,31.3,74,12.2,1003.1,,3,14.4,61.38,0.06,0.39,80.33,34.32,0.0,60.9,
2026-05-26 14:00:00+00:00,Karachi,24.8607,67.0011,30.1,81,12.0,1003.6,,3,13.72,59.84,0.08,0.39,79.49,34.18,0.0,59.6,
2026-05-26 15:00:00+00:00,Karachi,24.8607,67.0011,29.5,84,10.8,1004.0,,3,13.1,58.2,0.1,0.39,78.5,33.89,0.0,58.5,
2026-05-26 16:00:00+00:00,Karachi,24.8607,67.0011,29.2,87,10.2,1004.5,,3,12.69,57.22,0.1,0.39,77.58,33.75,0.0,57.7,
2026-05-26 17:00:00+00:00,Karachi,24.8607,67.0011,29.0,88,9.4,1005.2,,3,12.46,57.05,0.1,0.4,77.39,33.74,0.0,57.3,
2026-05-26 18:00:00+00:00,Karachi,24.8607,67.0011,28.9,90,8.0,1005.6,,3,12.34,57.07,0.1,0.4,77.41,34.03,0.0,57.0,
2026-05-26 19:00:00+00:00,Karachi,24.8607,67.0011,28.5,92,6.6,1005.5,,3,12.2,56.89,0.1,0.39,77.49,34.26,0.0,56.8,
2026-05-26 20:00:00+00:00,Karachi,24.8607,67.0011,28.3,93,6.9,1005.3,,3,12.06,56.43,0.1,0.39,77.89,34.46,0.0,56.5,
2026-05-26 21:00:00+00:00,Karachi,24.8607,67.0011,28.0,94,9.2,1005.0,,3,11.89,55.7,0.1,0.39,77.93,34.57,0.0,56.2,
2026-05-26 22:00:00+00:00,Karachi,24.8607,67.0011,27.9,94,10.6,1004.8,,3,11.66,54.85,0.1,0.38,77.94,34.58,0.0,55.8,
2026-05-26 23:00:00+00:00,Karachi,24.8607,67.0011,27.9,93,12.4,1004.9,,3,11.45,54.14,0.11,0.38,77.71,34.47,0.0,55.4,
2026-05-27 00:00:00+00:00,Karachi,24.8607,67.0011,28.2,92,13.8,1005.0,,3,11.19,53.6,0.11,0.39,77.4,34.28,0.0,54.9,
2026-05-27 01:00:00+00:00,Karachi,24.8607,67.0011,28.2,92,13.9,1005.3,,3,10.83,53.41,0.11,0.38,77.22,34.29,0.0,54.2,
2026-05-27 02:00:00+00:00,Karachi,24.8607,67.0011,28.9,87,13.6,1006.1,,3,10.47,53.64,0.12,0.38,77.21,34.47,0.0,53.6,
2026-05-27 03:00:00+00:00,Karachi,24.8607,67.0011,30.0,79,14.0,1006.7,,3,10.15,54.08,0.1,0.37,77.19,34.75,0.0,53.0,
2026-05-27 04:00:00+00:00,Karachi,24.8607,67.0011,31.1,73,14.3,1007.1,,3,9.87,54.04,0.09,0.36,76.87,35.05,0.0,52.4,
2026-05-27 05:00:00+00:00,Karachi,24.8607,67.0011,32.1,69,13.9,1007.1,,3,9.69,53.28,0.07,0.36,76.49,35.05,0.0,52.1,
2026-05-27 06:00:00+00:00,Karachi,24.8607,67.0011,33.0,64,14.8,1007.0,,3,9.63,52.14,0.06,0.36,75.96,34.71,0.0,52.0,
2026-05-27 07:00:00+00:00,Karachi,24.8607,67.0011,33.3,64,15.8,1006.5,,3,9.65,51.08,0.06,0.36,75.36,34.23,0.0,52.0,
2026-05-27 08:00:00+00:00,Karachi,24.8607,67.0011,33.4,65,16.2,1005.9,,3,9.71,50.16,0.06,0.36,75.02,33.68,0.0,52.1,
2026-05-27 09:00:00+00:00,Karachi,24.8607,67.0011,33.2,66,16.7,1005.2,,2,9.75,49.44,0.05,0.36,74.88,33.2,0.0,52.2,
2026-05-27 10:00:00+00:00,Karachi,24.8607,67.0011,32.9,68,16.7,1004.7,,2,9.81,48.96,0.05,0.35,75.39,32.97,0.0,52.3,
2026-05-27 11:00:00+00:00,Karachi,24.8607,67.0011,32.3,71,16.2,1004.4,,2,9.86,48.65,0.05,0.35,75.81,32.92,0.0,52.4,
2026-05-27 12:00:00+00:00,Karachi,24.8607,67.0011,32.3,69,15.3,1004.0,,2,9.96,48.8,0.06,0.35,76.35,33.14,0.0,52.6,
2026-05-27 13:00:00+00:00,Karachi,24.8607,67.0011,31.2,74,13.5,1004.1,,2,10.19,49.58,0.07,0.36,77.06,33.52,0.0,53.0,
2026-05-27 14:00:00+00:00,Karachi,24.8607,67.0011,30.1,81,11.8,1004.4,,3,10.48,50.68,0.08,0.37,77.47,33.77,0.0,53.6,
2026-05-27 15:00:00+00:00,Karachi,24.8607,67.0011,29.5,87,11.6,1004.6,,3,10.8,51.9,0.09,0.38,77.7,33.98,0.0,54.2,
2026-05-27 16:00:00+00:00,Karachi,24.8607,67.0011,29.1,89,12.3,1004.8,,3,11.06,53.2,0.09,0.39,77.72,34.06,0.0,54.7,
2026-05-27 17:00:00+00:00,Karachi,24.8607,67.0011,28.9,91,14.0,1005.4,,3,11.33,54.93,0.09,0.4,77.63,34.24,0.0,55.2,
2026-05-27 18:00:00+00:00,Karachi,24.8607,67.0011,29.2,89,12.9,1005.9,,3,11.54,56.75,0.09,0.41,77.68,34.47,0.0,55.5,
2026-05-27 19:00:00+00:00,Karachi,24.8607,67.0011,28.9,91,13.4,1005.8,,3,11.58,57.52,0.09,0.42,77.52,34.63,0.0,55.6,
2026-05-27 20:00:00+00:00,Karachi,24.8607,67.0011,28.7,92,14.3,1005.3,,3,11.39,56.79,0.09,0.42,77.13,34.59,0.0,55.3,
2026-05-27 21:00:00+00:00,Karachi,24.8607,67.0011,28.4,93,14.0,1005.1,,3,11.16,55.68,0.09,0.42,76.63,34.38,0.0,54.8,
2026-05-27 22:00:00+00:00,Karachi,24.8607,67.0011,28.4,92,14.7,1004.7,,3,10.93,55.08,0.1,0.41,76.16,34.13,0.0,54.4,
2026-05-27 23:00:00+00:00,Karachi,24.8607,67.0011,28.3,92,15.0,1004.3,,3,10.78,54.73,0.1,0.4,75.9,33.76,0.0,54.1,
2026-05-28 00:00:00+00:00,Karachi,24.8607,67.0011,28.4,91,15.5,1004.4,,3,10.7,54.41,0.1,0.39,75.64,33.41,0.0,54.0,
2026-05-28 01:00:00+00:00,Karachi,24.8607,67.0011,28.3,92,14.7,1004.9,,3,10.69,54.41,0.1,0.39,75.54,33.23,0.0,54.0,
2026-05-28 02:00:00+00:00,Karachi,24.8607,67.0011,29.1,86,15.9,1005.5,,3,10.81,54.59,0.11,0.39,75.33,32.96,0.0,54.2,
2026-05-28 03:00:00+00:00,Karachi,24.8607,67.0011,30.3,79,17.1,1005.7,,3,10.98,54.89,0.1,0.39,75.1,32.58,0.0,54.5,
2026-05-28 04:00:00+00:00,Karachi,24.8607,67.0011,31.4,72,17.1,1006.0,,3,11.16,55.08,0.08,0.39,74.61,32.34,0.0,54.8,
2026-05-28 05:00:00+00:00,Karachi,24.8607,67.0011,32.2,69,16.9,1006.1,,3,11.28,55.14,0.07,0.39,74.44,32.2,0.0,55.1,
2026-05-28 06:00:00+00:00,Karachi,24.8607,67.0011,33.2,65,16.7,1006.1,,3,11.31,54.73,0.06,0.39,74.35,31.97,0.0,55.1,
2026-05-28 07:00:00+00:00,Karachi,24.8607,67.0011,33.4,65,16.4,1005.7,,3,11.24,53.82,0.06,0.38,74.49,31.69,0.0,55.0,
2026-05-28 08:00:00+00:00,Karachi,24.8607,67.0011,33.6,64,16.1,1005.1,,3,11.13,52.97,0.05,0.38,74.69,31.44,0.0,54.8,
2026-05-28 09:00:00+00:00,Karachi,24.8607,67.0011,33.4,67,17.5,1004.3,,3,11.07,52.64,0.05,0.37,75.01,31.33,0.0,54.7,
2026-05-28 10:00:00+00:00,Karachi,24.8607,67.0011,32.8,72,17.8,1003.6,,3,11.19,53.23,0.05,0.37,75.46,31.4,0.0,54.9,
2026-05-28 11:00:00+00:00,Karachi,24.8607,67.0011,32.2,74,18.0,1003.0,,3,11.42,54.29,0.05,0.38,75.5,31.44,0.0,55.3,
2026-05-28 12:00:00+00:00,Karachi,24.8607,67.0011,32.0,74,16.8,1002.8,,3,11.73,55.58,0.05,0.39,75.16,31.37,0.0,55.9,
2026-05-28 13:00:00+00:00,Karachi,24.8607,67.0011,30.9,79,15.7,1002.7,,3,12.04,56.73,0.06,0.4,74.92,31.41,0.0,56.5,
2026-05-28 14:00:00+00:00,Karachi,24.8607,67.0011,30.1,84,15.1,1003.0,,3,12.23,57.14,0.08,0.4,74.87,31.54,0.0,56.8,
2026-05-28 15:00:00+00:00,Karachi,24.8607,67.0011,29.6,88,13.8,1003.5,,3,12.26,56.71,0.09,0.41,75.03,31.75,0.0,56.9,
2026-05-28 16:00:00+00:00,Karachi,24.8607,67.0011,29.5,89,12.6,1004.2,,3,12.08,55.71,0.09,0.4,75.37,32.08,0.0,56.6,
2026-05-28 17:00:00+00:00,Karachi,24.8607,67.0011,29.3,90,11.9,1004.6,,3,11.79,54.67,0.09,0.4,75.65,32.54,0.0,56.0,
2026-05-28 18:00:00+00:00,Karachi,24.8607,67.0011,29.4,90,13.3,1004.4,,3,11.62,54.33,0.09,0.4,76.15,33.02,0.0,55.7,
2026-05-28 19:00:00+00:00,Karachi,24.8607,67.0011,29.0,92,14.4,1003.9,,3,11.58,54.83,0.09,0.4,76.51,33.38,0.0,55.6,
2026-05-28 20:00:00+00:00,Karachi,24.8607,67.0011,28.9,92,13.2,1003.5,,3,11.71,55.85,0.09,0.41,76.95,33.34,0.0,55.9,
2026-05-28 21:00:00+00:00,Karachi,24.8607,67.0011,28.8,91,13.1,1003.4,,3,11.87,56.86,0.1,0.42,77.37,33.16,0.0,56.2,
2026-05-28 22:00:00+00:00,Karachi,24.8607,67.0011,28.7,91,12.4,1003.5,,3,12.09,58.29,0.1,0.42,77.7,33.08,0.0,56.6,
2026-05-28 23:00:00+00:00,Karachi,24.8607,67.0011,28.6,91,15.1,1003.1,,3,12.43,60.33,0.1,0.43,78.05,33.2,0.0,57.2,
2026-05-29 00:00:00+00:00,Karachi,24.8607,67.0011,28.8,92,15.5,1003.1,,3,12.96,63.11,0.1,0.43,78.26,33.49,0.0,58.2,
2026-05-29 01:00:00+00:00,Karachi,24.8607,67.0011,28.8,91,13.8,1003.6,,3,13.56,65.88,0.11,0.44,78.41,33.84,0.0,59.3,
2026-05-29 02:00:00+00:00,Karachi,24.8607,67.0011,29.5,87,13.8,1004.0,,3,14.09,67.93,0.11,0.44,78.42,34.23,0.0,60.3,
2026-05-29 03:00:00+00:00,Karachi,24.8607,67.0011,30.7,79,16.2,1004.3,,3,14.55,69.48,0.09,0.44,78.37,34.65,0.0,61.2,
2026-05-29 04:00:00+00:00,Karachi,24.8607,67.0011,31.9,72,15.9,1004.5,,3,15.02,71.03,0.08,0.44,77.99,34.95,0.0,62.0,
2026-05-29 05:00:00+00:00,Karachi,24.8607,67.0011,32.6,70,16.0,1004.3,,3,15.55,72.63,0.07,0.44,77.23,35.12,0.0,63.0,
2026-05-29 06:00:00+00:00,Karachi,24.8607,67.0011,33.5,66,16.4,1004.2,,3,15.99,73.8,0.06,0.43,76.44,35.08,0.0,63.8,
2026-05-29 07:00:00+00:00,Karachi,24.8607,67.0011,34.1,64,17.3,1003.6,,3,16.28,74.38,0.06,0.42,75.82,34.89,0.0,64.4,
2026-05-29 08:00:00+00:00,Karachi,24.8607,67.0011,34.5,63,17.5,1002.9,,3,16.42,74.59,0.05,0.42,75.25,34.32,0.0,64.6,
2026-05-29 09:00:00+00:00,Karachi,24.8607,67.0011,34.4,63,17.2,1002.1,,3,16.43,74.63,0.05,0.41,74.64,33.51,0.0,64.7,
2026-05-29 10:00:00+00:00,Karachi,24.8607,67.0011,34.0,65,17.1,1001.4,,3,16.36,74.63,0.05,0.41,74.27,32.91,0.0,64.5,
2026-05-29 11:00:00+00:00,Karachi,24.8607,67.0011,33.0,70,17.3,1000.7,,3,16.11,74.25,0.05,0.42,74.0,32.64,0.0,64.1,
2026-05-29 12:00:00+00:00,Karachi,24.8607,67.0011,32.2,72,17.3,1000.4,,3,15.7,73.42,0.05,0.42,73.78,32.82,0.0,63.3,
2026-05-29 13:00:00+00:00,Karachi,24.8607,67.0011,31.3,75,16.4,1000.5,,3,15.29,72.31,0.06,0.42,73.87,33.13,0.0,62.5,
2026-05-29 14:00:00+00:00,Karachi,24.8607,67.0011,30.3,80,15.9,1000.8,,3,14.9,70.82,0.08,0.43,73.75,33.07,0.0,61.8,
2026-05-29 15:00:00+00:00,Karachi,24.8607,67.0011,30.1,83,13.6,1001.2,,3,14.54,69.37,0.09,0.43,73.55,32.79,0.0,61.1,
2026-05-29 16:00:00+00:00,Karachi,24.8607,67.0011,29.8,85,12.1,1001.4,,3,14.2,68.33,0.09,0.44,73.59,32.66,0.0,60.5,
2026-05-29 17:00:00+00:00,Karachi,24.8607,67.0011,29.6,85,12.2,1001.9,,3,13.85,67.22,0.1,0.44,73.74,32.84,0.0,59.8,
2026-05-29 18:00:00+00:00,Karachi,24.8607,67.0011,29.4,87,11.8,1001.6,,3,13.55,65.98,0.1,0.44,74.12,33.14,0.0,59.3,
2026-05-29 19:00:00+00:00,Karachi,24.8607,67.0011,29.1,88,12.5,1001.4,,3,13.33,65.1,0.1,0.44,74.62,33.71,0.0,58.9,
2026-05-29 20:00:00+00:00,Karachi,24.8607,67.0011,29.0,86,14.4,1001.0,,3,13.25,65.03,0.1,0.45,75.61,34.48,0.0,58.7,
2026-05-29 21:00:00+00:00,Karachi,24.8607,67.0011,28.9,87,14.1,1000.7,,3,13.35,66.17,0.11,0.46,76.55,35.42,0.0,58.9,
2026-05-29 22:00:00+00:00,Karachi,24.8607,67.0011,28.7,88,14.8,1000.4,,3,13.77,69.23,0.11,0.47,77.46,36.94,0.0,59.7,
2026-05-29 23:00:00+00:00,Karachi,24.8607,67.0011,28.7,88,13.5,1000.3,,3,14.44,73.02,0.12,0.49,77.8,38.39,0.0,60.9,
2026-05-30 00:00:00+00:00,Karachi,24.8607,67.0011,28.9,89,13.2,1000.1,,3,15.06,75.46,0.12,0.51,77.34,38.52,0.0,62.1,
2026-05-30 01:00:00+00:00,Karachi,24.8607,67.0011,28.9,90,14.5,1000.4,,3,15.39,76.42,0.12,0.51,76.6,37.68,0.0,62.7,
2026-05-30 02:00:00+00:00,Karachi,24.8607,67.0011,29.7,86,14.4,1001.0,,3,15.42,76.15,0.12,0.51,76.32,36.98,0.0,62.8,
2026-05-30 03:00:00+00:00,Karachi,24.8607,67.0011,30.8,80,14.8,1001.4,,3,15.3,75.19,0.11,0.49,76.44,36.8,0.0,62.6,
2026-05-30 04:00:00+00:00,Karachi,24.8607,67.0011,31.9,75,14.4,1001.7,,3,15.16,74.25,0.09,0.48,76.86,37.31,0.0,62.3,
2026-05-30 05:00:00+00:00,Karachi,24.8607,67.0011,32.9,70,15.7,1001.7,,3,15.07,73.01,0.07,0.46,77.23,37.79,0.0,62.1,
2026-05-30 06:00:00+00:00,Karachi,24.8607,67.0011,33.6,70,18.5,1001.8,,3,15.02,71.61,0.06,0.44,77.35,37.67,0.0,62.0,
2026-05-30 07:00:00+00:00,Karachi,24.8607,67.0011,34.2,65,17.9,1001.4,,3,15.05,70.32,0.06,0.43,77.09,36.97,0.0,62.1,
2026-05-30 08:00:00+00:00,Karachi,24.8607,67.0011,35.0,61,15.9,1001.1,,3,15.13,69.51,0.05,0.42,76.46,35.92,0.0,62.2,
2026-05-30 09:00:00+00:00,Karachi,24.8607,67.0011,35.1,59,15.8,1000.5,,3,15.17,69.12,0.05,0.42,75.86,34.96,0.0,62.3,
2026-05-30 10:00:00+00:00,Karachi,24.8607,67.0011,34.6,62,15.7,999.7,,3,15.13,69.22,0.05,0.41,75.64,34.53,0.0,62.2,
2026-05-30 11:00:00+00:00,Karachi,24.8607,67.0011,33.7,65,15.4,999.4,,3,14.95,69.27,0.05,0.41,75.55,34.65,0.0,61.9,
2026-05-30 12:00:00+00:00,Karachi,24.8607,67.0011,33.0,70,14.8,999.4,,3,14.74,69.68,0.05,0.41,75.46,35.2,0.0,61.5,
2026-05-30 13:00:00+00:00,Karachi,24.8607,67.0011,31.4,78,15.6,999.3,,3,14.69,70.88,0.06,0.41,75.69,35.94,0.0,61.4,
2026-05-30 14:00:00+00:00,Karachi,24.8607,67.0011,30.6,84,14.9,1000.0,,3,14.8,72.42,0.08,0.42,75.75,36.6,0.0,61.6,
2026-05-30 15:00:00+00:00,Karachi,24.8607,67.0011,30.1,86,12.5,1000.7,,3,15.04,73.77,0.09,0.44,75.61,36.83,0.0,62.1,
2026-05-30 16:00:00+00:00,Karachi,24.8607,67.0011,29.9,88,11.8,1001.6,,3,15.21,74.45,0.09,0.45,75.42,36.73,0.0,62.4,
2026-05-30 17:00:00+00:00,Karachi,24.8607,67.0011,29.8,88,11.9,1002.2,,3,15.2,74.28,0.1,0.46,75.35,36.58,0.0,62.4,
2026-05-30 18:00:00+00:00,Karachi,24.8607,67.0011,29.7,88,13.1,1002.6,,3,15.08,73.62,0.1,0.46,75.5,36.51,0.0,62.1,
2026-05-30 19:00:00+00:00,Karachi,24.8607,67.0011,29.4,90,13.4,1002.5,,3,14.94,73.2,0.1,0.46,75.4,36.11,0.0,61.9,
2026-05-30 20:00:00+00:00,Karachi,24.8607,67.0011,29.3,90,14.7,1002.5,,3,14.95,73.38,0.1,0.46,75.08,35.53,0.0,61.9,
2026-05-30 21:00:00+00:00,Karachi,24.8607,67.0011,29.1,89,14.6,1002.1,,3,15.06,73.82,0.1,0.46,74.71,35.06,0.0,62.1,
2026-05-30 22:00:00+00:00,Karachi,24.8607,67.0011,28.9,92,13.4,1001.9,,3,15.2,74.22,0.1,0.46,74.48,34.79,0.0,62.4,
2026-05-30 23:00:00+00:00,Karachi,24.8607,67.0011,28.7,92,12.5,1002.0,,3,15.24,74.03,0.1,0.46,74.59,34.43,0.0,62.4,
2026-05-31 00:00:00+00:00,Karachi,24.8607,67.0011,28.9,92,14.1,1001.9,,3,15.1,73.0,0.1,0.45,74.7,33.91,0.0,62.2,
2026-05-31 01:00:00+00:00,Karachi,24.8607,67.0011,28.8,92,11.8,1002.8,,3,14.83,71.4,0.1,0.45,74.81,33.36,0.0,61.7,
2026-05-31 02:00:00+00:00,Karachi,24.8607,67.0011,29.6,86,11.7,1003.6,,3,14.56,70.13,0.1,0.44,74.97,33.28,0.0,61.2,
2026-05-31 03:00:00+00:00,Karachi,24.8607,67.0011,30.6,80,13.4,1004.3,,3,14.34,69.4,0.08,0.43,75.24,33.61,0.0,60.8,
2026-05-31 04:00:00+00:00,Karachi,24.8607,67.0011,31.5,74,15.2,1004.8,,3,14.22,69.15,0.07,0.42,75.23,34.26,0.0,60.5,
2026-05-31 05:00:00+00:00,Karachi,24.8607,67.0011,32.1,71,16.6,1004.9,,3,14.18,69.12,0.06,0.41,74.93,34.68,0.0,60.5,
2026-05-31 06:00:00+00:00,Karachi,24.8607,67.0011,32.6,70,16.2,1005.4,,3,14.2,68.98,0.06,0.4,74.37,34.45,0.0,60.5,
2026-05-31 07:00:00+00:00,Karachi,24.8607,67.0011,33.0,67,15.9,1005.4,,3,14.22,68.66,0.05,0.39,73.63,33.65,0.0,60.5,
2026-05-31 08:00:00+00:00,Karachi,24.8607,67.0011,32.9,69,16.0,1005.1,,3,14.19,68.3,0.05,0.38,72.99,32.88,0.0,60.5,
2026-05-31 09:00:00+00:00,Karachi,24.8607,67.0011,32.8,69,16.1,1004.5,,3,14.17,68.27,0.05,0.38,72.63,32.3,0.0,60.4,
2026-05-31 10:00:00+00:00,Karachi,24.8607,67.0011,32.5,71,17.0,1003.7,,3,14.14,68.4,0.05,0.37,72.54,32.04,0.0,60.4,
2026-05-31 11:00:00+00:00,Karachi,24.8607,67.0011,32.0,73,16.9,1003.4,,3,14.03,67.97,0.05,0.37,72.45,31.95,0.0,60.2,
2026-05-31 12:00:00+00:00,Karachi,24.8607,67.0011,31.7,71,16.8,1003.2,,3,13.83,66.94,0.05,0.37,72.39,32.25,0.0,59.8,
2026-05-31 13:00:00+00:00,Karachi,24.8607,67.0011,30.9,73,16.0,1003.2,,3,13.65,65.93,0.06,0.36,72.76,32.92,0.0,59.5,
2026-05-31 14:00:00+00:00,Karachi,24.8607,67.0011,30.4,75,15.9,1003.7,,3,13.58,65.52,0.07,0.36,72.87,33.48,0.0,59.3,
2026-05-31 15:00:00+00:00,Karachi,24.8607,67.0011,30.1,77,14.3,1004.3,,3,13.66,65.81,0.08,0.37,72.9,33.7,0.0,59.5,
2026-05-31 16:00:00+00:00,Karachi,24.8607,67.0011,30.1,76,13.5,1005.1,,3,13.79,66.1,0.08,0.37,72.72,33.62,0.0,59.7,
2026-05-31 17:00:00+00:00,Karachi,24.8607,67.0011,29.9,76,12.5,1005.8,,3,13.83,66.37,0.08,0.38,72.93,33.37,0.0,59.8,
2026-05-31 18:00:00+00:00,Karachi,24.8607,67.0011,29.9,80,12.5,1005.7,,3,13.79,66.29,0.08,0.39,73.28,33.14,0.0,59.7,
2026-05-31 19:00:00+00:00,Karachi,24.8607,67.0011,29.5,83,10.2,1005.5,,3,13.63,65.82,0.09,0.39,73.78,32.9,0.0,59.4,
2026-05-31 20:00:00+00:00,Karachi,24.8607,67.0011,29.2,84,10.1,1005.2,,3,13.54,65.47,0.09,0.39,74.29,32.81,0.0,59.3,
2026-05-31 21:00:00+00:00,Karachi,24.8607,67.0011,29.1,85,10.8,1004.5,,3,13.59,65.59,0.09,0.39,74.6,32.77,0.0,59.4,
2026-05-31 22:00:00+00:00,Karachi,24.8607,67.0011,29.0,85,11.2,1004.3,,3,13.87,66.4,0.09,0.39,74.83,33.07,0.0,59.9,
2026-05-31 23:00:00+00:00,Karachi,24.8607,67.0011,28.9,85,9.9,1004.2,,3,14.24,67.5,0.09,0.39,74.78,33.35,0.0,60.6,
2026-06-01 00:00:00+00:00,Karachi,24.8607,67.0011,28.6,86,6.6,1004.1,,3,14.59,68.56,0.1,0.4,74.52,33.46,0.0,61.2,
2026-06-01 01:00:00+00:00,Karachi,24.8607,67.0011,28.7,86,7.0,1004.8,,3,14.82,69.03,0.1,0.41,74.35,33.66,0.0,61.7,
2026-06-01 02:00:00+00:00,Karachi,24.8607,67.0011,29.6,81,8.0,1005.4,,3,14.87,69.11,0.1,0.41,74.46,33.98,0.0,61.8,
2026-06-01 03:00:00+00:00,Karachi,24.8607,67.0011,30.8,74,9.0,1005.8,,3,14.82,68.89,0.09,0.4,74.52,34.45,0.0,61.7,
2026-06-01 04:00:00+00:00,Karachi,24.8607,67.0011,31.8,68,10.8,1006.1,,3,14.71,68.83,0.08,0.39,74.45,34.95,0.0,61.5,
2026-06-01 05:00:00+00:00,Karachi,24.8607,67.0011,32.4,65,12.5,1006.3,,3,14.62,68.97,0.07,0.39,74.38,35.23,0.0,61.3,
2026-06-01 06:00:00+00:00,Karachi,24.8607,67.0011,33.0,62,11.8,1006.7,,3,14.56,69.23,0.06,0.39,74.08,34.78,0.0,61.2,
2026-06-01 07:00:00+00:00,Karachi,24.8607,67.0011,33.0,61,12.4,1006.5,,3,14.48,69.58,0.06,0.38,73.76,33.92,0.0,61.0,
2026-06-01 08:00:00+00:00,Karachi,24.8607,67.0011,32.9,64,14.1,1005.9,,3,14.37,69.87,0.05,0.38,73.58,33.22,0.0,60.8,
2026-06-01 09:00:00+00:00,Karachi,24.8607,67.0011,32.7,65,14.8,1005.3,,3,14.23,70.22,0.05,0.37,73.74,32.73,0.0,60.6,
2026-06-01 10:00:00+00:00,Karachi,24.8607,67.0011,32.1,68,14.7,1004.4,,3,14.11,70.55,0.05,0.37,74.08,32.68,0.0,60.3,
2026-06-01 11:00:00+00:00,Karachi,24.8607,67.0011,31.8,70,14.4,1004.1,,3,13.9,70.19,0.05,0.36,74.39,32.55,0.0,59.9,
2026-06-01 12:00:00+00:00,Karachi,24.8607,67.0011,32.3,66,13.8,1003.6,,3,13.72,69.51,0.05,0.35,74.58,32.6,0.0,59.6,
2026-06-01 13:00:00+00:00,Karachi,24.8607,67.0011,31.5,67,13.2,1003.6,,3,13.59,68.73,0.06,0.35,74.85,32.67,0.0,59.4,
2026-06-01 14:00:00+00:00,Karachi,24.8607,67.0011,31.0,69,14.3,1003.7,,3,13.56,68.21,0.08,0.36,74.98,32.75,0.0,59.3,
2026-06-01 15:00:00+00:00,Karachi,24.8607,67.0011,30.3,73,14.0,1003.8,,3,13.58,67.95,0.08,0.37,75.32,32.97,0.0,59.3,
2026-06-01 16:00:00+00:00,Karachi,24.8607,67.0011,30.1,75,12.1,1004.9,,3,13.61,68.08,0.08,0.38,75.66,33.55,0.0,59.4,
2026-06-01 17:00:00+00:00,Karachi,24.8607,67.0011,30.1,76,7.7,1006.2,,3,13.71,68.64,0.08,0.38,76.23,34.49,0.0,59.6,
2026-06-01 18:00:00+00:00,Karachi,24.8607,67.0011,30.2,75,5.8,1005.6,,3,14.0,69.78,0.08,0.38,76.6,35.36,0.0,60.1,
2026-06-01 19:00:00+00:00,Karachi,24.8607,67.0011,29.7,79,9.0,1005.0,,3,14.42,71.13,0.08,0.38,76.87,35.99,0.0,60.9,
2026-06-01 20:00:00+00:00,Karachi,24.8607,67.0011,29.3,81,16.1,1003.5,,3,14.91,72.67,0.08,0.39,76.96,36.44,0.0,61.8,
2026-06-01 21:00:00+00:00,Karachi,24.8607,67.0011,29.1,82,6.3,1005.6,,3,15.37,74.07,0.09,0.39,77.05,36.72,0.0,62.7,
2026-06-01 22:00:00+00:00,Karachi,24.8607,67.0011,29.3,81,6.0,1004.8,,3,15.82,75.91,0.09,0.4,77.13,37.26,0.0,63.5,
2026-06-01 23:00:00+00:00,Karachi,24.8607,67.0011,29.1,83,6.7,1005.0,,3,16.28,78.09,0.09,0.41,77.1,37.98,0.0,64.4,
2026-06-02 00:00:00+00:00,Karachi,24.8607,67.0011,29.1,82,10.9,1005.4,,3,16.58,79.31,0.09,0.42,77.04,38.28,0.0,64.9,
2026-06-02 01:00:00+00:00,Karachi,24.8607,67.0011,29.2,82,9.9,1005.9,,3,16.64,79.34,0.09,0.43,76.78,37.89,0.0,65.0,
2026-06-02 02:00:00+00:00,Karachi,24.8607,67.0011,29.9,77,11.1,1006.2,,3,16.43,77.66,0.1,0.44,76.4,37.32,0.0,64.7,
2026-06-02 03:00:00+00:00,Karachi,24.8607,67.0011,30.6,73,13.5,1006.3,,3,16.18,75.71,0.1,0.43,76.16,37.35,0.0,64.2,
2026-06-02 04:00:00+00:00,Karachi,24.8607,67.0011,31.2,70,13.8,1006.4,,3,16.06,75.33,0.08,0.42,76.17,38.25,0.0,64.0,
2026-06-02 05:00:00+00:00,Karachi,24.8607,67.0011,32.2,65,12.6,1006.4,,3,15.96,75.2,0.07,0.41,76.02,38.37,0.0,63.8,
2026-06-02 06:00:00+00:00,Karachi,24.8607,67.0011,33.0,59,9.1,1007.0,,3,16.01,76.03,0.06,0.4,75.86,38.02,0.0,63.9,
2026-06-02 07:00:00+00:00,Karachi,24.8607,67.0011,33.5,56,8.6,1006.4,,3,16.15,77.36,0.05,0.39,75.7,37.34,0.0,64.1,
2026-06-02 08:00:00+00:00,Karachi,24.8607,67.0011,34.2,55,9.3,1005.5,,3,16.2,77.85,0.05,0.38,75.24,36.23,0.0,64.2,
2026-06-02 09:00:00+00:00,Karachi,24.8607,67.0011,33.9,58,12.2,1004.6,,3,16.16,77.84,0.05,0.36,74.9,35.16,0.0,64.2,
2026-06-02 10:00:00+00:00,Karachi,24.8607,67.0011,33.1,60,12.8,1003.6,,3,16.15,78.0,0.05,0.35,74.64,34.45,0.0,64.1,
2026-06-02 11:00:00+00:00,Karachi,24.8607,67.0011,32.7,61,11.2,1003.2,,3,16.03,77.57,0.05,0.33,74.39,34.02,0.0,63.9,
2026-06-02 12:00:00+00:00,Karachi,24.8607,67.0011,31.9,67,14.0,1002.7,,3,15.85,76.81,0.06,0.32,74.22,33.91,0.0,63.6,
2026-06-02 13:00:00+00:00,Karachi,24.8607,67.0011,30.7,75,15.1,1002.7,,3,15.74,75.98,0.07,0.31,74.38,33.8,0.0,63.4,
2026-06-02 14:00:00+00:00,Karachi,24.8607,67.0011,30.2,77,10.5,1003.7,,3,15.62,74.64,0.09,0.32,74.33,33.53,0.0,63.1,
2026-06-02 15:00:00+00:00,Karachi,24.8607,67.0011,29.8,78,12.4,1003.9,,3,15.45,73.16,0.1,0.33,74.37,33.35,0.0,62.8,
2026-06-02 16:00:00+00:00,Karachi,24.8607,67.0011,29.5,80,12.2,1004.2,,3,15.32,71.85,0.1,0.34,74.43,33.27,0.0,62.6,
2026-06-02 17:00:00+00:00,Karachi,24.8607,67.0011,29.4,81,11.4,1004.3,,3,15.24,71.49,0.1,0.34,74.63,33.48,0.0,62.4,
2026-06-02 18:00:00+00:00,Karachi,24.8607,67.0011,29.0,81,11.6,1003.6,,3,15.31,72.65,0.1,0.34,74.81,34.13,0.0,62.6,
2026-06-02 19:00:00+00:00,Karachi,24.8607,67.0011,28.8,80,8.8,1004.3,,3,15.54,75.4,0.09,0.34,75.16,35.44,0.0,63.0,
2026-06-02 20:00:00+00:00,Karachi,24.8607,67.0011,28.6,80,6.9,1004.5,,3,15.87,77.78,0.09,0.35,75.57,36.32,0.0,63.6,
2026-06-02 21:00:00+00:00,Karachi,24.8607,67.0011,28.3,80,4.5,1004.3,,3,16.21,79.91,0.09,0.37,75.8,36.7,0.0,64.2,
2026-06-02 22:00:00+00:00,Karachi,24.8607,67.0011,28.1,82,2.3,1004.0,,3,16.79,82.97,0.09,0.38,76.2,37.59,0.0,65.3,
2026-06-02 23:00:00+00:00,Karachi,24.8607,67.0011,28.0,83,4.1,1003.5,,3,17.54,86.35,0.09,0.38,76.43,38.84,0.0,66.7,
2026-06-03 00:00:00+00:00,Karachi,24.8607,67.0011,27.9,81,2.8,1002.9,,3,18.27,89.2,0.09,0.37,76.6,39.93,0.0,68.1,
2026-06-03 01:00:00+00:00,Karachi,24.8607,67.0011,27.7,83,4.0,1003.2,,3,18.88,91.62,0.09,0.36,76.71,40.91,0.0,69.2,
2026-06-03 02:00:00+00:00,Karachi,24.8607,67.0011,28.4,79,8.2,1004.2,,3,19.43,93.66,0.1,0.36,76.93,41.94,0.0,70.2,
2026-06-03 03:00:00+00:00,Karachi,24.8607,67.0011,29.6,73,3.6,1004.1,,3,19.7,94.62,0.09,0.35,76.9,42.34,0.0,70.7,
2026-06-03 04:00:00+00:00,Karachi,24.8607,67.0011,30.8,68,6.8,1004.2,,3,19.69,94.57,0.08,0.35,76.39,42.36,0.0,70.7,
2026-06-03 05:00:00+00:00,Karachi,24.8607,67.0011,31.3,67,11.7,1004.2,,3,19.48,93.98,0.06,0.34,76.0,41.71,0.0,70.3,
2026-06-03 06:00:00+00:00,Karachi,24.8607,67.0011,32.3,60,10.1,1004.4,,3,19.02,92.67,0.06,0.34,75.34,40.15,0.0,69.6,
2026-06-03 07:00:00+00:00,Karachi,24.8607,67.0011,32.5,61,11.2,1004.1,,3,18.67,92.31,0.05,0.33,74.96,38.87,0.0,69.5,
2026-06-03 08:00:00+00:00,Karachi,24.8607,67.0011,32.8,63,11.8,1003.7,,3,18.7,93.24,0.05,0.32,74.85,38.7,0.0,69.9,
2026-06-03 09:00:00+00:00,Karachi,24.8607,67.0011,33.1,63,13.1,1002.9,,3,19.08,94.59,0.04,0.31,74.94,39.34,0.0,70.6,
2026-06-03 10:00:00+00:00,Karachi,24.8607,67.0011,32.7,65,14.4,1002.1,,3,19.87,96.34,0.04,0.32,75.5,41.21,0.0,71.5,
2026-06-03 11:00:00+00:00,Karachi,24.8607,67.0011,32.3,67,14.5,1001.5,,3,20.97,98.04,0.04,0.32,76.36,44.35,0.0,73.1,
2026-06-03 12:00:00+00:00,Karachi,24.8607,67.0011,32.3,62,13.3,1001.5,,4,22.21,100.1,0.04,0.33,77.27,47.61,0.0,75.4,
2026-06-03 13:00:00+00:00,Karachi,24.8607,67.0011,31.0,68,15.0,1001.1,,4,23.46,102.5,0.05,0.34,78.46,50.81,0.0,77.8,
2026-06-03 14:00:00+00:00,Karachi,24.8607,67.0011,30.2,72,16.1,1000.9,,4,24.33,104.33,0.06,0.35,79.43,52.82,0.0,79.4,
2026-06-03 15:00:00+00:00,Karachi,24.8607,67.0011,29.8,76,14.0,1001.0,,4,24.64,104.75,0.07,0.35,80.15,53.9,0.0,80.0,
2026-06-03 16:00:00+00:00,Karachi,24.8607,67.0011,29.8,77,10.9,1001.3,,4,24.37,103.47,0.07,0.35,80.24,53.9,0.0,79.4,
2026-06-03 17:00:00+00:00,Karachi,24.8607,67.0011,29.8,77,9.7,1002.1,,4,23.63,101.33,0.07,0.35,79.88,52.44,0.0,78.1,
2026-06-03 18:00:00+00:00,Karachi,24.8607,67.0011,29.9,77,11.3,1002.3,,3,22.56,98.6,0.07,0.36,79.06,49.66,0.0,76.1,
2026-06-03 19:00:00+00:00,Karachi,24.8607,67.0011,29.6,80,11.5,1001.9,,3,21.46,95.87,0.08,0.36,77.92,46.45,0.0,74.0,
2026-06-03 20:00:00+00:00,Karachi,24.8607,67.0011,29.5,80,11.1,1001.8,,3,20.81,94.43,0.08,0.36,77.18,44.47,0.0,72.8,
2026-06-03 21:00:00+00:00,Karachi,24.8607,67.0011,29.3,82,10.5,1001.0,,3,20.6,94.38,0.08,0.36,76.73,43.5,0.0,72.4,
2026-06-03 22:00:00+00:00,Karachi,24.8607,67.0011,29.2,82,9.1,1000.7,,3,20.75,95.58,0.08,0.35,76.55,43.3,0.0,72.7,
2026-06-03 23:00:00+00:00,Karachi,24.8607,67.0011,29.1,82,9.6,1000.4,,3,21.1,97.48,0.08,0.36,76.58,43.49,0.0,73.4,
2026-06-04 00:00:00+00:00,Karachi,24.8607,67.0011,29.4,82,11.1,1000.6,,3,21.53,99.83,0.08,0.37,76.61,43.86,0.0,74.2,
2026-06-04 01:00:00+00:00,Karachi,24.8607,67.0011,29.3,82,11.4,1001.1,,4,21.97,101.74,0.08,0.37,76.67,44.48,0.0,75.0,
2026-06-04 02:00:00+00:00,Karachi,24.8607,67.0011,29.8,80,12.3,1001.6,,4,22.5,103.11,0.08,0.38,77.03,46.27,0.0,76.0,
2026-06-04 03:00:00+00:00,Karachi,24.8607,67.0011,30.6,75,13.6,1002.0,,4,23.06,103.94,0.08,0.38,77.45,48.82,0.0,77.0,
2026-06-04 04:00:00+00:00,Karachi,24.8607,67.0011,31.3,71,13.8,1002.3,,4,23.41,104.52,0.06,0.38,77.7,51.43,0.0,77.7,
2026-06-04 05:00:00+00:00,Karachi,24.8607,67.0011,32.0,68,15.3,1002.6,,4,23.68,105.59,0.05,0.38,78.11,53.73,0.0,78.2,
2026-06-04 06:00:00+00:00,Karachi,24.8607,67.0011,32.7,65,15.2,1002.8,,4,24.04,108.25,0.05,0.38,78.17,54.84,0.0,78.8,
2026-06-04 07:00:00+00:00,Karachi,24.8607,67.0011,32.4,67,15.4,1002.5,,4,24.7,112.9,0.04,0.39,78.09,54.79,0.0,80.1,
2026-06-04 08:00:00+00:00,Karachi,24.8607,67.0011,32.7,66,14.9,1002.0,,4,25.51,118.8,0.04,0.38,77.83,53.75,0.0,82.6,
2026-06-04 09:00:00+00:00,Karachi,24.8607,67.0011,32.8,64,15.8,1001.0,,4,26.32,125.02,0.04,0.38,77.52,52.02,0.0,85.7,
2026-06-04 10:00:00+00:00,Karachi,24.8607,67.0011,32.4,67,16.6,1000.3,,4,27.25,131.32,0.04,0.38,77.49,50.5,0.0,88.8,
2026-06-04 11:00:00+00:00,Karachi,24.8607,67.0011,32.0,70,16.6,999.6,,4,28.08,136.65,0.04,0.38,77.33,49.46,0.0,91.4,
2026-06-04 12:00:00+00:00,Karachi,24.8607,67.0011,31.6,71,16.8,998.9,,4,28.8,140.72,0.04,0.39,77.37,49.16,0.0,93.4,
2026-06-04 13:00:00+00:00,Karachi,24.8607,67.0011,30.6,75,16.6,998.8,,4,29.45,144.02,0.05,0.39,77.67,49.32,0.0,95.1,
2026-06-04 14:00:00+00:00,Karachi,24.8607,67.0011,30.3,76,14.6,999.5,,4,29.93,147.32,0.07,0.4,77.82,48.85,0.0,96.7,
2026-06-04 15:00:00+00:00,Karachi,24.8607,67.0011,30.1,77,14.7,999.9,,4,30.36,150.58,0.07,0.42,77.86,48.41,0.0,98.3,
2026-06-04 16:00:00+00:00,Karachi,24.8607,67.0011,30.0,78,14.3,1000.5,,4,30.81,152.55,0.07,0.43,78.14,48.44,0.0,99.3,
2026-06-04 17:00:00+00:00,Karachi,24.8607,67.0011,29.8,80,13.9,1000.8,,4,31.15,152.71,0.07,0.44,78.35,48.67,0.0,99.4,
2026-06-04 18:00:00+00:00,Karachi,24.8607,67.0011,29.7,82,13.1,1000.6,,4,31.3,150.9,0.07,0.45,78.36,48.83,0.0,98.5,
2026-06-04 19:00:00+00:00,Karachi,24.8607,67.0011,29.4,84,12.2,1000.4,,4,31.13,147.26,0.07,0.45,78.46,49.15,0.0,96.7,
2026-06-04 20:00:00+00:00,Karachi,24.8607,67.0011,29.2,85,11.8,1000.3,,4,30.7,143.03,0.07,0.46,78.58,49.49,0.0,94.6,
2026-06-04 21:00:00+00:00,Karachi,24.8607,67.0011,29.0,86,10.8,999.9,,4,30.13,138.76,0.07,0.47,78.72,49.64,0.0,92.5,
2026-06-04 22:00:00+00:00,Karachi,24.8607,67.0011,28.9,86,10.9,999.9,,4,29.61,134.68,0.07,0.47,78.9,50.06,0.0,90.4,
2026-06-04 23:00:00+00:00,Karachi,24.8607,67.0011,28.7,87,11.8,999.7,,4,28.94,130.17,0.07,0.46,78.9,50.01,0.0,88.2,
2026-06-05 00:00:00+00:00,Karachi,24.8607,67.0011,28.9,88,12.1,999.4,,4,28.01,125.44,0.07,0.46,78.47,49.24,0.0,86.2,
2026-06-05 01:00:00+00:00,Karachi,24.8607,67.0011,28.8,89,11.1,1000.0,,4,27.1,120.79,0.07,0.46,77.99,48.17,0.0,84.5,
2026-06-05 02:00:00+00:00,Karachi,24.8607,67.0011,29.6,84,12.0,1000.7,,4,26.42,116.35,0.09,0.45,77.62,47.6,0.0,83.3,
2026-06-05 03:00:00+00:00,Karachi,24.8607,67.0011,30.7,77,12.4,1001.4,,4,25.92,113.06,0.08,0.44,77.37,47.45,0.0,82.3,
2026-06-05 04:00:00+00:00,Karachi,24.8607,67.0011,31.8,71,13.0,1001.7,,4,25.52,111.09,0.07,0.44,77.12,47.57,0.0,81.6,
2026-06-05 05:00:00+00:00,Karachi,24.8607,67.0011,32.8,66,12.5,1002.0,,4,25.36,110.26,0.06,0.43,76.94,47.73,0.0,81.3,
2026-06-05 06:00:00+00:00,Karachi,24.8607,67.0011,33.3,64,12.9,1002.3,,4,25.36,109.8,0.05,0.43,77.0,47.78,0.0,81.3,
2026-06-05 07:00:00+00:00,Karachi,24.8607,67.0011,33.2,65,14.2,1002.4,,4,25.47,109.38,0.05,0.42,77.07,47.72,0.0,81.5,
2026-06-05 08:00:00+00:00,Karachi,24.8607,67.0011,33.2,65,15.1,1001.9,,4,25.53,109.1,0.04,0.4,77.02,47.08,0.0,81.6,
2026-06-05 09:00:00+00:00,Karachi,24.8607,67.0011,33.1,66,15.2,1001.2,,4,25.52,109.1,0.04,0.38,76.84,46.0,0.0,81.6,
2026-06-05 10:00:00+00:00,Karachi,24.8607,67.0011,32.9,66,15.4,1000.5,,4,25.59,109.63,0.04,0.37,76.83,45.0,0.0,81.7,
2026-06-05 11:00:00+00:00,Karachi,24.8607,67.0011,32.4,68,14.7,1000.1,,4,25.67,110.53,0.04,0.36,76.59,44.16,0.0,81.9,
2026-06-05 12:00:00+00:00,Karachi,24.8607,67.0011,32.2,67,13.0,1000.0,,4,25.9,111.91,0.05,0.36,76.53,43.93,0.0,82.3,
2026-06-05 13:00:00+00:00,Karachi,24.8607,67.0011,31.1,74,13.4,999.9,,4,26.42,113.83,0.06,0.35,76.96,44.55,0.0,83.3,
2026-06-05 14:00:00+00:00,Karachi,24.8607,67.0011,30.0,78,12.7,1000.2,,4,27.11,115.98,0.07,0.35,77.39,45.53,0.0,84.6,
2026-06-05 15:00:00+00:00,Karachi,24.8607,67.0011,29.6,80,12.7,1000.3,,4,27.95,118.38,0.08,0.35,78.08,46.84,0.0,86.1,
2026-06-05 16:00:00+00:00,Karachi,24.8607,67.0011,29.8,78,10.2,1001.1,,4,28.89,120.92,0.08,0.35,78.71,48.38,0.0,87.9,
2026-06-05 17:00:00+00:00,Karachi,24.8607,67.0011,29.8,78,8.9,1002.1,,4,30.02,125.38,0.08,0.36,79.28,49.75,0.0,90.0,
2026-06-05 18:00:00+00:00,Karachi,24.8607,67.0011,29.6,80,8.4,1002.4,,4,31.38,133.51,0.07,0.38,79.64,50.36,0.0,92.5,
2026-06-05 19:00:00+00:00,Karachi,24.8607,67.0011,29.1,83,8.7,1002.2,,4,32.86,143.9,0.07,0.4,79.89,50.41,0.0,95.3,
2026-06-05 20:00:00+00:00,Karachi,24.8607,67.0011,29.0,83,8.6,1002.0,,4,34.12,152.24,0.07,0.41,80.41,50.8,0.0,99.1,
2026-06-05 21:00:00+00:00,Karachi,24.8607,67.0011,28.8,84,9.9,1001.3,,4,35.09,156.84,0.07,0.41,81.28,51.81,0.0,101.9,
2026-06-05 22:00:00+00:00,Karachi,24.8607,67.0011,28.6,85,10.4,1001.1,,4,36.05,158.07,0.06,0.4,82.1,53.87,0.0,102.5,
2026-06-05 23:00:00+00:00,Karachi,24.8607,67.0011,28.5,85,10.6,1001.3,,4,36.61,157.64,0.06,0.4,82.86,55.64,0.0,103.7,
2026-06-06 00:00:00+00:00,Karachi,24.8607,67.0011,28.7,87,11.1,1001.3,,4,36.25,155.33,0.06,0.41,82.88,55.81,0.0,102.8,
2026-06-06 01:00:00+00:00,Karachi,24.8607,67.0011,28.6,87,11.7,1001.8,,4,35.16,150.91,0.06,0.41,82.16,55.09,0.0,99.6,
2026-06-06 02:00:00+00:00,Karachi,24.8607,67.0011,29.2,82,12.4,1002.4,,4,33.85,145.9,0.08,0.41,81.38,54.11,0.0,97.1,
2026-06-06 03:00:00+00:00,Karachi,24.8607,67.0011,30.4,74,11.9,1003.0,,4,32.45,140.86,0.07,0.42,80.4,53.19,0.0,94.5,
2026-06-06 04:00:00+00:00,Karachi,24.8607,67.0011,31.5,67,11.6,1003.3,,4,31.05,135.62,0.06,0.41,79.53,52.58,0.0,91.9,
2026-06-06 05:00:00+00:00,Karachi,24.8607,67.0011,32.4,64,13.2,1003.4,,4,29.76,130.85,0.06,0.41,78.92,52.17,0.0,89.5,
2026-06-06 06:00:00+00:00,Karachi,24.8607,67.0011,33.2,61,14.8,1003.8,,4,28.48,125.99,0.05,0.4,78.28,51.37,0.0,87.1,
2026-06-06 07:00:00+00:00,Karachi,24.8607,67.0011,33.2,62,15.7,1003.6,,4,27.16,120.41,0.05,0.39,77.66,50.16,0.0,84.6,
2026-06-06 08:00:00+00:00,Karachi,24.8607,67.0011,33.3,63,16.3,1003.0,,4,25.96,114.69,0.04,0.38,76.99,48.72,0.0,82.4,
2026-06-06 09:00:00+00:00,Karachi,24.8607,67.0011,33.3,64,16.9,1002.4,,4,24.97,109.6,0.04,0.37,76.49,47.42,0.0,80.6,
2026-06-06 10:00:00+00:00,Karachi,24.8607,67.0011,32.9,66,16.7,1002.0,,4,24.23,105.1,0.04,0.37,76.58,46.86,0.0,79.2,
2026-06-06 11:00:00+00:00,Karachi,24.8607,67.0011,32.6,67,16.2,1001.7,,4,23.53,100.57,0.04,0.36,76.55,46.98,0.0,77.9,
2026-06-06 12:00:00+00:00,Karachi,24.8607,67.0011,32.0,69,15.2,1001.5,,3,23.04,96.53,0.04,0.36,76.93,48.18,0.0,77.0,
2026-06-06 13:00:00+00:00,Karachi,24.8607,67.0011,31.3,71,15.7,1001.6,,3,22.89,94.12,0.05,0.37,77.99,50.38,0.0,76.7,
2026-06-06 14:00:00+00:00,Karachi,24.8607,67.0011,30.8,72,16.9,1001.8,,3,23.13,94.71,0.06,0.37,78.89,52.16,0.0,77.1,
2026-06-06 15:00:00+00:00,Karachi,24.8607,67.0011,30.2,77,18.2,1001.9,,4,24.27,101.5,0.07,0.38,79.56,53.04,0.0,79.3,
2026-06-06 16:00:00+00:00,Karachi,24.8607,67.0011,30.0,78,14.4,1003.0,,4,27.06,117.64,0.07,0.38,80.1,53.21,0.0,84.5,
2026-06-06 17:00:00+00:00,Karachi,24.8607,67.0011,29.9,78,13.6,1003.9,,4,32.34,146.42,0.07,0.4,80.64,53.12,0.0,96.2,
2026-06-06 18:00:00+00:00,Karachi,24.8607,67.0011,29.7,80,13.1,1004.0,,4,40.21,186.49,0.07,0.43,81.44,53.17,0.0,116.6,
2026-06-06 19:00:00+00:00,Karachi,24.8607,67.0011,29.3,82,12.1,1003.7,,5,48.51,226.06,0.07,0.45,81.98,53.38,0.0,136.2,
2026-06-06 20:00:00+00:00,Karachi,24.8607,67.0011,29.2,82,12.4,1003.4,,5,54.07,250.61,0.07,0.46,82.45,54.07,0.0,148.3,
2026-06-06 21:00:00+00:00,Karachi,24.8607,67.0011,29.0,82,12.8,1002.8,,5,56.0,257.82,0.06,0.46,82.39,54.46,0.0,152.4,
2026-06-06 22:00:00+00:00,Karachi,24.8607,67.0011,28.9,83,13.1,1002.8,,5,54.77,251.11,0.06,0.45,81.81,54.28,0.0,148.6,
2026-06-06 23:00:00+00:00,Karachi,24.8607,67.0011,28.9,83,14.1,1002.8,,5,51.29,233.12,0.06,0.45,80.74,53.82,0.0,139.9,
2026-06-07 00:00:00+00:00,Karachi,24.8607,67.0011,29.0,84,13.5,1002.7,,5,46.65,211.41,0.07,0.45,79.26,52.9,0.0,128.9,
2026-06-07 01:00:00+00:00,Karachi,24.8607,67.0011,28.9,84,13.3,1003.1,,4,42.03,190.59,0.07,0.44,77.65,52.08,0.0,118.6,
2026-06-07 02:00:00+00:00,Karachi,24.8607,67.0011,29.6,80,15.1,1003.5,,4,37.54,170.7,0.08,0.44,76.49,52.01,0.0,108.8,
2026-06-07 03:00:00+00:00,Karachi,24.8607,67.0011,30.9,72,15.9,1003.8,,4,33.58,152.46,0.07,0.44,75.79,52.99,0.0,99.2,
2026-06-07 04:00:00+00:00,Karachi,24.8607,67.0011,32.0,66,15.9,1004.2,,4,30.51,137.29,0.06,0.43,75.72,54.36,0.0,91.7,
2026-06-07 05:00:00+00:00,Karachi,24.8607,67.0011,33.0,61,15.5,1004.2,,4,28.43,126.87,0.05,0.42,75.71,54.93,0.0,87.0,
2026-06-07 06:00:00+00:00,Karachi,24.8607,67.0011,33.8,59,15.5,1004.5,,4,27.3,122.25,0.05,0.42,75.38,54.2,0.0,84.9,
2026-06-07 07:00:00+00:00,Karachi,24.8607,67.0011,33.9,59,16.3,1004.1,,4,27.31,125.56,0.04,0.41,75.02,52.58,0.0,85.9,
2026-06-07 08:00:00+00:00,Karachi,24.8607,67.0011,33.8,60,16.5,1003.7,,4,28.53,137.8,0.04,0.4,74.73,50.7,0.0,92.0,
2026-06-07 09:00:00+00:00,Karachi,24.8607,67.0011,33.8,61,16.1,1003.1,,4,31.13,159.44,0.04,0.39,74.69,49.02,0.0,103.2,
2026-06-07 10:00:00+00:00,Karachi,24.8607,67.0011,33.4,64,16.8,1002.4,,4,35.7,193.86,0.04,0.39,75.0,48.14,0.0,120.2,
2026-06-07 11:00:00+00:00,Karachi,24.8607,67.0011,32.8,67,16.8,1002.0,,5,42.96,244.0,0.04,0.4,75.48,48.02,0.0,145.1,
2026-06-07 12:00:00+00:00,Karachi,24.8607,67.0011,32.3,68,16.5,1001.8,,5,53.23,309.66,0.04,0.41,76.44,48.97,0.0,178.1,
2026-06-07 13:00:00+00:00,Karachi,24.8607,67.0011,31.1,74,16.5,1002.0,,5,66.56,391.59,0.05,0.43,77.65,50.6,0.0,253.5,
2026-06-07 14:00:00+00:00,Karachi,24.8607,67.0011,30.2,80,16.4,1002.2,,5,81.72,485.06,0.07,0.45,78.47,51.51,0.0,376.3,
2026-06-07 15:00:00+00:00,Karachi,24.8607,67.0011,30.0,80,18.1,1002.5,,5,96.47,575.16,0.08,0.48,78.79,51.94,0.0,471.2,
2026-06-07 16:00:00+00:00,Karachi,24.8607,67.0011,30.0,80,16.6,1003.3,,5,107.52,634.14,0.08,0.51,78.91,52.36,0.0,500.0,
2026-06-07 17:00:00+00:00,Karachi,24.8607,67.0011,30.0,79,14.7,1003.7,,5,112.91,647.24,0.08,0.53,79.2,53.43,0.0,500.0,
2026-06-07 18:00:00+00:00,Karachi,24.8607,67.0011,29.8,82,14.4,1003.4,,5,111.2,611.15,0.08,0.56,79.31,54.74,0.0,500.0,
2026-06-07 19:00:00+00:00,Karachi,24.8607,67.0011,29.6,83,12.5,1003.3,,5,102.25,545.49,0.08,0.57,78.62,55.29,0.0,441.5,
2026-06-07 20:00:00+00:00,Karachi,24.8607,67.0011,29.3,84,13.0,1002.8,,5,90.57,481.44,0.08,0.58,77.44,54.81,0.0,371.7,
2026-06-07 21:00:00+00:00,Karachi,24.8607,67.0011,29.4,82,13.9,1002.2,,5,80.32,434.61,0.08,0.58,76.43,54.01,0.0,313.0,
2026-06-07 22:00:00+00:00,Karachi,24.8607,67.0011,29.3,83,15.1,1001.6,,5,72.94,405.47,0.08,0.57,75.72,53.86,0.0,273.4,
2026-06-07 23:00:00+00:00,Karachi,24.8607,67.0011,29.1,84,15.0,1001.5,,5,66.62,379.22,0.08,0.57,75.18,53.6,0.0,235.8,
2026-06-08 00:00:00+00:00,Karachi,24.8607,67.0011,29.2,85,14.8,1001.2,,5,60.38,349.74,0.08,0.57,74.52,53.03,0.0,197.9,
2026-06-08 01:00:00+00:00,Karachi,24.8607,67.0011,29.2,85,14.1,1001.7,,5,54.96,323.2,0.08,0.56,74.3,52.81,0.0,184.8,
2026-06-08 02:00:00+00:00,Karachi,24.8607,67.0011,30.0,79,13.7,1002.2,,5,50.97,303.21,0.1,0.55,74.62,53.5,0.0,174.9,
2026-06-08 03:00:00+00:00,Karachi,24.8607,67.0011,31.0,72,15.3,1002.8,,5,48.04,286.05,0.09,0.55,75.25,54.7,0.0,166.4,
2026-06-08 04:00:00+00:00,Karachi,24.8607,67.0011,32.1,66,14.2,1002.9,,5,44.84,265.45,0.08,0.55,75.53,54.94,0.0,156.2,
2026-06-08 05:00:00+00:00,Karachi,24.8607,67.0011,32.9,65,15.2,1002.7,,5,40.29,238.48,0.07,0.54,74.93,53.17,0.0,142.3,
2026-06-08 06:00:00+00:00,Karachi,24.8607,67.0011,33.5,64,16.9,1002.8,,5,35.18,208.91,0.06,0.52,73.63,50.15,0.0,127.7,
2026-06-08 07:00:00+00:00,Karachi,24.8607,67.0011,33.9,62,17.5,1002.5,,4,31.12,183.71,0.06,0.5,72.74,47.47,0.0,115.2,
2026-06-08 08:00:00+00:00,Karachi,24.8607,67.0011,34.1,62,18.0,1001.8,,4,28.88,167.27,0.05,0.48,72.4,46.23,0.0,107.1,
2026-06-08 09:00:00+00:00,Karachi,24.8607,67.0011,34.0,64,18.1,1001.0,,4,28.04,156.95,0.05,0.47,72.6,45.95,0.0,102.0,
2026-06-08 10:00:00+00:00,Karachi,24.8607,67.0011,33.5,67,17.7,1000.8,,4,27.9,149.28,0.05,0.46,73.17,46.22,0.0,97.7,
2026-06-08 11:00:00+00:00,Karachi,24.8607,67.0011,32.9,70,18.2,1000.5,,4,28.12,142.94,0.05,0.46,73.37,46.73,0.0,94.5,
2026-06-08 12:00:00+00:00,Karachi,24.8607,67.0011,32.2,73,19.7,999.9,,4,28.58,138.68,0.05,0.46,73.54,47.76,0.0,92.4,
2026-06-08 13:00:00+00:00,Karachi,24.8607,67.0011,31.0,78,19.5,999.6,,4,29.06,136.11,0.06,0.47,73.7,49.09,0.0,91.1,
2026-06-08 14:00:00+00:00,Karachi,24.8607,67.0011,30.6,80,15.4,1000.5,,4,29.12,134.25,0.08,0.48,73.39,49.57,0.0,90.2,
2026-06-08 15:00:00+00:00,Karachi,24.8607,67.0011,30.3,82,13.6,1000.7,,4,28.67,132.22,0.09,0.5,72.96,49.34,0.0,89.2,
2026-06-08 16:00:00+00:00,Karachi,24.8607,67.0011,30.2,83,13.9,1001.3,,4,27.79,128.91,0.09,0.51,72.72,49.18,0.0,87.6,
2026-06-08 17:00:00+00:00,Karachi,24.8607,67.0011,29.9,85,12.5,1001.8,,4,26.78,124.56,0.09,0.51,72.61,49.25,0.0,85.4,
2026-06-08 18:00:00+00:00,Karachi,24.8607,67.0011,29.9,87,13.1,1001.8,,4,25.96,120.39,0.1,0.52,72.29,49.22,0.0,83.4,
2026-06-08 19:00:00+00:00,Karachi,24.8607,67.0011,29.7,88,13.6,1001.4,,4,25.4,117.74,0.1,0.52,71.99,48.98,0.0,82.1,
2026-06-08 20:00:00+00:00,Karachi,24.8607,67.0011,29.6,88,14.0,1000.8,,4,25.09,117.29,0.1,0.52,71.75,49.02,0.0,81.8,
2026-06-08 21:00:00+00:00,Karachi,24.8607,67.0011,29.4,90,14.7,1000.3,,4,24.9,118.48,0.1,0.52,71.91,49.32,0.0,82.4,
2026-06-08 22:00:00+00:00,Karachi,24.8607,67.0011,29.2,91,14.8,1000.2,,4,24.67,119.59,0.1,0.51,72.08,49.65,0.0,83.0,
2026-06-08 23:00:00+00:00,Karachi,24.8607,67.0011,29.2,91,14.2,1000.0,,4,24.3,119.1,0.1,0.52,72.2,49.64,0.0,82.7,
2026-06-09 00:00:00+00:00,Karachi,24.8607,67.0011,29.2,91,16.0,1000.3,,4,23.84,117.55,0.1,0.52,72.11,49.01,0.0,82.0,
2026-06-09 01:00:00+00:00,Karachi,24.8607,67.0011,29.3,90,16.4,1000.6,,4,23.6,116.73,0.1,0.53,71.99,48.15,0.0,81.6,
2026-06-09 02:00:00+00:00,Karachi,24.8607,67.0011,30.0,85,19.1,1000.9,,4,23.83,118.1,0.11,0.54,71.68,47.68,0.0,82.2,
2026-06-09 03:00:00+00:00,Karachi,24.8607,67.0011,31.1,77,20.4,1001.2,,4,24.56,121.72,0.1,0.54,71.59,48.03,0.0,84.0,
2026-06-09 04:00:00+00:00,Karachi,24.8607,67.0011,32.0,73,19.8,1001.2,,4,25.5,125.84,0.09,0.53,71.85,48.97,0.0,86.1,
2026-06-09 05:00:00+00:00,Karachi,24.8607,67.0011,32.9,69,19.2,1001.3,,4,26.19,128.07,0.07,0.51,72.11,49.7,0.0,87.2,
2026-06-09 06:00:00+00:00,Karachi,24.8607,67.0011,33.5,65,20.3,1001.7,,4,26.55,128.28,0.06,0.5,72.23,49.67,0.0,87.3,
2026-06-09 07:00:00+00:00,Karachi,24.8607,67.0011,33.5,66,21.8,1001.2,,4,26.42,126.49,0.06,0.49,71.95,48.62,0.0,86.4,
2026-06-09 08:00:00+00:00,Karachi,24.8607,67.0011,33.8,64,20.9,1000.6,,4,25.83,122.96,0.05,0.48,71.21,47.01,0.0,84.6,
2026-06-09 09:00:00+00:00,Karachi,24.8607,67.0011,34.0,65,20.1,999.8,,4,25.0,119.01,0.05,0.48,70.33,45.1,0.0,82.7,
2026-06-09 10:00:00+00:00,Karachi,24.8607,67.0011,33.6,66,19.0,999.3,,4,24.14,115.52,0.05,0.48,69.52,43.51,0.0,81.0,
2026-06-09 11:00:00+00:00,Karachi,24.8607,67.0011,33.0,71,18.0,998.9,,4,23.35,112.1,0.05,0.48,68.85,42.33,0.0,79.3,
2026-06-09 12:00:00+00:00,Karachi,24.8607,67.0011,32.5,72,17.3,999.1,,4,22.77,109.31,0.05,0.49,68.22,41.78,0.0,77.9,
2026-06-09 13:00:00+00:00,Karachi,24.8607,67.0011,31.4,78,16.0,999.2,,4,22.55,108.07,0.06,0.5,68.04,41.86,0.0,77.3,
2026-06-09 14:00:00+00:00,Karachi,24.8607,67.0011,30.6,83,16.1,999.5,,4,22.65,107.72,0.08,0.51,67.83,41.88,0.0,77.1,
2026-06-09 15:00:00+00:00,Karachi,24.8607,67.0011,30.2,85,17.0,999.9,,4,22.91,108.03,0.09,0.53,67.5,41.88,0.0,77.2,
2026-06-09 16:00:00+00:00,Karachi,24.8607,67.0011,29.9,87,16.6,1000.2,,4,23.19,108.51,0.1,0.54,67.11,41.95,0.0,77.5,
2026-06-09 17:00:00+00:00,Karachi,24.8607,67.0011,29.7,87,14.5,1000.9,,4,23.5,109.27,0.1,0.54,67.05,42.37,0.0,77.9,
2026-06-09 18:00:00+00:00,Karachi,24.8607,67.0011,29.7,88,14.9,1001.0,,4,23.91,110.62,0.1,0.55,67.1,43.15,0.0,78.6,
2026-06-09 19:00:00+00:00,Karachi,24.8607,67.0011,29.4,90,14.0,1000.8,,4,24.41,112.48,0.1,0.56,67.11,44.07,0.0,79.5,
2026-06-09 20:00:00+00:00,Karachi,24.8607,67.0011,29.2,90,13.3,1000.5,,4,25.0,114.92,0.1,0.56,67.42,45.02,0.0,80.7,
2026-06-09 21:00:00+00:00,Karachi,24.8607,67.0011,29.1,90,14.1,999.8,,4,25.71,117.44,0.1,0.56,67.84,45.8,0.0,81.9,
2026-06-09 22:00:00+00:00,Karachi,24.8607,67.0011,29.2,87,15.6,999.9,,4,26.53,120.16,0.1,0.56,68.22,46.48,0.0,83.5,
2026-06-09 23:00:00+00:00,Karachi,24.8607,67.0011,29.1,88,16.9,999.9,,4,27.34,122.02,0.1,0.56,68.54,46.95,0.0,85.0,
2026-06-10 00:00:00+00:00,Karachi,24.8607,67.0011,29.3,90,19.2,1000.0,,4,28.04,123.0,0.1,0.56,68.89,47.52,0.0,86.3,
2026-06-10 01:00:00+00:00,Karachi,24.8607,67.0011,29.4,89,20.6,1000.4,,4,28.66,123.98,0.1,0.56,69.44,48.56,0.0,87.4,
2026-06-10 02:00:00+00:00,Karachi,24.8607,67.0011,30.0,85,21.3,1001.0,,4,29.2,125.46,0.1,0.56,70.22,49.66,0.0,88.4,
2026-06-10 03:00:00+00:00,Karachi,24.8607,67.0011,31.0,79,21.9,1001.4,,4,29.43,126.59,0.09,0.57,70.66,50.41,0.0,88.9,
2026-06-10 04:00:00+00:00,Karachi,24.8607,67.0011,32.1,72,22.7,1001.5,,4,29.17,126.73,0.08,0.57,70.4,50.61,0.0,88.4,
2026-06-10 05:00:00+00:00,Karachi,24.8607,67.0011,33.0,67,22.9,1001.7,,4,28.76,127.2,0.07,0.56,69.82,50.64,0.0,87.6,
2026-06-10 06:00:00+00:00,Karachi,24.8607,67.0011,33.8,65,21.0,1001.7,,4,28.29,127.46,0.06,0.54,69.18,50.54,0.0,86.9,
2026-06-10 07:00:00+00:00,Karachi,24.8607,67.0011,34.1,64,21.1,1001.2,,4,27.76,126.84,0.05,0.53,68.38,49.62,0.0,86.6,
2026-06-10 08:00:00+00:00,Karachi,24.8607,67.0011,34.1,66,20.7,1000.6,,4,27.0,124.52,0.05,0.52,67.26,48.1,0.0,85.4,
2026-06-10 09:00:00+00:00,Karachi,24.8607,67.0011,34.0,67,20.3,999.8,,4,26.16,121.21,0.05,0.51,66.26,46.53,0.0,83.8,
2026-06-10 10:00:00+00:00,Karachi,24.8607,67.0011,33.8,67,18.8,999.2,,4,25.45,118.55,0.05,0.51,65.75,45.68,0.0,82.5,
2026-06-10 11:00:00+00:00,Karachi,24.8607,67.0011,33.4,69,16.8,998.7,,4,24.97,116.74,0.05,0.51,65.47,45.25,0.0,81.6,
2026-06-10 12:00:00+00:00,Karachi,24.8607,67.0011,32.9,71,15.8,998.6,,4,24.72,115.7,0.05,0.51,65.52,45.3,0.0,81.0,
2026-06-10 13:00:00+00:00,Karachi,24.8607,67.0011,31.8,75,14.6,998.6,,4,24.62,115.15,0.06,0.52,66.06,45.95,0.0,80.8,
2026-06-10 14:00:00+00:00,Karachi,24.8607,67.0011,31.0,79,11.6,998.6,,4,24.58,114.65,0.08,0.53,66.73,46.71,0.0,80.5,
2026-06-10 15:00:00+00:00,Karachi,24.8607,67.0011,30.5,83,8.8,999.2,,4,24.7,114.41,0.09,0.54,67.31,47.27,0.0,80.4,
2026-06-10 16:00:00+00:00,Karachi,24.8607,67.0011,30.3,84,7.3,999.8,,4,24.82,113.71,0.09,0.55,67.73,47.27,0.0,80.3,
2026-06-10 17:00:00+00:00,Karachi,24.8607,67.0011,30.1,85,10.1,1000.2,,4,24.87,112.47,0.09,0.56,67.78,46.94,0.0,80.4,
2026-06-10 18:00:00+00:00,Karachi,24.8607,67.0011,29.9,85,11.1,1000.5,,4,24.85,110.57,0.1,0.57,67.66,46.48,0.0,80.3,
2026-06-10 19:00:00+00:00,Karachi,24.8607,67.0011,29.7,86,12.4,1000.2,,4,24.78,109.13,0.1,0.57,67.56,46.33,0.0,80.2,
2026-06-10 20:00:00+00:00,Karachi,24.8607,67.0011,29.6,85,13.7,999.8,,4,24.9,108.8,0.1,0.58,67.81,46.4,0.0,80.4,
2026-06-10 21:00:00+00:00,Karachi,24.8607,67.0011,29.5,86,13.8,999.3,,4,25.19,109.23,0.1,0.59,67.98,46.52,0.0,81.0,
2026-06-10 22:00:00+00:00,Karachi,24.8607,67.0011,29.3,88,13.5,999.1,,4,25.64,110.46,0.11,0.6,68.24,46.61,0.0,81.8,
2026-06-10 23:00:00+00:00,Karachi,24.8607,67.0011,29.2,90,14.4,999.2,,4,26.23,112.21,0.11,0.6,68.41,46.59,0.0,82.9,
2026-06-11 00:00:00+00:00,Karachi,24.8607,67.0011,29.2,91,15.4,998.6,,4,26.82,114.27,0.11,0.6,68.7,46.63,0.0,84.0,
2026-06-11 01:00:00+00:00,Karachi,24.8607,67.0011,29.3,90,15.7,999.3,,4,27.53,117.33,0.11,0.6,69.37,47.24,0.0,85.3,
2026-06-11 02:00:00+00:00,Karachi,24.8607,67.0011,30.0,87,13.0,999.5,,4,28.25,120.21,0.12,0.59,69.86,47.81,0.0,86.7,
2026-06-11 03:00:00+00:00,Karachi,24.8607,67.0011,31.6,78,15.0,1000.1,,4,28.79,122.28,0.11,0.59,70.34,48.14,0.0,87.7,
2026-06-11 04:00:00+00:00,Karachi,24.8607,67.0011,33.1,71,14.6,1000.4,,4,29.11,123.41,0.09,0.59,70.67,48.68,0.0,88.3,
2026-06-11 05:00:00+00:00,Karachi,24.8607,67.0011,34.7,63,14.6,1000.5,,4,29.26,123.62,0.08,0.57,71.27,49.65,0.0,88.6,
2026-06-11 06:00:00+00:00,Karachi,24.8607,67.0011,35.4,57,16.8,1000.7,,4,29.38,123.4,0.07,0.55,72.07,50.77,0.0,88.8,
2026-06-11 07:00:00+00:00,Karachi,24.8607,67.0011,36.3,53,16.1,1000.0,,4,29.37,122.8,0.06,0.53,72.6,51.13,0.0,88.8,
2026-06-11 08:00:00+00:00,Karachi,24.8607,67.0011,36.9,50,17.8,999.5,,4,29.01,120.96,0.05,0.52,72.5,49.8,0.0,88.1,
2026-06-11 09:00:00+00:00,Karachi,24.8607,67.0011,36.8,50,18.0,998.8,,4,28.33,117.8,0.05,0.51,71.74,47.2,0.0,86.8,
2026-06-11 10:00:00+00:00,Karachi,24.8607,67.0011,36.3,51,17.4,998.4,,4,27.42,114.13,0.05,0.5,70.96,44.54,0.0,85.1,
2026-06-11 11:00:00+00:00,Karachi,24.8607,67.0011,35.4,56,15.7,998.0,,4,26.44,110.6,0.05,0.5,70.13,42.49,0.0,83.3,
2026-06-11 12:00:00+00:00,Karachi,24.8607,67.0011,34.2,63,16.1,997.6,,4,25.71,108.89,0.05,0.5,69.25,41.54,0.0,81.9,
2026-06-11 13:00:00+00:00,Karachi,24.8607,67.0011,32.6,71,14.0,997.4,,4,25.43,109.3,0.06,0.5,68.76,41.33,0.0,81.4,
2026-06-11 14:00:00+00:00,Karachi,24.8607,67.0011,31.8,72,6.9,998.2,,4,25.42,110.64,0.08,0.51,68.19,41.23,0.0,81.4,
2026-06-11 15:00:00+00:00,Karachi,24.8607,67.0011,31.2,75,10.4,998.5,,4,25.33,111.41,0.09,0.51,67.7,41.01,0.0,81.2,
2026-06-11 16:00:00+00:00,Karachi,24.8607,67.0011,31.0,74,13.6,998.9,,4,25.0,111.02,0.09,0.52,67.44,40.88,0.0,80.6,
2026-06-11 17:00:00+00:00,Karachi,24.8607,67.0011,30.5,79,11.6,999.6,,4,24.56,110.39,0.09,0.53,67.37,41.13,0.0,79.8,
2026-06-11 18:00:00+00:00,Karachi,24.8607,67.0011,30.3,81,12.1,999.5,,4,24.14,110.31,0.09,0.53,67.45,41.48,0.0,79.0,
2026-06-11 19:00:00+00:00,Karachi,24.8607,67.0011,29.8,83,13.1,999.1,,4,23.84,111.09,0.1,0.55,67.42,41.54,0.0,78.8,
2026-06-11 20:00:00+00:00,Karachi,24.8607,67.0011,29.5,86,15.8,998.9,,4,23.63,111.96,0.1,0.56,67.13,41.16,0.0,79.2,
2026-06-11 21:00:00+00:00,Karachi,24.8607,67.0011,29.4,86,17.1,998.6,,4,23.52,112.05,0.1,0.58,66.66,40.61,0.0,79.2,
2026-06-11 22:00:00+00:00,Karachi,24.8607,67.0011,29.2,87,18.3,998.8,,4,23.47,111.42,0.11,0.59,66.57,40.55,0.0,78.9,
2026-06-11 23:00:00+00:00,Karachi,24.8607,67.0011,29.2,86,18.4,998.7,,4,23.49,111.27,0.11,0.6,66.96,41.16,0.0,78.9,
2026-06-12 00:00:00+00:00,Karachi,24.8607,67.0011,29.3,86,17.8,998.9,,4,23.68,112.24,0.11,0.6,67.31,41.83,0.0,79.3,
2026-06-12 01:00:00+00:00,Karachi,24.8607,67.0011,29.0,89,16.7,999.7,,4,24.28,118.37,0.1,0.59,68.55,44.61,0.0,82.4,
2026-06-12 02:00:00+00:00,Karachi,24.8607,67.0011,29.8,85,17.1,1000.4,,4,25.35,126.3,0.11,0.58,69.76,47.72,0.0,86.3,
2026-06-12 03:00:00+00:00,Karachi,24.8607,67.0011,30.8,79,18.2,1001.1,,4,25.81,128.61,0.1,0.57,70.16,48.35,0.0,87.4,
2026-06-12 04:00:00+00:00,Karachi,24.8607,67.0011,31.8,74,17.7,1001.6,,4,25.85,127.87,0.09,0.56,69.93,47.64,0.0,87.1,
2026-06-12 05:00:00+00:00,Karachi,24.8607,67.0011,32.5,71,18.1,1001.9,,4,25.95,126.36,0.07,0.56,69.73,46.48,0.0,86.3,
2026-06-12 06:00:00+00:00,Karachi,24.8607,67.0011,33.5,66,18.7,1002.0,,4,25.94,124.08,0.06,0.55,69.62,44.86,0.0,85.2,
2026-06-12 07:00:00+00:00,Karachi,24.8607,67.0011,33.9,64,18.7,1002.0,,4,25.64,120.92,0.06,0.54,69.43,43.05,0.0,83.6,
2026-06-12 08:00:00+00:00,Karachi,24.8607,67.0011,34.2,62,19.6,1001.6,,4,25.11,117.7,0.05,0.52,69.17,41.74,0.0,82.0,
2026-06-12 09:00:00+00:00,Karachi,24.8607,67.0011,33.8,66,19.9,1001.2,,4,24.53,114.78,0.05,0.51,69.11,41.17,0.0,80.6,
2026-06-12 10:00:00+00:00,Karachi,24.8607,67.0011,33.7,66,18.4,1000.8,,4,23.95,112.33,0.05,0.5,69.0,40.99,0.0,79.4,
2026-06-12 11:00:00+00:00,Karachi,24.8607,67.0011,33.0,70,17.9,1000.4,,4,23.23,109.34,0.05,0.49,68.69,40.76,0.0,77.9,
2026-06-12 12:00:00+00:00,Karachi,24.8607,67.0011,31.9,76,19.2,999.7,,4,22.4,106.06,0.05,0.49,68.24,40.44,0.0,76.3,
2026-06-12 13:00:00+00:00,Karachi,24.8607,67.0011,30.9,82,17.8,999.5,,4,21.55,103.04,0.06,0.49,67.75,40.36,0.0,74.8,
2026-06-12 14:00:00+00:00,Karachi,24.8607,67.0011,30.2,86,12.9,1000.1,,4,20.72,100.13,0.07,0.49,67.71,40.34,0.0,73.3,
2026-06-12 15:00:00+00:00,Karachi,24.8607,67.0011,30.0,84,15.7,1000.6,,3,19.98,97.6,0.08,0.49,67.76,40.19,0.0,72.1,
2026-06-12 16:00:00+00:00,Karachi,24.8607,67.0011,30.1,83,15.3,1001.5,,3,19.51,96.16,0.08,0.49,67.76,39.76,0.0,71.4,
2026-06-12 17:00:00+00:00,Karachi,24.8607,67.0011,30.0,83,15.1,1002.3,,3,19.45,96.63,0.08,0.5,67.95,39.5,0.0,71.6,
2026-06-12 18:00:00+00:00,Karachi,24.8607,67.0011,30.0,79,17.3,1002.1,,3,19.79,99.04,0.08,0.51,68.35,39.57,0.0,72.8,
2026-06-12 19:00:00+00:00,Karachi,24.8607,67.0011,29.9,80,15.5,1002.2,,4,20.26,101.53,0.09,0.53,68.91,39.72,0.0,74.0,
2026-06-12 20:00:00+00:00,Karachi,24.8607,67.0011,29.7,81,17.4,1001.8,,4,20.53,103.65,0.09,0.53,69.17,39.58,0.0,75.1,
2026-06-12 21:00:00+00:00,Karachi,24.8607,67.0011,29.4,81,17.7,1001.7,,4,20.7,106.1,0.09,0.54,69.26,39.41,0.0,76.3,
2026-06-12 22:00:00+00:00,Karachi,24.8607,67.0011,29.4,81,18.3,1001.7,,4,20.62,105.84,0.09,0.53,69.44,39.43,0.0,76.2,
2026-06-12 23:00:00+00:00,Karachi,24.8607,67.0011,29.1,83,17.8,1001.6,,4,20.35,103.68,0.09,0.52,69.85,39.57,0.0,75.1,
2026-06-13 00:00:00+00:00,Karachi,24.8607,67.0011,29.3,80,18.7,1001.7,,4,20.02,102.32,0.09,0.52,70.03,39.54,0.0,74.4,
2026-06-13 01:00:00+00:00,Karachi,24.8607,67.0011,29.4,79,18.4,1002.4,,4,19.74,101.28,0.09,0.51,70.15,40.23,0.0,73.9,
2026-06-13 02:00:00+00:00,Karachi,24.8607,67.0011,30.0,76,19.8,1003.3,,4,19.79,101.75,0.09,0.49,70.51,41.98,0.0,74.1,
2026-06-13 03:00:00+00:00,Karachi,24.8607,67.0011,30.8,72,20.3,1003.9,,4,19.93,103.03,0.08,0.48,71.07,43.74,0.0,74.8,
2026-06-13 04:00:00+00:00,Karachi,24.8607,67.0011,31.7,66,20.8,1004.3,,4,20.12,105.31,0.07,0.48,71.57,45.3,0.0,75.9,
2026-06-13 05:00:00+00:00,Karachi,24.8607,67.0011,32.5,61,21.0,1004.7,,4,20.14,106.61,0.06,0.47,71.72,45.88,0.0,76.5,
2026-06-13 06:00:00+00:00,Karachi,24.8607,67.0011,32.8,58,19.8,1005.5,,4,19.83,105.51,0.05,0.46,71.4,45.3,0.0,76.0,
2026-06-13 07:00:00+00:00,Karachi,24.8607,67.0011,33.1,57,18.3,1005.2,,4,19.33,102.92,0.05,0.45,70.67,44.1,0.0,74.7,
2026-06-13 08:00:00+00:00,Karachi,24.8607,67.0011,33.2,58,18.1,1004.7,,3,18.76,99.49,0.05,0.44,70.4,43.21,0.0,73.0,
2026-06-13 09:00:00+00:00,Karachi,24.8607,67.0011,33.4,59,18.7,1004.1,,3,18.1,95.12,0.04,0.43,70.33,42.87,0.0,70.9,
2026-06-13 10:00:00+00:00,Karachi,24.8607,67.0011,33.0,61,18.7,1003.4,,3,17.32,90.72,0.04,0.42,70.53,42.74,0.0,68.7,
2026-06-13 11:00:00+00:00,Karachi,24.8607,67.0011,32.5,64,18.7,1002.8,,3,16.42,86.13,0.04,0.42,70.53,42.42,0.0,66.4,
2026-06-13 12:00:00+00:00,Karachi,24.8607,67.0011,32.4,65,18.3,1002.8,,3,15.54,81.97,0.05,0.42,70.21,41.8,0.0,64.3,
2026-06-13 13:00:00+00:00,Karachi,24.8607,67.0011,31.1,70,19.6,1002.4,,3,14.95,78.95,0.05,0.42,69.83,41.18,0.0,62.9,
2026-06-13 14:00:00+00:00,Karachi,24.8607,67.0011,30.2,74,20.0,1002.5,,3,14.65,77.16,0.07,0.43,69.65,40.8,0.0,62.0,
2026-06-13 15:00:00+00:00,Karachi,24.8607,67.0011,30.1,74,16.7,1003.5,,3,14.63,76.44,0.07,0.43,69.59,41.13,0.0,61.6,
2026-06-13 16:00:00+00:00,Karachi,24.8607,67.0011,30.0,75,16.3,1004.3,,3,14.63,75.73,0.07,0.43,69.73,41.96,0.0,61.3,
2026-06-13 17:00:00+00:00,Karachi,24.8607,67.0011,29.8,76,15.5,1004.5,,3,14.59,75.1,0.07,0.43,70.13,42.84,0.0,61.2,
2026-06-13 18:00:00+00:00,Karachi,24.8607,67.0011,29.8,78,15.8,1004.6,,3,14.56,74.63,0.07,0.44,70.37,43.14,0.0,61.2,
2026-06-13 19:00:00+00:00,Karachi,24.8607,67.0011,29.5,78,16.8,1004.3,,3,14.49,74.13,0.07,0.44,70.56,42.89,0.0,61.0,
2026-06-13 20:00:00+00:00,Karachi,24.8607,67.0011,29.4,77,17.4,1004.1,,3,14.4,73.29,0.07,0.43,70.72,42.77,0.0,60.9,
2026-06-13 21:00:00+00:00,Karachi,24.8607,67.0011,29.3,77,16.9,1003.9,,3,14.54,73.45,0.07,0.43,70.85,42.65,0.0,61.1,
2026-06-13 22:00:00+00:00,Karachi,24.8607,67.0011,29.1,78,15.9,1003.8,,3,14.97,74.52,0.07,0.44,70.69,41.95,0.0,61.9,
2026-06-13 23:00:00+00:00,Karachi,24.8607,67.0011,28.9,80,16.5,1003.6,,3,15.37,75.62,0.07,0.44,70.51,41.24,0.0,62.7,
2026-06-14 00:00:00+00:00,Karachi,24.8607,67.0011,29.3,78,16.4,1003.8,,3,15.55,75.97,0.08,0.45,70.34,40.77,0.0,63.0,
2026-06-14 01:00:00+00:00,Karachi,24.8607,67.0011,29.3,77,16.8,1004.4,,3,15.44,74.26,0.08,0.45,70.39,40.86,0.0,62.8,
2026-06-14 02:00:00+00:00,Karachi,24.8607,67.0011,29.9,72,18.8,1004.6,,3,14.78,69.21,0.08,0.43,70.67,41.87,0.0,61.6,
2026-06-14 03:00:00+00:00,Karachi,24.8607,67.0011,30.3,69,20.7,1005.2,,3,13.76,62.87,0.07,0.4,71.26,43.8,0.0,59.7,
2026-06-14 04:00:00+00:00,Karachi,24.8607,67.0011,31.0,65,21.2,1005.6,,3,12.67,57.32,0.06,0.37,71.74,46.0,0.0,57.7,
2026-06-14 05:00:00+00:00,Karachi,24.8607,67.0011,31.8,62,20.7,1005.7,,3,11.77,53.87,0.05,0.35,71.92,47.13,0.0,56.0,
2026-06-14 06:00:00+00:00,Karachi,24.8607,67.0011,32.7,58,21.2,1005.9,,3,10.99,50.81,0.04,0.33,71.77,46.8,0.0,54.5,
2026-06-14 07:00:00+00:00,Karachi,24.8607,67.0011,32.7,56,20.5,1005.6,,2,10.31,47.61,0.04,0.32,71.32,45.76,0.0,53.3,
2026-06-14 08:00:00+00:00,Karachi,24.8607,67.0011,32.9,58,21.7,1004.8,,2,9.71,44.88,0.04,0.31,70.93,44.68,0.0,52.1,
2026-06-14 09:00:00+00:00,Karachi,24.8607,67.0011,32.2,61,21.9,1004.5,,2,9.16,42.79,0.03,0.3,70.71,43.86,0.0,51.1,
2026-06-14 10:00:00+00:00,Karachi,24.8607,67.0011,32.2,61,22.1,1003.7,,2,8.72,41.83,0.03,0.3,70.67,43.45,0.0,48.4,
2026-06-14 11:00:00+00:00,Karachi,24.8607,67.0011,32.1,61,21.1,1003.2,,2,8.53,42.42,0.03,0.31,70.44,43.08,0.0,47.4,
2026-06-14 12:00:00+00:00,Karachi,24.8607,67.0011,31.6,64,21.0,1003.0,,2,8.65,43.88,0.04,0.32,70.12,42.55,0.0,48.1,
2026-06-14 13:00:00+00:00,Karachi,24.8607,67.0011,31.1,65,20.8,1002.8,,2,8.96,45.71,0.04,0.33,70.12,42.15,0.0,49.8,
2026-06-14 14:00:00+00:00,Karachi,24.8607,67.0011,30.1,71,21.3,1002.5,,2,9.28,47.13,0.06,0.34,69.87,41.9,0.0,51.3,
2026-06-14 15:00:00+00:00,Karachi,24.8607,67.0011,29.5,74,21.2,1003.0,,2,9.58,48.41,0.06,0.35,69.94,41.9,0.0,51.9,
2026-06-14 16:00:00+00:00,Karachi,24.8607,67.0011,29.5,75,21.7,1003.5,,3,9.92,50.39,0.06,0.36,70.03,41.98,0.0,52.5,
2026-06-14 17:00:00+00:00,Karachi,24.8607,67.0011,29.2,77,19.2,1004.0,,3,10.47,53.73,0.07,0.38,70.28,41.75,0.0,53.6,
2026-06-14 18:00:00+00:00,Karachi,24.8607,67.0011,29.1,77,18.3,1003.7,,3,11.1,57.25,0.07,0.4,70.25,41.05,0.0,54.7,
2026-06-14 19:00:00+00:00,Karachi,24.8607,67.0011,28.9,78,18.6,1002.9,,3,11.5,59.43,0.07,0.42,70.37,40.44,0.0,55.5,
2026-06-14 20:00:00+00:00,Karachi,24.8607,67.0011,28.8,78,17.5,1002.7,,3,11.62,60.42,0.07,0.42,70.59,40.4,0.0,55.7,
2026-06-14 21:00:00+00:00,Karachi,24.8607,67.0011,28.8,77,18.1,1002.3,,3,11.76,61.52,0.07,0.42,70.93,40.63,0.0,56.0,
2026-06-14 22:00:00+00:00,Karachi,24.8607,67.0011,28.8,77,19.6,1002.3,,3,12.13,63.8,0.07,0.42,71.29,40.95,0.0,56.6,
2026-06-14 23:00:00+00:00,Karachi,24.8607,67.0011,28.7,77,18.6,1002.4,,3,12.67,66.91,0.07,0.43,71.42,41.22,0.0,57.7,
2026-06-15 00:00:00+00:00,Karachi,24.8607,67.0011,28.9,80,17.8,1002.1,,3,13.18,69.62,0.07,0.43,71.49,41.32,0.0,58.6,
2026-06-15 01:00:00+00:00,Karachi,24.8607,67.0011,28.8,81,17.0,1002.8,,3,13.58,70.68,0.07,0.43,71.98,42.09,0.0,59.3,
2026-06-15 02:00:00+00:00,Karachi,24.8607,67.0011,29.4,77,19.7,1003.1,,3,14.04,71.53,0.07,0.42,72.84,44.01,0.0,60.2,
2026-06-15 03:00:00+00:00,Karachi,24.8607,67.0011,30.2,72,20.6,1003.7,,3,14.38,70.45,0.07,0.42,73.65,45.92,0.0,60.8,
2026-06-15 04:00:00+00:00,Karachi,24.8607,67.0011,30.9,68,22.1,1004.0,,3,14.28,66.99,0.06,0.4,73.81,46.89,0.0,60.7,
2026-06-15 05:00:00+00:00,Karachi,24.8607,67.0011,31.6,65,21.9,1004.1,,3,13.87,63.77,0.05,0.39,73.75,46.87,0.0,59.9,
2026-06-15 06:00:00+00:00,Karachi,24.8607,67.0011,32.3,60,20.9,1004.2,,3,13.39,61.78,0.05,0.39,73.41,46.19,0.0,59.0,
2026-06-15 07:00:00+00:00,Karachi,24.8607,67.0011,31.9,63,20.1,1004.2,,3,12.97,61.73,0.04,0.38,73.21,45.56,0.0,58.2,
2026-06-15 08:00:00+00:00,Karachi,24.8607,67.0011,32.5,61,19.8,1003.8,,3,12.77,62.71,0.04,0.38,73.14,45.26,0.0,57.8,
2026-06-15 09:00:00+00:00,Karachi,24.8607,67.0011,32.4,60,20.2,1003.3,,3,12.86,64.38,0.04,0.39,73.03,44.87,0.0,58.0,
2026-06-15 10:00:00+00:00,Karachi,24.8607,67.0011,32.0,65,21.3,1002.5,,3,13.18,66.87,0.04,0.4,72.72,43.98,0.0,58.6,
2026-06-15 11:00:00+00:00,Karachi,24.8607,67.0011,31.5,69,21.5,1002.1,,3,13.55,69.26,0.04,0.41,71.65,42.25,0.0,59.3,
2026-06-15 12:00:00+00:00,Karachi,24.8607,67.0011,31.7,65,20.9,1001.6,,3,13.78,70.27,0.05,0.42,70.43,40.73,0.0,59.7,
2026-06-15 13:00:00+00:00,Karachi,24.8607,67.0011,31.0,69,19.9,1001.8,,3,13.83,69.77,0.05,0.42,70.19,40.49,0.0,59.8,
2026-06-15 14:00:00+00:00,Karachi,24.8607,67.0011,30.4,72,19.4,1002.0,,3,13.71,68.09,0.06,0.42,70.64,41.49,0.0,59.6,
2026-06-15 15:00:00+00:00,Karachi,24.8607,67.0011,30.1,74,18.6,1002.4,,3,13.81,67.7,0.07,0.42,71.18,42.8,0.0,59.8,
2026-06-15 16:00:00+00:00,Karachi,24.8607,67.0011,30.1,74,17.5,1002.9,,3,14.36,70.07,0.07,0.42,71.26,43.29,0.0,60.8,
2026-06-15 17:00:00+00:00,Karachi,24.8607,67.0011,29.9,76,16.1,1003.5,,3,15.26,74.59,0.07,0.43,70.66,42.82,0.0,62.5,
2026-06-15 18:00:00+00:00,Karachi,24.8607,67.0011,29.7,78,15.4,1003.2,,3,16.08,79.04,0.07,0.44,70.28,42.34,0.0,64.0,
2026-06-15 19:00:00+00:00,Karachi,24.8607,67.0011,29.4,80,14.7,1002.9,,3,16.55,82.03,0.07,0.44,70.44,42.88,0.0,64.9,
2026-06-15 20:00:00+00:00,Karachi,24.8607,67.0011,29.0,82,14.4,1002.6,,3,16.82,84.13,0.07,0.43,71.44,44.38,0.0,65.4,
2026-06-15 21:00:00+00:00,Karachi,24.8607,67.0011,28.8,84,13.1,1002.2,,3,17.18,86.3,0.07,0.42,72.25,45.51,0.0,66.5,
2026-06-15 22:00:00+00:00,Karachi,24.8607,67.0011,28.7,84,12.6,1002.0,,3,17.68,88.87,0.07,0.42,72.45,45.51,0.0,67.8,
2026-06-15 23:00:00+00:00,Karachi,24.8607,67.0011,28.5,85,12.6,1002.0,,3,18.09,90.64,0.07,0.42,72.05,44.53,0.0,68.6,
2026-06-16 00:00:00+00:00,Karachi,24.8607,67.0011,28.6,86,11.7,1001.9,,3,18.33,91.63,0.08,0.42,71.45,43.5,0.0,69.1,
2026-06-16 01:00:00+00:00,Karachi,24.8607,67.0011,28.6,86,10.2,1002.9,,3,18.4,87.37,0.08,0.42,71.57,43.53,0.0,68.3,
2026-06-16 02:00:00+00:00,Karachi,24.8607,67.0011,29.2,83,11.4,1003.4,,3,18.48,82.07,0.08,0.41,72.37,44.96,0.0,68.5,
2026-06-16 03:00:00+00:00,Karachi,24.8607,67.0011,30.3,76,13.5,1003.6,,3,18.64,78.83,0.08,0.4,73.08,46.61,0.0,68.8,
2026-06-16 04:00:00+00:00,Karachi,24.8607,67.0011,31.1,71,16.5,1004.0,,3,18.63,77.15,0.07,0.39,73.17,47.63,0.0,68.8,
2026-06-16 05:00:00+00:00,Karachi,24.8607,67.0011,31.3,72,19.2,1004.4,,3,18.54,76.22,0.06,0.39,73.0,47.81,0.0,68.6,
2026-06-16 06:00:00+00:00,Karachi,24.8607,67.0011,31.2,71,18.9,1004.4,,3,18.53,76.13,0.05,0.38,72.59,47.3,0.0,68.6,
2026-06-16 07:00:00+00:00,Karachi,24.8607,67.0011,31.7,69,17.8,1004.3,,3,18.82,79.61,0.05,0.38,72.09,46.78,0.0,69.1,
2026-06-16 08:00:00+00:00,Karachi,24.8607,67.0011,32.5,64,17.5,1004.0,,3,19.51,86.66,0.04,0.39,71.74,46.45,0.0,70.4,
2026-06-16 09:00:00+00:00,Karachi,24.8607,67.0011,32.5,64,17.2,1003.4,,3,20.21,93.83,0.04,0.4,71.65,46.47,0.0,71.7,
2026-06-16 10:00:00+00:00,Karachi,24.8607,67.0011,32.8,61,16.9,1002.8,,3,20.8,99.66,0.04,0.4,71.83,46.7,0.0,73.1,
2026-06-16 11:00:00+00:00,Karachi,24.8607,67.0011,32.6,61,16.9,1002.4,,4,20.92,102.53,0.04,0.41,71.59,46.74,0.0,74.5,
2026-06-16 12:00:00+00:00,Karachi,24.8607,67.0011,32.1,63,16.2,1001.7,,4,20.69,102.74,0.04,0.41,71.14,46.62,0.0,74.6,
2026-06-16 13:00:00+00:00,Karachi,24.8607,67.0011,31.0,68,16.5,1001.8,,4,20.31,101.66,0.05,0.42,70.61,46.44,0.0,74.1,
2026-06-16 14:00:00+00:00,Karachi,24.8607,67.0011,30.6,69,16.0,1002.3,,4,19.81,100.12,0.07,0.42,69.82,46.08,0.0,73.3,
2026-06-16 15:00:00+00:00,Karachi,24.8607,67.0011,30.4,71,14.0,1003.3,,3,19.35,98.76,0.07,0.42,69.06,45.47,0.0,72.7,
2026-06-16 16:00:00+00:00,Karachi,24.8607,67.0011,30.3,72,13.8,1003.8,,3,18.92,97.63,0.07,0.42,68.48,44.97,0.0,72.1,
2026-06-16 17:00:00+00:00,Karachi,24.8607,67.0011,30.0,74,13.5,1004.3,,3,18.58,96.65,0.07,0.41,68.33,44.64,0.0,71.6,
2026-06-16 18:00:00+00:00,Karachi,24.8607,67.0011,29.9,75,12.6,1004.3,,3,18.23,95.47,0.07,0.41,68.2,44.36,0.0,71.0,
2026-06-16 19:00:00+00:00,Karachi,24.8607,67.0011,29.6,77,14.6,1003.9,,3,17.81,92.06,0.07,0.41,68.14,44.07,0.0,69.3,
2026-06-16 20:00:00+00:00,Karachi,24.8607,67.0011,29.4,79,16.7,1003.4,,3,17.48,89.28,0.07,0.4,68.39,43.97,0.0,68.0,
2026-06-16 21:00:00+00:00,Karachi,24.8607,67.0011,29.3,80,17.2,1003.1,,3,17.22,87.06,0.07,0.38,68.58,43.93,0.0,66.9,
2026-06-16 22:00:00+00:00,Karachi,24.8607,67.0011,29.1,81,12.6,1003.8,,3,17.09,86.32,0.07,0.37,68.67,43.66,0.0,66.5,
2026-06-16 23:00:00+00:00,Karachi,24.8607,67.0011,29.1,80,11.7,1003.8,,3,17.06,86.89,0.07,0.38,68.56,42.96,0.0,66.8,
2026-06-17 00:00:00+00:00,Karachi,24.8607,67.0011,29.4,80,11.4,1003.8,,3,17.08,87.48,0.07,0.39,68.45,42.21,0.0,67.1,
2026-06-17 01:00:00+00:00,Karachi,24.8607,67.0011,29.2,80,11.4,1004.2,,3,16.95,85.51,0.07,0.39,68.68,42.06,0.0,66.1,
2026-06-17 02:00:00+00:00,Karachi,24.8607,67.0011,29.5,78,13.6,1004.6,,3,16.65,83.0,0.08,0.37,69.16,42.83,0.0,65.1,
2026-06-17 03:00:00+00:00,Karachi,24.8607,67.0011,30.3,73,15.0,1005.0,,3,16.41,82.48,0.08,0.36,70.01,43.97,0.0,64.6,
2026-06-17 04:00:00+00:00,Karachi,24.8607,67.0011,31.1,68,15.7,1005.2,,3,16.14,81.08,0.07,0.35,70.35,44.67,0.0,64.1,
2026-06-17 05:00:00+00:00,Karachi,24.8607,67.0011,31.7,66,15.7,1005.4,,3,15.94,79.28,0.06,0.35,70.6,44.9,0.0,63.7,
2026-06-17 06:00:00+00:00,Karachi,24.8607,67.0011,32.7,58,15.6,1005.6,,3,15.76,76.55,0.06,0.34,70.47,44.4,0.0,63.4,
2026-06-17 07:00:00+00:00,Karachi,24.8607,67.0011,32.9,57,15.4,1005.4,,3,15.55,74.58,0.05,0.34,70.46,43.44,0.0,63.0,
2026-06-17 08:00:00+00:00,Karachi,24.8607,67.0011,32.6,60,15.3,1004.9,,3,15.29,72.24,0.05,0.33,70.44,42.73,0.0,62.5,
2026-06-17 09:00:00+00:00,Karachi,24.8607,67.0011,32.1,63,15.0,1004.2,,3,15.07,69.73,0.04,0.32,70.58,42.37,0.0,62.1,
2026-06-17 10:00:00+00:00,Karachi,24.8607,67.0011,32.3,64,15.4,1003.9,,3,15.01,68.22,0.04,0.31,70.97,42.58,0.0,62.0,
2026-06-17 11:00:00+00:00,Karachi,24.8607,67.0011,31.9,65,15.4,1003.3,,3,15.02,66.84,0.04,0.31,71.53,43.16,0.0,62.0,
2026-06-17 12:00:00+00:00,Karachi,24.8607,67.0011,31.8,64,13.7,1003.4,,3,14.99,65.11,0.04,0.31,71.92,43.95,0.0,62.0,
2026-06-17 13:00:00+00:00,Karachi,24.8607,67.0011,31.0,67,13.1,1003.8,,3,14.93,64.14,0.05,0.31,72.14,44.68,0.0,61.9,
2026-06-17 14:00:00+00:00,Karachi,24.8607,67.0011,30.5,68,13.5,1004.1,,3,14.72,63.78,0.06,0.31,71.92,44.85,0.0,61.5,
2026-06-17 15:00:00+00:00,Karachi,24.8607,67.0011,30.2,70,15.3,1003.9,,3,14.45,63.74,0.07,0.31,71.2,44.58,0.0,61.0,
2026-06-17 16:00:00+00:00,Karachi,24.8607,67.0011,30.1,70,15.7,1004.2,,3,14.17,63.88,0.07,0.31,70.31,43.82,0.0,60.4,
2026-06-17 17:00:00+00:00,Karachi,24.8607,67.0011,30.1,70,14.0,1004.7,,3,14.06,64.87,0.07,0.33,69.08,42.4,0.0,60.2,
2026-06-17 18:00:00+00:00,Karachi,24.8607,67.0011,30.0,71,13.9,1004.6,,3,14.05,65.91,0.07,0.35,68.02,40.93,0.0,60.2,
2026-06-17 19:00:00+00:00,Karachi,24.8607,67.0011,29.7,72,15.7,1004.4,,3,13.93,66.07,0.07,0.36,67.19,40.3,0.0,60.0,
2026-06-17 20:00:00+00:00,Karachi,24.8607,67.0011,29.6,73,13.6,1004.0,,3,13.75,66.36,0.07,0.37,67.36,41.43,0.0,59.7,
2026-06-17 21:00:00+00:00,Karachi,24.8607,67.0011,29.5,73,12.4,1003.9,,3,13.79,67.93,0.06,0.37,68.2,43.59,0.0,59.7,
2026-06-17 22:00:00+00:00,Karachi,24.8607,67.0011,29.2,75,12.5,1003.6,,3,14.24,70.5,0.06,0.38,68.87,45.46,0.0,60.6,
2026-06-17 23:00:00+00:00,Karachi,24.8607,67.0011,29.2,76,10.3,1003.8,,3,14.99,73.9,0.06,0.38,69.11,46.06,0.0,62.0,
2026-06-18 00:00:00+00:00,Karachi,24.8607,67.0011,29.7,75,11.6,1003.9,,3,15.8,79.05,0.06,0.39,69.01,45.72,0.0,63.5,
2026-06-18 01:00:00+00:00,Karachi,24.8607,67.0011,29.5,77,11.7,1004.1,,3,16.37,79.5,0.07,0.39,69.05,45.4,0.0,64.5,
2026-06-18 02:00:00+00:00,Karachi,24.8607,67.0011,29.7,77,14.9,1004.6,,3,16.42,74.67,0.07,0.38,69.21,45.48,0.0,64.6,
2026-06-18 03:00:00+00:00,Karachi,24.8607,67.0011,30.5,74,15.0,1004.9,,3,16.11,70.87,0.08,0.36,69.69,46.15,0.0,64.1,
2026-06-18 04:00:00+00:00,Karachi,24.8607,67.0011,31.4,69,15.3,1004.9,,3,15.72,71.23,0.07,0.34,70.53,47.74,0.0,63.3,
2026-06-18 05:00:00+00:00,Karachi,24.8607,67.0011,32.1,65,16.1,1004.9,,3,15.37,73.45,0.05,0.33,71.6,49.72,0.0,62.7,
2026-06-18 06:00:00+00:00,Karachi,24.8607,67.0011,32.5,61,16.3,1005.3,,3,15.18,74.8,0.04,0.33,72.08,50.08,0.0,62.3,
2026-06-18 07:00:00+00:00,Karachi,24.8607,67.0011,32.6,60,15.8,1004.9,,3,15.16,75.16,0.04,0.33,72.15,48.7,0.0,62.3,
2026-06-18 08:00:00+00:00,Karachi,24.8607,67.0011,32.9,59,15.4,1004.5,,3,15.25,74.78,0.04,0.32,71.9,46.65,0.0,62.5,
2026-06-18 09:00:00+00:00,Karachi,24.8607,67.0011,32.5,63,16.2,1003.8,,3,15.38,74.19,0.04,0.32,71.95,45.18,0.0,62.7,
2026-06-18 10:00:00+00:00,Karachi,24.8607,67.0011,31.8,67,16.8,1003.1,,3,15.51,73.19,0.04,0.31,72.45,44.79,0.0,62.9,
2026-06-18 11:00:00+00:00,Karachi,24.8607,67.0011,31.5,69,16.4,1002.8,,3,15.62,72.0,0.04,0.3,72.95,45.19,0.0,63.1,
2026-06-18 12:00:00+00:00,Karachi,24.8607,67.0011,31.3,67,16.2,1002.9,,3,15.74,71.31,0.04,0.3,73.39,46.0,0.0,63.4,
2026-06-18 13:00:00+00:00,Karachi,24.8607,67.0011,30.3,72,17.0,1002.5,,3,15.9,70.74,0.05,0.3,74.03,47.04,0.0,63.7,
2026-06-18 14:00:00+00:00,Karachi,24.8607,67.0011,29.8,75,15.5,1002.4,,3,15.92,69.34,0.06,0.3,74.71,48.58,0.0,63.7,
2026-06-18 15:00:00+00:00,Karachi,24.8607,67.0011,29.6,76,14.5,1002.7,,3,15.78,67.71,0.07,0.28,75.73,51.13,0.0,63.4,
2026-06-18 16:00:00+00:00,Karachi,24.8607,67.0011,29.7,75,14.0,1003.8,,3,15.61,66.65,0.07,0.28,77.19,54.24,0.0,63.1,
2026-06-18 17:00:00+00:00,Karachi,24.8607,67.0011,29.6,76,13.3,1004.1,,3,15.79,67.61,0.07,0.28,77.64,55.48,0.0,63.5,
2026-06-18 18:00:00+00:00,Karachi,24.8607,67.0011,29.4,77,15.1,1003.1,,3,16.17,69.54,0.07,0.3,76.85,54.23,0.0,64.2,
2026-06-18 19:00:00+00:00,Karachi,24.8607,67.0011,29.0,80,13.4,1003.3,,3,16.22,70.44,0.07,0.32,74.87,50.99,0.0,64.3,
2026-06-18 20:00:00+00:00,Karachi,24.8607,67.0011,28.9,81,12.1,1003.1,,3,15.72,68.73,0.07,0.32,72.99,47.82,0.0,63.3,
2026-06-18 21:00:00+00:00,Karachi,24.8607,67.0011,28.8,82,10.3,1002.9,,3,14.85,65.18,0.07,0.32,71.74,45.94,0.0,61.7,
2026-06-18 22:00:00+00:00,Karachi,24.8607,67.0011,28.6,83,9.8,1002.4,,3,13.82,60.89,0.06,0.3,71.12,45.57,0.0,59.8,
2026-06-18 23:00:00+00:00,Karachi,24.8607,67.0011,28.5,84,11.0,1002.2,,3,12.76,56.66,0.06,0.29,71.16,46.5,0.0,57.8,
2026-06-19 00:00:00+00:00,Karachi,24.8607,67.0011,28.8,83,13.1,1002.4,,3,11.88,53.29,0.06,0.27,71.35,47.47,0.0,56.2,
2026-06-19 01:00:00+00:00,Karachi,24.8607,67.0011,28.7,83,13.3,1002.8,,3,11.24,50.96,0.06,0.27,71.39,47.91,0.0,55.0,
2026-06-19 02:00:00+00:00,Karachi,24.8607,67.0011,29.4,78,14.8,1003.7,,2,10.82,49.24,0.07,0.28,71.21,47.74,0.0,54.2,
2026-06-19 03:00:00+00:00,Karachi,24.8607,67.0011,30.2,73,14.9,1004.1,,2,10.57,47.94,0.06,0.28,70.83,47.3,0.0,53.7,
2026-06-19 04:00:00+00:00,Karachi,24.8607,67.0011,31.0,69,15.2,1004.1,,2,10.35,45.31,0.05,0.29,70.49,47.07,0.0,53.3,
2026-06-19 05:00:00+00:00,Karachi,24.8607,67.0011,31.7,66,15.6,1004.5,,2,10.14,42.93,0.05,0.28,70.76,47.4,0.0,52.9,
2026-06-19 06:00:00+00:00,Karachi,24.8607,67.0011,32.4,62,15.0,1004.8,,2,9.97,41.73,0.04,0.27,71.46,48.14,0.0,52.6,
2026-06-19 07:00:00+00:00,Karachi,24.8607,67.0011,32.7,61,15.3,1004.8,,2,9.82,41.75,0.04,0.25,72.34,49.06,0.0,52.3,
2026-06-19 08:00:00+00:00,Karachi,24.8607,67.0011,32.8,62,15.2,1004.5,,2,9.81,42.45,0.03,0.24,72.99,49.51,0.0,52.3,
2026-06-19 09:00:00+00:00,Karachi,24.8607,67.0011,32.7,62,15.2,1003.9,,2,9.88,43.07,0.03,0.24,73.14,49.11,0.0,52.5,
2026-06-19 10:00:00+00:00,Karachi,24.8607,67.0011,32.5,63,15.9,1003.3,,2,10.06,43.78,0.03,0.24,73.36,48.21,0.0,52.8,
2026-06-19 11:00:00+00:00,Karachi,24.8607,67.0011,31.9,65,16.1,1003.1,,2,10.28,44.47,0.04,0.24,73.13,46.87,0.0,53.2,
2026-06-19 12:00:00+00:00,Karachi,24.8607,67.0011,32.0,62,14.8,1003.5,,2,10.4,44.66,0.04,0.24,72.64,45.44,0.0,53.4,
2026-06-19 13:00:00+00:00,Karachi,24.8607,67.0011,31.1,66,17.4,1003.2,,2,10.48,44.62,0.05,0.25,72.31,44.18,0.0,53.6,
2026-06-19 14:00:00+00:00,Karachi,24.8607,67.0011,30.3,70,17.8,1003.3,,2,10.55,44.59,0.06,0.25,71.86,43.06,0.0,53.7,
2026-06-19 15:00:00+00:00,Karachi,24.8607,67.0011,29.9,72,17.1,1003.8,,2,10.63,44.44,0.07,0.26,71.75,42.56,0.0,53.9,
2026-06-19 16:00:00+00:00,Karachi,24.8607,67.0011,30.0,72,15.3,1004.5,,2,10.62,44.15,0.07,0.26,72.11,42.92,0.0,53.8,
2026-06-19 17:00:00+00:00,Karachi,24.8607,67.0011,30.1,72,15.2,1004.9,,2,10.7,44.57,0.07,0.27,72.68,43.83,0.0,54.0,
2026-06-19 18:00:00+00:00,Karachi,24.8607,67.0011,30.0,72,13.7,1005.0,,2,10.98,46.1,0.07,0.28,72.93,44.75,0.0,54.5,
2026-06-19 19:00:00+00:00,Karachi,24.8607,67.0011,29.6,75,12.5,1004.5,,2,11.31,47.37,0.07,0.29,73.03,45.21,0.0,55.1,
2026-06-19 20:00:00+00:00,Karachi,24.8607,67.0011,29.3,78,12.6,1004.5,,2,11.58,48.21,0.06,0.3,73.08,45.52,0.0,55.6,
2026-06-19 21:00:00+00:00,Karachi,24.8607,67.0011,29.1,80,13.5,1004.0,,2,11.77,49.04,0.06,0.3,73.16,45.73,0.0,56.0,
2026-06-19 22:00:00+00:00,Karachi,24.8607,67.0011,28.9,81,13.0,1003.7,,2,11.9,49.4,0.06,0.3,73.31,46.14,0.0,56.2,
2026-06-19 23:00:00+00:00,Karachi,24.8607,67.0011,28.8,82,12.6,1003.4,,2,11.95,48.95,0.06,0.29,73.49,46.78,0.0,56.3,
2026-06-20 00:00:00+00:00,Karachi,24.8607,67.0011,28.9,82,13.2,1003.7,,2,11.97,48.06,0.06,0.29,73.84,47.24,0.0,56.3,
2026-06-20 01:00:00+00:00,Karachi,24.8607,67.0011,28.8,82,12.3,1004.2,,2,11.86,47.74,0.06,0.28,74.3,47.86,0.0,56.1,
2026-06-20 02:00:00+00:00,Karachi,24.8607,67.0011,29.4,78,14.1,1004.8,,2,11.64,47.49,0.07,0.28,74.68,48.57,0.0,55.7,
2026-06-20 03:00:00+00:00,Karachi,24.8607,67.0011,30.4,73,16.0,1005.0,,2,11.35,47.02,0.06,0.27,74.91,49.06,0.0,55.2,
2026-06-20 04:00:00+00:00,Karachi,24.8607,67.0011,31.3,67,16.5,1005.3,,2,10.99,45.63,0.05,0.26,75.02,49.26,0.0,54.5,
2026-06-20 05:00:00+00:00,Karachi,24.8607,67.0011,32.2,63,16.8,1005.2,,2,10.68,43.92,0.04,0.25,75.02,49.24,0.0,53.9,
2026-06-20 06:00:00+00:00,Karachi,24.8607,67.0011,32.4,61,16.2,1005.5,,2,10.43,42.45,0.04,0.25,74.99,48.74,0.0,53.5,
2026-06-20 07:00:00+00:00,Karachi,24.8607,67.0011,32.1,62,15.3,1005.2,,2,10.25,42.14,0.04,0.24,74.94,47.91,0.0,53.1,
2026-06-20 08:00:00+00:00,Karachi,24.8607,67.0011,32.4,61,14.8,1005.0,,2,10.11,42.63,0.03,0.24,74.92,46.92,0.0,52.9,
2026-06-20 09:00:00+00:00,Karachi,24.8607,67.0011,32.2,62,15.4,1004.6,,2,10.08,43.36,0.03,0.24,74.9,45.77,0.0,52.8,
2026-06-20 10:00:00+00:00,Karachi,24.8607,67.0011,32.1,63,16.4,1004.0,,2,10.25,44.87,0.03,0.25,74.86,44.6,0.0,53.1,
2026-06-20 11:00:00+00:00,Karachi,24.8607,67.0011,31.8,65,18.3,1003.6,,2,10.63,46.88,0.03,0.26,74.22,43.14,0.0,53.9,
2026-06-20 12:00:00+00:00,Karachi,24.8607,67.0011,31.8,65,15.2,1003.4,,2,11.11,48.59,0.04,0.27,73.41,41.7,0.0,54.7,
2026-06-20 13:00:00+00:00,Karachi,24.8607,67.0011,30.9,68,14.1,1003.8,,3,11.6,50.21,0.05,0.28,72.73,40.76,0.0,55.7,
2026-06-20 14:00:00+00:00,Karachi,24.8607,67.0011,30.2,72,14.8,1004.2,,3,11.96,51.24,0.06,0.28,72.46,40.72,0.0,56.3,
2026-06-20 15:00:00+00:00,Karachi,24.8607,67.0011,29.9,73,15.0,1004.8,,3,12.11,51.67,0.07,0.28,73.02,41.86,0.0,56.6,
2026-06-20 16:00:00+00:00,Karachi,24.8607,67.0011,29.7,75,15.5,1005.1,,3,11.95,51.16,0.07,0.28,74.17,44.13,0.0,56.3,
2026-06-20 17:00:00+00:00,Karachi,24.8607,67.0011,29.6,76,14.5,1005.9,,3,11.66,50.27,0.06,0.28,75.29,46.53,0.0,55.8,
2026-06-20 18:00:00+00:00,Karachi,24.8607,67.0011,29.6,76,15.1,1005.7,,2,11.42,49.75,0.06,0.29,75.78,48.22,0.0,55.3,
2026-06-20 19:00:00+00:00,Karachi,24.8607,67.0011,29.4,76,13.7,1005.4,,2,11.18,48.97,0.06,0.29,75.42,48.69,0.0,54.9,
2026-06-20 20:00:00+00:00,Karachi,24.8607,67.0011,29.1,77,14.0,1005.0,,2,10.87,47.95,0.06,0.3,74.81,48.64,0.0,54.3,
2026-06-20 21:00:00+00:00,Karachi,24.8607,67.0011,28.9,79,14.0,1004.3,,2,10.57,47.03,0.06,0.3,74.0,48.27,0.0,53.7,
2026-06-20 22:00:00+00:00,Karachi,24.8607,67.0011,28.6,81,13.4,1004.1,,2,10.29,45.62,0.06,0.29,73.31,47.83,0.0,53.2,
2026-06-20 23:00:00+00:00,Karachi,24.8607,67.0011,28.4,83,12.1,1003.9,,2,10.01,43.69,0.06,0.29,72.69,47.47,0.0,52.7,
2026-06-21 00:00:00+00:00,Karachi,24.8607,67.0011,29.0,79,13.4,1003.9,,2,9.85,42.42,0.06,0.28,72.1,46.96,0.0,52.4,
2026-06-21 01:00:00+00:00,Karachi,24.8607,67.0011,29.0,79,13.2,1004.1,,2,9.79,42.01,0.06,0.28,71.62,46.32,0.0,52.3,
2026-06-21 02:00:00+00:00,Karachi,24.8607,67.0011,29.5,76,14.4,1004.5,,2,9.82,41.77,0.07,0.28,71.16,45.56,0.0,52.3,
2026-06-21 03:00:00+00:00,Karachi,24.8607,67.0011,30.3,72,15.2,1004.5,,2,9.91,41.64,0.06,0.28,70.7,44.76,0.0,52.5,
2026-06-21 04:00:00+00:00,Karachi,24.8607,67.0011,31.2,68,16.2,1004.5,,2,9.94,41.7,0.05,0.28,70.63,44.47,0.0,52.6,
2026-06-21 05:00:00+00:00,Karachi,24.8607,67.0011,31.8,64,16.9,1004.4,,2,9.87,41.63,0.05,0.27,70.91,44.64,0.0,52.4,
2026-06-21 06:00:00+00:00,Karachi,24.8607,67.0011,32.5,59,16.7,1004.3,,2,9.75,41.04,0.04,0.26,71.48,45.02,0.0,52.2,
2026-06-21 07:00:00+00:00,Karachi,24.8607,67.0011,32.3,59,17.4,1003.8,,2,9.64,40.35,0.04,0.25,72.09,45.32,0.0,52.0,
2026-06-21 08:00:00+00:00,Karachi,24.8607,67.0011,32.2,59,17.7,1003.1,,2,9.63,40.09,0.03,0.25,72.5,45.23,0.0,52.0,
2026-06-21 09:00:00+00:00,Karachi,24.8607,67.0011,32.0,61,18.3,1002.4,,2,9.66,39.78,0.03,0.24,72.69,44.68,0.0,52.0,
2026-06-21 10:00:00+00:00,Karachi,24.8607,67.0011,31.8,62,18.7,1001.9,,2,9.73,39.35,0.03,0.24,72.93,43.91,0.0,52.2,
2026-06-21 11:00:00+00:00,Karachi,24.8607,67.0011,31.6,61,18.8,1001.4,,2,9.89,39.55,0.03,0.24,72.71,42.74,0.0,52.5,
2026-06-21 12:00:00+00:00,Karachi,24.8607,67.0011,31.1,65,18.2,1001.2,,2,10.02,39.92,0.04,0.25,72.58,41.85,0.0,52.7,
2026-06-21 13:00:00+00:00,Karachi,24.8607,67.0011,30.6,67,17.6,1001.1,,2,10.08,40.46,0.05,0.26,73.15,41.73,0.0,52.8,
2026-06-21 14:00:00+00:00,Karachi,24.8607,67.0011,30.1,70,16.7,1001.6,,2,10.14,41.37,0.06,0.27,73.93,42.26,0.0,52.9,
2026-06-21 15:00:00+00:00,Karachi,24.8607,67.0011,30.0,70,16.8,1002.0,,2,10.32,43.08,0.06,0.28,74.73,43.18,0.0,53.3,
2026-06-21 16:00:00+00:00,Karachi,24.8607,67.0011,30.1,70,17.5,1002.7,,2,10.59,44.83,0.06,0.29,75.43,44.01,0.0,53.8,
2026-06-21 17:00:00+00:00,Karachi,24.8607,67.0011,30.0,71,16.8,1003.2,,2,10.88,46.63,0.06,0.3,75.59,44.51,0.0,54.3,
2026-06-21 18:00:00+00:00,Karachi,24.8607,67.0011,29.4,75,15.3,1003.3,,2,11.19,48.48,0.06,0.31,75.28,44.47,0.0,54.9,
2026-06-21 19:00:00+00:00,Karachi,24.8607,67.0011,29.2,77,15.5,1003.0,,2,11.27,48.34,0.06,0.31,74.41,43.78,0.0,55.0,
2026-06-21 20:00:00+00:00,Karachi,24.8607,67.0011,28.9,80,15.9,1002.7,,2,11.2,47.29,0.06,0.31,73.57,43.21,0.0,54.9,
2026-06-21 21:00:00+00:00,Karachi,24.8607,67.0011,28.7,81,15.5,1002.3,,2,11.01,46.17,0.06,0.31,72.9,43.05,0.0,54.6,
2026-06-21 22:00:00+00:00,Karachi,24.8607,67.0011,28.7,81,15.8,1002.3,,2,10.8,45.18,0.06,0.3,72.65,43.41,0.0,54.2,
2026-06-21 23:00:00+00:00,Karachi,24.8607,67.0011,28.6,81,15.5,1002.1,,2,10.6,44.3,0.06,0.3,72.63,44.02,0.0,53.8,
2026-06-22 00:00:00+00:00,Karachi,24.8607,67.0011,28.8,81,15.7,1002.4,,2,10.49,43.58,0.06,0.31,72.65,44.46,0.0,53.6,
2026-06-22 01:00:00+00:00,Karachi,24.8607,67.0011,28.7,82,16.7,1002.8,,2,10.42,43.09,0.06,0.31,72.58,44.67,0.0,53.5,
2026-06-22 02:00:00+00:00,Karachi,24.8607,67.0011,29.1,79,18.3,1003.1,,2,10.28,42.19,0.07,0.3,72.83,45.18,0.0,53.2,
2026-06-22 03:00:00+00:00,Karachi,24.8607,67.0011,29.9,74,18.3,1003.6,,2,10.11,41.09,0.06,0.29,73.29,45.96,0.0,52.9,
2026-06-22 04:00:00+00:00,Karachi,24.8607,67.0011,30.6,70,17.7,1003.5,,2,9.94,40.55,0.05,0.28,73.75,46.81,0.0,52.6,
2026-06-22 05:00:00+00:00,Karachi,24.8607,67.0011,31.5,66,17.5,1003.5,,2,9.86,40.74,0.04,0.28,74.11,47.09,0.0,52.4,
2026-06-22 06:00:00+00:00,Karachi,24.8607,67.0011,32.1,62,17.7,1003.6,,2,9.89,41.7,0.04,0.27,74.09,46.61,0.0,52.5,
2026-06-22 07:00:00+00:00,Karachi,24.8607,67.0011,32.3,61,18.0,1003.3,,2,10.04,43.2,0.04,0.27,74.08,45.5,0.0,52.8,
2026-06-22 08:00:00+00:00,Karachi,24.8607,67.0011,32.3,61,18.3,1002.8,,2,10.26,44.59,0.04,0.27,73.8,43.92,0.0,53.2,
2026-06-22 09:00:00+00:00,Karachi,24.8607,67.0011,32.1,62,19.0,1002.3,,2,10.53,45.77,0.03,0.27,73.6,42.21,0.0,53.7,
2026-06-22 10:00:00+00:00,Karachi,24.8607,67.0011,31.9,63,18.1,1001.7,,2,10.88,47.12,0.03,0.27,73.55,40.86,0.0,54.3,
2026-06-22 11:00:00+00:00,Karachi,24.8607,67.0011,31.6,63,17.4,1001.1,,2,11.14,48.2,0.04,0.27,73.48,40.04,0.0,54.8,
2026-06-22 12:00:00+00:00,Karachi,24.8607,67.0011,31.6,62,17.6,1000.8,,2,11.22,48.39,0.04,0.28,73.72,40.01,0.0,54.9,
2026-06-22 13:00:00+00:00,Karachi,24.8607,67.0011,31.0,63,17.5,1001.0,,2,11.09,47.76,0.05,0.28,74.22,40.83,0.0,54.7,
2026-06-22 14:00:00+00:00,Karachi,24.8607,67.0011,30.3,67,16.7,1001.7,,2,10.77,46.33,0.06,0.28,74.7,41.99,0.0,54.1,
2026-06-22 15:00:00+00:00,Karachi,24.8607,67.0011,30.0,69,15.9,1002.2,,2,10.37,44.63,0.06,0.28,74.95,43.2,0.0,53.4,
2026-06-22 16:00:00+00:00,Karachi,24.8607,67.0011,29.8,71,15.7,1002.5,,2,10.01,42.96,0.06,0.28,74.75,43.98,0.0,52.7,
2026-06-22 17:00:00+00:00,Karachi,24.8607,67.0011,29.8,72,16.6,1002.7,,2,9.9,42.69,0.06,0.29,74.4,44.36,0.0,52.5,
2026-06-22 18:00:00+00:00,Karachi,24.8607,67.0011,29.6,70,14.9,1002.9,,2,10.05,43.79,0.06,0.3,73.63,44.34,0.0,52.8,
2026-06-22 19:00:00+00:00,Karachi,24.8607,67.0011,29.5,73,15.0,1002.5,,2,10.2,44.6,0.06,0.31,72.67,44.06,0.0,53.0,
2026-06-22 20:00:00+00:00,Karachi,24.8607,67.0011,29.4,73,14.9,1002.3,,2,10.27,44.6,0.06,0.32,71.87,43.82,0.0,53.2,
2026-06-22 21:00:00+00:00,Karachi,24.8607,67.0011,29.2,75,15.0,1001.9,,2,10.35,44.26,0.06,0.32,71.17,43.37,0.0,53.3,
2026-06-22 22:00:00+00:00,Karachi,24.8607,67.0011,29.2,75,15.2,1001.7,,2,10.47,42.95,0.07,0.32,70.37,42.68,0.0,53.6,
2026-06-22 23:00:00+00:00,Karachi,24.8607,67.0011,29.1,77,15.4,1002.0,,2,10.54,41.57,0.07,0.32,69.76,42.05,0.0,53.7,
2026-06-23 00:00:00+00:00,Karachi,24.8607,67.0011,29.1,76,14.2,1002.0,,2,10.52,40.81,0.07,0.31,69.43,41.55,0.0,53.6,
2026-06-23 01:00:00+00:00,Karachi,24.8607,67.0011,28.9,79,14.8,1002.2,,2,10.31,39.31,0.07,0.3,69.53,41.59,0.0,53.3,
2026-06-23 02:00:00+00:00,Karachi,24.8607,67.0011,29.0,80,16.8,1002.7,,2,9.99,37.34,0.07,0.29,70.17,42.4,0.0,52.7,
2026-06-23 03:00:00+00:00,Karachi,24.8607,67.0011,29.8,75,18.2,1002.9,,2,9.65,35.4,0.07,0.27,71.18,43.88,0.0,52.0,
2026-06-23 04:00:00+00:00,Karachi,24.8607,67.0011,30.6,71,18.2,1002.9,,2,9.38,34.46,0.06,0.26,72.12,45.66,0.0,51.5,
2026-06-23 05:00:00+00:00,Karachi,24.8607,67.0011,31.4,66,17.3,1003.0,,2,9.39,35.23,0.05,0.26,72.78,46.59,0.0,51.5,
2026-06-23 06:00:00+00:00,Karachi,24.8607,67.0011,32.4,60,17.0,1002.9,,2,9.68,37.06,0.04,0.26,72.57,46.33,0.0,52.1,
2026-06-23 07:00:00+00:00,Karachi,24.8607,67.0011,32.6,58,17.5,1002.5,,2,10.16,39.58,0.04,0.27,71.57,45.0,0.0,53.0,
2026-06-23 08:00:00+00:00,Karachi,24.8607,67.0011,32.6,59,18.9,1001.7,,2,10.65,42.14,0.04,0.27,70.2,43.14,0.0,53.9,
2026-06-23 09:00:00+00:00,Karachi,24.8607,67.0011,32.0,62,18.5,1001.0,,2,11.0,44.15,0.04,0.28,68.89,41.38,0.0,54.5,
2026-06-23 10:00:00+00:00,Karachi,24.8607,67.0011,32.3,59,18.6,1000.5,,2,11.19,45.84,0.04,0.29,67.83,40.05,0.0,54.9,
2026-06-23 11:00:00+00:00,Karachi,24.8607,67.0011,31.9,60,19.4,1000.0,,2,11.15,46.34,0.04,0.29,67.08,39.24,0.0,54.8,
2026-06-23 12:00:00+00:00,Karachi,24.8607,67.0011,31.3,62,17.5,1000.1,,2,10.85,45.69,0.04,0.3,66.74,38.98,0.0,54.3,
2026-06-23 13:00:00+00:00,Karachi,24.8607,67.0011,30.7,65,17.8,1000.1,,2,10.55,45.51,0.05,0.3,67.03,39.16,0.0,53.7,
2026-06-23 14:00:00+00:00,Karachi,24.8607,67.0011,30.0,69,18.6,1000.7,,2,10.43,46.62,0.06,0.32,67.12,39.11,0.0,53.5,
2026-06-23 15:00:00+00:00,Karachi,24.8607,67.0011,29.7,72,20.4,1001.0,,2,10.61,48.98,0.07,0.33,67.02,38.73,0.0,53.8,
2026-06-23 16:00:00+00:00,Karachi,24.8607,67.0011,29.5,73,20.7,1001.4,,3,10.94,51.57,0.07,0.35,66.76,38.15,0.0,54.4,
2026-06-23 17:00:00+00:00,Karachi,24.8607,67.0011,29.5,73,21.1,1001.6,,3,11.28,53.55,0.07,0.36,66.88,37.78,0.0,55.1,
2026-06-23 18:00:00+00:00,Karachi,24.8607,67.0011,29.6,73,19.5,1001.7,,3,11.64,55.43,0.07,0.36,67.54,37.91,0.0,55.7,
2026-06-23 19:00:00+00:00,Karachi,24.8607,67.0011,29.4,75,19.1,1001.5,,3,12.11,57.84,0.07,0.36,68.19,38.39,0.0,56.6,
2026-06-23 20:00:00+00:00,Karachi,24.8607,67.0011,29.2,76,18.3,1001.2,,3,12.94,61.88,0.07,0.37,68.4,38.58,0.0,58.2,
2026-06-23 21:00:00+00:00,Karachi,24.8607,67.0011,29.0,77,19.5,1000.9,,3,14.18,67.77,0.08,0.39,68.05,38.2,0.0,60.5,
2026-06-23 22:00:00+00:00,Karachi,24.8607,67.0011,28.9,78,19.2,1000.6,,3,15.27,71.34,0.08,0.41,67.53,37.76,0.0,62.5,
2026-06-23 23:00:00+00:00,Karachi,24.8607,67.0011,28.6,81,19.4,1000.5,,3,15.74,70.01,0.08,0.41,67.72,38.18,0.0,63.4,
2026-06-24 00:00:00+00:00,Karachi,24.8607,67.0011,28.9,78,17.8,1000.3,,3,15.82,67.52,0.08,0.4,68.44,39.32,0.0,63.5,
2026-06-24 01:00:00+00:00,Karachi,24.8607,67.0011,28.9,77,18.4,1000.7,,3,15.59,64.72,0.08,0.38,69.43,40.98,0.0,63.1,
2026-06-24 02:00:00+00:00,Karachi,24.8607,67.0011,29.1,77,19.8,1001.0,,3,14.89,61.84,0.08,0.36,70.44,43.52,0.0,61.8,
2026-06-24 03:00:00+00:00,Karachi,24.8607,67.0011,29.5,74,19.1,1001.6,,3,14.25,60.14,0.08,0.34,71.16,45.5,0.0,60.6,
2026-06-24 04:00:00+00:00,Karachi,24.8607,67.0011,30.2,71,19.8,1001.9,,3,13.75,59.03,0.07,0.34,71.11,46.33,0.0,59.7,
2026-06-24 05:00:00+00:00,Karachi,24.8607,67.0011,30.5,70,20.8,1002.1,,3,13.59,59.38,0.06,0.34,70.85,45.98,0.0,59.4,
2026-06-24 06:00:00+00:00,Karachi,24.8607,67.0011,31.6,64,22.3,1002.0,,3,13.6,60.42,0.05,0.35,70.27,45.09,0.0,59.4,
2026-06-24 07:00:00+00:00,Karachi,24.8607,67.0011,31.8,64,22.8,1001.6,,3,13.48,61.43,0.05,0.35,70.07,44.24,0.0,59.2,
2026-06-24 08:00:00+00:00,Karachi,24.8607,67.0011,31.6,66,22.2,1001.0,,3,13.22,62.09,0.04,0.35,70.01,43.67,0.0,58.7,
2026-06-24 09:00:00+00:00,Karachi,24.8607,67.0011,31.6,67,21.2,1000.7,,3,13.01,62.22,0.04,0.34,70.08,42.99,0.0,58.3,
2026-06-24 10:00:00+00:00,Karachi,24.8607,67.0011,31.5,66,21.1,1000.3,,3,13.04,63.05,0.04,0.34,70.27,42.25,0.0,58.3,
2026-06-24 11:00:00+00:00,Karachi,24.8607,67.0011,31.2,68,21.5,1000.0,,3,13.26,64.78,0.04,0.35,70.32,41.35,0.0,58.8,
2026-06-24 12:00:00+00:00,Karachi,24.8607,67.0011,31.5,64,19.1,999.3,,3,13.62,67.1,0.04,0.36,70.35,40.83,0.0,59.4,
2026-06-24 13:00:00+00:00,Karachi,24.8607,67.0011,30.7,67,18.0,999.4,,3,13.98,69.28,0.05,0.37,70.66,40.8,0.0,60.1,
2026-06-24 14:00:00+00:00,Karachi,24.8607,67.0011,30.1,70,18.4,999.9,,3,14.21,70.37,0.06,0.38,70.89,41.01,0.0,60.5,
2026-06-24 15:00:00+00:00,Karachi,24.8607,67.0011,29.7,73,18.5,1000.1,,3,14.37,70.73,0.07,0.39,71.2,41.22,0.0,60.8,
2026-06-24 16:00:00+00:00,Karachi,24.8607,67.0011,29.5,74,19.0,1000.9,,3,14.48,70.8,0.07,0.4,71.29,41.28,0.0,61.0,
2026-06-24 17:00:00+00:00,Karachi,24.8607,67.0011,29.4,75,17.9,1001.6,,3,14.6,71.12,0.07,0.4,71.46,41.43,0.0,61.2,
2026-06-24 18:00:00+00:00,Karachi,24.8607,67.0011,29.6,74,17.2,1001.7,,3,14.79,71.99,0.07,0.41,71.64,41.79,0.0,61.6,
2026-06-24 19:00:00+00:00,Karachi,24.8607,67.0011,29.2,76,15.9,1001.6,,3,15.07,73.31,0.08,0.41,71.57,42.02,0.0,62.1,
2026-06-24 20:00:00+00:00,Karachi,24.8607,67.0011,29.1,75,14.6,1001.2,,3,15.61,76.08,0.08,0.41,71.4,42.14,0.0,63.1,
2026-06-24 21:00:00+00:00,Karachi,24.8607,67.0011,29.0,75,14.7,1000.9,,3,16.51,80.77,0.08,0.42,71.0,41.96,0.0,64.8,
2026-06-24 22:00:00+00:00,Karachi,24.8607,67.0011,28.9,76,15.2,1000.8,,3,17.51,84.87,0.08,0.42,70.6,42.0,0.0,66.7,
2026-06-24 23:00:00+00:00,Karachi,24.8607,67.0011,28.9,76,16.1,1000.8,,3,18.26,87.95,0.08,0.41,70.73,42.71,0.0,68.1,
2026-06-25 00:00:00+00:00,Karachi,24.8607,67.0011,28.8,78,15.5,1001.0,,3,18.59,90.04,0.08,0.4,70.86,43.66,0.0,68.7,
2026-06-25 01:00:00+00:00,Karachi,24.8607,67.0011,28.7,79,14.3,1001.5,,3,18.33,87.56,0.08,0.39,71.14,44.71,0.0,68.2,
2026-06-25 02:00:00+00:00,Karachi,24.8607,67.0011,29.2,77,17.4,1001.9,,3,17.68,82.03,0.08,0.37,71.18,45.97,0.0,67.0,
2026-06-25 03:00:00+00:00,Karachi,24.8607,67.0011,29.8,73,19.0,1002.2,,3,16.88,75.41,0.07,0.35,71.36,47.28,0.0,65.5,
2026-06-25 04:00:00+00:00,Karachi,24.8607,67.0011,30.7,69,19.7,1002.6,,3,16.04,70.5,0.06,0.34,71.34,48.3,0.0,63.9,
2026-06-25 05:00:00+00:00,Karachi,24.8607,67.0011,31.6,65,19.1,1002.6,,3,15.21,66.66,0.05,0.32,71.22,48.61,0.0,62.4,
2026-06-25 06:00:00+00:00,Karachi,24.8607,67.0011,31.8,64,19.2,1002.6,,3,14.3,62.73,0.05,0.31,70.89,48.1,0.0,60.7,
2026-06-25 07:00:00+00:00,Karachi,24.8607,67.0011,31.9,63,19.3,1002.5,,3,13.46,59.99,0.04,0.31,70.28,47.02,0.0,59.1,
2026-06-25 08:00:00+00:00,Karachi,24.8607,67.0011,31.8,64,18.8,1002.3,,3,12.83,58.83,0.04,0.32,69.62,45.78,0.0,57.9,
2026-06-25 09:00:00+00:00,Karachi,24.8607,67.0011,31.8,66,19.2,1001.8,,3,12.35,58.4,0.04,0.32,69.23,44.79,0.0,57.1,
2026-06-25 10:00:00+00:00,Karachi,24.8607,67.0011,31.4,69,19.7,1001.3,,3,11.88,57.76,0.04,0.32,69.24,44.52,0.0,56.2,
2026-06-25 11:00:00+00:00,Karachi,24.8607,67.0011,31.6,68,18.5,1000.8,,3,11.33,55.73,0.04,0.32,69.55,44.73,0.0,55.2,
2026-06-25 12:00:00+00:00,Karachi,24.8607,67.0011,31.3,66,16.7,1000.8,,3,10.86,53.23,0.04,0.31,69.91,45.27,0.0,54.3,
2026-06-25 13:00:00+00:00,Karachi,24.8607,67.0011,30.6,69,16.3,1001.1,,3,10.69,51.4,0.05,0.31,70.23,45.58,0.0,54.0,
2026-06-25 14:00:00+00:00,Karachi,24.8607,67.0011,30.0,73,16.6,1001.6,,3,10.78,50.8,0.06,0.32,70.33,45.27,0.0,54.1,
2026-06-25 15:00:00+00:00,Karachi,24.8607,67.0011,29.7,74,15.5,1001.9,,3,11.24,52.31,0.06,0.32,70.39,44.54,0.0,55.0,
2026-06-25 16:00:00+00:00,Karachi,24.8607,67.0011,29.5,75,15.1,1002.4,,3,11.71,53.8,0.07,0.32,70.17,43.67,0.0,55.9,
2026-06-25 17:00:00+00:00,Karachi,24.8607,67.0011,29.6,75,14.6,1003.0,,3,12.26,55.51,0.07,0.33,70.19,42.86,0.0,56.9,
2026-06-25 18:00:00+00:00,Karachi,24.8607,67.0011,29.5,76,13.5,1003.2,,3,12.78,57.41,0.07,0.34,70.32,42.33,0.0,57.9,
2026-06-25 19:00:00+00:00,Karachi,24.8607,67.0011,29.2,77,12.9,1003.1,,3,13.02,58.05,0.07,0.34,70.74,42.31,0.0,58.3,
2026-06-25 20:00:00+00:00,Karachi,24.8607,67.0011,29.0,78,12.6,1002.7,,3,12.86,56.62,0.07,0.33,71.25,43.12,0.0,58.0,
2026-06-25 21:00:00+00:00,Karachi,24.8607,67.0011,28.8,80,11.7,1002.5,,3,12.68,55.35,0.07,0.32,71.75,44.22,0.0,57.7,
2026-06-25 22:00:00+00:00,Karachi,24.8607,67.0011,28.6,81,10.8,1002.2,,3,12.8,54.57,0.07,0.3,71.89,45.09,0.0,57.9,
2026-06-25 23:00:00+00:00,Karachi,24.8607,67.0011,28.4,82,10.4,1002.1,,3,13.15,54.56,0.07,0.3,71.89,45.81,0.0,58.5,
2026-06-26 00:00:00+00:00,Karachi,24.8607,67.0011,28.9,78,9.7,1002.3,,3,13.62,55.2,0.07,0.29,71.71,46.09,0.0,59.4,
2026-06-26 01:00:00+00:00,Karachi,24.8607,67.0011,28.9,78,10.2,1003.0,,3,14.04,56.07,0.07,0.29,71.43,46.03,0.0,60.2,
2026-06-26 02:00:00+00:00,Karachi,24.8607,67.0011,29.3,77,11.6,1003.5,,3,14.26,56.6,0.08,0.28,71.16,46.05,0.0,60.6,
2026-06-26 03:00:00+00:00,Karachi,24.8607,67.0011,30.2,73,13.2,1003.9,,3,14.2,56.32,0.07,0.28,70.9,46.26,0.0,60.5,
2026-06-26 04:00:00+00:00,Karachi,24.8607,67.0011,31.1,69,13.1,1004.1,,3,13.8,55.29,0.06,0.27,70.84,46.63,0.0,59.8,
2026-06-26 05:00:00+00:00,Karachi,24.8607,67.0011,31.6,66,13.9,1004.3,,3,13.26,53.99,0.05,0.26,70.96,46.94,0.0,58.8,
2026-06-26 06:00:00+00:00,Karachi,24.8607,67.0011,32.9,60,13.1,1004.1,,3,12.67,52.77,0.04,0.25,71.08,46.77,0.0,57.7,
2026-06-26 07:00:00+00:00,Karachi,24.8607,67.0011,32.1,64,14.0,1003.9,,3,12.1,51.73,0.04,0.24,70.99,45.94,0.0,56.6,
2026-06-26 08:00:00+00:00,Karachi,24.8607,67.0011,31.9,67,14.8,1003.7,,3,11.59,50.72,0.03,0.24,70.76,44.59,0.0,55.6,
2026-06-26 09:00:00+00:00,Karachi,24.8607,67.0011,32.3,65,15.0,1003.2,,2,11.16,49.76,0.03,0.24,70.5,43.08,0.0,54.8,
2026-06-26 10:00:00+00:00,Karachi,24.8607,67.0011,32.0,67,15.9,1002.8,,2,10.78,48.99,0.03,0.24,70.42,41.79,0.0,54.1,
2026-06-26 11:00:00+00:00,Karachi,24.8607,67.0011,31.4,69,15.5,1002.3,,2,10.39,47.87,0.03,0.24,70.2,40.98,0.0,53.4,
2026-06-26 12:00:00+00:00,Karachi,24.8607,67.0011,31.7,66,15.0,1002.3,,2,10.01,46.38,0.04,0.24,70.03,40.72,0.0,52.7,
2026-06-26 13:00:00+00:00,Karachi,24.8607,67.0011,30.9,68,14.3,1002.4,,2,9.73,43.67,0.05,0.24,70.22,40.93,0.0,52.2,
2026-06-26 14:00:00+00:00,Karachi,24.8607,67.0011,30.2,72,14.6,1002.9,,2,9.56,41.06,0.06,0.24,70.35,41.25,0.0,51.9,
2026-06-26 15:00:00+00:00,Karachi,24.8607,67.0011,29.8,75,14.7,1003.4,,2,9.54,39.89,0.06,0.23,70.56,41.56,0.0,51.8,
2026-06-26 16:00:00+00:00,Karachi,24.8607,67.0011,29.6,77,13.2,1003.8,,2,9.56,40.51,0.06,0.23,70.62,41.85,0.0,51.9,
2026-06-26 17:00:00+00:00,Karachi,24.8607,67.0011,29.4,77,12.1,1004.2,,2,9.69,41.99,0.06,0.24,70.88,42.1,0.0,52.1,
2026-06-26 18:00:00+00:00,Karachi,24.8607,67.0011,29.4,76,12.0,1004.2,,2,9.95,43.3,0.06,0.24,70.91,42.15,0.0,52.6,
2026-06-26 19:00:00+00:00,Karachi,24.8607,67.0011,29.2,77,11.2,1004.0,,2,10.17,43.87,0.06,0.24,70.75,42.08,0.0,53.0,
2026-06-26 20:00:00+00:00,Karachi,24.8607,67.0011,29.1,77,9.9,1003.8,,2,10.29,43.57,0.06,0.24,70.87,42.16,0.0,53.2,
2026-06-26 21:00:00+00:00,Karachi,24.8607,67.0011,28.9,78,9.4,1003.2,,2,10.23,42.28,0.06,0.24,71.1,42.43,0.0,53.1,
2026-06-26 22:00:00+00:00,Karachi,24.8607,67.0011,28.9,77,8.8,1003.1,,2,10.09,40.58,0.06,0.23,71.54,43.04,0.0,52.8,
2026-06-26 23:00:00+00:00,Karachi,24.8607,67.0011,28.8,77,8.6,1003.1,,2,10.02,39.41,0.06,0.22,72.22,43.81,0.0,52.7,
2026-06-27 00:00:00+00:00,Karachi,24.8607,67.0011,29.0,78,9.3,1003.2,,2,10.12,39.24,0.06,0.22,72.64,44.54,0.0,52.9,
2026-06-27 01:00:00+00:00,Karachi,24.8607,67.0011,28.8,79,9.0,1003.7,,2,10.43,39.91,0.06,0.22,73.16,44.95,0.0,53.5,
2026-06-27 02:00:00+00:00,Karachi,24.8607,67.0011,29.4,75,10.6,1004.0,,2,10.99,41.36,0.07,0.22,73.42,45.1,0.0,54.5,
2026-06-27 03:00:00+00:00,Karachi,24.8607,67.0011,30.2,72,12.1,1004.4,,2,11.65,43.26,0.06,0.22,73.62,45.18,0.0,55.8,
2026-06-27 04:00:00+00:00,Karachi,24.8607,67.0011,30.9,68,12.8,1004.6,,2,12.19,45.26,0.05,0.21,73.66,45.22,0.0,56.8,
2026-06-27 05:00:00+00:00,Karachi,24.8607,67.0011,31.3,67,13.5,1004.7,,2,12.52,46.71,0.05,0.2,73.83,45.47,0.0,57.4,
2026-06-27 06:00:00+00:00,Karachi,24.8607,67.0011,31.7,66,13.8,1004.5,,2,12.66,47.25,0.04,0.19,74.23,45.64,0.0,57.6,
2026-06-27 07:00:00+00:00,Karachi,24.8607,67.0011,31.7,66,13.0,1004.0,,2,12.69,47.64,0.03,0.18,74.37,45.54,0.0,57.7,
2026-06-27 08:00:00+00:00,Karachi,24.8607,67.0011,32.4,64,13.4,1003.6,,2,12.66,47.96,0.03,0.17,74.47,45.13,0.0,57.6,
2026-06-27 09:00:00+00:00,Karachi,24.8607,67.0011,31.7,67,14.6,1003.0,,2,12.6,47.87,0.03,0.16,74.38,44.42,0.0,57.5,
2026-06-27 10:00:00+00:00,Karachi,24.8607,67.0011,31.3,69,14.8,1002.3,,2,12.56,48.05,0.03,0.16,74.21,43.7,0.0,57.4,
2026-06-27 11:00:00+00:00,Karachi,24.8607,67.0011,31.1,70,15.1,1001.5,,2,12.41,47.93,0.03,0.16,73.78,43.1,0.0,57.2,
2026-06-27 12:00:00+00:00,Karachi,24.8607,67.0011,31.3,68,15.2,1001.5,,2,12.07,46.97,0.03,0.17,73.38,42.76,0.0,56.5,
2026-06-27 13:00:00+00:00,Karachi,24.8607,67.0011,30.6,71,14.8,1001.4,,2,11.55,44.97,0.04,0.17,73.05,42.94,0.0,55.6,
2026-06-27 14:00:00+00:00,Karachi,24.8607,67.0011,30.0,73,14.5,1001.9,,2,10.87,42.09,0.05,0.17,72.9,43.25,0.0,54.3,
2026-06-27 15:00:00+00:00,Karachi,24.8607,67.0011,29.6,75,13.8,1002.2,,2,10.25,39.53,0.06,0.18,72.72,43.77,0.0,53.1,
2026-06-27 16:00:00+00:00,Karachi,24.8607,67.0011,29.4,77,13.7,1002.6,,2,9.77,37.1,0.06,0.18,72.66,44.18,0.0,52.2,
2026-06-27 17:00:00+00:00,Karachi,24.8607,67.0011,29.3,77,12.9,1003.0,,2,9.47,34.86,0.06,0.18,72.41,44.5,0.0,51.7,
2026-06-27 18:00:00+00:00,Karachi,24.8607,67.0011,29.1,79,13.4,1003.5,,2,9.34,33.29,0.06,0.19,72.31,44.63,0.0,51.4,
2026-06-27 19:00:00+00:00,Karachi,24.8607,67.0011,28.9,79,12.9,1003.1,,2,9.32,32.45,0.06,0.19,72.05,44.62,0.0,51.4,
2026-06-27 20:00:00+00:00,Karachi,24.8607,67.0011,28.6,82,12.8,1002.6,,2,9.38,32.04,0.06,0.2,71.95,44.52,0.0,51.5,
2026-06-27 21:00:00+00:00,Karachi,24.8607,67.0011,28.5,83,13.0,1002.1,,2,9.51,32.05,0.06,0.2,72.02,44.3,0.0,51.8,
2026-06-27 22:00:00+00:00,Karachi,24.8607,67.0011,28.3,84,11.7,1002.0,,2,9.7,32.2,0.06,0.2,72.14,44.17,0.0,52.1,
2026-06-27 23:00:00+00:00,Karachi,24.8607,67.0011,28.3,84,11.3,1001.5,,2,9.89,32.22,0.06,0.21,72.48,44.1,0.0,52.5,
2026-06-28 00:00:00+00:00,Karachi,24.8607,67.0011,29.0,79,11.7,1001.6,,2,10.12,32.64,0.06,0.21,72.69,44.19,0.0,52.9,
2026-06-28 01:00:00+00:00,Karachi,24.8607,67.0011,28.9,79,12.8,1001.5,,2,10.34,32.63,0.06,0.21,72.94,44.33,0.0,53.3,
2026-06-28 02:00:00+00:00,Karachi,24.8607,67.0011,29.2,78,15.7,1001.8,,2,10.56,32.74,0.06,0.21,73.22,44.63,0.0,53.7,
2026-06-28 03:00:00+00:00,Karachi,24.8607,67.0011,29.9,74,16.9,1002.3,,2,10.79,33.15,0.06,0.21,73.56,45.09,0.0,54.1,
2026-06-28 04:00:00+00:00,Karachi,24.8607,67.0011,30.7,70,16.6,1002.6,,2,10.98,34.0,0.05,0.21,73.95,45.69,0.0,54.5,
2026-06-28 05:00:00+00:00,Karachi,24.8607,67.0011,31.5,66,16.1,1002.5,,2,11.15,35.06,0.04,0.2,74.36,46.22,0.0,54.8,
2026-06-28 06:00:00+00:00,Karachi,24.8607,67.0011,32.1,63,16.6,1002.4,,2,11.32,36.04,0.03,0.2,74.99,46.54,0.0,55.1,
2026-06-28 07:00:00+00:00,Karachi,24.8607,67.0011,31.9,65,16.3,1002.0,,2,11.53,37.53,0.03,0.2,75.46,46.44,0.0,55.5,
2026-06-28 08:00:00+00:00,Karachi,24.8607,67.0011,31.9,64,16.8,1001.6,,2,11.76,39.23,0.03,0.2,75.66,45.9,0.0,56.0,
2026-06-28 09:00:00+00:00,Karachi,24.8607,67.0011,31.9,65,18.3,1001.2,,2,11.76,40.03,0.03,0.2,75.81,45.12,0.0,56.0,
2026-06-28 10:00:00+00:00,Karachi,24.8607,67.0011,31.1,68,19.6,1000.6,,2,11.59,40.12,0.03,0.2,75.81,44.53,0.0,55.6,
2026-06-28 11:00:00+00:00,Karachi,24.8607,67.0011,31.1,69,19.0,1000.1,,2,11.25,39.67,0.03,0.2,75.4,44.0,0.0,55.0,
2026-06-28 12:00:00+00:00,Karachi,24.8607,67.0011,30.7,70,19.6,999.6,,2,10.92,39.2,0.04,0.21,74.79,43.58,0.0,54.4,
2026-06-28 13:00:00+00:00,Karachi,24.8607,67.0011,30.2,72,18.7,999.8,,2,10.7,38.95,0.05,0.22,74.42,43.42,0.0,54.0,
2026-06-28 14:00:00+00:00,Karachi,24.8607,67.0011,29.7,75,18.2,1000.0,,2,10.47,38.57,0.06,0.22,73.97,43.26,0.0,53.6,
2026-06-28 15:00:00+00:00,Karachi,24.8607,67.0011,29.6,75,17.7,1000.5,,2,10.24,38.14,0.06,0.23,73.72,43.17,0.0,53.1,
2026-06-28 16:00:00+00:00,Karachi,24.8607,67.0011,29.4,76,19.0,1001.0,,2,9.96,37.43,0.06,0.23,73.74,43.28,0.0,52.6,
2026-06-28 17:00:00+00:00,Karachi,24.8607,67.0011,29.3,77,17.8,1001.6,,2,9.63,36.49,0.06,0.24,74.02,43.53,0.0,52.0,
2026-06-28 18:00:00+00:00,Karachi,24.8607,67.0011,29.0,78,17.0,1002.1,,2,9.36,35.89,0.06,0.24,74.31,43.68,0.0,51.5,
2026-06-28 19:00:00+00:00,Karachi,24.8607,67.0011,28.8,80,16.2,1001.5,,2,9.08,35.24,0.06,0.25,74.38,43.68,0.0,32.6,
2026-06-28 20:00:00+00:00,Karachi,24.8607,67.0011,28.6,81,14.9,1001.2,,2,8.77,34.41,0.06,0.25,74.43,43.79,0.0,48.7,
2026-06-28 21:00:00+00:00,Karachi,24.8607,67.0011,28.5,82,14.0,1000.7,,2,8.54,33.69,0.06,0.25,74.53,43.94,0.0,47.4,
2026-06-28 22:00:00+00:00,Karachi,24.8607,67.0011,28.3,82,13.9,1000.5,,2,8.48,32.23,0.06,0.25,74.68,44.0,0.0,47.1,
2026-06-28 23:00:00+00:00,Karachi,24.8607,67.0011,28.2,83,13.6,1000.3,,2,8.59,30.86,0.06,0.25,74.88,44.05,0.0,47.7,
2026-06-29 00:00:00+00:00,Karachi,24.8607,67.0011,28.3,82,14.9,1000.1,,2,8.81,30.25,0.06,0.24,75.02,44.04,0.0,48.9,
2026-06-29 01:00:00+00:00,Karachi,24.8607,67.0011,28.2,82,14.8,1000.3,,2,9.14,30.31,0.06,0.24,75.2,44.13,0.0,51.1,
2026-06-29 02:00:00+00:00,Karachi,24.8607,67.0011,28.8,79,16.9,1000.7,,2,9.45,30.66,0.07,0.24,75.57,44.38,0.0,51.7,
2026-06-29 03:00:00+00:00,Karachi,24.8607,67.0011,29.6,74,17.7,1001.0,,2,9.66,30.84,0.06,0.24,75.9,44.71,0.0,52.0,
2026-06-29 04:00:00+00:00,Karachi,24.8607,67.0011,30.3,70,18.1,1001.3,,2,9.82,31.47,0.05,0.23,76.07,45.05,0.0,52.3,
2026-06-29 05:00:00+00:00,Karachi,24.8607,67.0011,30.9,67,18.6,1001.6,,2,10.23,33.38,0.05,0.24,76.14,44.99,0.0,53.1,
2026-06-29 06:00:00+00:00,Karachi,24.8607,67.0011,31.7,62,18.8,1001.7,,2,10.79,36.1,0.04,0.24,76.04,44.54,0.0,54.1,
2026-06-29 07:00:00+00:00,Karachi,24.8607,67.0011,31.8,60,19.0,1001.3,,2,11.35,39.24,0.04,0.24,75.65,43.85,0.0,55.2,
2026-06-29 08:00:00+00:00,Karachi,24.8607,67.0011,32.2,59,19.3,1000.6,,2,11.92,42.74,0.04,0.25,75.01,42.98,0.0,56.3,
2026-06-29 09:00:00+00:00,Karachi,24.8607,67.0011,32.1,60,19.9,1000.0,,2,12.25,45.38,0.04,0.26,74.37,42.32,0.0,56.9,
2026-06-29 10:00:00+00:00,Karachi,24.8607,67.0011,31.6,62,19.3,999.5,,2,12.35,46.84,0.04,0.26,74.01,41.93,0.0,57.1,
2026-06-29 11:00:00+00:00,Karachi,24.8607,67.0011,31.3,64,19.2,999.0,,2,12.13,46.39,0.04,0.26,73.54,41.75,0.0,56.6,
2026-06-29 12:00:00+00:00,Karachi,24.8607,67.0011,30.9,64,18.7,999.0,,2,11.71,44.64,0.04,0.26,73.25,41.65,0.0,55.9,
2026-06-29 13:00:00+00:00,Karachi,24.8607,67.0011,30.2,66,18.0,999.0,,2,11.19,42.38,0.05,0.26,73.2,41.82,0.0,54.9,
2026-06-29 14:00:00+00:00,Karachi,24.8607,67.0011,29.8,69,17.8,999.1,,2,10.52,39.61,0.06,0.26,73.15,42.17,0.0,53.6,
2026-06-29 15:00:00+00:00,Karachi,24.8607,67.0011,29.5,71,17.2,999.4,,2,10.05,38.05,0.06,0.26,73.29,42.64,0.0,52.8,
2026-06-29 16:00:00+00:00,Karachi,24.8607,67.0011,29.2,74,18.4,1000.3,,2,9.62,36.79,0.06,0.26,73.61,43.24,0.0,52.0,
2026-06-29 17:00:00+00:00,Karachi,24.8607,67.0011,29.2,75,18.4,1000.8,,2,9.38,36.02,0.06,0.25,74.19,43.86,0.0,51.5,
2026-06-29 18:00:00+00:00,Karachi,24.8607,67.0011,29.1,74,18.2,1000.7,,2,9.5,36.45,0.06,0.26,74.8,44.12,0.0,51.7,
2026-06-29 19:00:00+00:00,Karachi,24.8607,67.0011,28.9,76,17.1,1000.7,,2,9.66,36.59,0.06,0.26,75.03,44.08,0.0,52.0,
2026-06-29 20:00:00+00:00,Karachi,24.8607,67.0011,28.8,76,17.3,1000.3,,2,9.72,36.55,0.06,0.27,75.35,44.05,0.0,52.2,
2026-06-29 21:00:00+00:00,Karachi,24.8607,67.0011,28.7,77,16.2,999.8,,2,9.73,36.4,0.06,0.27,75.64,44.13,0.0,52.2,
2026-06-29 22:00:00+00:00,Karachi,24.8607,67.0011,28.6,77,16.5,999.8,,2,9.84,36.13,0.06,0.27,75.79,44.39,0.0,52.4,
2026-06-29 23:00:00+00:00,Karachi,24.8607,67.0011,28.6,77,17.2,999.7,,2,10.15,36.06,0.06,0.27,76.15,44.93,0.0,53.0,
2026-06-30 00:00:00+00:00,Karachi,24.8607,67.0011,28.7,78,16.5,999.5,,2,10.64,36.68,0.06,0.27,76.62,45.83,0.0,53.9,
2026-06-30 01:00:00+00:00,Karachi,24.8607,67.0011,28.7,79,16.3,999.7,,2,11.14,37.4,0.07,0.27,77.03,46.98,0.0,54.8,
2026-06-30 02:00:00+00:00,Karachi,24.8607,67.0011,29.2,76,19.0,1000.1,,2,11.44,37.85,0.07,0.27,77.4,48.15,0.0,55.4,
2026-06-30 03:00:00+00:00,Karachi,24.8607,67.0011,29.8,73,19.8,1000.2,,2,11.46,37.86,0.07,0.26,77.71,49.28,0.0,55.4,
2026-06-30 04:00:00+00:00,Karachi,24.8607,67.0011,30.4,70,20.9,1000.5,,2,11.35,38.19,0.05,0.26,77.68,50.02,0.0,55.2,
2026-06-30 05:00:00+00:00,Karachi,24.8607,67.0011,30.9,67,20.3,1000.9,,2,11.36,39.63,0.05,0.26,77.17,50.0,0.0,55.2,
2026-06-30 06:00:00+00:00,Karachi,24.8607,67.0011,30.7,69,19.4,1000.7,,2,11.38,41.34,0.04,0.27,76.57,49.31,0.0,55.2,
2026-06-30 07:00:00+00:00,Karachi,24.8607,67.0011,31.3,66,18.9,1000.5,,2,11.31,42.68,0.04,0.27,75.64,48.17,0.0,55.1,
2026-06-30 08:00:00+00:00,Karachi,24.8607,67.0011,32.3,61,18.9,1000.0,,2,11.14,43.11,0.04,0.27,74.88,46.84,0.0,54.8,
2026-06-30 09:00:00+00:00,Karachi,24.8607,67.0011,31.8,63,19.3,999.5,,2,10.85,42.58,0.04,0.27,74.21,45.82,0.0,54.3,
2026-06-30 10:00:00+00:00,Karachi,24.8607,67.0011,31.4,66,20.2,999.0,,2,10.53,41.32,0.04,0.27,74.04,45.15,0.0,53.7,
2026-06-30 11:00:00+00:00,Karachi,24.8607,67.0011,31.1,68,19.0,998.4,,2,10.48,40.8,0.04,0.28,73.67,44.52,0.0,53.6,
2026-06-30 12:00:00+00:00,Karachi,24.8607,67.0011,31.6,61,18.9,998.4,,2,10.84,41.91,0.04,0.29,73.22,43.91,0.0,54.2,
2026-06-30 13:00:00+00:00,Karachi,24.8607,67.0011,30.8,65,18.6,998.4,,2,11.56,44.74,0.05,0.31,73.07,43.47,0.0,55.6,
2026-06-30 14:00:00+00:00,Karachi,24.8607,67.0011,30.0,70,18.4,998.3,,2,12.5,48.29,0.06,0.32,72.76,43.15,0.0,57.3,
2026-06-30 15:00:00+00:00,Karachi,24.8607,67.0011,29.7,73,18.2,998.7,,3,13.62,52.67,0.07,0.34,72.48,43.04,0.0,59.4,
2026-06-30 16:00:00+00:00,Karachi,24.8607,67.0011,29.6,75,18.8,999.3,,3,14.63,56.82,0.07,0.35,72.3,43.29,0.0,61.3,
2026-06-30 17:00:00+00:00,Karachi,24.8607,67.0011,29.4,76,18.1,1000.2,,3,15.64,60.85,0.07,0.36,72.65,44.07,0.0,63.2,
2026-06-30 18:00:00+00:00,Karachi,24.8607,67.0011,29.3,77,17.1,1000.1,,3,16.86,66.08,0.07,0.37,73.25,45.31,0.0,65.5,
2026-06-30 19:00:00+00:00,Karachi,24.8607,67.0011,29.1,78,16.0,999.8,,3,18.24,72.56,0.07,0.39,73.7,46.67,0.0,68.0,
2026-06-30 20:00:00+00:00,Karachi,24.8607,67.0011,28.9,79,15.3,999.7,,3,19.6,79.63,0.08,0.4,74.04,47.66,0.0,70.6,
2026-06-30 21:00:00+00:00,Karachi,24.8607,67.0011,28.7,80,15.5,999.2,,3,20.66,85.76,0.08,0.41,73.81,47.92,0.0,72.5,
2026-06-30 22:00:00+00:00,Karachi,24.8607,67.0011,28.7,80,15.3,999.0,,3,21.08,87.76,0.08,0.41,73.04,47.33,0.0,73.3,
2026-06-30 23:00:00+00:00,Karachi,24.8607,67.0011,28.5,82,15.3,998.7,,3,20.79,86.17,0.08,0.41,72.08,46.44,0.0,72.8,
2026-07-01 00:00:00+00:00,Karachi,24.8607,67.0011,28.5,85,15.4,998.5,,3,20.34,84.3,0.08,0.4,71.24,45.52,0.0,71.9,
2026-07-01 01:00:00+00:00,Karachi,24.8607,67.0011,28.5,84,14.9,998.6,,3,19.92,82.14,0.08,0.4,70.82,45.04,0.0,71.2,
2026-07-01 02:00:00+00:00,Karachi,24.8607,67.0011,28.9,82,15.4,998.9,,3,19.4,78.82,0.08,0.39,70.88,45.19,0.0,70.2,
2026-07-01 03:00:00+00:00,Karachi,24.8607,67.0011,29.8,77,17.0,999.1,,3,18.89,75.09,0.07,0.38,71.23,45.66,0.0,69.2,
2026-07-01 04:00:00+00:00,Karachi,24.8607,67.0011,30.6,71,18.2,999.4,,3,18.51,72.18,0.07,0.37,71.18,46.0,0.0,68.5,
2026-07-01 05:00:00+00:00,Karachi,24.8607,67.0011,31.2,69,18.8,999.3,,3,18.79,72.26,0.06,0.38,70.71,45.59,0.0,69.1,
2026-07-01 06:00:00+00:00,Karachi,24.8607,67.0011,31.1,69,18.0,999.4,,3,19.36,74.67,0.06,0.39,69.76,44.62,0.0,70.1,
2026-07-01 07:00:00+00:00,Karachi,24.8607,67.0011,31.3,68,18.0,999.2,,3,19.96,76.82,0.05,0.4,68.86,43.5,0.0,71.2,
2026-07-01 08:00:00+00:00,Karachi,24.8607,67.0011,31.8,67,18.2,998.6,,3,20.22,77.02,0.05,0.41,68.02,42.45,0.0,71.7,
2026-07-01 09:00:00+00:00,Karachi,24.8607,67.0011,31.3,69,18.0,998.0,,3,20.09,75.9,0.05,0.4,67.61,41.65,0.0,71.5,
2026-07-01 10:00:00+00:00,Karachi,24.8607,67.0011,31.3,70,18.0,997.7,,3,19.77,75.62,0.04,0.4,67.75,41.24,0.0,70.9,
2026-07-01 11:00:00+00:00,Karachi,24.8607,67.0011,31.2,70,17.4,997.2,,3,19.51,75.97,0.04,0.41,67.95,40.85,0.0,70.4,
2026-07-01 12:00:00+00:00,Karachi,24.8607,67.0011,31.4,69,16.4,997.1,,3,19.41,76.35,0.05,0.41,67.93,40.37,0.0,70.2,
2026-07-01 13:00:00+00:00,Karachi,24.8607,67.0011,30.4,74,16.4,997.1,,3,19.3,77.13,0.06,0.42,67.96,39.95,0.0,70.0,
2026-07-01 14:00:00+00:00,Karachi,24.8607,67.0011,29.9,78,17.8,997.3,,3,18.91,76.72,0.07,0.42,67.85,39.52,0.0,69.3,
2026-07-01 15:00:00+00:00,Karachi,24.8607,67.0011,29.6,80,17.2,997.9,,3,18.45,75.5,0.08,0.43,67.82,39.17,0.0,68.4,
2026-07-01 16:00:00+00:00,Karachi,24.8607,67.0011,29.4,81,16.3,998.9,,3,17.98,73.56,0.08,0.43,67.86,39.11,0.0,67.5,
2026-07-01 17:00:00+00:00,Karachi,24.8607,67.0011,29.2,83,14.8,999.8,,3,18.05,74.25,0.09,0.44,68.16,39.28,0.0,67.7,
2026-07-01 18:00:00+00:00,Karachi,24.8607,67.0011,29.6,80,14.0,999.5,,3,18.79,79.17,0.09,0.45,68.18,39.14,0.0,69.1,
2026-07-01 19:00:00+00:00,Karachi,24.8607,67.0011,29.3,81,13.3,999.5,,3,19.81,85.89,0.09,0.47,67.68,38.63,0.0,71.0,
2026-07-01 20:00:00+00:00,Karachi,24.8607,67.0011,29.2,81,13.4,999.4,,3,20.54,89.43,0.1,0.48,66.89,38.09,0.0,72.3,
2026-07-01 21:00:00+00:00,Karachi,24.8607,67.0011,28.8,84,13.2,999.0,,3,20.6,88.24,0.1,0.48,66.4,37.93,0.0,72.4,
2026-07-01 22:00:00+00:00,Karachi,24.8607,67.0011,28.7,85,12.7,998.8,,3,20.0,81.79,0.1,0.47,66.26,38.46,0.0,71.3,
2026-07-01 23:00:00+00:00,Karachi,24.8607,67.0011,28.6,86,12.6,998.5,,3,18.89,74.26,0.09,0.45,66.71,39.73,0.0,69.2,
2026-07-02 00:00:00+00:00,Karachi,24.8607,67.0011,28.6,87,12.1,998.4,,3,17.85,68.91,0.09,0.44,67.38,41.2,0.0,67.3,
2026-07-02 01:00:00+00:00,Karachi,24.8607,67.0011,28.5,87,11.6,998.8,,3,16.96,64.87,0.08,0.43,67.79,42.41,0.0,65.6,
2026-07-02 02:00:00+00:00,Karachi,24.8607,67.0011,29.0,84,11.8,999.3,,3,16.39,61.15,0.09,0.41,68.07,43.26,0.0,64.6,
2026-07-02 03:00:00+00:00,Karachi,24.8607,67.0011,29.9,78,12.3,999.6,,3,16.09,57.56,0.08,0.4,68.09,43.84,0.0,64.0,
2026-07-02 04:00:00+00:00,Karachi,24.8607,67.0011,30.7,74,13.7,999.9,,3,16.11,57.07,0.08,0.39,68.07,44.35,0.0,64.1,
2026-07-02 05:00:00+00:00,Karachi,24.8607,67.0011,31.2,72,14.0,1000.4,,3,16.58,59.45,0.07,0.39,68.15,44.66,0.0,64.9,
2026-07-02 06:00:00+00:00,Karachi,24.8607,67.0011,32.0,68,15.1,1000.3,,3,17.17,61.9,0.07,0.4,68.36,45.09,0.0,66.0,
2026-07-02 07:00:00+00:00,Karachi,24.8607,67.0011,32.1,67,15.7,1000.1,,3,17.69,62.86,0.06,0.39,68.57,45.45,0.0,67.0,
2026-07-02 08:00:00+00:00,Karachi,24.8607,67.0011,32.3,67,15.4,999.8,,3,18.18,64.79,0.05,0.39,68.9,45.42,0.0,67.9,
2026-07-02 09:00:00+00:00,Karachi,24.8607,67.0011,32.4,66,15.9,999.4,,3,18.49,67.34,0.05,0.4,69.05,45.13,0.0,68.5,
2026-07-02 10:00:00+00:00,Karachi,24.8607,67.0011,32.2,67,16.1,998.9,,3,18.44,68.89,0.05,0.4,69.44,45.13,0.0,68.4,
2026-07-02 11:00:00+00:00,Karachi,24.8607,67.0011,31.8,68,16.5,998.3,,3,17.93,68.38,0.05,0.4,69.83,45.36,0.0,67.5,
2026-07-02 12:00:00+00:00,Karachi,24.8607,67.0011,31.3,70,15.9,998.5,,3,17.27,66.76,0.05,0.39,70.33,45.72,0.0,66.2,
2026-07-02 13:00:00+00:00,Karachi,24.8607,67.0011,30.6,73,13.8,999.0,,3,16.62,64.6,0.06,0.39,70.78,46.15,0.0,65.0,
2026-07-02 14:00:00+00:00,Karachi,24.8607,67.0011,30.1,75,12.9,999.8,,3,16.12,63.38,0.07,0.39,71.2,46.39,0.0,64.1,
2026-07-02 15:00:00+00:00,Karachi,24.8607,67.0011,29.6,79,13.6,1000.0,,3,16.02,64.89,0.08,0.4,71.19,46.28,0.0,63.9,
2026-07-02 16:00:00+00:00,Karachi,24.8607,67.0011,29.4,81,12.5,1000.9,,3,16.23,67.97,0.08,0.42,71.0,45.77,0.0,64.3,
2026-07-02 17:00:00+00:00,Karachi,24.8607,67.0011,29.3,81,12.0,1001.7,,3,16.66,71.73,0.08,0.43,70.93,45.34,0.0,65.1,
2026-07-02 18:00:00+00:00,Karachi,24.8607,67.0011,29.2,82,14.0,1001.9,,3,17.03,74.18,0.08,0.43,71.24,45.23,0.0,65.8,
2026-07-02 19:00:00+00:00,Karachi,24.8607,67.0011,28.9,82,12.6,1001.3,,3,17.0,75.17,0.08,0.43,71.51,45.49,0.0,65.7,
2026-07-02 20:00:00+00:00,Karachi,24.8607,67.0011,28.8,83,12.9,1000.9,,3,16.95,76.1,0.08,0.43,71.8,45.66,0.0,65.6,
2026-07-02 21:00:00+00:00,Karachi,24.8607,67.0011,28.7,84,13.4,1000.6,,3,17.06,77.32,0.08,0.45,71.6,45.45,0.0,65.8,
2026-07-02 22:00:00+00:00,Karachi,24.8607,67.0011,28.6,84,13.1,1000.3,,3,17.23,76.34,0.08,0.46,71.04,44.93,0.0,66.1,
2026-07-02 23:00:00+00:00,Karachi,24.8607,67.0011,28.5,84,12.7,1000.3,,3,17.22,73.45,0.08,0.46,70.44,44.36,0.0,66.1,
2026-07-03 00:00:00+00:00,Karachi,24.8607,67.0011,28.8,86,12.0,1000.2,,3,17.12,70.56,0.08,0.46,69.93,44.04,0.0,65.9,
2026-07-03 01:00:00+00:00,Karachi,24.8607,67.0011,28.7,86,10.7,1000.6,,3,16.99,68.78,0.08,0.45,69.77,44.1,0.0,65.7,
2026-07-03 02:00:00+00:00,Karachi,24.8607,67.0011,29.2,82,11.0,1001.5,,3,16.94,68.61,0.09,0.45,69.57,44.43,0.0,65.6,
2026-07-03 03:00:00+00:00,Karachi,24.8607,67.0011,30.3,76,12.5,1001.7,,3,16.95,68.61,0.09,0.45,69.48,44.78,0.0,65.6,
2026-07-03 04:00:00+00:00,Karachi,24.8607,67.0011,31.3,71,14.7,1001.8,,3,16.93,68.86,0.08,0.44,69.53,45.39,0.0,65.6,
2026-07-03 05:00:00+00:00,Karachi,24.8607,67.0011,32.2,66,15.6,1002.1,,3,16.84,69.12,0.07,0.43,69.86,46.4,0.0,65.4,
2026-07-03 06:00:00+00:00,Karachi,24.8607,67.0011,32.9,60,15.5,1002.3,,3,16.76,69.83,0.06,0.41,70.45,47.55,0.0,65.3,
2026-07-03 07:00:00+00:00,Karachi,24.8607,67.0011,32.6,62,15.2,1001.9,,3,16.77,71.61,0.05,0.4,70.9,48.21,0.0,65.3,
2026-07-03 08:00:00+00:00,Karachi,24.8607,67.0011,32.8,62,15.7,1001.3,,3,17.17,74.68,0.05,0.39,70.84,47.48,0.0,66.0,
2026-07-03 09:00:00+00:00,Karachi,24.8607,67.0011,32.8,61,15.8,1000.8,,3,17.88,79.12,0.04,0.4,70.19,45.69,0.0,67.4,
2026-07-03 10:00:00+00:00,Karachi,24.8607,67.0011,32.5,64,15.8,1000.3,,3,18.82,84.56,0.04,0.42,69.4,43.55,0.0,69.1,
2026-07-03 11:00:00+00:00,Karachi,24.8607,67.0011,32.2,65,15.3,999.8,,3,19.66,89.54,0.04,0.43,68.73,41.74,0.0,70.7,
2026-07-03 12:00:00+00:00,Karachi,24.8607,67.0011,31.7,66,14.7,999.4,,3,20.05,91.55,0.05,0.44,68.52,40.98,0.0,71.4,
2026-07-03 13:00:00+00:00,Karachi,24.8607,67.0011,30.7,71,15.7,999.4,,3,19.93,90.42,0.06,0.43,69.15,41.45,0.0,71.2,
2026-07-03 14:00:00+00:00,Karachi,24.8607,67.0011,30.1,74,14.5,999.9,,3,19.48,87.42,0.07,0.42,69.9,42.67,0.0,70.3,
2026-07-03 15:00:00+00:00,Karachi,24.8607,67.0011,29.9,75,15.8,1000.2,,3,19.07,84.59,0.08,0.41,70.81,43.84,0.0,69.6,
2026-07-03 16:00:00+00:00,Karachi,24.8607,67.0011,29.7,78,15.2,1001.0,,3,18.76,82.07,0.08,0.41,70.95,44.41,0.0,69.0,
2026-07-03 17:00:00+00:00,Karachi,24.8607,67.0011,29.5,79,17.0,1001.6,,3,18.6,80.65,0.08,0.42,70.65,44.21,0.0,68.7,
2026-07-03 18:00:00+00:00,Karachi,24.8607,67.0011,29.4,78,17.2,1001.6,,3,18.6,80.48,0.09,0.44,70.06,43.39,0.0,68.7,
2026-07-03 19:00:00+00:00,Karachi,24.8607,67.0011,29.2,80,15.5,1001.6,,3,18.5,78.31,0.09,0.45,69.26,42.68,0.0,68.5,
2026-07-03 20:00:00+00:00,Karachi,24.8607,67.0011,29.0,81,15.7,1001.2,,3,18.55,76.07,0.09,0.46,68.63,42.22,0.0,68.6,
2026-07-03 21:00:00+00:00,Karachi,24.8607,67.0011,28.9,82,13.5,1000.2,,3,18.93,75.97,0.1,0.47,68.31,41.91,0.0,69.3,
2026-07-03 22:00:00+00:00,Karachi,24.8607,67.0011,28.7,82,14.6,999.7,,3,19.32,79.12,0.1,0.48,67.99,41.77,0.0,70.0,
2026-07-03 23:00:00+00:00,Karachi,24.8607,67.0011,28.6,83,14.6,999.4,,3,19.57,83.13,0.1,0.49,67.59,41.62,0.0,70.5,
2026-07-04 00:00:00+00:00,Karachi,24.8607,67.0011,29.0,80,13.5,999.2,,3,19.73,85.65,0.1,0.5,67.28,41.51,0.0,70.8,
2026-07-04 01:00:00+00:00,Karachi,24.8607,67.0011,29.0,81,14.9,999.8,,3,19.83,84.22,0.1,0.49,67.11,41.85,0.0,71.0,
2026-07-04 02:00:00+00:00,Karachi,24.8607,67.0011,29.4,79,15.3,1000.4,,3,20.14,84.4,0.1,0.48,67.13,42.36,0.0,71.6,
2026-07-04 03:00:00+00:00,Karachi,24.8607,67.0011,30.2,75,16.2,1000.6,,3,20.63,87.5,0.1,0.48,67.17,42.68,0.0,72.5,
2026-07-04 04:00:00+00:00,Karachi,24.8607,67.0011,30.9,71,17.2,1000.4,,3,21.07,93.47,0.09,0.48,67.26,43.03,0.0,73.3,
2026-07-04 05:00:00+00:00,Karachi,24.8607,67.0011,32.1,65,16.2,999.9,,3,21.38,98.22,0.08,0.48,67.21,43.31,0.0,73.9,
2026-07-04 06:00:00+00:00,Karachi,24.8607,67.0011,32.0,66,16.8,1000.4,,4,21.63,101.48,0.07,0.47,67.34,43.41,0.0,74.3,
2026-07-04 07:00:00+00:00,Karachi,24.8607,67.0011,32.0,66,16.7,999.8,,4,21.63,103.89,0.06,0.46,67.48,43.55,0.0,75.2,
2026-07-04 08:00:00+00:00,Karachi,24.8607,67.0011,32.0,66,17.0,999.2,,4,21.31,103.66,0.05,0.44,67.8,43.7,0.0,75.1,
2026-07-04 09:00:00+00:00,Karachi,24.8607,67.0011,32.1,67,17.5,998.3,,4,20.86,101.76,0.05,0.42,68.1,43.75,0.0,74.1,
2026-07-04 10:00:00+00:00,Karachi,24.8607,67.0011,32.3,67,17.6,997.8,,4,20.64,100.96,0.05,0.42,68.41,43.37,0.0,73.7,
2026-07-04 11:00:00+00:00,Karachi,24.8607,67.0011,31.9,69,16.8,997.2,,4,20.83,102.5,0.05,0.43,68.15,42.17,0.0,74.5,
2026-07-04 12:00:00+00:00,Karachi,24.8607,67.0011,31.4,72,15.7,996.8,,4,21.29,105.43,0.06,0.45,67.61,40.6,0.0,76.0,
2026-07-04 13:00:00+00:00,Karachi,24.8607,67.0011,30.7,75,14.7,996.8,,4,21.69,108.09,0.07,0.47,67.35,39.38,0.0,77.3,
2026-07-04 14:00:00+00:00,Karachi,24.8607,67.0011,29.8,79,14.7,997.2,,4,21.95,109.69,0.09,0.49,67.14,38.51,0.0,78.1,
2026-07-04 15:00:00+00:00,Karachi,24.8607,67.0011,29.5,81,13.5,997.9,,4,22.15,110.71,0.1,0.52,67.07,37.71,0.0,78.6,
2026-07-04 16:00:00+00:00,Karachi,24.8607,67.0011,29.2,82,15.9,998.6,,4,22.37,109.57,0.11,0.54,66.88,36.97,0.0,78.0,
2026-07-04 17:00:00+00:00,Karachi,24.8607,67.0011,29.2,83,15.4,998.9,,4,22.71,109.77,0.11,0.54,66.83,36.78,0.0,78.1,
2026-07-04 18:00:00+00:00,Karachi,24.8607,67.0011,29.3,82,13.8,998.8,,4,23.21,112.47,0.11,0.54,66.99,37.2,0.0,79.4,
2026-07-04 19:00:00+00:00,Karachi,24.8607,67.0011,29.0,84,13.4,998.7,,4,23.92,117.28,0.11,0.54,67.24,38.1,0.0,81.8,
2026-07-04 20:00:00+00:00,Karachi,24.8607,67.0011,28.7,86,13.3,998.2,,4,24.99,123.35,0.11,0.54,67.34,38.88,0.0,84.8,
2026-07-04 21:00:00+00:00,Karachi,24.8607,67.0011,28.6,86,12.6,998.0,,4,25.99,128.5,0.11,0.55,67.21,39.3,0.0,87.4,
2026-07-04 22:00:00+00:00,Karachi,24.8607,67.0011,28.6,85,12.1,997.9,,4,26.75,134.54,0.11,0.56,67.39,39.85,0.0,90.4,
2026-07-04 23:00:00+00:00,Karachi,24.8607,67.0011,28.6,84,12.8,997.7,,4,27.12,138.86,0.11,0.57,67.32,40.31,0.0,92.5,
2026-07-05 00:00:00+00:00,Karachi,24.8607,67.0011,28.4,87,11.9,997.2,,4,27.41,141.98,0.11,0.57,67.42,40.75,0.0,94.1,
2026-07-05 01:00:00+00:00,Karachi,24.8607,67.0011,28.5,86,12.5,997.8,,4,27.71,144.92,0.11,0.58,67.46,41.15,0.0,95.5,
2026-07-05 02:00:00+00:00,Karachi,24.8607,67.0011,28.9,83,13.7,997.9,,4,27.8,146.06,0.11,0.59,67.38,41.24,0.0,96.1,
2026-07-05 03:00:00+00:00,Karachi,24.8607,67.0011,29.9,77,15.5,997.9,,4,27.63,144.55,0.1,0.59,67.41,41.19,0.0,95.3,
2026-07-05 04:00:00+00:00,Karachi,24.8607,67.0011,31.1,69,18.5,998.0,,4,27.44,142.81,0.1,0.59,67.23,41.29,0.0,94.5,
2026-07-05 05:00:00+00:00,Karachi,24.8607,67.0011,32.1,64,15.9,997.7,,4,27.44,143.13,0.08,0.58,66.98,41.43,0.0,94.6,
2026-07-05 06:00:00+00:00,Karachi,24.8607,67.0011,32.5,61,14.9,998.4,,4,27.54,143.95,0.07,0.58,67.01,41.57,0.0,95.0,
2026-07-05 07:00:00+00:00,Karachi,24.8607,67.0011,32.9,60,14.7,998.2,,4,27.7,144.53,0.06,0.57,67.01,41.75,0.0,95.3,
2026-07-05 08:00:00+00:00,Karachi,24.8607,67.0011,33.2,59,15.8,997.4,,4,27.76,144.18,0.06,0.56,67.25,41.7,0.0,95.1,
2026-07-05 09:00:00+00:00,Karachi,24.8607,67.0011,33.2,60,16.1,996.7,,4,27.66,143.12,0.06,0.55,67.38,41.37,0.0,94.6,
2026-07-05 10:00:00+00:00,Karachi,24.8607,67.0011,32.8,63,16.4,996.5,,4,27.5,141.51,0.06,0.54,67.41,40.74,0.0,93.8,
2026-07-05 11:00:00+00:00,Karachi,24.8607,67.0011,32.0,67,16.8,995.8,,4,27.21,138.76,0.06,0.56,67.04,39.98,0.0,92.5,
2026-07-05 12:00:00+00:00,Karachi,24.8607,67.0011,31.9,68,15.4,995.7,,4,27.03,136.21,0.07,0.58,66.65,39.41,0.0,91.2,
2026-07-05 13:00:00+00:00,Karachi,24.8607,67.0011,31.0,72,15.7,996.1,,4,26.99,134.13,0.08,0.61,66.48,39.19,0.0,90.2,
2026-07-05 14:00:00+00:00,Karachi,24.8607,67.0011,30.6,74,16.0,996.6,,4,26.97,132.05,0.1,0.63,66.42,39.12,0.0,89.1,
2026-07-05 15:00:00+00:00,Karachi,24.8607,67.0011,30.2,76,16.0,997.4,,4,27.07,130.98,0.11,0.64,66.69,39.55,0.0,88.6,
2026-07-05 16:00:00+00:00,Karachi,24.8607,67.0011,29.8,80,12.9,997.9,,4,27.35,131.69,0.12,0.64,67.5,40.77,0.0,89.0,
2026-07-05 17:00:00+00:00,Karachi,24.8607,67.0011,29.6,82,11.5,998.5,,4,27.87,133.71,0.12,0.63,68.67,42.36,0.0,90.0,
2026-07-05 18:00:00+00:00,Karachi,24.8607,67.0011,29.8,80,11.0,998.3,,4,28.24,135.09,0.11,0.62,69.69,43.77,0.0,90.6,
2026-07-05 19:00:00+00:00,Karachi,24.8607,67.0011,29.4,83,10.6,997.9,,4,28.3,134.7,0.11,0.61,70.02,44.51,0.0,90.4,
2026-07-05 20:00:00+00:00,Karachi,24.8607,67.0011,29.0,86,9.2,997.3,,4,28.15,132.98,0.11,0.62,69.94,44.56,0.0,89.6,
2026-07-05 21:00:00+00:00,Karachi,24.8607,67.0011,29.0,87,9.0,997.0,,4,27.92,130.8,0.11,0.63,69.52,44.32,0.0,88.5,
2026-07-05 22:00:00+00:00,Karachi,24.8607,67.0011,28.7,89,10.0,996.8,,4,27.88,129.15,0.11,0.64,69.4,44.33,0.0,87.7,
2026-07-05 23:00:00+00:00,Karachi,24.8607,67.0011,28.6,90,9.6,996.8,,4,27.88,128.16,0.11,0.64,69.37,44.51,0.0,87.2,
2026-07-06 00:00:00+00:00,Karachi,24.8607,67.0011,28.7,89,11.2,996.5,,4,28.02,128.29,0.11,0.63,69.64,44.92,0.0,87.3,
2026-07-06 01:00:00+00:00,Karachi,24.8607,67.0011,28.8,88,11.0,997.0,,4,28.29,129.1,0.11,0.62,69.85,45.37,0.0,87.7,
2026-07-06 02:00:00+00:00,Karachi,24.8607,67.0011,29.2,86,10.3,997.7,,4,28.36,128.66,0.11,0.63,69.81,45.12,0.0,87.5,
2026-07-06 03:00:00+00:00,Karachi,24.8607,67.0011,30.3,80,10.5,998.0,,4,28.33,127.52,0.11,0.64,69.48,44.39,0.0,86.9,
2026-07-06 04:00:00+00:00,Karachi,24.8607,67.0011,31.6,72,12.0,998.1,,4,28.16,126.29,0.1,0.65,69.17,43.59,0.0,86.5,
2026-07-06 05:00:00+00:00,Karachi,24.8607,67.0011,32.6,67,12.6,997.9,,4,27.95,125.38,0.09,0.65,68.99,43.2,0.0,86.1,
2026-07-06 06:00:00+00:00,Karachi,24.8607,67.0011,33.1,62,11.4,998.2,,4,27.72,124.59,0.07,0.63,68.81,42.94,0.0,85.7,
2026-07-06 07:00:00+00:00,Karachi,24.8607,67.0011,33.3,63,12.1,997.6,,4,27.54,124.44,0.07,0.6,68.76,42.62,0.0,85.4,
2026-07-06 08:00:00+00:00,Karachi,24.8607,67.0011,33.3,64,13.1,996.8,,4,27.39,124.61,0.06,0.58,68.49,42.04,0.0,85.5,
2026-07-06 09:00:00+00:00,Karachi,24.8607,67.0011,33.2,66,14.4,996.2,,4,27.33,124.93,0.06,0.57,68.46,41.38,0.0,85.6,
2026-07-06 10:00:00+00:00,Karachi,24.8607,67.0011,32.6,69,14.2,995.7,,4,27.46,125.22,0.05,0.57,68.54,40.76,0.0,85.8,
2026-07-06 11:00:00+00:00,Karachi,24.8607,67.0011,32.1,70,13.0,995.5,,4,27.57,124.56,0.06,0.58,68.51,40.11,0.0,85.4,
2026-07-06 12:00:00+00:00,Karachi,24.8607,67.0011,31.8,72,13.3,995.1,,4,27.74,123.86,0.06,0.59,68.51,39.66,0.0,85.7,
2026-07-06 13:00:00+00:00,Karachi,24.8607,67.0011,30.9,76,13.4,995.4,,4,28.08,123.99,0.08,0.6,68.8,39.54,0.0,86.4,
2026-07-06 14:00:00+00:00,Karachi,24.8607,67.0011,30.0,81,13.9,995.5,,4,28.5,124.68,0.1,0.62,69.11,39.75,0.0,87.1,
2026-07-06 15:00:00+00:00,Karachi,24.8607,67.0011,29.8,81,12.8,995.9,,4,29.09,126.41,0.12,0.63,69.66,40.35,0.0,88.2,
2026-07-06 16:00:00+00:00,Karachi,24.8607,67.0011,29.9,80,9.6,997.2,,4,29.63,128.41,0.12,0.63,70.03,40.93,0.0,89.2,
2026-07-06 17:00:00+00:00,Karachi,24.8607,67.0011,29.8,81,7.5,997.7,,4,30.24,130.29,0.12,0.64,70.4,41.49,0.0,90.4,
2026-07-06 18:00:00+00:00,Karachi,24.8607,67.0011,29.7,81,7.8,997.6,,4,30.87,131.54,0.13,0.66,70.75,42.06,0.0,91.6,
2026-07-06 19:00:00+00:00,Karachi,24.8607,67.0011,29.3,83,6.2,997.4,,4,31.51,132.11,0.13,0.67,70.81,42.59,0.0,92.8,
2026-07-06 20:00:00+00:00,Karachi,24.8607,67.0011,29.1,85,5.7,997.1,,4,32.14,132.57,0.13,0.67,70.94,43.07,0.0,93.9,
2026-07-06 21:00:00+00:00,Karachi,24.8607,67.0011,28.8,87,2.9,996.9,,4,32.79,133.42,0.14,0.68,71.01,43.37,0.0,95.1,
2026-07-06 22:00:00+00:00,Karachi,24.8607,67.0011,28.5,88,5.6,996.3,,4,33.42,134.91,0.14,0.68,71.1,43.79,0.0,96.3,
2026-07-06 23:00:00+00:00,Karachi,24.8607,67.0011,28.4,89,7.3,995.8,,4,33.87,136.38,0.14,0.67,71.39,44.49,0.0,97.1,
2026-07-07 00:00:00+00:00,Karachi,24.8607,67.0011,28.7,91,9.7,997.3,,4,34.12,137.08,0.14,0.66,71.59,45.23,0.0,97.6,
2026-07-07 01:00:00+00:00,Karachi,24.8607,67.0011,28.6,92,8.4,997.5,,4,34.22,136.78,0.14,0.65,71.65,45.45,0.0,97.8,
2026-07-07 02:00:00+00:00,Karachi,24.8607,67.0011,29.4,87,9.6,997.8,,4,34.22,135.33,0.15,0.64,71.49,44.84,0.0,97.8,
2026-07-07 03:00:00+00:00,Karachi,24.8607,67.0011,30.2,83,11.2,997.6,,4,34.09,134.33,0.15,0.64,70.98,43.85,0.0,97.6,
2026-07-07 04:00:00+00:00,Karachi,24.8607,67.0011,31.1,77,10.1,997.7,,4,33.89,135.3,0.13,0.62,70.61,43.56,0.0,97.2,
2026-07-07 05:00:00+00:00,Karachi,24.8607,67.0011,32.2,71,10.4,997.5,,4,33.86,138.96,0.11,0.61,70.96,44.8,0.0,97.1,
2026-07-07 06:00:00+00:00,Karachi,24.8607,67.0011,32.8,67,11.4,997.5,,4,34.06,144.04,0.09,0.6,71.95,47.19,0.0,97.5,
2026-07-07 07:00:00+00:00,Karachi,24.8607,67.0011,33.5,65,10.3,996.8,,4,34.41,148.48,0.07,0.59,72.93,49.33,0.0,98.2,
2026-07-07 08:00:00+00:00,Karachi,24.8607,67.0011,33.7,66,11.3,996.3,,4,34.53,149.81,0.07,0.58,73.29,49.42,0.0,98.4,
2026-07-07 09:00:00+00:00,Karachi,24.8607,67.0011,32.9,70,14.5,995.9,,4,34.54,149.64,0.06,0.58,73.08,48.19,0.0,98.4,
2026-07-07 10:00:00+00:00,Karachi,24.8607,67.0011,32.5,69,13.6,995.5,,4,34.67,150.48,0.06,0.58,72.99,47.17,0.0,98.6,
2026-07-07 11:00:00+00:00,Karachi,24.8607,67.0011,32.2,70,11.8,995.0,,4,34.84,151.94,0.07,0.58,73.28,46.96,0.0,99.0,
2026-07-07 12:00:00+00:00,Karachi,24.8607,67.0011,32.2,70,9.6,995.5,,4,34.98,152.45,0.07,0.58,73.89,47.28,0.0,99.2,
2026-07-07 13:00:00+00:00,Karachi,24.8607,67.0011,31.1,77,12.1,995.1,,4,35.01,152.03,0.1,0.59,74.39,47.63,0.0,99.3,
2026-07-07 14:00:00+00:00,Karachi,24.8607,67.0011,30.3,83,16.5,995.2,,4,34.94,150.81,0.12,0.59,75.02,48.17,0.0,99.1,
2026-07-07 15:00:00+00:00,Karachi,24.8607,67.0011,30.1,83,13.9,996.5,,4,34.88,148.71,0.14,0.6,75.5,49.07,0.0,99.0,
2026-07-07 16:00:00+00:00,Karachi,24.8607,67.0011,30.0,84,11.6,996.9,,4,34.87,146.82,0.14,0.61,75.8,50.05,0.0,99.0,
2026-07-07 17:00:00+00:00,Karachi,24.8607,67.0011,29.7,85,9.8,997.6,,4,35.22,145.82,0.13,0.62,76.18,50.82,0.0,99.7,
2026-07-07 18:00:00+00:00,Karachi,24.8607,67.0011,29.7,84,11.4,997.6,,4,35.88,146.32,0.13,0.63,76.41,51.22,0.0,101.9,
2026-07-07 19:00:00+00:00,Karachi,24.8607,67.0011,29.4,86,11.4,997.1,,4,36.64,147.77,0.13,0.63,76.77,51.45,0.0,103.8,
2026-07-07 20:00:00+00:00,Karachi,24.8607,67.0011,29.3,85,10.9,996.7,,4,37.34,149.06,0.12,0.62,77.04,51.3,0.0,105.5,
2026-07-07 21:00:00+00:00,Karachi,24.8607,67.0011,29.2,87,9.2,996.6,,4,37.8,149.3,0.12,0.62,77.06,50.65,0.0,106.7,
2026-07-07 22:00:00+00:00,Karachi,24.8607,67.0011,29.1,87,10.4,996.2,,4,38.01,149.06,0.12,0.62,77.11,50.07,0.0,107.2,
2026-07-07 23:00:00+00:00,Karachi,24.8607,67.0011,28.9,89,10.5,995.8,,4,38.05,148.56,0.12,0.62,77.13,49.87,0.0,107.3,
2026-07-08 00:00:00+00:00,Karachi,24.8607,67.0011,28.7,90,11.0,995.7,,4,38.16,148.71,0.12,0.62,77.28,50.14,0.0,107.5,
2026-07-08 01:00:00+00:00,Karachi,24.8607,67.0011,28.5,89,10.6,995.7,,4,38.41,149.69,0.12,0.62,77.44,50.95,0.0,108.2,
2026-07-08 02:00:00+00:00,Karachi,24.8607,67.0011,29.0,85,11.1,996.4,,4,38.55,150.22,0.13,0.62,77.55,51.56,0.0,108.5,
2026-07-08 03:00:00+00:00,Karachi,24.8607,67.0011,30.0,78,11.9,996.9,,4,38.46,149.64,0.13,0.63,77.37,51.87,0.0,108.3,
2026-07-08 04:00:00+00:00,Karachi,24.8607,67.0011,31.3,71,10.8,997.2,,4,38.09,148.57,0.11,0.63,76.98,52.28,0.0,107.4,
2026-07-08 05:00:00+00:00,Karachi,24.8607,67.0011,32.0,68,11.8,997.4,,4,37.63,147.87,0.09,0.63,76.64,52.98,0.0,106.2,
2026-07-08 06:00:00+00:00,Karachi,24.8607,67.0011,32.0,68,15.5,997.3,,4,37.11,147.46,0.08,0.61,76.59,53.75,0.0,105.0,
2026-07-08 07:00:00+00:00,Karachi,24.8607,67.0011,32.1,68,16.6,997.3,,4,36.46,147.14,0.07,0.59,76.22,53.81,0.0,103.4,
2026-07-08 08:00:00+00:00,Karachi,24.8607,67.0011,32.0,69,17.1,996.8,,4,35.62,145.32,0.06,0.59,75.58,52.05,0.0,101.3,
2026-07-08 09:00:00+00:00,Karachi,24.8607,67.0011,32.1,69,18.0,996.3,,4,34.59,142.0,0.06,0.6,74.83,49.25,0.0,98.5,
2026-07-08 10:00:00+00:00,Karachi,24.8607,67.0011,32.1,70,18.0,995.9,,4,33.79,139.41,0.06,0.61,74.6,47.62,0.0,97.0,
2026-07-08 11:00:00+00:00,Karachi,24.8607,67.0011,31.7,72,18.4,995.2,,4,33.47,138.33,0.07,0.62,74.9,47.59,0.0,96.4,
2026-07-08 12:00:00+00:00,Karachi,24.8607,67.0011,31.2,74,19.4,995.4,,4,34.0,138.72,0.07,0.64,75.42,48.05,0.0,97.4,
2026-07-08 13:00:00+00:00,Karachi,24.8607,67.0011,30.3,77,19.3,995.5,,4,35.66,140.71,0.09,0.67,76.2,48.28,0.0,101.4,
2026-07-08 14:00:00+00:00,Karachi,24.8607,67.0011,29.6,80,18.2,995.8,,4,38.01,143.74,0.12,0.69,76.8,48.06,0.0,107.2,
2026-07-08 15:00:00+00:00,Karachi,24.8607,67.0011,29.4,80,17.2,996.4,,4,40.3,146.69,0.14,0.71,76.99,47.22,0.0,112.8,
2026-07-08 16:00:00+00:00,Karachi,24.8607,67.0011,29.1,82,15.6,997.3,,4,41.48,147.72,0.14,0.71,76.62,45.88,0.0,115.7,
2026-07-08 17:00:00+00:00,Karachi,24.8607,67.0011,29.0,82,15.0,998.2,,4,41.17,146.36,0.14,0.71,76.17,44.35,0.0,115.0,
2026-07-08 18:00:00+00:00,Karachi,24.8607,67.0011,29.3,81,14.5,998.0,,4,39.69,143.1,0.14,0.7,75.51,42.91,0.0,111.3,
2026-07-08 19:00:00+00:00,Karachi,24.8607,67.0011,28.9,83,15.1,997.7,,4,37.4,138.88,0.14,0.69,74.53,41.52,0.0,105.7,
2026-07-08 20:00:00+00:00,Karachi,24.8607,67.0011,28.9,83,15.6,997.7,,4,35.09,135.27,0.13,0.68,73.47,40.54,0.0,99.4,
2026-07-08 21:00:00+00:00,Karachi,24.8607,67.0011,28.5,88,13.9,997.2,,4,33.06,132.21,0.13,0.68,72.42,39.58,0.0,95.6,
2026-07-08 22:00:00+00:00,Karachi,24.8607,67.0011,28.4,88,13.5,997.3,,4,31.39,129.66,0.13,0.68,71.51,38.65,0.0,92.5,
2026-07-08 23:00:00+00:00,Karachi,24.8607,67.0011,28.2,88,14.6,997.3,,4,29.97,127.46,0.13,0.69,70.71,37.65,0.0,89.9,
2026-07-09 00:00:00+00:00,Karachi,24.8607,67.0011,28.5,87,15.2,997.6,,4,28.74,125.34,0.13,0.7,70.09,37.11,0.0,87.6,
2026-07-09 01:00:00+00:00,Karachi,24.8607,67.0011,28.4,87,15.4,998.0,,4,27.59,123.72,0.12,0.7,69.71,37.41,0.0,85.4,
2026-07-09 02:00:00+00:00,Karachi,24.8607,67.0011,28.9,84,17.3,998.5,,4,26.72,123.13,0.12,0.69,69.08,38.35,0.0,84.7,
2026-07-09 03:00:00+00:00,Karachi,24.8607,67.0011,29.7,78,18.2,998.9,,4,26.0,122.24,0.11,0.69,68.42,38.48,0.0,84.3,
2026-07-09 04:00:00+00:00,Karachi,24.8607,67.0011,30.4,74,19.2,999.3,,4,25.35,120.7,0.1,0.7,67.34,37.7,0.0,83.5,
2026-07-09 05:00:00+00:00,Karachi,24.8607,67.0011,31.0,71,19.5,999.4,,4,24.86,119.63,0.09,0.7,66.65,37.45,0.0,83.0,
2026-07-09 06:00:00+00:00,Karachi,24.8607,67.0011,31.7,66,19.9,999.9,,4,24.6,119.65,0.08,0.69,66.39,38.37,0.0,83.0,
2026-07-09 07:00:00+00:00,Karachi,24.8607,67.0011,31.8,64,19.9,999.8,,4,24.44,120.38,0.07,0.67,66.62,40.08,0.0,83.4,
2026-07-09 08:00:00+00:00,Karachi,24.8607,67.0011,32.0,64,19.7,999.6,,4,24.4,120.86,0.06,0.65,66.98,41.49,0.0,83.6,
2026-07-09 09:00:00+00:00,Karachi,24.8607,67.0011,31.8,64,20.2,999.4,,4,24.44,120.62,0.06,0.64,67.38,41.95,0.0,83.5,
2026-07-09 10:00:00+00:00,Karachi,24.8607,67.0011,31.5,67,21.4,999.3,,4,24.66,120.48,0.06,0.63,67.76,42.04,0.0,83.4,
2026-07-09 11:00:00+00:00,Karachi,24.8607,67.0011,31.0,68,20.7,999.0,,4,24.8,119.15,0.06,0.62,67.85,41.27,0.0,82.8,
2026-07-09 12:00:00+00:00,Karachi,24.8607,67.0011,30.8,67,19.9,999.0,,4,24.88,117.26,0.07,0.63,68.0,40.33,0.0,81.8,
2026-07-09 13:00:00+00:00,Karachi,24.8607,67.0011,29.9,72,19.1,999.3,,4,25.07,116.62,0.09,0.63,68.19,39.84,0.0,81.5,
2026-07-09 14:00:00+00:00,Karachi,24.8607,67.0011,29.4,74,18.1,999.8,,4,25.45,118.16,0.11,0.64,68.21,38.98,0.0,82.3,
2026-07-09 15:00:00+00:00,Karachi,24.8607,67.0011,29.3,73,17.6,1000.4,,4,26.14,122.33,0.12,0.65,67.92,37.66,0.0,84.3,
2026-07-09 16:00:00+00:00,Karachi,24.8607,67.0011,29.1,76,19.6,1000.8,,4,26.74,126.67,0.12,0.65,67.21,35.99,0.0,86.5,
2026-07-09 17:00:00+00:00,Karachi,24.8607,67.0011,28.9,77,17.7,1001.7,,4,27.0,129.36,0.12,0.65,66.56,34.75,0.0,87.8,
2026-07-09 18:00:00+00:00,Karachi,24.8607,67.0011,29.2,78,17.2,1001.5,,4,26.73,129.15,0.12,0.65,66.08,33.9,0.0,87.7,
2026-07-09 19:00:00+00:00,Karachi,24.8607,67.0011,28.7,82,18.3,1001.5,,4,25.98,126.15,0.12,0.64,65.51,33.35,0.0,86.2,
2026-07-09 20:00:00+00:00,Karachi,24.8607,67.0011,28.4,84,17.3,1001.3,,4,25.22,122.88,0.12,0.65,65.14,33.0,0.0,84.6,
2026-07-09 21:00:00+00:00,Karachi,24.8607,67.0011,28.3,83,16.9,1000.8,,4,24.71,120.88,0.12,0.65,64.91,32.98,0.0,83.6,
2026-07-09 22:00:00+00:00,Karachi,24.8607,67.0011,28.3,83,18.4,1000.8,,4,24.36,119.68,0.12,0.65,65.11,33.51,0.0,83.0,
2026-07-09 23:00:00+00:00,Karachi,24.8607,67.0011,28.1,84,19.2,1000.6,,4,23.94,117.94,0.12,0.64,65.46,34.33,0.0,82.2,
2026-07-10 00:00:00+00:00,Karachi,24.8607,67.0011,28.5,83,19.1,1000.9,,4,23.41,115.45,0.12,0.64,65.63,35.18,0.0,80.9,
2026-07-11 01:00:00+00:00,Karachi,24.8607,67.0011,27.9,87,21.5,1000.2,,4,21.75,108.45,0.1,0.67,65.74,43.34,0.0,77.5,
2026-07-11 02:00:00+00:00,Karachi,24.8607,67.0011,28.3,84,22.4,1000.4,,4,21.59,107.92,0.09,0.68,65.69,43.97,0.0,77.2,
2026-07-11 03:00:00+00:00,Karachi,24.8607,67.0011,29.1,79,24.0,1000.7,,4,21.51,107.74,0.08,0.69,65.69,44.36,0.0,77.1,
2026-07-11 04:00:00+00:00,Karachi,24.8607,67.0011,30.1,73,23.9,1000.8,,4,21.66,108.6,0.08,0.7,65.45,44.5,0.0,77.5,
2026-07-11 05:00:00+00:00,Karachi,24.8607,67.0011,30.6,70,25.0,1000.8,,4,21.91,109.42,0.07,0.7,65.1,44.11,0.0,77.9,
2026-07-11 06:00:00+00:00,Karachi,24.8607,67.0011,30.7,70,24.9,1000.7,,4,21.93,108.78,0.07,0.69,64.79,43.49,0.0,77.6,
2026-07-11 07:00:00+00:00,Karachi,24.8607,67.0011,31.0,69,24.4,1000.1,,4,21.72,106.92,0.06,0.68,64.93,42.79,0.0,76.7,
2026-07-11 08:00:00+00:00,Karachi,24.8607,67.0011,31.1,68,23.2,999.5,,4,21.69,106.42,0.05,0.66,65.22,42.09,0.0,76.5,
2026-07-11 09:00:00+00:00,Karachi,24.8607,67.0011,30.8,70,23.3,999.0,,4,22.2,108.94,0.05,0.67,65.38,41.34,0.0,77.7,
2026-07-11 10:00:00+00:00,Karachi,24.8607,67.0011,30.6,72,24.1,998.6,,4,23.17,113.91,0.05,0.7,65.58,40.83,0.0,80.2,
2026-07-11 11:00:00+00:00,Karachi,24.8607,67.0011,30.4,73,24.0,998.1,,4,24.06,118.15,0.06,0.72,65.68,40.62,0.0,82.3,
2026-07-11 12:00:00+00:00,Karachi,24.8607,67.0011,30.2,73,24.1,997.8,,4,24.68,120.51,0.07,0.74,65.93,40.74,0.0,83.4,
2026-07-11 13:00:00+00:00,Karachi,24.8607,67.0011,29.7,76,22.4,997.9,,4,25.14,122.25,0.09,0.75,66.42,41.3,0.0,84.3,
2026-07-11 14:00:00+00:00,Karachi,24.8607,67.0011,28.9,82,19.5,997.7,,4,25.46,122.73,0.1,0.75,66.74,41.76,0.0,84.5,
2026-07-11 15:00:00+00:00,Karachi,24.8607,67.0011,28.5,85,17.2,998.0,,4,25.75,122.61,0.12,0.75,66.63,41.84,0.0,84.5,
2026-07-11 16:00:00+00:00,Karachi,24.8607,67.0011,28.5,85,16.1,998.8,,4,25.9,121.96,0.12,0.75,66.61,41.82,0.0,84.1,
2026-07-11 17:00:00+00:00,Karachi,24.8607,67.0011,28.4,85,14.2,999.3,,4,25.88,120.77,0.12,0.74,66.85,41.84,0.0,83.6,
2026-07-11 18:00:00+00:00,Karachi,24.8607,67.0011,28.8,83,15.9,998.7,,4,25.7,119.08,0.12,0.73,67.21,41.9,0.0,82.7,
2026-07-11 19:00:00+00:00,Karachi,24.8607,67.0011,28.5,85,16.7,998.2,,4,25.48,117.82,0.12,0.72,67.49,41.83,0.0,82.1,
2026-07-11 20:00:00+00:00,Karachi,24.8607,67.0011,28.4,85,17.4,997.6,,4,25.35,117.4,0.12,0.71,67.34,41.55,0.0,81.9,
2026-07-11 21:00:00+00:00,Karachi,24.8607,67.0011,28.3,85,17.2,996.9,,4,25.27,117.87,0.12,0.71,67.1,41.38,0.0,82.1,
2026-07-11 22:00:00+00:00,Karachi,24.8607,67.0011,28.1,86,16.4,996.4,,4,25.44,119.75,0.12,0.7,67.3,41.54,0.0,83.0,
2026-07-11 23:00:00+00:00,Karachi,24.8607,67.0011,28.1,85,16.3,995.8,,4,25.66,121.67,0.11,0.7,67.59,41.88,0.0,84.0,
2026-07-12 00:00:00+00:00,Karachi,24.8607,67.0011,28.4,85,18.8,995.1,,4,25.72,121.8,0.11,0.7,67.85,42.26,0.0,84.1,
2026-07-12 01:00:00+00:00,Karachi,24.8607,67.0011,28.4,85,18.3,995.4,,4,25.66,121.02,0.11,0.7,68.06,42.77,0.0,83.7,
2026-07-12 02:00:00+00:00,Karachi,24.8607,67.0011,28.9,83,15.9,995.6,,4,25.74,120.88,0.12,0.7,68.06,43.71,0.0,83.6,
2026-07-12 03:00:00+00:00,Karachi,24.8607,67.0011,29.9,78,19.0,995.7,,4,26.05,121.23,0.1,0.7,68.19,44.75,0.0,83.8,
2026-07-12 04:00:00+00:00,Karachi,24.8607,67.0011,30.8,74,19.7,995.8,,4,26.46,121.26,0.11,0.7,68.38,45.64,0.0,83.8,
2026-07-12 05:00:00+00:00,Karachi,24.8607,67.0011,31.6,71,19.7,995.4,,4,26.92,121.1,0.1,0.7,68.71,46.52,0.0,84.2,
2026-07-12 06:00:00+00:00,Karachi,24.8607,67.0011,31.5,71,22.6,995.6,,4,27.32,121.15,0.09,0.7,69.27,47.52,0.0,84.9,
2026-07-12 07:00:00+00:00,Karachi,24.8607,67.0011,32.2,67,20.3,995.2,,4,27.7,121.88,0.08,0.68,69.93,48.35,0.0,85.7,
2026-07-12 08:00:00+00:00,Karachi,24.8607,67.0011,32.8,66,20.1,994.8,,4,27.92,122.15,0.07,0.66,70.3,48.33,0.0,86.1,
2026-07-12 09:00:00+00:00,Karachi,24.8607,67.0011,32.8,66,20.4,994.3,,4,28.05,121.83,0.07,0.66,70.55,47.57,0.0,86.3,
2026-07-12 10:00:00+00:00,Karachi,24.8607,67.0011,32.6,65,21.1,993.8,,4,28.1,120.97,0.07,0.67,70.76,46.46,0.0,86.4,
2026-07-12 11:00:00+00:00,Karachi,24.8607,67.0011,32.2,67,19.7,993.4,,4,27.98,119.58,0.08,0.68,70.89,45.51,0.0,86.2,
2026-07-12 12:00:00+00:00,Karachi,24.8607,67.0011,31.3,71,17.8,993.9,,4,27.88,118.7,0.08,0.69,71.28,45.02,0.0,86.0,
2026-07-12 13:00:00+00:00,Karachi,24.8607,67.0011,30.4,74,16.6,994.2,,4,27.84,118.41,0.09,0.7,71.55,45.02,0.0,85.9,
2026-07-12 14:00:00+00:00,Karachi,24.8607,67.0011,29.7,77,13.8,994.8,,4,27.53,117.02,0.11,0.71,71.53,44.8,0.0,85.3,
2026-07-12 15:00:00+00:00,Karachi,24.8607,67.0011,29.4,79,13.4,995.5,,4,26.82,114.05,0.12,0.72,71.16,43.76,0.0,84.0,
2026-07-12 16:00:00+00:00,Karachi,24.8607,67.0011,29.1,80,15.7,996.2,,4,25.84,110.26,0.12,0.73,70.51,42.48,0.0,82.2,
2026-07-12 17:00:00+00:00,Karachi,24.8607,67.0011,29.0,80,15.1,996.6,,4,25.0,107.13,0.12,0.72,70.45,42.13,0.0,80.6,
2026-07-12 18:00:00+00:00,Karachi,24.8607,67.0011,29.4,78,15.8,996.9,,4,24.33,104.54,0.12,0.7,70.64,42.49,0.0,79.4,
2026-07-12 19:00:00+00:00,Karachi,24.8607,67.0011,29.1,80,14.9,996.8,,4,23.76,102.3,0.12,0.68,70.69,42.89,0.0,78.3,
2026-07-12 20:00:00+00:00,Karachi,24.8607,67.0011,29.0,80,14.2,996.9,,4,23.37,100.75,0.12,0.68,70.25,42.92,0.0,77.6,
2026-07-12 21:00:00+00:00,Karachi,24.8607,67.0011,28.9,79,16.3,996.2,,3,23.0,99.71,0.12,0.68,69.8,42.67,0.0,76.9,
2026-07-12 22:00:00+00:00,Karachi,24.8607,67.0011,28.8,79,16.7,995.9,,3,22.74,99.4,0.12,0.68,69.34,42.55,0.0,76.4,
2026-07-12 23:00:00+00:00,Karachi,24.8607,67.0011,28.8,79,17.6,995.8,,3,22.58,99.69,0.11,0.67,69.2,42.59,0.0,76.1,
2026-07-13 00:00:00+00:00,Karachi,24.8607,67.0011,28.8,80,15.5,996.3,,3,22.42,99.76,0.11,0.67,69.03,42.45,0.0,75.8,
2026-07-13 01:00:00+00:00,Karachi,24.8607,67.0011,28.7,81,15.5,996.6,,3,22.22,99.99,0.12,0.69,68.58,41.94,0.0,75.4,
2026-07-13 02:00:00+00:00,Karachi,24.8607,67.0011,29.1,79,14.2,997.3,,4,22.05,100.35,0.12,0.69,68.32,41.44,0.0,75.1,
2026-07-13 03:00:00+00:00,Karachi,24.8607,67.0011,30.0,73,17.3,997.8,,3,21.79,99.97,0.1,0.7,68.23,41.19,0.0,74.6,
2026-07-13 04:00:00+00:00,Karachi,24.8607,67.0011,30.7,70,18.7,998.2,,3,21.48,98.99,0.1,0.7,68.18,41.09,0.0,74.1,
2026-07-13 05:00:00+00:00,Karachi,24.8607,67.0011,31.3,67,19.4,998.4,,3,21.39,98.58,0.09,0.7,68.11,41.06,0.0,73.9,
2026-07-13 06:00:00+00:00,Karachi,24.8607,67.0011,31.9,66,19.5,999.1,,3,21.55,99.12,0.08,0.7,67.86,40.66,0.0,74.2,
2026-07-13 07:00:00+00:00,Karachi,24.8607,67.0011,31.9,66,20.4,999.2,,4,21.88,100.58,0.07,0.71,67.17,39.71,0.0,74.8,
2026-07-13 08:00:00+00:00,Karachi,24.8607,67.0011,31.7,67,22.4,999.1,,4,22.19,102.28,0.07,0.71,66.41,38.65,0.0,75.4,
2026-07-13 09:00:00+00:00,Karachi,24.8607,67.0011,31.4,68,22.4,998.8,,4,22.23,103.24,0.07,0.71,65.98,37.97,0.0,75.5,
2026-07-13 10:00:00+00:00,Karachi,24.8607,67.0011,31.1,69,22.7,998.5,,4,21.95,103.21,0.08,0.71,66.0,37.81,0.0,74.9,
2026-07-13 11:00:00+00:00,Karachi,24.8607,67.0011,30.6,71,22.1,998.1,,4,21.65,103.12,0.08,0.7,66.25,37.77,0.0,74.8,
2026-07-13 12:00:00+00:00,Karachi,24.8607,67.0011,30.2,73,21.6,998.2,,4,21.69,104.46,0.08,0.7,66.15,37.38,0.0,75.5,
2026-07-13 13:00:00+00:00,Karachi,24.8607,67.0011,29.5,76,21.0,998.5,,4,21.88,106.16,0.09,0.7,65.97,36.95,0.0,76.3,
2026-07-13 14:00:00+00:00,Karachi,24.8607,67.0011,28.9,78,21.8,999.2,,4,21.9,106.8,0.1,0.7,65.78,36.73,0.0,76.6,
2026-07-13 15:00:00+00:00,Karachi,24.8607,67.0011,28.4,81,21.1,999.9,,4,21.7,106.22,0.1,0.69,65.78,36.68,0.0,76.4,
2026-07-13 16:00:00+00:00,Karachi,24.8607,67.0011,28.3,81,20.6,1000.6,,4,21.36,104.85,0.1,0.68,65.87,36.77,0.0,75.7,
2026-07-13 17:00:00+00:00,Karachi,24.8607,67.0011,28.0,83,19.3,1001.2,,4,20.96,102.99,0.1,0.67,65.79,36.82,0.0,74.8,
2026-07-13 18:00:00+00:00,Karachi,24.8607,67.0011,28.3,84,16.8,1000.9,,4,20.48,100.76,0.1,0.67,65.45,36.81,0.0,73.6,
2026-07-13 19:00:00+00:00,Karachi,24.8607,67.0011,28.0,86,15.6,1000.9,,3,20.08,98.52,0.1,0.67,64.95,36.76,0.0,72.5,
2026-07-13 20:00:00+00:00,Karachi,24.8607,67.0011,27.9,87,16.9,1000.4,,3,19.51,94.83,0.1,0.65,64.61,36.94,0.0,70.7,
2026-07-13 21:00:00+00:00,Karachi,24.8607,67.0011,27.7,88,17.1,1000.0,,3,18.68,90.82,0.1,0.63,64.32,37.07,0.0,68.8,
2026-07-13 22:00:00+00:00,Karachi,24.8607,67.0011,27.7,87,18.1,999.5,,3,17.93,87.55,0.1,0.61,64.12,37.4,0.0,67.5,
2026-07-13 23:00:00+00:00,Karachi,24.8607,67.0011,27.5,88,17.5,999.5,,3,17.64,86.33,0.1,0.6,63.93,37.89,0.0,66.9,
2026-07-14 00:00:00+00:00,Karachi,24.8607,67.0011,27.8,88,16.7,999.6,,3,17.5,84.45,0.1,0.6,64.01,38.64,0.0,66.7,
2026-07-14 01:00:00+00:00,Karachi,24.8607,67.0011,27.8,87,17.2,999.9,,3,17.02,79.93,0.09,0.58,64.28,39.58,0.0,65.8,
2026-07-14 02:00:00+00:00,Karachi,24.8607,67.0011,28.1,84,18.6,1000.3,,3,16.36,74.27,0.1,0.55,64.81,40.56,0.0,64.5,
2026-07-14 03:00:00+00:00,Karachi,24.8607,67.0011,28.7,81,19.7,1000.7,,3,15.88,71.75,0.08,0.53,65.38,41.53,0.0,63.6,
2026-07-14 04:00:00+00:00,Karachi,24.8607,67.0011,29.4,77,19.2,1001.0,,3,15.51,69.34,0.09,0.51,65.75,42.32,0.0,62.9,
2026-07-14 05:00:00+00:00,Karachi,24.8607,67.0011,29.6,77,19.9,1001.5,,3,15.18,67.34,0.08,0.5,66.17,42.91,0.0,62.3,
2026-07-14 06:00:00+00:00,Karachi,24.8607,67.0011,30.3,72,19.7,1001.6,,3,14.78,65.98,0.08,0.49,66.45,43.2,0.0,61.6,
2026-07-14 07:00:00+00:00,Karachi,24.8607,67.0011,30.7,71,19.6,1001.5,,3,14.31,64.44,0.07,0.48,66.57,43.14,0.0,60.7,
2026-07-14 08:00:00+00:00,Karachi,24.8607,67.0011,30.8,71,19.2,1001.3,,3,14.16,64.17,0.06,0.48,66.87,42.96,0.0,60.4,
2026-07-14 09:00:00+00:00,Karachi,24.8607,67.0011,30.5,73,19.4,1000.9,,3,14.32,65.41,0.06,0.48,67.08,42.67,0.0,60.7,
2026-07-14 10:00:00+00:00,Karachi,24.8607,67.0011,30.2,73,19.7,1000.6,,3,14.54,65.11,0.06,0.49,67.47,42.64,0.0,61.1,
2026-07-14 11:00:00+00:00,Karachi,24.8607,67.0011,29.7,74,20.4,1000.5,,3,14.65,64.42,0.06,0.48,67.65,42.63,0.0,61.3,
2026-07-14 12:00:00+00:00,Karachi,24.8607,67.0011,30.0,72,19.0,1000.2,,3,14.7,64.51,0.07,0.48,67.66,42.46,0.0,61.4,
2026-07-14 13:00:00+00:00,Karachi,24.8607,67.0011,29.1,77,17.0,1000.4,,3,14.75,67.64,0.09,0.49,67.45,41.98,0.0,61.5,
2026-07-14 14:00:00+00:00,Karachi,24.8607,67.0011,28.7,79,16.4,1000.7,,3,14.73,70.29,0.1,0.5,67.43,41.37,0.0,61.5,
2026-07-14 15:00:00+00:00,Karachi,24.8607,67.0011,28.3,84,18.5,1000.8,,3,14.82,71.84,0.1,0.5,67.48,40.76,0.0,61.7,
2026-07-14 16:00:00+00:00,Karachi,24.8607,67.0011,28.1,84,16.3,1001.7,,3,15.12,73.58,0.1,0.51,67.7,40.28,0.0,62.2,
2026-07-14 17:00:00+00:00,Karachi,24.8607,67.0011,28.2,81,15.3,1002.4,,3,15.53,75.9,0.1,0.51,67.87,39.98,0.0,63.0,
2026-07-14 18:00:00+00:00,Karachi,24.8607,67.0011,28.4,80,14.8,1002.0,,3,16.13,78.83,0.1,0.52,67.9,39.69,0.0,64.1,
2026-07-14 19:00:00+00:00,Karachi,24.8607,67.0011,28.2,80,14.8,1002.1,,3,16.64,78.83,0.1,0.52,67.56,39.27,0.0,65.0,
2026-07-14 20:00:00+00:00,Karachi,24.8607,67.0011,27.9,81,15.0,1001.9,,3,16.66,77.69,0.1,0.51,67.06,38.87,0.0,65.1,
2026-07-14 21:00:00+00:00,Karachi,24.8607,67.0011,27.6,85,16.1,1001.3,,3,16.31,75.94,0.1,0.51,66.56,38.65,0.0,64.4,
2026-07-14 22:00:00+00:00,Karachi,24.8607,67.0011,27.6,86,15.7,1001.1,,3,15.68,71.3,0.11,0.51,66.22,38.71,0.0,63.3,
2026-07-14 23:00:00+00:00,Karachi,24.8607,67.0011,27.4,87,14.0,1000.8,,3,15.08,65.84,0.11,0.49,66.34,39.18,0.0,62.1,
2026-07-15 00:00:00+00:00,Karachi,24.8607,67.0011,28.0,84,13.0,1001.1,,3,14.76,61.28,0.1,0.48,66.49,39.72,0.0,61.5,
2026-07-15 01:00:00+00:00,Karachi,24.8607,67.0011,28.0,81,13.2,1000.9,,3,14.35,56.92,0.1,0.46,66.88,40.48,0.0,60.8,
2026-07-15 02:00:00+00:00,Karachi,24.8607,67.0011,28.3,79,13.8,1001.5,,3,13.79,51.54,0.1,0.43,67.31,41.47,0.0,59.7,
2026-07-15 03:00:00+00:00,Karachi,24.8607,67.0011,29.0,74,15.9,1001.7,,2,13.34,46.6,0.11,0.4,67.59,42.31,0.0,58.9,
2026-07-15 04:00:00+00:00,Karachi,24.8607,67.0011,29.7,71,15.9,1002.1,,2,13.07,43.8,0.1,0.38,67.86,42.88,0.0,58.4,
2026-07-15 05:00:00+00:00,Karachi,24.8607,67.0011,30.4,68,15.7,1002.3,,2,12.98,42.88,0.09,0.37,68.12,43.44,0.0,58.2,
2026-07-15 06:00:00+00:00,Karachi,24.8607,67.0011,30.9,66,16.4,1002.5,,2,12.88,42.34,0.08,0.35,68.5,43.91,0.0,58.0,
2026-07-15 07:00:00+00:00,Karachi,24.8607,67.0011,30.7,68,16.5,1002.3,,2,12.8,42.12,0.07,0.34,68.77,44.11,0.0,57.9,
2026-07-15 08:00:00+00:00,Karachi,24.8607,67.0011,30.9,68,17.1,1002.0,,2,12.74,43.09,0.07,0.35,68.82,43.78,0.0,57.8,
2026-07-15 09:00:00+00:00,Karachi,24.8607,67.0011,31.0,67,16.2,1001.5,,2,12.62,44.31,0.07,0.35,68.73,43.24,0.0,57.6,
2026-07-15 10:00:00+00:00,Karachi,24.8607,67.0011,30.7,67,15.9,1001.5,,2,12.37,45.29,0.07,0.36,68.97,42.85,0.0,57.1,
2026-07-15 11:00:00+00:00,Karachi,24.8607,67.0011,30.2,69,15.5,1001.2,,2,12.09,46.33,0.07,0.36,69.19,42.39,0.0,56.6,
2026-07-15 12:00:00+00:00,Karachi,24.8607,67.0011,30.5,68,15.5,1001.4,,2,12.09,48.47,0.08,0.37,69.21,41.54,0.0,56.6,
2026-07-15 13:00:00+00:00,Karachi,24.8607,67.0011,29.7,72,13.8,1001.4,,3,12.42,51.44,0.09,0.39,68.93,40.35,0.0,57.2,
2026-07-15 14:00:00+00:00,Karachi,24.8607,67.0011,29.1,76,13.7,1001.5,,3,12.64,53.01,0.1,0.39,68.94,39.33,0.0,57.6,
2026-07-15 15:00:00+00:00,Karachi,24.8607,67.0011,28.6,79,13.6,1001.9,,3,12.67,52.86,0.1,0.39,69.2,38.58,0.0,57.7,
2026-07-15 16:00:00+00:00,Karachi,24.8607,67.0011,28.2,82,12.5,1002.4,,3,12.54,51.72,0.1,0.38,69.35,38.02,0.0,57.4,
2026-07-15 17:00:00+00:00,Karachi,24.8607,67.0011,28.0,83,13.1,1002.9,,3,12.4,50.45,0.1,0.37,69.57,37.65,0.0,57.1,
2026-07-15 18:00:00+00:00,Karachi,24.8607,67.0011,28.1,83,11.2,1003.2,,2,12.38,49.88,0.1,0.37,69.71,37.26,0.0,57.1,
2026-07-15 19:00:00+00:00,Karachi,24.8607,67.0011,27.9,84,9.9,1003.1,,3,12.41,50.41,0.1,0.36,69.75,36.97,0.0,57.2,
2026-07-15 20:00:00+00:00,Karachi,24.8607,67.0011,27.7,85,9.2,1003.0,,3,12.62,53.08,0.1,0.36,69.58,36.66,0.0,57.6,
2026-07-15 21:00:00+00:00,Karachi,24.8607,67.0011,27.5,85,9.2,1002.6,,3,13.06,57.63,0.11,0.37,69.21,36.09,0.0,58.4,
2026-07-15 22:00:00+00:00,Karachi,24.8607,67.0011,27.2,87,9.5,1002.4,,3,13.61,60.06,0.11,0.37,68.62,35.23,0.0,59.4,
2026-07-15 23:00:00+00:00,Karachi,24.8607,67.0011,27.3,87,10.0,1002.1,,3,14.0,59.99,0.11,0.37,68.1,34.52,0.0,60.1,
2026-07-16 00:00:00+00:00,Karachi,24.8607,67.0011,27.5,89,9.6,1002.3,,3,14.13,58.41,0.11,0.35,67.78,34.15,0.0,60.4,
2026-07-16 01:00:00+00:00,Karachi,24.8607,67.0011,27.3,90,9.2,1002.8,,3,13.96,56.17,0.11,0.34,68.0,34.36,0.0,60.1,
2026-07-16 02:00:00+00:00,Karachi,24.8607,67.0011,27.3,90,11.3,1003.3,,3,13.66,53.82,0.12,0.32,68.28,35.17,0.0,59.5,
2026-07-16 03:00:00+00:00,Karachi,24.8607,67.0011,28.6,82,12.9,1003.6,,3,13.35,51.34,0.11,0.31,68.64,36.08,0.0,58.9,
2026-07-16 04:00:00+00:00,Karachi,24.8607,67.0011,29.6,75,13.2,1003.8,,2,13.0,49.01,0.09,0.29,68.74,36.93,0.0,58.3,
2026-07-16 05:00:00+00:00,Karachi,24.8607,67.0011,30.2,71,14.4,1003.9,,2,12.77,47.24,0.07,0.29,69.05,37.67,0.0,57.8,
2026-07-16 06:00:00+00:00,Karachi,24.8607,67.0011,31.1,66,13.3,1004.0,,2,12.51,45.42,0.06,0.28,69.41,38.43,0.0,57.4,
2026-07-16 07:00:00+00:00,Karachi,24.8607,67.0011,31.2,66,12.9,1003.6,,2,12.3,44.29,0.05,0.27,69.68,38.81,0.0,57.0,
2026-07-16 08:00:00+00:00,Karachi,24.8607,67.0011,31.6,65,13.4,1003.0,,2,12.31,44.43,0.05,0.27,69.71,38.51,0.0,57.0,
2026-07-16 09:00:00+00:00,Karachi,24.8607,67.0011,31.1,67,13.7,1002.7,,2,12.5,45.5,0.05,0.28,69.5,37.73,0.0,57.3,
2026-07-16 10:00:00+00:00,Karachi,24.8607,67.0011,31.0,68,14.0,1002.2,,2,12.81,46.81,0.05,0.28,69.37,36.95,0.0,57.9,
2026-07-16 11:00:00+00:00,Karachi,24.8607,67.0011,30.6,69,13.6,1002.1,,2,13.11,47.99,0.05,0.28,69.02,36.39,0.0,58.5,
2026-07-16 12:00:00+00:00,Karachi,24.8607,67.0011,30.2,70,12.9,1002.4,,2,13.31,48.75,0.05,0.28,68.84,36.18,0.0,58.8,
2026-07-16 13:00:00+00:00,Karachi,24.8607,67.0011,29.6,72,11.2,1002.3,,2,13.34,47.57,0.06,0.28,68.86,36.3,0.0,58.9,
2026-07-16 14:00:00+00:00,Karachi,24.8607,67.0011,29.2,74,10.4,1002.5,,2,13.21,45.32,0.08,0.27,68.83,36.49,0.0,58.7,
2026-07-16 15:00:00+00:00,Karachi,24.8607,67.0011,28.7,77,11.2,1002.6,,2,13.2,44.07,0.08,0.27,68.66,36.47,0.0,58.6,
2026-07-16 16:00:00+00:00,Karachi,24.8607,67.0011,28.5,79,12.0,1002.9,,2,13.3,43.87,0.08,0.27,68.49,36.31,0.0,58.8,
2026-07-16 17:00:00+00:00,Karachi,24.8607,67.0011,28.3,80,11.8,1003.4,,2,13.46,44.45,0.08,0.27,68.47,36.29,0.0,59.1,
2026-07-16 18:00:00+00:00,Karachi,24.8607,67.0011,28.4,81,11.0,1003.4,,2,13.69,45.63,0.09,0.28,68.57,36.34,0.0,59.6,
2026-07-16 19:00:00+00:00,Karachi,24.8607,67.0011,28.0,82,11.5,1003.0,,2,13.84,46.62,0.09,0.28,68.52,36.36,0.0,59.8,
2026-07-16 20:00:00+00:00,Karachi,24.8607,67.0011,27.7,84,11.7,1002.8,,2,13.96,47.34,0.09,0.29,68.71,36.44,0.0,60.1,
2026-07-16 21:00:00+00:00,Karachi,24.8607,67.0011,27.8,83,11.2,1002.4,,2,13.97,47.9,0.09,0.3,68.87,36.51,0.0,60.1,
2026-07-16 22:00:00+00:00,Karachi,24.8607,67.0011,27.4,85,12.1,1002.0,,2,13.91,48.34,0.09,0.3,68.91,36.46,0.0,60.0,
2026-07-16 23:00:00+00:00,Karachi,24.8607,67.0011,27.3,86,12.7,1001.8,,2,13.79,48.22,0.09,0.31,69.05,36.43,0.0,59.7,
2026-07-17 00:00:00+00:00,Karachi,24.8607,67.0011,27.7,86,12.4,1001.9,,2,13.66,48.04,0.09,0.31,68.86,36.33,0.0,59.5,
2026-07-17 01:00:00+00:00,Karachi,24.8607,67.0011,27.5,87,11.4,1002.5,,2,13.54,48.09,0.09,0.31,68.87,36.4,0.0,59.3,
2026-07-17 02:00:00+00:00,Karachi,24.8607,67.0011,27.9,85,13.6,1002.9,,2,13.39,47.51,0.1,0.3,68.93,36.66,0.0,59.0,
2026-07-17 03:00:00+00:00,Karachi,24.8607,67.0011,28.7,79,14.6,1003.2,,2,13.2,46.77,0.1,0.3,69.05,37.34,0.0,58.6,
2026-07-17 04:00:00+00:00,Karachi,24.8607,67.0011,29.7,73,14.2,1003.5,,2,12.95,46.68,0.08,0.29,69.3,38.33,0.0,58.2,
2026-07-17 05:00:00+00:00,Karachi,24.8607,67.0011,30.5,69,15.0,1003.5,,2,12.81,47.42,0.06,0.28,69.51,39.3,0.0,57.9,
2026-07-17 06:00:00+00:00,Karachi,24.8607,67.0011,31.2,64,15.1,1003.6,,2,12.71,48.13,0.05,0.28,69.69,40.03,0.0,57.7,
2026-07-17 07:00:00+00:00,Karachi,24.8607,67.0011,31.0,65,14.7,1003.5,,2,12.64,48.05,0.05,0.28,69.61,40.31,0.0,57.6,
2026-07-17 08:00:00+00:00,Karachi,24.8607,67.0011,31.0,66,15.1,1002.8,,2,12.66,47.29,0.05,0.28,69.58,40.19,0.0,57.6,
2026-07-17 09:00:00+00:00,Karachi,24.8607,67.0011,30.6,69,16.9,1002.2,,2,12.66,45.82,0.04,0.28,69.6,40.07,0.0,57.6,
2026-07-17 10:00:00+00:00,Karachi,24.8607,67.0011,30.4,72,18.8,1001.5,,2,12.6,43.98,0.04,0.28,69.65,40.08,0.0,57.5,
2026-07-17 11:00:00+00:00,Karachi,24.8607,67.0011,30.3,71,17.4,1001.5,,2,12.54,42.59,0.04,0.29,69.81,40.1,0.0,57.4,
2026-07-17 12:00:00+00:00,Karachi,24.8607,67.0011,30.3,68,16.8,1001.4,,2,12.62,42.2,0.05,0.3,69.92,40.06,0.0,57.6,
2026-07-17 13:00:00+00:00,Karachi,24.8607,67.0011,29.5,71,16.6,1001.3,,2,12.92,42.49,0.06,0.31,70.32,39.88,0.0,58.1,
2026-07-17 14:00:00+00:00,Karachi,24.8607,67.0011,28.9,74,16.5,1001.7,,2,13.25,42.54,0.07,0.32,70.43,39.41,0.0,58.7,
2026-07-17 15:00:00+00:00,Karachi,24.8607,67.0011,28.7,75,16.7,1002.2,,2,13.72,43.53,0.08,0.34,70.65,38.8,0.0,59.6,
2026-07-17 16:00:00+00:00,Karachi,24.8607,67.0011,28.5,77,16.8,1002.7,,2,14.38,46.37,0.09,0.36,70.74,38.26,0.0,60.8,
2026-07-17 17:00:00+00:00,Karachi,24.8607,67.0011,28.3,78,16.6,1003.3,,3,15.26,51.42,0.09,0.38,70.86,37.77,0.0,62.5,
2026-07-17 18:00:00+00:00,Karachi,24.8607,67.0011,28.2,78,16.1,1003.1,,3,16.17,57.9,0.09,0.4,70.83,37.3,0.0,64.2,
2026-07-17 19:00:00+00:00,Karachi,24.8607,67.0011,28.1,79,15.5,1002.8,,3,16.8,63.29,0.09,0.4,70.46,36.79,0.0,65.3,
2026-07-17 20:00:00+00:00,Karachi,24.8607,67.0011,27.8,81,14.9,1002.4,,3,16.99,65.62,0.09,0.4,70.01,36.56,0.0,65.7,
2026-07-17 21:00:00+00:00,Karachi,24.8607,67.0011,27.7,82,15.7,1001.7,,3,16.91,66.16,0.1,0.4,69.56,36.33,0.0,65.6,
2026-07-17 22:00:00+00:00,Karachi,24.8607,67.0011,27.5,83,16.3,1001.4,,3,16.6,64.82,0.1,0.4,69.11,36.16,0.0,65.0,
2026-07-17 23:00:00+00:00,Karachi,24.8607,67.0011,27.5,83,14.8,1001.4,,3,16.05,60.08,0.1,0.39,68.67,36.03,0.0,63.9,
2026-07-18 00:00:00+00:00,Karachi,24.8607,67.0011,27.6,85,15.4,1001.6,,3,15.32,54.71,0.1,0.38,68.45,36.14,0.0,62.6,
2026-07-18 01:00:00+00:00,Karachi,24.8607,67.0011,27.6,83,15.0,1002.0,,3,14.52,50.53,0.1,0.37,68.52,36.54,0.0,61.1,
2026-07-18 02:00:00+00:00,Karachi,24.8607,67.0011,27.9,80,16.9,1002.2,,2,13.83,49.17,0.1,0.36,68.61,37.3,0.0,59.8,
2026-07-18 03:00:00+00:00,Karachi,24.8607,67.0011,28.6,76,17.6,1002.4,,2,13.42,49.75,0.09,0.36,68.84,38.16,0.0,59.0,
2026-07-18 04:00:00+00:00,Karachi,24.8607,67.0011,29.6,70,17.4,1002.5,,3,13.29,50.98,0.08,0.36,68.67,38.73,0.0,58.8,
2026-07-18 05:00:00+00:00,Karachi,24.8607,67.0011,30.4,64,18.1,1002.4,,3,13.56,52.55,0.06,0.37,68.36,38.6,0.0,59.3,
2026-07-18 06:00:00+00:00,Karachi,24.8607,67.0011,30.6,65,20.5,1002.2,,3,14.0,53.57,0.06,0.38,67.76,37.87,0.0,60.1,
2026-07-18 07:00:00+00:00,Karachi,24.8607,67.0011,30.8,65,20.6,1001.8,,3,14.46,53.19,0.05,0.38,67.21,36.93,0.0,61.0,
2026-07-18 08:00:00+00:00,Karachi,24.8607,67.0011,31.0,64,20.0,1001.3,,3,14.71,52.01,0.05,0.38,66.74,36.21,0.0,61.5,
2026-07-18 09:00:00+00:00,Karachi,24.8607,67.0011,31.1,63,20.0,1000.9,,3,14.68,50.94,0.05,0.38,66.6,36.18,0.0,61.4,
2026-07-18 10:00:00+00:00,Karachi,24.8607,67.0011,30.0,70,20.6,1000.6,,2,14.48,49.94,0.06,0.38,66.98,36.74,0.0,61.0,
2026-07-18 11:00:00+00:00,Karachi,24.8607,67.0011,30.1,70,20.4,1000.4,,2,14.17,48.7,0.06,0.37,67.41,37.62,0.0,60.4,
2026-07-18 12:00:00+00:00,Karachi,24.8607,67.0011,29.8,70,19.8,1000.3,,2,13.88,46.99,0.06,0.37,67.87,38.85,0.0,59.9,
2026-07-18 13:00:00+00:00,Karachi,24.8607,67.0011,29.2,72,18.9,1000.2,,2,13.73,44.74,0.07,0.37,68.54,40.25,0.0,59.6,
2026-07-18 14:00:00+00:00,Karachi,24.8607,67.0011,28.7,73,19.8,1000.3,,2,13.96,44.48,0.08,0.37,68.98,41.38,0.0,60.1,
2026-07-18 15:00:00+00:00,Karachi,24.8607,67.0011,28.6,75,18.2,1000.9,,2,14.86,48.01,0.09,0.39,68.95,41.77,0.0,61.7,
2026-07-18 16:00:00+00:00,Karachi,24.8607,67.0011,28.5,77,18.0,1001.8,,3,16.27,55.39,0.09,0.4,68.58,41.68,0.0,64.4,
2026-07-18 17:00:00+00:00,Karachi,24.8607,67.0011,28.4,79,16.1,1002.0,,3,17.79,65.78,0.09,0.42,68.06,41.42,0.0,67.2,
2026-07-18 18:00:00+00:00,Karachi,24.8607,67.0011,28.5,78,17.2,1001.8,,3,19.0,77.31,0.09,0.44,67.71,41.28,0.0,69.4,
2026-07-18 19:00:00+00:00,Karachi,24.8607,67.0011,28.2,80,16.5,1001.3,,3,19.08,77.58,0.09,0.45,67.43,41.3,0.0,69.6,
2026-07-18 20:00:00+00:00,Karachi,24.8607,67.0011,28.0,81,15.5,1000.8,,3,18.44,73.58,0.09,0.44,66.97,41.35,0.0,68.4,
2026-07-18 21:00:00+00:00,Karachi,24.8607,67.0011,27.7,82,14.5,1000.4,,3,17.74,71.54,0.09,0.45,66.51,41.18,0.0,67.1,
2026-07-18 22:00:00+00:00,Karachi,24.8607,67.0011,27.7,82,13.4,1000.1,,3,17.4,74.36,0.1,0.47,66.06,41.03,0.0,66.5,
2026-07-18 23:00:00+00:00,Karachi,24.8607,67.0011,27.6,82,14.1,1000.1,,3,17.13,76.53,0.1,0.49,65.84,40.94,0.0,66.0,
2026-07-19 00:00:00+00:00,Karachi,24.8607,67.0011,27.5,88,13.9,1000.2,,3,16.68,73.29,0.1,0.48,65.71,41.05,0.0,65.1,
2026-07-19 01:00:00+00:00,Karachi,24.8607,67.0011,27.6,88,13.5,1000.3,,3,16.34,71.65,0.1,0.47,65.89,41.25,0.0,64.5,
2026-07-19 02:00:00+00:00,Karachi,24.8607,67.0011,27.9,85,14.5,1000.6,,3,16.24,71.37,0.1,0.47,65.95,41.33,0.0,64.3,
2026-07-19 03:00:00+00:00,Karachi,24.8607,67.0011,28.7,80,15.2,1000.7,,3,16.31,70.51,0.09,0.46,65.91,41.27,0.0,64.4,
2026-07-19 04:00:00+00:00,Karachi,24.8607,67.0011,29.4,75,17.2,1000.9,,3,16.38,69.08,0.08,0.45,65.77,41.18,0.0,64.6,
2026-07-19 05:00:00+00:00,Karachi,24.8607,67.0011,28.9,77,16.7,1001.3,,3,16.57,69.32,0.07,0.44,65.82,41.14,0.0,64.9,
2026-07-19 06:00:00+00:00,Karachi,24.8607,67.0011,29.4,75,16.4,1001.1,,3,16.88,71.67,0.06,0.44,65.92,41.01,0.0,65.5,
2026-07-19 07:00:00+00:00,Karachi,24.8607,67.0011,29.8,73,15.7,1000.9,,3,17.16,72.8,0.06,0.43,66.24,40.77,0.0,66.0,
2026-07-19 08:00:00+00:00,Karachi,24.8607,67.0011,29.9,73,16.6,1000.3,,3,17.4,71.61,0.05,0.42,66.52,40.35,0.0,66.5,
2026-07-19 09:00:00+00:00,Karachi,24.8607,67.0011,29.9,74,17.3,1000.0,,3,17.54,70.16,0.05,0.41,66.74,39.88,0.0,66.7,
2026-07-19 10:00:00+00:00,Karachi,24.8607,67.0011,29.6,75,17.1,999.7,,3,17.76,73.75,0.05,0.41,67.25,39.67,0.0,67.1,
2026-07-19 11:00:00+00:00,Karachi,24.8607,67.0011,29.5,77,16.5,999.4,,3,17.9,79.29,0.06,0.42,67.82,39.85,0.0,67.4,
2026-07-19 12:00:00+00:00,Karachi,24.8607,67.0011,29.9,73,14.8,999.1,,3,18.04,83.24,0.07,0.43,68.44,40.22,0.0,67.7,
2026-07-19 13:00:00+00:00,Karachi,24.8607,67.0011,29.2,75,13.0,999.2,,3,18.26,84.36,0.08,0.44,69.09,40.6,0.0,68.1,
2026-07-19 14:00:00+00:00,Karachi,24.8607,67.0011,28.8,76,14.0,999.6,,3,18.68,84.99,0.09,0.46,69.4,40.53,0.0,68.8,
2026-07-19 15:00:00+00:00,Karachi,24.8607,67.0011,28.4,81,12.7,1000.2,,3,19.0,85.95,0.1,0.48,69.41,40.33,0.0,69.4,
2026-07-19 16:00:00+00:00,Karachi,24.8607,67.0011,28.2,83,11.3,1000.9,,3,19.19,86.38,0.11,0.49,69.58,40.21,0.0,69.8,
2026-07-19 17:00:00+00:00,Karachi,24.8607,67.0011,27.9,85,11.6,1001.5,,3,19.49,88.5,0.11,0.49,69.71,40.51,0.0,70.4,
2026-07-19 18:00:00+00:00,Karachi,24.8607,67.0011,28.2,83,12.2,1001.2,,3,19.96,92.06,0.11,0.49,70.14,41.04,0.0,71.2,
2026-07-19 19:00:00+00:00,Karachi,24.8607,67.0011,28.3,82,11.5,1000.8,,3,20.46,95.13,0.11,0.49,70.09,41.5,0.0,72.2,
2026-07-19 20:00:00+00:00,Karachi,24.8607,67.0011,27.9,84,10.1,1000.3,,3,21.16,99.09,0.11,0.51,70.01,41.78,0.0,73.5,
2026-07-19 21:00:00+00:00,Karachi,24.8607,67.0011,27.6,87,10.7,999.7,,4,21.91,103.11,0.11,0.54,69.81,41.8,0.0,74.9,
2026-07-19 22:00:00+00:00,Karachi,24.8607,67.0011,27.4,88,10.6,999.5,,4,22.59,109.32,0.11,0.56,69.91,41.82,0.0,77.9,
2026-07-19 23:00:00+00:00,Karachi,24.8607,67.0011,27.5,87,8.8,999.6,,4,22.96,113.24,0.11,0.58,70.35,42.1,0.0,79.8,
2026-07-20 00:00:00+00:00,Karachi,24.8607,67.0011,27.7,89,8.9,999.4,,4,23.0,113.54,0.11,0.58,71.0,42.55,0.0,80.0,
2026-07-20 01:00:00+00:00,Karachi,24.8607,67.0011,27.5,90,10.5,999.5,,4,22.74,109.14,0.11,0.57,71.58,42.86,0.0,77.8,
2026-07-20 02:00:00+00:00,Karachi,24.8607,67.0011,28.0,87,11.6,1000.1,,4,22.26,102.05,0.11,0.56,72.08,42.94,0.0,75.5,
2026-07-20 03:00:00+00:00,Karachi,24.8607,67.0011,28.6,82,12.9,1000.3,,3,21.82,98.32,0.1,0.55,72.52,43.05,0.0,74.7,
2026-07-20 04:00:00+00:00,Karachi,24.8607,67.0011,28.9,80,13.9,1000.7,,3,21.52,98.58,0.1,0.54,72.85,43.48,0.0,74.1,
2026-07-20 05:00:00+00:00,Karachi,24.8607,67.0011,29.4,77,14.0,1000.7,,3,21.33,99.28,0.09,0.54,73.18,43.94,0.0,73.8,
2026-07-20 06:00:00+00:00,Karachi,24.8607,67.0011,29.9,74,14.8,1000.6,,3,21.25,98.79,0.09,0.54,73.38,43.86,0.0,73.6,
2026-07-20 07:00:00+00:00,Karachi,24.8607,67.0011,30.5,71,14.4,1000.4,,3,21.22,98.36,0.08,0.54,73.28,43.39,0.0,73.6,
2026-07-20 08:00:00+00:00,Karachi,24.8607,67.0011,31.2,68,14.4,999.8,,3,21.2,98.56,0.07,0.54,73.39,42.91,0.0,73.5,
2026-07-20 09:00:00+00:00,Karachi,24.8607,67.0011,31.1,68,14.8,999.3,,3,21.28,99.52,0.07,0.54,73.47,42.58,0.0,73.7,
2026-07-20 10:00:00+00:00,Karachi,24.8607,67.0011,30.7,70,15.2,999.0,,4,21.63,101.33,0.07,0.55,73.87,42.3,0.0,74.3,
2026-07-20 11:00:00+00:00,Karachi,24.8607,67.0011,30.4,70,15.7,998.5,,4,21.83,101.82,0.07,0.56,73.92,41.93,0.0,74.7,
2026-07-20 12:00:00+00:00,Karachi,24.8607,67.0011,30.3,72,13.0,998.5,,4,21.91,101.87,0.08,0.56,74.0,41.89,0.0,74.9,
2026-07-20 13:00:00+00:00,Karachi,24.8607,67.0011,29.4,76,13.3,998.7,,4,22.31,103.5,0.09,0.57,74.52,42.16,0.0,75.6,
2026-07-20 14:00:00+00:00,Karachi,24.8607,67.0011,29.0,78,12.9,999.1,,4,22.85,106.33,0.11,0.58,74.94,42.51,0.0,76.6,
2026-07-20 15:00:00+00:00,Karachi,24.8607,67.0011,28.5,81,13.6,999.7,,4,23.25,108.94,0.12,0.59,75.28,42.84,0.0,77.7,
2026-07-20 16:00:00+00:00,Karachi,24.8607,67.0011,28.3,83,14.2,1000.3,,4,23.49,111.01,0.12,0.6,75.39,42.9,0.0,78.7,
2026-07-20 17:00:00+00:00,Karachi,24.8607,67.0011,28.2,84,13.8,1000.9,,4,23.9,113.68,0.12,0.61,75.54,42.86,0.0,80.0,
2026-07-20 18:00:00+00:00,Karachi,24.8607,67.0011,28.3,82,12.1,1001.1,,4,24.32,115.82,0.13,0.63,75.37,42.62,0.0,81.1,
2026-07-20 19:00:00+00:00,Karachi,24.8607,67.0011,28.2,83,12.0,1000.6,,4,24.43,116.15,0.13,0.64,75.03,42.38,0.0,81.3,
2026-07-20 20:00:00+00:00,Karachi,24.8607,67.0011,28.1,84,12.1,1000.3,,4,24.56,116.56,0.13,0.63,74.74,42.44,0.0,81.5,
2026-07-20 21:00:00+00:00,Karachi,24.8607,67.0011,27.9,85,9.8,999.6,,4,24.63,116.87,0.12,0.63,74.39,42.61,0.0,81.6,
2026-07-20 22:00:00+00:00,Karachi,24.8607,67.0011,27.8,87,9.2,999.3,,4,24.64,117.21,0.12,0.62,73.96,42.76,0.0,81.8,
2026-07-20 23:00:00+00:00,Karachi,24.8607,67.0011,27.6,88,10.6,999.0,,4,24.69,117.5,0.12,0.63,72.9,42.48,0.0,81.9,
2026-07-21 00:00:00+00:00,Karachi,24.8607,67.0011,28.0,86,9.8,998.8,,4,24.5,116.61,0.12,0.64,71.41,42.04,0.0,81.5,
2026-07-21 01:00:00+00:00,Karachi,24.8607,67.0011,27.8,87,9.4,999.1,,4,23.95,110.31,0.12,0.64,70.09,41.95,0.0,78.7,
2026-07-21 02:00:00+00:00,Karachi,24.8607,67.0011,28.1,86,7.9,999.7,,4,23.35,104.96,0.12,0.62,69.4,42.24,0.0,77.5,
2026-07-21 03:00:00+00:00,Karachi,24.8607,67.0011,28.7,81,9.4,999.8,,4,22.94,102.66,0.11,0.61,68.79,42.61,0.0,76.8,
2026-07-21 04:00:00+00:00,Karachi,24.8607,67.0011,29.1,79,10.7,1000.0,,4,22.76,105.0,0.11,0.6,68.09,42.77,0.0,76.5,
2026-07-21 05:00:00+00:00,Karachi,24.8607,67.0011,29.2,79,10.6,1000.2,,4,22.63,107.73,0.12,0.61,67.1,42.68,0.0,77.1,
2026-07-21 06:00:00+00:00,Karachi,24.8607,67.0011,30.3,72,11.0,1000.5,,4,22.5,108.55,0.12,0.63,66.05,42.53,0.0,77.5,
2026-07-21 07:00:00+00:00,Karachi,24.8607,67.0011,30.1,72,11.1,1000.4,,4,22.46,109.41,0.11,0.63,65.19,42.57,0.0,77.9,
2026-07-21 08:00:00+00:00,Karachi,24.8607,67.0011,30.1,73,9.8,999.9,,4,22.29,109.39,0.11,0.62,64.86,42.88,0.0,77.9,
2026-07-21 09:00:00+00:00,Karachi,24.8607,67.0011,30.4,73,11.5,999.1,,4,22.01,108.47,0.1,0.62,64.68,43.12,0.0,77.5,
2026-07-21 10:00:00+00:00,Karachi,24.8607,67.0011,30.3,74,13.3,998.5,,4,21.62,106.33,0.1,0.62,64.65,43.06,0.0,76.4,
2026-07-21 11:00:00+00:00,Karachi,24.8607,67.0011,29.7,78,13.6,998.1,,4,21.32,103.95,0.1,0.63,64.57,42.77,0.0,75.2,
2026-07-21 12:00:00+00:00,Karachi,24.8607,67.0011,30.1,75,13.0,998.2,,4,21.68,104.85,0.1,0.64,64.59,42.43,0.0,75.7,
2026-07-21 13:00:00+00:00,Karachi,24.8607,67.0011,29.5,77,13.5,998.5,,4,22.61,108.76,0.11,0.65,64.87,42.23,0.0,77.6,
2026-07-21 14:00:00+00:00,Karachi,24.8607,67.0011,28.7,83,13.8,998.7,,4,23.39,112.06,0.14,0.66,64.87,41.81,0.0,79.2,
2026-07-21 15:00:00+00:00,Karachi,24.8607,67.0011,28.5,84,11.8,999.3,,4,24.0,115.09,0.15,0.67,64.63,41.21,0.0,80.7,
2026-07-21 16:00:00+00:00,Karachi,24.8607,67.0011,28.4,84,12.4,999.8,,4,24.54,117.82,0.15,0.68,64.43,40.77,0.0,82.1,
2026-07-21 17:00:00+00:00,Karachi,24.8607,67.0011,28.1,85,10.6,1000.2,,4,24.98,120.12,0.15,0.68,64.32,40.52,0.0,83.2,
2026-07-21 18:00:00+00:00,Karachi,24.8607,67.0011,28.6,83,9.9,1000.4,,4,25.2,120.97,0.15,0.69,64.28,40.32,0.0,83.7,
2026-07-21 19:00:00+00:00,Karachi,24.8607,67.0011,28.5,82,10.6,999.9,,4,25.15,120.2,0.14,0.68,64.18,40.16,0.0,83.3,
2026-07-21 20:00:00+00:00,Karachi,24.8607,67.0011,28.1,84,10.6,999.7,,4,25.05,120.06,0.14,0.67,64.07,40.08,0.0,83.2,
2026-07-21 21:00:00+00:00,Karachi,24.8607,67.0011,28.0,85,9.8,999.0,,4,24.91,119.29,0.13,0.67,63.87,40.11,0.0,82.8,
2026-07-21 22:00:00+00:00,Karachi,24.8607,67.0011,27.8,86,8.8,998.7,,4,24.84,119.08,0.13,0.66,63.64,40.32,0.0,82.7,
2026-07-21 23:00:00+00:00,Karachi,24.8607,67.0011,27.6,87,8.5,998.5,,4,24.97,119.96,0.12,0.66,63.46,40.72,0.0,83.2,
2026-07-22 00:00:00+00:00,Karachi,24.8607,67.0011,28.1,86,4.4,998.4,,4,25.03,120.74,0.12,0.67,63.43,41.36,0.0,83.5,
2026-07-22 01:00:00+00:00,Karachi,24.8607,67.0011,28.0,87,4.1,998.7,,4,24.82,114.9,0.12,0.66,63.68,41.96,0.0,80.6,
2026-07-22 02:00:00+00:00,Karachi,24.8607,67.0011,28.4,85,4.8,999.3,,4,24.44,108.91,0.12,0.65,63.81,42.32,0.0,79.6,
2026-07-22 03:00:00+00:00,Karachi,24.8607,67.0011,29.2,80,4.9,999.4,,4,24.01,103.5,0.11,0.63,63.82,42.48,0.0,78.8,
2026-07-22 04:00:00+00:00,Karachi,24.8607,67.0011,30.3,74,8.0,999.5,,4,23.62,101.25,0.11,0.62,63.68,42.48,0.0,78.1,
2026-07-22 05:00:00+00:00,Karachi,24.8607,67.0011,31.2,70,9.8,999.5,,4,23.19,100.38,0.1,0.63,63.35,42.24,0.0,77.3,
2026-07-22 06:00:00+00:00,Karachi,24.8607,67.0011,31.4,69,11.5,999.3,,3,22.72,98.08,0.09,0.65,63.0,41.99,0.0,76.4,
2026-07-22 07:00:00+00:00,Karachi,24.8607,67.0011,31.2,70,11.8,999.1,,3,22.31,97.15,0.08,0.66,62.72,41.54,0.0,75.6,
2026-07-22 08:00:00+00:00,Karachi,24.8607,67.0011,31.3,70,12.1,998.4,,3,22.05,97.15,0.07,0.66,62.69,41.21,0.0,75.1,
2026-07-22 09:00:00+00:00,Karachi,24.8607,67.0011,31.1,72,13.4,997.9,,3,21.91,98.37,0.07,0.66,62.87,40.89,0.0,74.9,
2026-07-22 10:00:00+00:00,Karachi,24.8607,67.0011,30.5,75,12.9,997.4,,3,21.81,96.71,0.07,0.65,63.16,40.53,0.0,74.7,
2026-07-22 11:00:00+00:00,Karachi,24.8607,67.0011,30.5,74,12.1,996.9,,3,21.75,94.48,0.07,0.64,63.2,40.03,0.0,74.6,
2026-07-22 12:00:00+00:00,Karachi,24.8607,67.0011,31.1,72,11.6,996.6,,3,21.79,93.62,0.08,0.63,63.27,39.59,0.0,74.6,
2026-07-22 13:00:00+00:00,Karachi,24.8607,67.0011,30.2,77,11.6,997.5,,3,21.97,92.4,0.09,0.62,63.58,39.39,0.0,75.0,
2026-07-22 14:00:00+00:00,Karachi,24.8607,67.0011,29.2,82,12.2,997.8,,3,22.37,94.26,0.11,0.61,63.92,39.32,0.0,75.7,
2026-07-22 15:00:00+00:00,Karachi,24.8607,67.0011,28.5,84,11.4,998.1,,3,22.92,97.98,0.12,0.61,64.38,39.28,0.0,76.7,
2026-07-22 16:00:00+00:00,Karachi,24.8607,67.0011,28.9,81,14.2,998.5,,4,23.48,105.46,0.12,0.62,64.73,39.24,0.0,77.8,
2026-07-22 17:00:00+00:00,Karachi,24.8607,67.0011,28.8,81,12.2,999.2,,4,24.02,111.95,0.12,0.65,64.88,38.82,0.0,79.2,
2026-07-22 18:00:00+00:00,Karachi,24.8607,67.0011,29.0,79,11.8,999.3,,4,24.45,115.01,0.13,0.67,64.84,38.3,0.0,80.7,
2026-07-22 19:00:00+00:00,Karachi,24.8607,67.0011,28.7,80,12.2,998.9,,4,24.7,114.51,0.13,0.68,64.6,37.81,0.0,80.5,
2026-07-22 20:00:00+00:00,Karachi,24.8607,67.0011,28.6,81,11.3,998.6,,4,24.74,113.34,0.13,0.67,64.45,37.47,0.0,80.1,
2026-07-22 21:00:00+00:00,Karachi,24.8607,67.0011,28.3,83,10.1,997.9,,4,24.7,112.62,0.13,0.67,64.31,37.34,0.0,80.1,
2026-07-22 22:00:00+00:00,Karachi,24.8607,67.0011,28.1,84,8.6,997.7,,4,24.78,114.76,0.13,0.66,64.28,37.45,0.0,80.6,
2026-07-22 23:00:00+00:00,Karachi,24.8607,67.0011,28.1,84,5.6,997.5,,4,24.91,117.29,0.13,0.65,64.28,37.63,0.0,81.8,
2026-07-23 00:00:00+00:00,Karachi,24.8607,67.0011,28.5,82,2.8,997.8,,4,25.11,119.26,0.13,0.64,64.36,37.83,0.0,82.8,
2026-07-23 01:00:00+00:00,Karachi,24.8607,67.0011,28.2,84,2.8,997.8,,4,25.47,119.51,0.12,0.62,64.68,38.08,0.0,82.9,
2026-07-23 02:00:00+00:00,Karachi,24.8607,67.0011,28.7,81,2.6,998.5,,4,25.79,120.12,0.13,0.59,64.97,38.23,0.0,83.2,
2026-07-23 03:00:00+00:00,Karachi,24.8607,67.0011,29.5,77,5.7,998.0,,4,25.95,121.72,0.12,0.56,65.29,38.47,0.0,84.0,
2026-07-23 04:00:00+00:00,Karachi,24.8607,67.0011,30.4,73,4.7,998.6,,4,25.89,121.48,0.11,0.54,65.47,38.63,0.0,83.9,
2026-07-23 05:00:00+00:00,Karachi,24.8607,67.0011,30.7,72,7.7,998.5,,4,25.43,117.39,0.1,0.52,65.57,38.66,0.0,81.9,
2026-07-23 06:00:00+00:00,Karachi,24.8607,67.0011,31.9,65,5.3,998.4,,4,24.73,111.73,0.09,0.51,65.53,38.53,0.0,80.1,
2026-07-23 07:00:00+00:00,Karachi,24.8607,67.0011,32.8,61,8.6,997.9,,4,24.08,107.25,0.08,0.51,65.45,38.21,0.0,78.9,
2026-07-23 08:00:00+00:00,Karachi,24.8607,67.0011,32.0,64,15.5,997.5,,4,23.53,103.16,0.07,0.52,65.23,37.63,0.0,77.9,
2026-07-23 09:00:00+00:00,Karachi,24.8607,67.0011,32.1,63,14.8,996.7,,3,23.08,99.64,0.07,0.52,65.08,37.08,0.0,77.0,
2026-07-23 10:00:00+00:00,Karachi,24.8607,67.0011,32.1,66,13.2,996.2,,3,22.82,98.21,0.07,0.53,65.1,36.74,0.0,76.6,
2026-07-23 11:00:00+00:00,Karachi,24.8607,67.0011,31.9,66,11.4,995.8,,3,22.7,98.31,0.07,0.53,65.09,36.49,0.0,76.3,
2026-07-23 12:00:00+00:00,Karachi,24.8607,67.0011,31.2,71,12.1,995.6,,3,22.65,97.79,0.08,0.54,65.05,36.31,0.0,76.2,
2026-07-23 13:00:00+00:00,Karachi,24.8607,67.0011,30.5,75,12.1,995.8,,3,22.65,97.48,0.09,0.55,65.07,36.32,0.0,76.2,
2026-07-23 14:00:00+00:00,Karachi,24.8607,67.0011,29.7,78,8.0,996.7,,3,22.67,97.84,0.11,0.57,65.05,36.3,0.0,76.3,
2026-07-23 15:00:00+00:00,Karachi,24.8607,67.0011,29.3,82,12.0,996.4,,3,22.64,98.53,0.12,0.59,65.01,36.37,0.0,76.2,
2026-07-23 16:00:00+00:00,Karachi,24.8607,67.0011,29.3,82,11.6,997.2,,3,22.61,99.57,0.12,0.59,65.07,36.53,0.0,76.2,
2026-07-23 17:00:00+00:00,Karachi,24.8607,67.0011,29.1,83,11.6,998.1,,4,22.74,101.99,0.12,0.6,65.46,37.06,0.0,76.4,
2026-07-23 18:00:00+00:00,Karachi,24.8607,67.0011,29.4,82,10.5,999.1,,4,23.1,105.32,0.12,0.6,65.95,37.86,0.0,77.1,
2026-07-23 19:00:00+00:00,Karachi,24.8607,67.0011,29.0,84,9.9,998.6,,4,23.65,109.28,0.12,0.6,66.29,38.79,0.0,78.1,
2026-07-23 20:00:00+00:00,Karachi,24.8607,67.0011,28.8,84,8.5,998.4,,4,24.32,112.91,0.12,0.6,66.61,39.63,0.0,79.7,
2026-07-23 21:00:00+00:00,Karachi,24.8607,67.0011,28.6,85,7.5,997.7,,4,24.75,114.72,0.12,0.6,66.83,40.11,0.0,80.6,
2026-07-23 22:00:00+00:00,Karachi,24.8607,67.0011,28.6,84,6.4,997.6,,4,25.21,116.5,0.12,0.59,67.0,40.47,0.0,81.4,
2026-07-23 23:00:00+00:00,Karachi,24.8607,67.0011,28.4,85,4.3,997.5,,4,25.75,118.98,0.12,0.58,67.35,40.78,0.0,82.7,
2026-07-24 00:00:00+00:00,Karachi,24.8607,67.0011,28.8,85,5.6,997.3,,4,26.28,121.87,0.12,0.57,67.58,41.26,0.0,84.1,
2026-07-24 01:00:00+00:00,Karachi,24.8607,67.0011,28.6,86,5.4,997.8,,4,26.8,124.1,0.12,0.56,67.88,41.61,0.0,85.2,
2026-07-24 02:00:00+00:00,Karachi,24.8607,67.0011,28.9,85,5.6,998.5,,4,27.19,124.86,0.12,0.55,67.86,41.79,0.0,85.6,
2026-07-24 03:00:00+00:00,Karachi,24.8607,67.0011,29.9,79,5.2,998.5,,4,27.36,124.41,0.13,0.53,67.87,41.93,0.0,85.4,
2026-07-24 04:00:00+00:00,Karachi,24.8607,67.0011,30.9,74,5.6,999.0,,4,27.33,123.28,0.13,0.52,67.6,42.14,0.0,85.0,
2026-07-24 05:00:00+00:00,Karachi,24.8607,67.0011,31.9,69,8.1,999.3,,4,27.28,123.22,0.12,0.51,67.66,42.34,0.0,84.9,
2026-07-24 06:00:00+00:00,Karachi,24.8607,67.0011,33.1,63,8.9,999.4,,4,27.25,124.01,0.1,0.5,67.58,42.71,0.0,85.2,
2026-07-24 07:00:00+00:00,Karachi,24.8607,67.0011,32.6,66,13.9,999.0,,4,27.14,124.82,0.1,0.5,67.68,42.99,0.0,85.6,
2026-07-24 08:00:00+00:00,Karachi,24.8607,67.0011,32.4,65,15.1,998.5,,4,26.91,124.43,0.1,0.51,67.5,42.87,0.0,85.4,
2026-07-24 09:00:00+00:00,Karachi,24.8607,67.0011,32.5,64,13.0,997.8,,4,26.59,122.9,0.1,0.53,67.41,42.22,0.0,84.6,
2026-07-24 10:00:00+00:00,Karachi,24.8607,67.0011,32.0,67,13.0,997.2,,4,26.24,120.88,0.11,0.55,67.15,41.44,0.0,83.6,
2026-07-24 11:00:00+00:00,Karachi,24.8607,67.0011,31.4,69,12.5,997.1,,4,25.82,118.1,0.12,0.57,66.75,40.35,0.0,82.2,
2026-07-24 12:00:00+00:00,Karachi,24.8607,67.0011,31.0,72,12.5,996.7,,4,25.43,115.21,0.13,0.59,66.38,39.41,0.0,81.4,
2026-07-24 13:00:00+00:00,Karachi,24.8607,67.0011,30.3,75,12.1,996.4,,4,25.07,112.79,0.14,0.61,66.18,38.72,0.0,80.8,
2026-07-24 14:00:00+00:00,Karachi,24.8607,67.0011,29.8,78,12.1,996.9,,4,24.75,110.36,0.15,0.62,66.01,38.18,0.0,80.2,
2026-07-24 15:00:00+00:00,Karachi,24.8607,67.0011,29.8,79,11.3,997.6,,4,24.38,108.03,0.16,0.62,65.98,37.76,0.0,79.5,
2026-07-24 16:00:00+00:00,Karachi,24.8607,67.0011,29.7,80,9.2,998.6,,4,23.97,105.69,0.15,0.62,65.87,37.55,0.0,78.7,
2026-07-24 17:00:00+00:00,Karachi,24.8607,67.0011,29.5,82,9.3,999.4,,4,23.65,103.8,0.15,0.61,66.0,37.54,0.0,78.1,
2026-07-24 18:00:00+00:00,Karachi,24.8607,67.0011,29.1,79,8.3,998.9,,4,23.4,101.98,0.15,0.6,66.29,37.7,0.0,77.6,
2026-07-24 19:00:00+00:00,Karachi,24.8607,67.0011,28.9,80,10.0,998.6,,4,23.2,100.64,0.15,0.6,66.36,37.87,0.0,77.3,
2026-07-24 20:00:00+00:00,Karachi,24.8607,67.0011,28.6,82,11.0,998.7,,4,23.12,100.46,0.15,0.6,66.44,38.16,0.0,77.1,
2026-07-24 21:00:00+00:00,Karachi,24.8607,67.0011,28.5,82,10.6,998.4,,4,23.09,101.23,0.15,0.59,66.42,38.5,0.0,77.1,
2026-07-24 22:00:00+00:00,Karachi,24.8607,67.0011,28.4,82,7.0,998.7,,4,23.08,102.42,0.15,0.59,66.5,38.8,0.0,77.0,
2026-07-24 23:00:00+00:00,Karachi,24.8607,67.0011,28.4,83,7.1,998.4,,4,23.08,103.72,0.14,0.59,66.53,38.96,0.0,77.0,
2026-07-25 00:00:00+00:00,Karachi,24.8607,67.0011,28.4,83,8.8,998.5,,4,23.13,104.72,0.14,0.59,66.52,38.83,0.0,77.1,
2026-07-25 01:00:00+00:00,Karachi,24.8607,67.0011,28.2,84,9.0,998.8,,4,23.11,105.32,0.14,0.6,66.51,38.76,0.0,77.1,
2026-07-25 02:00:00+00:00,Karachi,24.8607,67.0011,28.4,84,9.3,999.4,,4,23.38,107.05,0.14,0.6,66.4,38.72,0.0,77.6,
2026-07-25 03:00:00+00:00,Karachi,24.8607,67.0011,29.2,79,10.3,1000.1,,4,23.38,107.57,0.14,0.6,66.24,38.75,0.0,77.6,
2026-07-25 04:00:00+00:00,Karachi,24.8607,67.0011,30.1,74,10.4,1000.6,,4,23.18,107.22,0.14,0.58,65.97,38.87,0.0,77.2,
2026-07-25 05:00:00+00:00,Karachi,24.8607,67.0011,30.4,73,10.3,1001.1,,4,23.02,107.46,0.13,0.56,65.97,39.47,0.0,77.0,
2026-07-25 06:00:00+00:00,Karachi,24.8607,67.0011,30.7,70,11.8,1001.2,,4,22.88,108.14,0.12,0.53,66.13,40.2,0.0,77.3,
2026-07-25 07:00:00+00:00,Karachi,24.8607,67.0011,31.0,69,10.6,1000.9,,4,22.76,109.1,0.11,0.5,66.3,40.93,0.0,77.8,
2026-07-25 08:00:00+00:00,Karachi,24.8607,67.0011,31.6,66,9.7,1000.6,,4,22.58,109.48,0.11,0.48,66.39,41.4,0.0,78.0,
2026-07-25 09:00:00+00:00,Karachi,24.8607,67.0011,31.5,66,10.1,1000.0,,4,22.27,108.4,0.1,0.47,66.29,41.41,0.0,77.4,
2026-07-25 10:00:00+00:00,Karachi,24.8607,67.0011,31.3,67,12.5,999.6,,4,21.94,106.47,0.1,0.47,66.19,41.26,0.0,76.5,
2026-07-25 11:00:00+00:00,Karachi,24.8607,67.0011,31.0,69,14.4,999.2,,4,21.78,105.21,0.11,0.47,66.04,41.1,0.0,75.9,
2026-07-25 12:00:00+00:00,Karachi,24.8607,67.0011,30.5,71,11.9,998.8,,4,21.81,104.74,0.11,0.48,65.97,40.83,0.0,75.6,
2026-07-25 13:00:00+00:00,Karachi,24.8607,67.0011,29.6,75,10.5,999.1,,4,21.89,104.3,0.12,0.5,66.0,40.45,0.0,75.4,
2026-07-25 14:00:00+00:00,Karachi,24.8607,67.0011,29.2,78,10.8,999.8,,4,22.02,103.72,0.13,0.51,66.0,39.74,0.0,75.1,
2026-07-25 15:00:00+00:00,Karachi,24.8607,67.0011,28.9,80,12.3,999.9,,4,22.11,102.97,0.13,0.52,66.14,39.09,0.0,75.2,
2026-07-25 16:00:00+00:00,Karachi,24.8607,67.0011,28.9,80,12.0,1000.8,,4,22.1,101.77,0.13,0.52,66.31,38.52,0.0,75.2,
2026-07-25 17:00:00+00:00,Karachi,24.8607,67.0011,28.9,80,14.5,1001.1,,4,22.12,101.09,0.13,0.52,66.46,38.18,0.0,75.3,
2026-07-25 18:00:00+00:00,Karachi,24.8607,67.0011,28.4,79,9.2,1001.3,,4,22.43,102.09,0.12,0.53,66.64,37.83,0.0,75.8,
2026-07-25 19:00:00+00:00,Karachi,24.8607,67.0011,28.2,80,9.0,1000.7,,4,22.81,103.92,0.12,0.55,66.68,37.41,0.0,76.5,
2026-07-25 20:00:00+00:00,Karachi,24.8607,67.0011,28.2,79,6.4,1000.4,,4,22.86,104.36,0.12,0.55,66.84,37.16,0.0,76.6,
2026-07-25 21:00:00+00:00,Karachi,24.8607,67.0011,28.1,80,6.7,1000.1,,4,23.05,105.53,0.12,0.55,66.93,36.95,0.0,77.0,
2026-07-25 22:00:00+00:00,Karachi,24.8607,67.0011,28.1,80,5.8,1000.3,,4,23.34,107.07,0.13,0.55,67.04,36.74,0.0,77.5,
2026-07-25 23:00:00+00:00,Karachi,24.8607,67.0011,28.2,80,6.1,1000.2,,4,23.53,108.25,0.13,0.55,67.11,36.62,0.0,77.9,
2026-07-26 00:00:00+00:00,Karachi,24.8607,67.0011,28.5,79,9.1,1000.0,,4,23.54,108.39,0.13,0.54,67.11,36.56,0.0,77.9,
2026-07-26 01:00:00+00:00,Karachi,24.8607,67.0011,28.4,79,9.4,1000.5,,4,23.37,108.29,0.12,0.52,67.43,37.04,0.0,77.6,
2026-07-26 02:00:00+00:00,Karachi,24.8607,67.0011,28.6,77,11.0,1001.2,,4,23.18,108.77,0.12,0.49,67.8,37.91,0.0,77.6,
2026-07-26 03:00:00+00:00,Karachi,24.8607,67.0011,29.3,74,9.9,1001.6,,4,23.01,108.96,0.13,0.47,68.21,38.5,0.0,77.7,
2026-07-26 04:00:00+00:00,Karachi,24.8607,67.0011,29.9,70,10.1,1001.8,,4,22.78,108.17,0.13,0.46,68.12,38.62,0.0,77.3,
2026-07-26 05:00:00+00:00,Karachi,24.8607,67.0011,30.4,68,10.4,1002.3,,4,22.57,106.85,0.12,0.46,67.93,38.59,0.0,76.7,
2026-07-26 06:00:00+00:00,Karachi,24.8607,67.0011,31.2,65,11.0,1002.6,,4,22.28,104.92,0.11,0.47,67.91,38.36,0.0,75.7,
2026-07-26 07:00:00+00:00,Karachi,24.8607,67.0011,32.5,60,10.3,1002.2,,4,22.01,103.18,0.1,0.47,67.51,38.23,0.0,75.1,
2026-07-26 08:00:00+00:00,Karachi,24.8607,67.0011,32.5,61,12.5,1001.6,,4,21.8,102.01,0.1,0.46,67.44,38.21,0.0,74.7,
2026-07-26 09:00:00+00:00,Karachi,24.8607,67.0011,32.0,63,15.6,1001.2,,4,21.55,100.97,0.09,0.45,67.45,38.49,0.0,74.2,
2026-07-26 10:00:00+00:00,Karachi,24.8607,67.0011,31.8,64,14.8,1000.3,,3,21.21,99.88,0.08,0.42,67.95,39.23,0.0,73.6,
2026-07-26 11:00:00+00:00,Karachi,24.8607,67.0011,31.2,66,13.6,999.8,,3,20.72,98.17,0.08,0.39,68.36,40.14,0.0,72.6,
2026-07-26 12:00:00+00:00,Karachi,24.8607,67.0011,31.1,67,13.3,999.8,,3,20.19,95.84,0.08,0.37,68.74,41.24,0.0,71.7,
2026-07-26 13:00:00+00:00,Karachi,24.8607,67.0011,30.2,70,11.8,1000.1,,3,19.67,93.06,0.09,0.37,68.83,42.31,0.0,70.7,
2026-07-26 14:00:00+00:00,Karachi,24.8607,67.0011,29.4,74,11.3,1000.7,,3,19.13,89.45,0.11,0.37,68.54,43.16,0.0,69.7,
2026-07-26 15:00:00+00:00,Karachi,24.8607,67.0011,28.9,77,11.8,1001.1,,3,18.7,85.81,0.11,0.37,67.92,43.89,0.0,68.9,
2026-07-26 16:00:00+00:00,Karachi,24.8607,67.0011,28.7,79,11.2,1001.5,,3,18.48,83.06,0.11,0.38,67.33,44.38,0.0,68.5,
2026-07-26 17:00:00+00:00,Karachi,24.8607,67.0011,28.4,81,11.0,1001.6,,3,18.77,82.48,0.11,0.4,66.46,44.48,0.0,69.0,
2026-07-26 18:00:00+00:00,Karachi,24.8607,67.0011,28.7,79,9.1,1001.3,,3,19.54,84.35,0.11,0.43,65.33,43.9,0.0,70.5,
2026-07-26 19:00:00+00:00,Karachi,24.8607,67.0011,28.5,80,9.5,1001.6,,3,20.37,87.06,0.11,0.47,64.27,43.08,0.0,72.0,
2026-07-26 20:00:00+00:00,Karachi,24.8607,67.0011,28.4,81,11.4,1001.4,,3,20.81,88.95,0.11,0.48,63.85,42.55,0.0,72.8,
2026-07-26 21:00:00+00:00,Karachi,24.8607,67.0011,28.3,81,11.7,1000.8,,3,20.95,90.7,0.11,0.48,63.86,42.37,0.0,73.1,
2026-07-26 22:00:00+00:00,Karachi,24.8607,67.0011,28.2,81,11.5,1000.6,,3,21.05,92.45,0.11,0.47,64.56,42.67,0.0,73.3,
2026-07-26 23:00:00+00:00,Karachi,24.8607,67.0011,28.1,82,11.6,1000.5,,3,21.32,95.25,0.1,0.45,65.62,43.25,0.0,73.8,
2026-07-27 00:00:00+00:00,Karachi,24.8607,67.0011,28.5,81,11.9,1000.2,,3,21.76,99.0,0.1,0.45,66.17,43.63,0.0,74.6,
2026-07-27 01:00:00+00:00,Karachi,24.8607,67.0011,28.3,81,10.2,1000.3,,4,22.12,101.98,0.1,0.44,66.47,43.98,0.0,75.3,
2026-07-27 02:00:00+00:00,Karachi,24.8607,67.0011,28.8,79,11.6,1000.9,,4,22.26,102.73,0.1,0.43,66.34,44.25,0.0,75.5,
2026-07-27 03:00:00+00:00,Karachi,24.8607,67.0011,29.7,74,13.0,1001.2,,4,22.19,100.89,0.11,0.42,66.06,44.48,0.0,75.4,
2026-07-27 04:00:00+00:00,Karachi,24.8607,67.0011,30.7,68,13.0,1001.2,,3,22.09,98.0,0.1,0.41,65.58,44.63,0.0,75.2,
2026-07-27 05:00:00+00:00,Karachi,24.8607,67.0011,31.9,62,13.9,1000.9,,3,22.11,96.13,0.1,0.41,64.98,44.75,0.0,75.2,
2026-07-27 06:00:00+00:00,Karachi,24.8607,67.0011,31.5,65,15.0,1000.8,,3,22.0,95.03,0.08,0.4,64.48,44.87,0.0,75.0,
2026-07-27 07:00:00+00:00,Karachi,24.8607,67.0011,32.2,62,15.7,1000.6,,3,21.72,94.92,0.07,0.41,63.97,45.17,0.0,74.5,
2026-07-27 08:00:00+00:00,Karachi,24.8607,67.0011,32.1,62,16.9,1000.2,,3,21.19,94.8,0.07,0.41,63.52,45.41,0.0,73.5,
2026-07-27 09:00:00+00:00,Karachi,24.8607,67.0011,31.7,64,17.2,999.7,,3,20.49,94.19,0.06,0.42,63.17,45.6,0.0,72.2,
2026-07-27 10:00:00+00:00,Karachi,24.8607,67.0011,31.6,64,17.2,998.8,,3,19.75,92.35,0.06,0.42,63.1,45.86,0.0,70.8,
2026-07-27 11:00:00+00:00,Karachi,24.8607,67.0011,31.4,65,17.3,998.0,,3,19.02,89.68,0.05,0.42,63.15,45.88,0.0,69.5,
2026-07-27 12:00:00+00:00,Karachi,24.8607,67.0011,31.3,64,16.7,998.0,,3,18.47,87.77,0.05,0.43,63.27,45.71,0.0,68.5,
2026-07-27 13:00:00+00:00,Karachi,24.8607,67.0011,30.4,68,16.9,998.0,,3,18.29,86.37,0.06,0.43,63.64,45.63,0.0,68.1,
2026-07-27 14:00:00+00:00,Karachi,24.8607,67.0011,29.5,73,16.9,998.2,,3,18.45,86.45,0.08,0.44,63.88,45.29,0.0,68.4,
2026-07-27 15:00:00+00:00,Karachi,24.8607,67.0011,29.1,77,16.8,998.9,,3,18.9,88.0,0.09,0.45,64.01,44.64,0.0,69.3,
2026-07-27 16:00:00+00:00,Karachi,24.8607,67.0011,28.6,80,15.8,999.5,,3,19.59,90.98,0.09,0.47,64.26,43.72,0.0,70.5,
2026-07-27 17:00:00+00:00,Karachi,24.8607,67.0011,28.4,82,15.6,999.6,,3,20.43,94.18,0.1,0.5,64.43,42.74,0.0,72.1,
2026-07-27 18:00:00+00:00,Karachi,24.8607,67.0011,28.7,79,15.0,999.2,,3,21.28,96.91,0.1,0.53,64.98,41.93,0.0,73.7,
2026-07-27 19:00:00+00:00,Karachi,24.8607,67.0011,28.4,79,14.0,999.1,,4,22.04,100.21,0.11,0.53,65.86,41.68,0.0,75.1,
2026-07-27 20:00:00+00:00,Karachi,24.8607,67.0011,28.3,79,13.4,998.6,,4,22.97,105.48,0.11,0.52,66.95,41.77,0.0,76.8,
2026-07-27 21:00:00+00:00,Karachi,24.8607,67.0011,28.0,81,14.4,998.0,,4,24.16,112.13,0.11,0.53,67.4,41.62,0.0,79.3,
2026-07-27 22:00:00+00:00,Karachi,24.8607,67.0011,27.9,80,14.9,997.5,,4,25.35,116.1,0.11,0.55,67.29,40.86,0.0,81.3,
2026-07-27 23:00:00+00:00,Karachi,24.8607,67.0011,27.9,80,15.1,997.3,,4,26.12,117.19,0.12,0.58,67.14,39.71,0.0,82.7,
2026-07-28 00:00:00+00:00,Karachi,24.8607,67.0011,27.9,86,15.6,997.3,,4,26.48,117.02,0.13,0.6,67.56,38.86,0.0,83.4,
2026-07-28 01:00:00+00:00,Karachi,24.8607,67.0011,27.7,87,14.5,997.4,,4,26.69,119.3,0.13,0.61,68.74,38.82,0.0,83.8,
2026-07-28 02:00:00+00:00,Karachi,24.8607,67.0011,28.1,84,14.6,997.9,,4,26.82,121.26,0.13,0.61,70.46,39.24,0.0,84.0,
2026-07-28 03:00:00+00:00,Karachi,24.8607,67.0011,29.0,78,15.3,998.2,,4,26.74,121.17,0.13,0.61,72.12,39.68,0.0,83.9,
2026-07-28 04:00:00+00:00,Karachi,24.8607,67.0011,30.1,71,15.8,998.5,,4,26.66,121.62,0.11,0.6,73.44,40.2,0.0,84.0,
2026-07-28 05:00:00+00:00,Karachi,24.8607,67.0011,30.9,66,16.7,998.3,,4,26.61,122.29,0.1,0.6,74.16,40.75,0.0,84.3,
2026-07-28 06:00:00+00:00,Karachi,24.8607,67.0011,31.1,65,16.9,998.5,,4,26.52,122.01,0.08,0.59,74.62,41.14,0.0,84.2,
2026-07-28 07:00:00+00:00,Karachi,24.8607,67.0011,31.4,64,17.3,998.4,,4,26.39,120.77,0.07,0.59,74.68,41.46,0.0,83.6,
2026-07-28 08:00:00+00:00,Karachi,24.8607,67.0011,31.3,65,16.6,998.0,,4,26.12,118.42,0.07,0.59,74.43,41.35,0.0,82.7,
2026-07-28 09:00:00+00:00,Karachi,24.8607,67.0011,31.7,63,17.6,997.5,,4,25.72,115.61,0.06,0.59,73.86,40.99,0.0,82.0,
2026-07-28 10:00:00+00:00,Karachi,24.8607,67.0011,31.8,62,17.8,996.8,,4,25.3,113.15,0.06,0.6,73.57,40.67,0.0,81.2,
2026-07-28 11:00:00+00:00,Karachi,24.8607,67.0011,31.1,68,17.6,996.3,,4,24.97,110.81,0.06,0.61,73.4,40.38,0.0,80.6,
2026-07-28 12:00:00+00:00,Karachi,24.8607,67.0011,30.7,71,18.4,996.1,,4,24.79,108.78,0.07,0.63,73.46,40.25,0.0,80.2,
2026-07-28 13:00:00+00:00,Karachi,24.8607,67.0011,29.7,76,19.0,996.2,,4,24.82,107.7,0.08,0.65,74.15,40.47,0.0,80.3,
2026-07-28 14:00:00+00:00,Karachi,24.8607,67.0011,28.9,81,16.9,996.7,,4,24.85,107.12,0.11,0.65,75.13,41.04,0.0,80.3,
2026-07-28 15:00:00+00:00,Karachi,24.8607,67.0011,28.6,82,15.9,996.9,,4,24.95,106.72,0.12,0.65,76.54,41.92,0.0,80.5,
2026-07-28 16:00:00+00:00,Karachi,24.8607,67.0011,28.8,79,14.0,997.9,,4,25.07,106.24,0.12,0.65,77.5,42.59,0.0,80.8,
2026-07-28 17:00:00+00:00,Karachi,24.8607,67.0011,28.6,82,12.2,998.6,,4,25.11,105.53,0.12,0.65,78.01,42.96,0.0,80.8,
2026-07-28 18:00:00+00:00,Karachi,24.8607,67.0011,28.9,82,10.4,998.5,,4,25.11,104.7,0.13,0.65,78.11,43.01,0.0,80.8,
2026-07-28 19:00:00+00:00,Karachi,24.8607,67.0011,28.6,85,11.4,998.4,,4,25.08,104.42,0.13,0.65,77.75,42.73,0.0,80.8,
2026-07-28 20:00:00+00:00,Karachi,24.8607,67.0011,28.3,87,12.0,998.2,,4,25.27,105.54,0.13,0.65,77.39,42.47,0.0,81.1,
2026-07-28 21:00:00+00:00,Karachi,24.8607,67.0011,28.2,86,12.4,997.8,,4,25.63,108.02,0.13,0.66,77.15,42.3,0.0,81.8,
2026-07-28 22:00:00+00:00,Karachi,24.8607,67.0011,27.7,91,12.9,997.4,,4,26.09,111.23,0.13,0.66,77.25,42.31,0.0,82.7,
2026-07-28 23:00:00+00:00,Karachi,24.8607,67.0011,27.7,92,12.8,997.3,,4,26.48,113.56,0.13,0.66,77.26,42.35,0.0,83.4,
2026-07-29 00:00:00+00:00,Karachi,24.8607,67.0011,28.0,91,11.9,997.2,,4,26.68,114.51,0.13,0.67,77.37,42.34,0.0,83.8,
2026-07-29 01:00:00+00:00,Karachi,24.8607,67.0011,28.0,91,12.4,997.6,,4,26.66,115.0,0.13,0.67,77.5,42.56,0.0,83.7,
2026-07-29 02:00:00+00:00,Karachi,24.8607,67.0011,28.4,87,15.1,997.9,,4,26.54,116.29,0.13,0.66,77.74,43.15,0.0,83.5,
2026-07-29 03:00:00+00:00,Karachi,24.8607,67.0011,29.3,81,16.5,998.2,,4,26.36,118.27,0.12,0.65,78.25,44.01,0.0,83.2,
2026-07-29 04:00:00+00:00,Karachi,24.8607,67.0011,30.4,75,16.6,998.5,,4,26.07,119.44,0.11,0.64,78.53,44.65,0.0,82.9,
2026-07-29 05:00:00+00:00,Karachi,24.8607,67.0011,31.8,66,15.9,998.6,,4,25.7,119.07,0.09,0.63,78.73,45.1,0.0,82.7,
2026-07-29 06:00:00+00:00,Karachi,24.8607,67.0011,32.2,64,16.1,998.8,,4,25.34,118.18,0.07,0.62,78.99,45.24,0.0,82.3,
2026-07-29 07:00:00+00:00,Karachi,24.8607,67.0011,32.8,61,14.9,998.7,,4,25.12,117.52,0.06,0.62,79.32,45.1,0.0,81.9,
2026-07-29 08:00:00+00:00,Karachi,24.8607,67.0011,33.2,59,14.9,998.3,,4,25.07,117.69,0.06,0.62,79.56,44.61,0.0,82.0,
2026-07-29 09:00:00+00:00,Karachi,24.8607,67.0011,32.5,64,16.3,997.8,,4,25.12,118.05,0.06,0.63,79.65,43.93,0.0,82.2,
2026-07-29 10:00:00+00:00,Karachi,24.8607,67.0011,31.6,68,18.1,997.3,,4,25.25,118.75,0.06,0.65,80.13,43.52,0.0,82.6,
2026-07-29 11:00:00+00:00,Karachi,24.8607,67.0011,31.0,71,17.1,996.9,,4,25.35,119.1,0.06,0.65,80.61,43.56,0.0,82.7,
2026-07-29 12:00:00+00:00,Karachi,24.8607,67.0011,31.0,72,14.9,997.1,,4,25.46,118.87,0.07,0.66,81.35,43.82,0.0,82.6,
2026-07-29 13:00:00+00:00,Karachi,24.8607,67.0011,29.9,77,14.3,997.2,,4,25.54,118.05,0.09,0.66,82.41,44.19,0.0,82.2,
2026-07-29 14:00:00+00:00,Karachi,24.8607,67.0011,28.9,83,14.1,997.3,,4,25.48,116.32,0.11,0.65,83.41,44.23,0.0,81.5,
2026-07-29 15:00:00+00:00,Karachi,24.8607,67.0011,28.4,85,11.6,997.9,,4,25.47,114.59,0.12,0.65,84.7,44.07,0.0,81.5,
2026-07-29 16:00:00+00:00,Karachi,24.8607,67.0011,28.6,84,10.7,998.9,,4,25.54,113.7,0.12,0.64,85.95,43.88,0.0,81.6,
2026-07-29 17:00:00+00:00,Karachi,24.8607,67.0011,28.6,83,8.6,999.2,,4,25.79,113.23,0.12,0.65,87.43,43.74,0.0,82.1,
2026-07-29 18:00:00+00:00,Karachi,24.8607,67.0011,28.8,84,8.9,998.6,,4,26.14,112.98,0.13,0.65,88.91,43.65,0.0,82.7,
2026-07-29 19:00:00+00:00,Karachi,24.8607,67.0011,28.4,87,9.7,998.1,,4,26.46,113.16,0.13,0.65,90.38,43.67,0.0,83.3,
2026-07-29 20:00:00+00:00,Karachi,24.8607,67.0011,28.4,87,9.0,998.0,,4,26.65,113.34,0.13,0.65,91.69,43.76,0.0,83.7,
2026-07-29 21:00:00+00:00,Karachi,24.8607,67.0011,28.1,89,8.9,997.8,,4,26.86,114.25,0.13,0.63,92.83,43.88,0.0,84.1,
2026-07-29 22:00:00+00:00,Karachi,24.8607,67.0011,28.0,90,9.7,997.1,,4,27.22,116.46,0.13,0.62,93.79,43.98,0.0,84.8,
2026-07-29 23:00:00+00:00,Karachi,24.8607,67.0011,27.8,90,10.5,996.7,,4,27.71,118.52,0.13,0.62,94.6,43.74,0.0,85.7,
2026-07-30 00:00:00+00:00,Karachi,24.8607,67.0011,28.0,91,8.9,996.9,,4,28.18,119.95,0.14,0.64,94.95,43.25,0.0,86.5,
2026-07-30 01:00:00+00:00,Karachi,24.8607,67.0011,27.9,91,9.0,996.8,,4,28.68,121.83,0.14,0.65,95.42,42.81,0.0,87.5,
2026-07-30 02:00:00+00:00,Karachi,24.8607,67.0011,28.4,88,8.7,997.1,,4,29.11,124.67,0.15,0.65,95.63,42.51,0.0,88.3,
2026-07-30 03:00:00+00:00,Karachi,24.8607,67.0011,29.4,81,9.2,997.3,,4,29.5,127.89,0.15,0.64,95.73,42.51,0.0,89.0,
2026-07-30 04:00:00+00:00,Karachi,24.8607,67.0011,30.9,73,9.1,997.6,,4,29.69,129.46,0.13,0.63,95.26,42.72,0.0,89.4,
2026-07-30 05:00:00+00:00,Karachi,24.8607,67.0011,32.1,67,8.5,997.5,,4,29.74,129.43,0.1,0.62,94.59,43.02,0.0,89.5,
2026-07-30 06:00:00+00:00,Karachi,24.8607,67.0011,32.1,68,9.9,997.8,,4,29.61,127.98,0.09,0.61,93.58,43.43,0.0,89.2,
2026-07-30 07:00:00+00:00,Karachi,24.8607,67.0011,32.8,66,10.6,997.3,,4,29.31,125.9,0.08,0.6,92.28,43.78,0.0,88.7,
2026-07-30 08:00:00+00:00,Karachi,24.8607,67.0011,32.9,66,11.2,997.1,,4,28.97,123.7,0.07,0.59,90.79,43.96,0.0,88.0,
2026-07-30 09:00:00+00:00,Karachi,24.8607,67.0011,32.9,67,12.9,996.4,,4,28.64,121.17,0.06,0.59,89.04,43.88,0.0,87.4,
2026-07-30 10:00:00+00:00,Karachi,24.8607,67.0011,32.3,69,13.0,995.9,,4,28.32,118.87,0.06,0.59,87.18,43.79,0.0,86.8,
2026-07-30 11:00:00+00:00,Karachi,24.8607,67.0011,31.8,70,12.2,995.3,,4,27.96,116.73,0.06,0.59,85.18,43.82,0.0,86.1,
2026-07-30 12:00:00+00:00,Karachi,24.8607,67.0011,31.4,72,13.5,995.2,,4,27.64,115.52,0.07,0.6,83.45,43.96,0.0,85.5,
2026-07-30 13:00:00+00:00,Karachi,24.8607,67.0011,30.4,77,13.2,995.2,,4,27.51,115.67,0.09,0.61,82.38,44.39,0.0,85.3,
2026-07-30 14:00:00+00:00,Karachi,24.8607,67.0011,29.7,81,10.7,995.6,,4,27.37,115.81,0.11,0.62,81.94,44.75,0.0,85.0,
2026-07-30 15:00:00+00:00,Karachi,24.8607,67.0011,29.2,84,9.6,996.1,,4,27.37,116.68,0.12,0.63,82.13,45.39,0.0,85.0,
2026-07-30 16:00:00+00:00,Karachi,24.8607,67.0011,29.1,84,8.3,996.6,,4,27.49,118.13,0.12,0.63,82.7,46.15,0.0,85.3,
2026-07-30 17:00:00+00:00,Karachi,24.8607,67.0011,29.2,83,9.0,997.5,,4,27.76,118.44,0.12,0.64,83.31,46.81,0.0,85.8,
2026-07-30 18:00:00+00:00,Karachi,24.8607,67.0011,29.4,84,8.5,997.6,,4,28.3,118.6,0.13,0.65,84.09,47.12,0.0,86.8,
2026-07-30 19:00:00+00:00,Karachi,24.8607,67.0011,28.8,87,7.6,997.0,,4,28.97,119.49,0.13,0.66,84.72,47.14,0.0,88.0,
2026-07-30 20:00:00+00:00,Karachi,24.8607,67.0011,28.5,88,5.7,996.4,,4,29.54,119.98,0.13,0.67,85.48,46.99,0.0,89.1,
2026-07-30 21:00:00+00:00,Karachi,24.8607,67.0011,28.2,91,5.6,995.7,,4,29.88,119.76,0.14,0.66,86.0,46.68,0.0,89.7,
2026-07-30 22:00:00+00:00,Karachi,24.8607,67.0011,28.0,92,8.1,995.8,,4,30.18,120.23,0.14,0.65,86.41,46.57,0.0,90.3,
2026-07-30 23:00:00+00:00,Karachi,24.8607,67.0011,27.8,93,9.1,995.8,,4,30.44,121.57,0.14,0.64,86.37,46.27,0.0,90.8,
2026-07-31 00:00:00+00:00,Karachi,24.8607,67.0011,28.2,91,7.8,995.8,,4,30.71,122.97,0.14,0.64,85.9,45.58,0.0,91.3,
2026-07-31 01:00:00+00:00,Karachi,24.8607,67.0011,27.9,93,6.3,995.9,,4,30.94,124.49,0.15,0.64,85.07,44.8,0.0,91.7,
2026-07-31 02:00:00+00:00,Karachi,24.8607,67.0011,28.3,90,5.2,996.3,,4,31.03,125.76,0.15,0.64,84.06,43.91,0.0,91.9,
2026-07-31 03:00:00+00:00,Karachi,24.8607,67.0011,29.4,82,6.3,996.4,,4,30.89,126.49,0.15,0.63,82.73,43.11,0.0,91.6,
2026-07-31 04:00:00+00:00,Karachi,24.8607,67.0011,30.8,74,7.3,996.4,,4,30.53,126.34,0.14,0.63,81.14,42.27,0.0,90.9,
2026-07-31 05:00:00+00:00,Karachi,24.8607,67.0011,31.8,70,7.3,996.6,,4,30.19,125.86,0.12,0.62,79.65,41.55,0.0,90.3,
2026-07-31 06:00:00+00:00,Karachi,24.8607,67.0011,33.0,64,9.2,996.6,,4,29.87,125.29,0.1,0.61,78.21,40.93,0.0,89.7,
2026-07-31 07:00:00+00:00,Karachi,24.8607,67.0011,33.2,64,10.9,996.2,,4,29.58,124.68,0.09,0.6,76.98,40.16,0.0,89.2,
2026-07-31 08:00:00+00:00,Karachi,24.8607,67.0011,33.2,64,12.2,995.8,,4,29.28,123.44,0.08,0.59,75.52,39.21,0.0,88.6,
2026-07-31 09:00:00+00:00,Karachi,24.8607,67.0011,33.3,63,11.6,995.0,,4,29.01,122.02,0.08,0.58,74.13,38.34,0.0,88.1,
2026-07-31 10:00:00+00:00,Karachi,24.8607,67.0011,33.0,65,11.8,994.1,,4,28.78,121.16,0.08,0.58,73.08,37.76,0.0,87.7,
2026-07-31 11:00:00+00:00,Karachi,24.8607,67.0011,32.2,70,12.5,993.8,,4,28.45,120.07,0.08,0.58,72.11,37.47,0.0,87.1,
2026-07-31 12:00:00+00:00,Karachi,24.8607,67.0011,31.9,72,11.6,993.8,,4,27.96,118.97,0.09,0.59,71.36,37.4,0.0,86.1,
2026-07-31 13:00:00+00:00,Karachi,24.8607,67.0011,31.0,76,10.8,993.8,,4,27.6,119.05,0.11,0.59,71.36,37.66,0.0,85.5,
2026-07-31 14:00:00+00:00,Karachi,24.8607,67.0011,30.2,82,9.7,994.8,,4,27.63,120.69,0.13,0.61,71.65,37.99,0.0,85.5,
2026-07-31 15:00:00+00:00,Karachi,24.8607,67.0011,29.7,86,9.2,995.6,,4,28.21,123.23,0.14,0.63,72.29,38.35,0.0,86.6,
2026-07-31 16:00:00+00:00,Karachi,24.8607,67.0011,29.6,87,7.5,996.3,,4,29.21,126.29,0.14,0.64,72.73,38.64,0.0,88.5,
2026-07-31 17:00:00+00:00,Karachi,24.8607,67.0011,29.5,87,4.0,997.0,,4,30.29,129.28,0.14,0.64,73.34,39.05,0.0,90.5,
2026-07-31 18:00:00+00:00,Karachi,24.8607,67.0011,29.5,86,4.6,997.1,,4,31.31,132.05,0.14,0.62,73.95,39.66,0.0,92.4,
2026-07-31 19:00:00+00:00,Karachi,24.8607,67.0011,29.2,87,4.8,996.6,,4,32.12,135.12,0.14,0.6,74.31,40.14,0.0,93.9,
2026-07-31 20:00:00+00:00,Karachi,24.8607,67.0011,29.1,87,2.5,996.5,,4,32.77,137.86,0.14,0.59,74.31,40.34,0.0,95.1,
2026-07-31 21:00:00+00:00,Karachi,24.8607,67.0011,28.9,88,2.2,996.3,,4,33.02,138.79,0.14,0.58,73.99,40.09,0.0,95.6,
2026-07-31 22:00:00+00:00,Karachi,24.8607,67.0011,28.7,90,4.2,996.2,,4,32.86,138.04,0.14,0.58,73.5,39.76,0.0,95.3,
2026-07-31 23:00:00+00:00,Karachi,24.8607,67.0011,28.3,93,7.4,996.0,,4,32.35,136.13,0.14,0.59,73.05,39.34,0.0,94.3,
2026-08-01 00:00:00+00:00,Karachi,24.8607,67.0011,28.9,90,5.4,996.5,,4,31.66,133.37,0.14,0.6,72.45,38.64,0.0,93.0,
2026-08-01 01:00:00+00:00,Karachi,24.8607,67.0011,28.8,91,5.7,997.1,,4,30.96,130.45,0.14,0.62,71.77,37.81,0.0,91.7,
2026-08-01 02:00:00+00:00,Karachi,24.8607,67.0011,29.2,88,6.4,997.8,,4,30.19,126.63,0.15,0.64,71.2,36.64,0.0,90.3,
2026-08-01 03:00:00+00:00,Karachi,24.8607,67.0011,30.1,83,5.6,997.9,,4,29.32,123.04,0.16,0.65,70.5,35.7,0.0,88.7,
2026-08-01 04:00:00+00:00,Karachi,24.8607,67.0011,31.0,77,5.3,997.9,,4,28.47,120.23,0.16,0.65,69.92,34.96,0.0,87.1,
2026-08-01 05:00:00+00:00,Karachi,24.8607,67.0011,32.3,72,6.3,998.0,,4,27.66,118.06,0.16,0.65,69.39,34.36,0.0,85.6,
2026-08-01 06:00:00+00:00,Karachi,24.8607,67.0011,32.2,71,11.3,998.7,,4,26.94,116.18,0.15,0.66,68.71,33.83,0.0,84.2,
2026-08-01 07:00:00+00:00,Karachi,24.8607,67.0011,32.4,69,12.9,998.5,,4,26.32,114.62,0.14,0.68,67.94,33.4,0.0,83.1,
2026-08-01 08:00:00+00:00,Karachi,24.8607,67.0011,32.6,66,13.8,998.0,,4,25.84,113.64,0.14,0.69,67.55,33.35,0.0,82.2,
2026-08-01 09:00:00+00:00,Karachi,24.8607,67.0011,32.5,66,15.8,997.7,,4,25.62,113.64,0.13,0.7,67.43,33.66,0.0,81.8,
2026-08-01 10:00:00+00:00,Karachi,24.8607,67.0011,32.3,67,15.9,996.9,,4,25.51,113.85,0.12,0.7,67.64,34.23,0.0,81.6,
2026-08-01 11:00:00+00:00,Karachi,24.8607,67.0011,31.1,73,16.3,997.0,,4,25.46,113.8,0.12,0.69,67.99,34.79,0.0,81.5,
2026-08-01 12:00:00+00:00,Karachi,24.8607,67.0011,30.8,72,14.9,997.0,,4,25.59,114.26,0.13,0.68,68.23,35.2,0.0,81.7,
2026-08-01 13:00:00+00:00,Karachi,24.8607,67.0011,30.1,75,13.8,997.0,,4,25.97,115.71,0.13,0.67,68.72,35.31,0.0,82.4,
2026-08-01 14:00:00+00:00,Karachi,24.8607,67.0011,29.5,78,12.0,997.4,,4,26.4,117.67,0.14,0.67,68.51,34.97,0.0,83.2,
2026-08-01 15:00:00+00:00,Karachi,24.8607,67.0011,29.2,79,11.9,998.0,,4,26.86,120.13,0.14,0.67,68.18,34.39,0.0,84.1,
2026-08-01 16:00:00+00:00,Karachi,24.8607,67.0011,29.0,80,11.5,998.5,,4,27.19,122.8,0.14,0.67,67.94,33.98,0.0,84.7,
2026-08-01 17:00:00+00:00,Karachi,24.8607,67.0011,28.8,81,12.2,998.6,,4,27.41,125.4,0.14,0.66,67.82,33.77,0.0,85.8,
2026-08-01 18:00:00+00:00,Karachi,24.8607,67.0011,29.0,77,11.5,999.5,,4,27.49,126.89,0.14,0.66,67.66,33.45,0.0,86.6,
2026-08-01 19:00:00+00:00,Karachi,24.8607,67.0011,28.9,78,10.7,999.4,,4,27.35,126.35,0.15,0.66,67.15,32.8,0.0,86.3,
2026-08-01 20:00:00+00:00,Karachi,24.8607,67.0011,28.7,79,10.6,999.0,,4,27.06,124.9,0.15,0.66,66.83,32.38,0.0,85.6,
2026-08-01 21:00:00+00:00,Karachi,24.8607,67.0011,28.6,80,9.0,998.8,,4,26.88,124.08,0.15,0.66,66.73,32.22,0.0,85.2,
2026-08-01 22:00:00+00:00,Karachi,24.8607,67.0011,28.5,80,10.4,998.9,,4,26.82,124.12,0.15,0.66,66.96,32.47,0.0,85.2,
2026-08-01 23:00:00+00:00,Karachi,24.8607,67.0011,28.5,80,11.4,999.0,,4,26.65,123.25,0.14,0.65,67.55,33.24,0.0,84.8,
2026-08-02 00:00:00+00:00,Karachi,24.8607,67.0011,28.5,80,11.1,999.4,,4,26.39,120.52,0.14,0.64,68.26,33.92,0.0,83.4,
2026-08-02 01:00:00+00:00,Karachi,24.8607,67.0011,28.3,81,11.4,999.5,,4,25.81,112.01,0.14,0.62,68.81,34.23,0.0,82.1,
2026-08-02 02:00:00+00:00,Karachi,24.8607,67.0011,28.2,82,11.3,999.6,,4,25.09,104.77,0.14,0.59,68.9,34.23,0.0,80.8,
2026-08-02 03:00:00+00:00,Karachi,24.8607,67.0011,28.4,81,10.7,1000.2,,4,24.57,102.13,0.14,0.56,68.73,34.08,0.0,79.8,
2026-08-02 04:00:00+00:00,Karachi,24.8607,67.0011,28.6,79,11.6,1000.6,,4,24.3,104.85,0.13,0.54,68.56,34.07,0.0,79.3,
2026-08-02 05:00:00+00:00,Karachi,24.8607,67.0011,29.2,76,11.3,1000.7,,4,24.34,109.48,0.13,0.54,68.51,33.94,0.0,79.4,
2026-08-02 06:00:00+00:00,Karachi,24.8607,67.0011,28.9,74,10.5,1001.6,,4,24.29,112.01,0.12,0.54,68.66,34.07,0.0,79.3,
2026-08-02 07:00:00+00:00,Karachi,24.8607,67.0011,28.9,75,12.2,1001.4,,4,24.03,112.81,0.11,0.53,69.0,34.73,0.0,79.6,
2026-08-02 08:00:00+00:00,Karachi,24.8607,67.0011,29.0,75,12.3,1001.2,,4,23.72,112.73,0.1,0.51,69.33,35.46,0.0,79.6,
2026-08-02 09:00:00+00:00,Karachi,24.8607,67.0011,29.2,74,12.6,1001.0,,4,23.45,111.8,0.1,0.51,69.28,35.54,0.0,79.1,
2026-08-02 10:00:00+00:00,Karachi,24.8607,67.0011,29.3,73,15.0,999.9,,4,23.21,109.89,0.1,0.53,68.6,34.81,0.0,78.2,
2026-08-02 11:00:00+00:00,Karachi,24.8607,67.0011,29.3,71,12.2,999.9,,4,22.96,107.7,0.11,0.55,67.86,33.91,0.0,77.1,
2026-08-02 12:00:00+00:00,Karachi,24.8607,67.0011,29.6,71,12.6,999.7,,4,22.74,106.08,0.12,0.56,67.62,33.78,0.0,76.4,
2026-08-02 13:00:00+00:00,Karachi,24.8607,67.0011,29.2,72,11.8,999.7,,4,22.56,106.21,0.14,0.55,68.22,34.63,0.0,76.3,
2026-08-02 14:00:00+00:00,Karachi,24.8607,67.0011,28.7,77,11.0,1000.2,,4,22.48,106.93,0.15,0.54,68.67,35.57,0.0,76.7,
2026-08-02 15:00:00+00:00,Karachi,24.8607,67.0011,28.5,79,10.4,1000.7,,4,22.64,108.82,0.15,0.54,68.45,35.57,0.0,77.6,
2026-08-02 16:00:00+00:00,Karachi,24.8607,67.0011,28.5,79,11.0,1001.2,,4,23.05,111.91,0.15,0.54,67.75,35.06,0.0,79.2,
2026-08-02 17:00:00+00:00,Karachi,24.8607,67.0011,28.3,80,12.4,1001.6,,4,23.49,115.45,0.15,0.54,67.33,34.58,0.0,80.9,
2026-08-02 18:00:00+00:00,Karachi,24.8607,67.0011,28.2,81,11.0,1002.0,,4,23.79,117.92,0.15,0.54,67.14,34.36,0.0,82.1,
2026-08-02 19:00:00+00:00,Karachi,24.8607,67.0011,27.9,83,11.6,1001.6,,4,23.84,118.42,0.15,0.54,67.23,34.55,0.0,82.4,
2026-08-02 20:00:00+00:00,Karachi,24.8607,67.0011,27.5,84,11.0,1001.4,,4,23.58,116.61,0.15,0.52,67.55,35.04,0.0,81.5,
2026-08-02 21:00:00+00:00,Karachi,24.8607,67.0011,27.3,85,9.4,1000.9,,4,23.63,115.87,0.14,0.52,67.95,35.62,0.0,81.1,
2026-08-02 22:00:00+00:00,Karachi,24.8607,67.0011,27.2,86,9.5,1000.9,,4,23.99,116.31,0.14,0.51,68.44,36.38,0.0,81.3,
2026-08-02 23:00:00+00:00,Karachi,24.8607,67.0011,27.3,85,8.9,1001.0,,4,24.11,115.1,0.13,0.5,68.9,37.22,0.0,80.7,
2026-08-03 00:00:00+00:00,Karachi,24.8607,67.0011,28.1,82,11.3,1000.5,,4,24.31,114.53,0.12,0.49,69.51,38.13,0.0,80.5,
2026-08-03 01:00:00+00:00,Karachi,24.8607,67.0011,27.9,83,11.4,1000.6,,4,24.42,114.38,0.12,0.48,70.17,39.32,0.0,80.4,
2026-08-03 02:00:00+00:00,Karachi,24.8607,67.0011,28.1,82,12.9,1001.1,,4,24.31,113.82,0.11,0.46,70.91,40.54,0.0,80.1,
2026-08-03 03:00:00+00:00,Karachi,24.8607,67.0011,28.4,79,12.8,1001.6,,4,24.02,112.81,0.12,0.45,71.47,41.66,0.0,79.6,
2026-08-03 04:00:00+00:00,Karachi,24.8607,67.0011,28.6,78,12.7,1001.8,,4,23.56,110.99,0.12,0.45,71.64,42.29,0.0,78.7,
2026-08-03 05:00:00+00:00,Karachi,24.8607,67.0011,29.2,74,13.5,1002.1,,4,22.97,108.53,0.11,0.46,71.81,42.68,0.0,77.5,
2026-08-03 06:00:00+00:00,Karachi,24.8607,67.0011,30.2,69,14.3,1002.7,,4,22.15,104.88,0.1,0.46,72.16,43.0,0.0,75.7,
2026-08-03 07:00:00+00:00,Karachi,24.8607,67.0011,30.0,70,15.3,1002.5,,4,21.56,102.41,0.09,0.46,72.76,43.28,0.0,74.5,
2026-08-03 08:00:00+00:00,Karachi,24.8607,67.0011,30.8,68,15.4,1002.2,,4,21.05,100.34,0.08,0.46,73.49,43.42,0.0,73.4,
2026-08-03 09:00:00+00:00,Karachi,24.8607,67.0011,31.0,68,15.6,1001.6,,3,20.73,99.02,0.08,0.46,74.2,43.48,0.0,72.8,
2026-08-03 10:00:00+00:00,Karachi,24.8607,67.0011,30.8,67,15.7,1001.0,,3,20.93,99.83,0.07,0.46,74.9,43.33,0.0,73.2,
2026-08-03 11:00:00+00:00,Karachi,24.8607,67.0011,30.3,70,17.0,1000.5,,4,21.23,100.57,0.08,0.48,75.17,42.86,0.0,73.6,
2026-08-03 12:00:00+00:00,Karachi,24.8607,67.0011,30.1,68,16.7,1000.6,,4,21.39,100.21,0.09,0.5,75.29,42.27,0.0,73.9,
2026-08-03 13:00:00+00:00,Karachi,24.8607,67.0011,29.3,72,14.9,1000.6,,3,21.53,99.91,0.1,0.51,75.78,42.13,0.0,74.2,
2026-08-03 14:00:00+00:00,Karachi,24.8607,67.0011,28.8,74,13.9,1000.5,,3,21.46,98.87,0.11,0.51,76.72,42.52,0.0,74.0,
2026-08-03 15:00:00+00:00,Karachi,24.8607,67.0011,28.6,75,14.4,1001.2,,3,21.57,99.4,0.11,0.5,77.61,42.97,0.0,74.2,
2026-08-03 16:00:00+00:00,Karachi,24.8607,67.0011,28.4,77,14.5,1001.6,,3,21.88,98.89,0.11,0.5,78.42,43.28,0.0,74.8,
2026-08-03 17:00:00+00:00,Karachi,24.8607,67.0011,28.2,79,14.1,1002.2,,4,22.09,100.23,0.11,0.51,78.93,43.44,0.0,75.2,
2026-08-03 18:00:00+00:00,Karachi,24.8607,67.0011,28.1,78,12.1,1002.3,,4,22.16,103.88,0.11,0.52,79.46,43.61,0.0,75.3,
2026-08-03 19:00:00+00:00,Karachi,24.8607,67.0011,27.8,80,11.7,1002.4,,4,21.99,104.71,0.11,0.52,79.86,43.74,0.0,75.6,
2026-08-03 20:00:00+00:00,Karachi,24.8607,67.0011,27.6,82,11.8,1002.1,,4,21.64,104.0,0.11,0.52,80.54,44.04,0.0,75.3,
2026-08-03 21:00:00+00:00,Karachi,24.8607,67.0011,27.5,82,11.5,1001.8,,4,21.25,102.63,0.11,0.5,81.35,44.43,0.0,74.6,
2026-08-03 22:00:00+00:00,Karachi,24.8607,67.0011,27.4,83,11.0,1001.6,,4,20.82,100.57,0.11,0.49,81.93,44.8,0.0,73.6,
2026-08-03 23:00:00+00:00,Karachi,24.8607,67.0011,27.4,83,10.0,1001.7,,3,20.74,99.41,0.1,0.48,82.36,45.1,0.0,73.0,
2026-08-04 00:00:00+00:00,Karachi,24.8607,67.0011,28.0,81,9.9,1001.9,,3,20.77,97.84,0.1,0.47,82.5,45.3,0.0,72.7,
2026-08-04 01:00:00+00:00,Karachi,24.8607,67.0011,27.8,81,10.0,1002.1,,3,20.46,94.42,0.1,0.47,82.45,45.55,0.0,72.2,
2026-08-04 02:00:00+00:00,Karachi,24.8607,67.0011,28.3,77,10.8,1002.4,,3,19.95,90.44,0.1,0.45,82.52,45.77,0.0,71.2,
2026-08-04 03:00:00+00:00,Karachi,24.8607,67.0011,29.3,71,13.3,1003.0,,3,19.52,87.04,0.1,0.44,82.46,46.1,0.0,70.4,
2026-08-04 04:00:00+00:00,Karachi,24.8607,67.0011,30.0,67,14.4,1003.2,,3,19.2,84.36,0.1,0.43,82.12,46.17,0.0,69.8,
2026-08-04 05:00:00+00:00,Karachi,24.8607,67.0011,30.3,67,14.1,1003.5,,3,19.04,83.05,0.09,0.43,81.79,46.07,0.0,69.5,
2026-08-04 06:00:00+00:00,Karachi,24.8607,67.0011,31.0,63,15.4,1003.4,,3,18.97,82.94,0.07,0.44,81.45,45.63,0.0,69.4,
2026-08-04 07:00:00+00:00,Karachi,24.8607,67.0011,31.3,62,15.2,1003.2,,3,18.94,83.53,0.06,0.44,81.09,45.07,0.0,69.3,
2026-08-04 08:00:00+00:00,Karachi,24.8607,67.0011,31.4,62,14.9,1002.7,,3,19.01,84.85,0.06,0.45,80.98,44.36,0.0,69.5,
2026-08-04 09:00:00+00:00,Karachi,24.8607,67.0011,31.3,63,14.1,1002.2,,3,19.33,87.18,0.06,0.45,80.81,43.65,0.0,70.1,
2026-08-04 10:00:00+00:00,Karachi,24.8607,67.0011,31.2,63,13.8,1001.5,,3,19.91,90.7,0.06,0.46,80.78,43.03,0.0,71.1,
2026-08-04 11:00:00+00:00,Karachi,24.8607,67.0011,30.6,66,13.7,1000.8,,3,20.56,94.39,0.06,0.47,80.85,42.44,0.0,72.4,
2026-08-04 12:00:00+00:00,Karachi,24.8607,67.0011,30.5,67,13.0,1001.0,,3,21.16,97.7,0.07,0.48,80.77,42.19,0.0,73.5,
2026-08-04 13:00:00+00:00,Karachi,24.8607,67.0011,29.5,72,13.7,1000.9,,4,21.7,100.54,0.08,0.49,81.03,42.17,0.0,74.5,
2026-08-04 14:00:00+00:00,Karachi,24.8607,67.0011,29.1,76,13.8,1001.3,,4,22.13,102.89,0.09,0.5,81.21,42.47,0.0,75.3,
2026-08-04 15:00:00+00:00,Karachi,24.8607,67.0011,28.7,77,14.6,1002.0,,4,22.47,105.09,0.1,0.51,81.52,42.95,0.0,75.9,
2026-08-04 16:00:00+00:00,Karachi,24.8607,67.0011,28.4,78,12.4,1002.8,,4,22.65,106.66,0.1,0.51,81.92,43.68,0.0,76.6,
2026-08-04 17:00:00+00:00,Karachi,24.8607,67.0011,28.2,79,12.4,1003.0,,4,22.67,107.28,0.1,0.52,82.21,44.43,0.0,76.9,
2026-08-04 18:00:00+00:00,Karachi,24.8607,67.0011,28.4,80,11.7,1002.6,,4,22.56,106.98,0.1,0.53,82.24,44.85,0.0,76.7,
2026-08-04 19:00:00+00:00,Karachi,24.8607,67.0011,28.1,83,12.1,1002.1,,4,22.46,106.35,0.1,0.55,81.93,44.75,0.0,76.4,
2026-08-04 20:00:00+00:00,Karachi,24.8607,67.0011,27.9,85,14.0,1001.8,,4,22.15,104.71,0.1,0.56,81.66,44.6,0.0,75.6,
2026-08-04 21:00:00+00:00,Karachi,24.8607,67.0011,27.7,86,13.8,1001.6,,4,21.71,102.68,0.11,0.55,81.71,44.73,0.0,74.6,
2026-08-04 22:00:00+00:00,Karachi,24.8607,67.0011,27.6,87,13.7,1001.3,,4,21.8,103.35,0.11,0.54,81.86,45.03,0.0,74.9,
2026-08-04 23:00:00+00:00,Karachi,24.8607,67.0011,27.5,87,13.3,1000.8,,4,21.92,103.89,0.11,0.53,81.74,45.18,0.0,75.2,
2026-08-05 00:00:00+00:00,Karachi,24.8607,67.0011,28.0,83,11.7,1000.6,,4,21.84,103.43,0.11,0.53,81.25,45.38,0.0,75.0,
2026-08-05 01:00:00+00:00,Karachi,24.8607,67.0011,27.8,85,12.1,1000.8,,4,21.58,102.23,0.1,0.52,80.86,45.84,0.0,74.4,
2026-08-05 02:00:00+00:00,Karachi,24.8607,67.0011,28.0,83,12.7,1001.1,,4,22.03,104.89,0.11,0.52,80.36,46.46,0.0,75.7,
2026-08-05 03:00:00+00:00,Karachi,24.8607,67.0011,29.0,77,14.0,1001.2,,4,22.86,109.68,0.11,0.52,79.64,46.96,0.0,78.1,
2026-08-05 04:00:00+00:00,Karachi,24.8607,67.0011,30.1,70,13.8,1001.4,,4,23.12,111.75,0.1,0.51,78.74,47.47,0.0,79.1,
2026-08-05 05:00:00+00:00,Karachi,24.8607,67.0011,31.2,64,14.9,1001.3,,4,22.89,110.85,0.08,0.5,77.91,48.02,0.0,78.6,
2026-08-05 06:00:00+00:00,Karachi,24.8607,67.0011,31.1,64,16.3,1001.0,,4,22.66,109.5,0.07,0.49,77.22,48.04,0.0,78.0,
2026-08-05 07:00:00+00:00,Karachi,24.8607,67.0011,31.3,63,16.7,1000.8,,4,22.62,109.11,0.06,0.49,76.47,47.33,0.0,77.8,
2026-08-05 08:00:00+00:00,Karachi,24.8607,67.0011,31.5,61,16.7,1000.1,,4,22.71,109.77,0.06,0.5,75.6,45.92,0.0,78.1,
2026-08-05 09:00:00+00:00,Karachi,24.8607,67.0011,31.7,62,17.7,999.7,,4,22.9,110.94,0.06,0.51,74.73,44.25,0.0,78.7,
2026-08-05 10:00:00+00:00,Karachi,24.8607,67.0011,31.4,63,17.9,998.9,,4,23.2,112.45,0.06,0.52,73.95,42.5,0.0,79.4,
2026-08-05 11:00:00+00:00,Karachi,24.8607,67.0011,31.0,66,18.5,998.3,,4,23.55,113.35,0.07,0.55,72.73,40.65,0.0,79.9,
2026-08-05 12:00:00+00:00,Karachi,24.8607,67.0011,30.3,70,18.2,998.4,,4,23.75,113.58,0.08,0.58,72.14,39.66,0.0,80.0,
2026-08-05 13:00:00+00:00,Karachi,24.8607,67.0011,29.5,74,18.5,998.5,,4,23.92,114.38,0.09,0.58,72.94,39.98,0.0,80.4,
2026-08-05 14:00:00+00:00,Karachi,24.8607,67.0011,28.7,78,17.4,998.9,,4,24.13,115.98,0.1,0.59,74.22,41.05,0.0,81.2,
2026-08-05 15:00:00+00:00,Karachi,24.8607,67.0011,28.3,80,16.0,999.2,,4,24.3,117.3,0.11,0.59,75.21,41.94,0.0,81.8,
2026-08-05 16:00:00+00:00,Karachi,24.8607,67.0011,28.4,80,14.0,1000.1,,4,24.13,116.4,0.11,0.6,75.62,42.18,0.0,81.4,
2026-08-05 17:00:00+00:00,Karachi,24.8607,67.0011,28.4,80,13.0,1000.5,,4,23.7,113.52,0.12,0.61,75.75,42.16,0.0,80.0,
2026-08-05 18:00:00+00:00,Karachi,24.8607,67.0011,28.5,81,14.7,1000.1,,4,23.27,110.39,0.12,0.6,75.76,41.99,0.0,78.4,
2026-08-05 19:00:00+00:00,Karachi,24.8607,67.0011,28.1,83,13.8,999.8,,4,23.04,108.14,0.12,0.6,75.49,41.63,0.0,77.3,
2026-08-05 20:00:00+00:00,Karachi,24.8607,67.0011,27.8,85,12.6,999.3,,4,23.06,107.22,0.12,0.61,75.31,41.18,0.0,77.0,
2026-08-05 21:00:00+00:00,Karachi,24.8607,67.0011,27.8,86,11.9,998.8,,4,23.17,107.27,0.12,0.61,75.04,40.87,0.0,77.2,
2026-08-05 22:00:00+00:00,Karachi,24.8607,67.0011,27.6,87,13.0,998.5,,4,23.24,107.9,0.12,0.6,74.91,40.94,0.0,77.3,
2026-08-05 23:00:00+00:00,Karachi,24.8607,67.0011,27.5,88,13.9,998.3,,4,23.27,108.74,0.12,0.6,74.74,40.99,0.0,77.6,
2026-08-06 00:00:00+00:00,Karachi,24.8607,67.0011,27.5,87,13.8,998.5,,4,23.29,109.27,0.12,0.61,74.4,40.97,0.0,77.9,
2026-08-06 01:00:00+00:00,Karachi,24.8607,67.0011,27.4,88,13.5,998.9,,4,23.27,108.24,0.12,0.61,73.86,40.84,0.0,77.4,
2026-08-06 02:00:00+00:00,Karachi,24.8607,67.0011,27.8,85,15.9,999.2,,4,23.21,106.01,0.13,0.61,73.26,40.72,0.0,77.3,
2026-08-06 03:00:00+00:00,Karachi,24.8607,67.0011,28.7,79,16.5,999.6,,4,23.11,104.21,0.12,0.61,72.78,40.83,0.0,77.1,
2026-08-06 04:00:00+00:00,Karachi,24.8607,67.0011,29.6,73,17.1,999.9,,4,22.93,104.25,0.11,0.6,72.4,41.28,0.0,76.8,
2026-08-06 05:00:00+00:00,Karachi,24.8607,67.0011,30.0,71,17.1,1000.0,,4,22.66,105.05,0.09,0.61,72.36,41.61,0.0,76.3,
2026-08-06 06:00:00+00:00,Karachi,24.8607,67.0011,30.4,70,17.7,999.8,,4,22.43,105.6,0.08,0.61,72.48,41.91,0.0,76.0,
2026-08-06 07:00:00+00:00,Karachi,24.8607,67.0011,30.9,68,17.9,999.5,,4,22.28,105.73,0.07,0.61,72.6,41.8,0.0,76.1,
2026-08-06 08:00:00+00:00,Karachi,24.8607,67.0011,30.9,69,18.1,999.0,,4,22.27,105.67,0.07,0.61,72.18,41.29,0.0,76.1,
2026-08-06 09:00:00+00:00,Karachi,24.8607,67.0011,30.6,70,18.7,998.9,,4,22.33,105.36,0.06,0.62,71.88,40.68,0.0,75.9,
2026-08-06 10:00:00+00:00,Karachi,24.8607,67.0011,30.5,71,18.9,998.4,,4,22.39,104.66,0.06,0.62,72.14,40.54,0.0,75.8,
2026-08-06 11:00:00+00:00,Karachi,24.8607,67.0011,30.4,71,19.5,997.7,,4,22.39,104.08,0.07,0.62,73.15,40.96,0.0,75.8,
2026-08-06 12:00:00+00:00,Karachi,24.8607,67.0011,30.1,72,17.9,997.9,,4,22.52,104.54,0.08,0.62,74.5,41.83,0.0,76.0,
2026-08-06 13:00:00+00:00,Karachi,24.8607,67.0011,29.4,73,17.1,997.9,,4,22.89,106.56,0.09,0.63,75.4,42.7,0.0,76.7,
2026-08-06 14:00:00+00:00,Karachi,24.8607,67.0011,28.8,77,16.7,998.4,,4,23.44,109.34,0.1,0.64,75.2,43.0,0.0,77.9,
2026-08-06 15:00:00+00:00,Karachi,24.8607,67.0011,28.5,78,15.7,998.9,,4,23.99,111.94,0.11,0.65,74.48,42.73,0.0,79.2,
2026-08-06 16:00:00+00:00,Karachi,24.8607,67.0011,28.2,79,16.2,999.8,,4,24.22,112.76,0.11,0.66,73.94,42.16,0.0,79.6,
2026-08-06 17:00:00+00:00,Karachi,24.8607,67.0011,27.8,85,15.0,1000.7,,4,24.25,112.51,0.12,0.66,73.81,41.58,0.0,79.5,
2026-08-06 18:00:00+00:00,Karachi,24.8607,67.0011,27.9,84,13.8,1000.4,,4,24.08,111.69,0.12,0.66,73.3,40.83,0.0,79.1,
2026-08-06 19:00:00+00:00,Karachi,24.8607,67.0011,27.6,85,13.0,1000.3,,4,23.71,110.56,0.12,0.65,72.34,39.86,0.0,78.5,
2026-08-06 20:00:00+00:00,Karachi,24.8607,67.0011,27.5,86,11.8,999.9,,4,23.33,109.3,0.12,0.64,71.23,38.97,0.0,77.9,
2026-08-06 21:00:00+00:00,Karachi,24.8607,67.0011,27.3,87,10.1,999.7,,4,23.22,108.84,0.13,0.64,70.42,38.23,0.0,77.6,
2026-08-06 22:00:00+00:00,Karachi,24.8607,67.0011,27.4,85,12.6,999.1,,4,23.26,108.52,0.13,0.63,70.03,38.02,0.0,77.5,
2026-08-06 23:00:00+00:00,Karachi,24.8607,67.0011,27.3,85,13.2,998.9,,4,23.22,107.18,0.13,0.63,69.72,37.76,0.0,77.3,
2026-08-07 00:00:00+00:00,Karachi,24.8607,67.0011,27.5,84,12.1,999.2,,4,23.05,104.92,0.13,0.64,69.04,37.22,0.0,77.0,
2026-08-07 01:00:00+00:00,Karachi,24.8607,67.0011,27.4,85,11.2,999.5,,4,22.61,100.62,0.13,0.63,68.74,36.95,0.0,76.2,
2026-08-07 02:00:00+00:00,Karachi,24.8607,67.0011,27.9,83,11.3,1000.0,,3,22.08,96.59,0.13,0.62,68.37,36.78,0.0,75.2,
2026-08-07 03:00:00+00:00,Karachi,24.8607,67.0011,28.8,77,14.2,1000.4,,3,21.68,94.6,0.12,0.61,68.18,36.54,0.0,74.4,
2026-08-07 04:00:00+00:00,Karachi,24.8607,67.0011,29.5,72,14.8,1000.8,,3,21.3,94.26,0.11,0.6,67.87,36.18,0.0,73.7,
2026-08-07 05:00:00+00:00,Karachi,24.8607,67.0011,30.5,67,15.0,1001.1,,3,20.95,94.18,0.1,0.59,67.97,35.94,0.0,73.1,
2026-08-07 06:00:00+00:00,Karachi,24.8607,67.0011,30.7,65,16.1,1001.3,,3,20.54,92.66,0.09,0.57,68.17,35.67,0.0,72.3,
2026-08-07 07:00:00+00:00,Karachi,24.8607,67.0011,30.9,65,15.3,1000.9,,3,20.09,92.3,0.07,0.56,68.62,35.4,0.0,71.5,
2026-08-07 08:00:00+00:00,Karachi,24.8607,67.0011,31.7,61,15.4,1000.3,,3,19.74,91.79,0.07,0.55,69.05,35.19,0.0,70.8,
2026-08-07 09:00:00+00:00,Karachi,24.8607,67.0011,31.1,65,16.8,1000.1,,3,19.57,91.08,0.06,0.53,69.12,34.89,0.0,70.5,
2026-08-07 10:00:00+00:00,Karachi,24.8607,67.0011,30.2,70,16.4,999.7,,3,19.52,90.31,0.06,0.52,69.26,34.66,0.0,70.4,
2026-08-07 11:00:00+00:00,Karachi,24.8607,67.0011,30.3,68,16.2,999.0,,3,19.44,89.47,0.06,0.51,69.14,34.44,0.0,70.3,
2026-08-07 12:00:00+00:00,Karachi,24.8607,67.0011,30.0,69,15.3,999.0,,3,19.35,88.63,0.07,0.51,69.16,34.34,0.0,70.1,
2026-08-07 13:00:00+00:00,Karachi,24.8607,67.0011,29.2,72,12.9,999.4,,3,19.35,88.43,0.08,0.51,69.41,34.46,0.0,70.1,
2026-08-07 14:00:00+00:00,Karachi,24.8607,67.0011,28.7,74,13.4,999.7,,3,19.47,89.54,0.09,0.51,69.63,34.55,0.0,70.3,
2026-08-07 15:00:00+00:00,Karachi,24.8607,67.0011,28.4,77,14.5,1000.0,,3,19.8,92.14,0.1,0.51,69.85,34.51,0.0,70.9,
2026-08-07 16:00:00+00:00,Karachi,24.8607,67.0011,28.1,79,12.1,1000.8,,3,20.2,95.23,0.1,0.52,69.91,34.39,0.0,71.7,
2026-08-07 17:00:00+00:00,Karachi,24.8607,67.0011,27.8,81,12.9,1000.9,,3,20.59,98.39,0.11,0.52,69.89,34.3,0.0,72.5,
2026-08-07 18:00:00+00:00,Karachi,24.8607,67.0011,28.1,81,12.0,1001.3,,4,20.83,100.57,0.11,0.51,69.81,34.19,0.0,73.6,
2026-08-07 19:00:00+00:00,Karachi,24.8607,67.0011,28.0,81,11.1,1001.0,,3,20.79,99.15,0.11,0.5,69.45,34.06,0.0,72.9,
2026-08-07 20:00:00+00:00,Karachi,24.8607,67.0011,27.9,81,11.5,1000.7,,3,20.76,97.55,0.11,0.49,69.17,34.13,0.0,72.7,
2026-08-07 21:00:00+00:00,Karachi,24.8607,67.0011,27.7,83,12.4,1000.4,,3,20.89,97.22,0.11,0.48,68.91,34.17,0.0,73.0,
2026-08-07 22:00:00+00:00,Karachi,24.8607,67.0011,27.5,84,12.0,1000.2,,3,21.06,97.18,0.11,0.47,68.68,34.28,0.0,73.3,
2026-08-07 23:00:00+00:00,Karachi,24.8607,67.0011,27.3,85,10.8,1000.0,,3,21.04,95.66,0.11,0.47,68.56,34.5,0.0,73.2,
2026-08-08 00:00:00+00:00,Karachi,24.8607,67.0011,27.3,86,10.8,1000.6,,3,20.95,92.51,0.11,0.46,68.56,34.89,0.0,73.1,
2026-08-08 01:00:00+00:00,Karachi,24.8607,67.0011,27.0,87,9.6,1000.5,,3,20.66,91.2,0.11,0.45,68.8,35.44,0.0,72.5,
2026-08-08 02:00:00+00:00,Karachi,24.8607,67.0011,27.5,84,10.5,1001.0,,3,20.43,90.27,0.11,0.45,68.9,35.79,0.0,72.1,
2026-08-08 03:00:00+00:00,Karachi,24.8607,67.0011,28.3,79,12.2,1001.3,,3,20.16,88.37,0.12,0.45,68.67,36.01,0.0,71.6,
2026-08-08 04:00:00+00:00,Karachi,24.8607,67.0011,29.2,73,13.1,1001.7,,3,19.59,84.75,0.12,0.45,68.4,36.13,0.0,70.5,
2026-08-08 05:00:00+00:00,Karachi,24.8607,67.0011,30.2,67,13.8,1002.0,,3,18.91,80.7,0.11,0.45,68.11,36.17,0.0,69.3,
2026-08-08 06:00:00+00:00,Karachi,24.8607,67.0011,30.3,67,14.6,1002.5,,3,18.17,76.77,0.1,0.45,67.85,36.21,0.0,67.9,
2026-08-08 07:00:00+00:00,Karachi,24.8607,67.0011,29.9,70,15.4,1002.3,,3,17.44,74.01,0.09,0.45,67.56,36.39,0.0,66.5,
2026-08-08 08:00:00+00:00,Karachi,24.8607,67.0011,30.8,66,15.0,1001.9,,3,16.95,73.22,0.08,0.44,67.83,36.78,0.0,65.6,
2026-08-08 09:00:00+00:00,Karachi,24.8607,67.0011,30.9,65,14.4,1001.3,,3,16.96,74.81,0.08,0.43,68.05,37.05,0.0,65.6,
2026-08-08 10:00:00+00:00,Karachi,24.8607,67.0011,30.5,66,13.2,1000.6,,3,17.26,76.56,0.08,0.43,68.35,37.33,0.0,66.2,
2026-08-08 11:00:00+00:00,Karachi,24.8607,67.0011,30.6,64,11.6,1000.1,,3,17.38,75.21,0.08,0.41,68.82,37.54,0.0,66.4,
2026-08-08 12:00:00+00:00,Karachi,24.8607,67.0011,30.6,65,11.7,1000.1,,3,17.32,74.0,0.08,0.4,69.38,37.81,0.0,66.3,
2026-08-08 13:00:00+00:00,Karachi,24.8607,67.0011,29.7,68,11.7,1000.3,,3,17.34,74.62,0.09,0.4,70.08,38.13,0.0,66.4,
2026-08-08 14:00:00+00:00,Karachi,24.8607,67.0011,29.0,72,12.1,1000.8,,3,17.36,75.36,0.1,0.4,70.55,38.19,0.0,66.4,
2026-08-08 15:00:00+00:00,Karachi,24.8607,67.0011,28.4,77,11.9,1001.6,,3,17.4,74.47,0.1,0.4,70.64,37.97,0.0,66.5,
2026-08-08 16:00:00+00:00,Karachi,24.8607,67.0011,28.2,79,11.5,1002.2,,3,17.34,72.14,0.1,0.4,70.42,37.58,0.0,66.4,
2026-08-08 17:00:00+00:00,Karachi,24.8607,67.0011,28.0,80,11.5,1003.0,,3,17.14,68.81,0.1,0.4,70.43,37.33,0.0,66.0,
2026-08-08 18:00:00+00:00,Karachi,24.8607,67.0011,27.9,80,10.5,1003.3,,3,16.86,67.05,0.1,0.39,70.36,37.31,0.0,65.5,
2026-08-08 19:00:00+00:00,Karachi,24.8607,67.0011,27.6,82,9.9,1003.4,,3,16.7,65.45,0.1,0.38,70.15,37.25,0.0,65.2,
2026-08-08 20:00:00+00:00,Karachi,24.8607,67.0011,27.4,83,9.7,1003.2,,3,16.82,64.05,0.11,0.37,70.19,37.32,0.0,65.4,
2026-08-08 21:00:00+00:00,Karachi,24.8607,67.0011,27.2,84,8.7,1002.6,,3,17.12,63.64,0.11,0.36,70.17,37.51,0.0,65.9,
2026-08-08 22:00:00+00:00,Karachi,24.8607,67.0011,27.0,85,7.6,1002.6,,3,17.58,64.8,0.11,0.34,70.31,37.68,0.0,66.8,
2026-08-08 23:00:00+00:00,Karachi,24.8607,67.0011,26.7,87,8.5,1002.3,,3,18.35,68.04,0.11,0.34,70.34,37.79,0.0,68.2,
2026-08-09 00:00:00+00:00,Karachi,24.8607,67.0011,27.1,84,8.5,1002.3,,3,19.28,72.0,0.11,0.34,70.42,37.82,0.0,70.0,
2026-08-09 01:00:00+00:00,Karachi,24.8607,67.0011,27.0,85,7.9,1002.9,,3,19.95,74.12,0.1,0.34,70.49,37.98,0.0,71.2,
2026-08-09 02:00:00+00:00,Karachi,24.8607,67.0011,27.5,83,8.9,1003.3,,3,20.21,74.18,0.11,0.33,70.74,38.34,0.0,71.7,
2026-08-09 03:00:00+00:00,Karachi,24.8607,67.0011,28.5,77,10.7,1003.6,,3,20.25,73.32,0.11,0.32,71.0,38.95,0.0,71.8,
2026-08-09 04:00:00+00:00,Karachi,24.8607,67.0011,29.6,71,10.4,1003.7,,3,20.33,74.07,0.09,0.31,71.18,39.71,0.0,71.9,
2026-08-09 05:00:00+00:00,Karachi,24.8607,67.0011,30.8,65,10.2,1003.7,,3,20.31,74.37,0.08,0.31,71.56,40.65,0.0,71.9,
2026-08-09 06:00:00+00:00,Karachi,24.8607,67.0011,31.1,64,10.4,1003.8,,3,20.01,72.13,0.06,0.3,72.02,41.55,0.0,71.3,
2026-08-09 07:00:00+00:00,Karachi,24.8607,67.0011,30.7,67,12.5,1003.4,,3,19.57,70.84,0.05,0.29,72.53,42.07,0.0,70.5,
2026-08-09 08:00:00+00:00,Karachi,24.8607,67.0011,30.7,68,14.5,1003.1,,3,19.11,70.5,0.05,0.28,72.9,42.17,0.0,69.6,
2026-08-09 09:00:00+00:00,Karachi,24.8607,67.0011,31.0,67,15.0,1002.7,,3,18.65,70.23,0.05,0.29,72.81,41.72,0.0,68.8,
2026-08-09 10:00:00+00:00,Karachi,24.8607,67.0011,30.6,68,15.9,1002.1,,3,18.23,69.44,0.04,0.29,72.61,40.89,0.0,68.0,
2026-08-09 11:00:00+00:00,Karachi,24.8607,67.0011,30.2,69,15.8,1001.8,,3,17.93,68.9,0.05,0.3,72.13,39.8,0.0,67.5,
2026-08-09 12:00:00+00:00,Karachi,24.8607,67.0011,30.1,68,15.8,1001.9,,3,17.81,69.0,0.05,0.32,71.56,38.81,0.0,67.2,
2026-08-09 13:00:00+00:00,Karachi,24.8607,67.0011,29.1,73,14.0,1001.9,,3,17.88,69.37,0.06,0.34,71.07,38.2,0.0,67.4,
2026-08-09 14:00:00+00:00,Karachi,24.8607,67.0011,28.6,75,12.5,1002.4,,3,17.88,69.2,0.08,0.35,70.92,37.85,0.0,67.4,
2026-08-09 15:00:00+00:00,Karachi,24.8607,67.0011,28.3,77,11.1,1002.9,,3,17.79,68.47,0.08,0.35,71.09,37.83,0.0,67.2,
2026-08-09 16:00:00+00:00,Karachi,24.8607,67.0011,28.2,78,12.9,1003.2,,3,17.64,67.44,0.08,0.35,71.32,37.97,0.0,66.9,
2026-08-09 17:00:00+00:00,Karachi,24.8607,67.0011,28.0,79,12.5,1004.0,,3,17.45,66.46,0.08,0.35,71.73,38.26,0.0,66.6,
2026-08-09 18:00:00+00:00,Karachi,24.8607,67.0011,28.2,78,14.3,1003.8,,3,17.23,66.23,0.08,0.35,72.23,38.71,0.0,66.1,
2026-08-09 19:00:00+00:00,Karachi,24.8607,67.0011,27.8,80,15.1,1003.4,,3,17.05,66.81,0.08,0.35,72.77,39.21,0.0,65.8,
2026-08-09 20:00:00+00:00,Karachi,24.8607,67.0011,27.5,83,12.7,1003.1,,3,17.12,68.9,0.08,0.35,73.28,39.71,0.0,65.9,
2026-08-09 21:00:00+00:00,Karachi,24.8607,67.0011,27.3,84,9.7,1002.7,,3,17.48,72.35,0.08,0.36,73.64,40.07,0.0,66.6,
2026-08-09 22:00:00+00:00,Karachi,24.8607,67.0011,27.1,86,9.4,1002.4,,3,17.99,75.2,0.08,0.36,74.1,40.31,0.0,67.6,
2026-08-09 23:00:00+00:00,Karachi,24.8607,67.0011,27.0,86,11.2,1002.1,,3,18.29,75.39,0.09,0.36,73.92,40.18,0.0,68.1,
2026-08-10 00:00:00+00:00,Karachi,24.8607,67.0011,27.3,84,12.9,1002.4,,3,18.24,73.02,0.09,0.35,73.57,39.65,0.0,68.0,
2026-08-10 01:00:00+00:00,Karachi,24.8607,67.0011,27.2,85,11.5,1002.5,,3,17.81,67.83,0.09,0.34,72.91,38.93,0.0,67.2,
2026-08-10 02:00:00+00:00,Karachi,24.8607,67.0011,27.6,83,13.0,1002.9,,3,17.17,61.57,0.1,0.35,72.31,38.12,0.0,66.0,
2026-08-10 03:00:00+00:00,Karachi,24.8607,67.0011,28.5,78,13.6,1003.2,,3,16.4,56.02,0.1,0.34,71.76,37.58,0.0,64.6,
2026-08-10 04:00:00+00:00,Karachi,24.8607,67.0011,29.6,71,16.0,1003.4,,3,15.67,52.85,0.09,0.33,71.43,37.49,0.0,63.2,
2026-08-10 05:00:00+00:00,Karachi,24.8607,67.0011,30.7,64,16.9,1003.4,,3,15.18,52.1,0.07,0.33,71.17,37.62,0.0,62.3,
2026-08-10 06:00:00+00:00,Karachi,24.8607,67.0011,30.6,66,18.9,1003.4,,3,14.85,52.07,0.06,0.32,70.74,37.71,0.0,61.7,
2026-08-10 07:00:00+00:00,Karachi,24.8607,67.0011,31.1,64,18.9,1002.7,,3,14.57,51.89,0.05,0.31,70.56,37.63,0.0,61.2,
2026-08-10 08:00:00+00:00,Karachi,24.8607,67.0011,30.8,65,18.6,1002.1,,3,14.19,50.79,0.05,0.31,70.38,37.51,0.0,60.5,
2026-08-10 09:00:00+00:00,Karachi,24.8607,67.0011,30.6,67,18.8,1001.6,,2,13.73,49.25,0.05,0.31,70.38,37.49,0.0,59.6,
2026-08-10 10:00:00+00:00,Karachi,24.8607,67.0011,30.0,70,19.5,1001.1,,2,13.38,48.78,0.05,0.31,70.41,37.55,0.0,59.0,
2026-08-10 11:00:00+00:00,Karachi,24.8607,67.0011,29.6,73,19.5,1000.4,,3,13.4,50.41,0.05,0.34,69.92,37.23,0.0,59.0,
2026-08-10 12:00:00+00:00,Karachi,24.8607,67.0011,29.5,70,20.2,1000.4,,3,13.73,53.36,0.05,0.37,69.2,36.82,0.0,59.6,
2026-08-10 13:00:00+00:00,Karachi,24.8607,67.0011,28.5,74,20.1,1000.4,,3,14.2,56.45,0.06,0.39,68.62,36.7,0.0,60.5,
2026-08-10 14:00:00+00:00,Karachi,24.8607,67.0011,27.8,77,18.2,1000.8,,3,14.49,58.1,0.08,0.4,68.64,36.99,0.0,61.0,
2026-08-10 15:00:00+00:00,Karachi,24.8607,67.0011,27.7,77,17.1,1001.3,,3,14.58,58.73,0.08,0.4,69.23,37.65,0.0,61.2,
2026-08-10 16:00:00+00:00,Karachi,24.8607,67.0011,27.7,77,14.5,1001.9,,3,14.56,59.07,0.08,0.4,70.29,38.32,0.0,61.2,
2026-08-10 17:00:00+00:00,Karachi,24.8607,67.0011,27.5,81,13.6,1002.7,,3,14.75,60.72,0.08,0.41,70.96,38.7,0.0,61.5,
2026-08-10 18:00:00+00:00,Karachi,24.8607,67.0011,27.8,81,14.6,1002.0,,3,15.27,64.24,0.09,0.43,71.26,38.6,0.0,62.5,
2026-08-10 19:00:00+00:00,Karachi,24.8607,67.0011,27.4,83,14.0,1001.4,,3,15.85,66.78,0.09,0.45,71.2,38.24,0.0,63.6,
2026-08-10 20:00:00+00:00,Karachi,24.8607,67.0011,27.2,85,13.4,1000.9,,3,16.4,70.21,0.09,0.45,71.16,37.83,0.0,64.6,
2026-08-10 21:00:00+00:00,Karachi,24.8607,67.0011,27.1,86,12.9,1000.1,,3,16.93,73.6,0.1,0.44,71.27,37.49,0.0,65.6,
2026-08-10 22:00:00+00:00,Karachi,24.8607,67.0011,27.1,86,12.5,1000.1,,3,16.86,73.63,0.1,0.42,71.72,37.9,0.0,65.5,
2026-08-10 23:00:00+00:00,Karachi,24.8607,67.0011,27.1,86,12.7,999.9,,3,17.06,73.95,0.1,0.42,71.91,37.84,0.0,65.8,
2026-08-11 00:00:00+00:00,Karachi,24.8607,67.0011,27.4,83,15.0,1000.4,,3,17.54,74.85,0.1,0.42,71.6,37.31,0.0,66.7,
2026-08-11 01:00:00+00:00,Karachi,24.8607,67.0011,27.4,83,14.5,1000.7,,3,17.56,73.66,0.1,0.42,71.35,37.26,0.0,66.8,
2026-08-11 02:00:00+00:00,Karachi,24.8607,67.0011,27.7,83,14.1,1001.2,,3,16.97,71.25,0.1,0.41,71.77,38.0,0.0,65.7,
2026-08-11 03:00:00+00:00,Karachi,24.8607,67.0011,28.7,76,16.5,1001.4,,3,16.53,70.76,0.1,0.39,72.39,39.17,0.0,64.8,
2026-08-11 04:00:00+00:00,Karachi,24.8607,67.0011,29.2,72,18.1,1001.7,,3,16.52,72.25,0.09,0.39,72.69,40.16,0.0,64.8,
2026-08-11 05:00:00+00:00,Karachi,24.8607,67.0011,29.5,71,18.4,1001.8,,3,16.86,74.87,0.08,0.39,72.5,40.54,0.0,65.5,
2026-08-11 06:00:00+00:00,Karachi,24.8607,67.0011,30.1,69,18.9,1002.1,,3,17.15,76.76,0.07,0.41,72.07,40.46,0.0,66.0,
2026-08-11 07:00:00+00:00,Karachi,24.8607,67.0011,30.2,69,19.2,1001.4,,3,17.24,77.29,0.06,0.41,71.7,40.38,0.0,66.2,
2026-08-11 08:00:00+00:00,Karachi,24.8607,67.0011,30.1,69,18.3,1000.8,,3,17.24,77.34,0.05,0.42,71.54,40.65,0.0,66.2,
2026-08-11 09:00:00+00:00,Karachi,24.8607,67.0011,30.2,71,17.1,1000.4,,3,17.18,76.96,0.05,0.41,72.03,41.28,0.0,66.1,
2026-08-11 10:00:00+00:00,Karachi,24.8607,67.0011,29.8,72,16.9,999.5,,3,16.95,75.77,0.05,0.41,72.84,42.17,0.0,65.6,
2026-08-11 11:00:00+00:00,Karachi,24.8607,67.0011,29.9,72,16.9,998.6,,3,16.64,74.38,0.05,0.4,73.19,42.5,0.0,65.0,
2026-08-11 12:00:00+00:00,Karachi,24.8607,67.0011,29.5,73,16.1,999.0,,3,16.6,74.26,0.05,0.41,73.13,42.39,0.0,65.0,
2026-08-11 13:00:00+00:00,Karachi,24.8607,67.0011,28.6,77,15.6,998.8,,3,16.97,76.25,0.07,0.43,72.75,42.37,0.0,65.7,
2026-08-11 14:00:00+00:00,Karachi,24.8607,67.0011,28.0,80,14.5,999.5,,3,17.67,79.86,0.09,0.46,72.39,42.44,0.0,67.0,
2026-08-11 15:00:00+00:00,Karachi,24.8607,67.0011,27.6,83,12.7,1000.4,,3,18.4,82.98,0.09,0.48,72.29,43.09,0.0,68.3,
2026-08-11 16:00:00+00:00,Karachi,24.8607,67.0011,27.3,85,11.6,1001.1,,3,18.85,83.8,0.1,0.49,72.9,44.25,0.0,69.2,
2026-08-11 17:00:00+00:00,Karachi,24.8607,67.0011,27.1,87,11.2,1001.3,,3,19.07,83.27,0.1,0.49,73.85,45.47,0.0,69.6,
2026-08-11 18:00:00+00:00,Karachi,24.8607,67.0011,27.4,84,11.9,1001.2,,3,19.27,82.63,0.1,0.49,74.59,46.31,0.0,69.9,
2026-08-11 19:00:00+00:00,Karachi,24.8607,67.0011,27.0,86,10.1,1001.1,,3,19.43,82.3,0.1,0.48,74.64,46.47,0.0,70.2,
2026-08-11 20:00:00+00:00,Karachi,24.8607,67.0011,26.8,87,9.2,1001.1,,3,19.65,82.67,0.1,0.48,74.69,46.37,0.0,70.7,
2026-08-11 21:00:00+00:00,Karachi,24.8607,67.0011,26.7,88,9.7,1000.8,,3,19.9,83.53,0.1,0.48,74.34,46.17,0.0,71.1,
2026-08-11 22:00:00+00:00,Karachi,24.8607,67.0011,26.4,89,10.5,1000.6,,3,20.14,84.6,0.1,0.48,74.25,46.04,0.0,71.6,
2026-08-11 23:00:00+00:00,Karachi,24.8607,67.0011,26.5,88,10.3,1000.9,,3,20.33,85.92,0.1,0.48,73.82,45.98,0.0,71.9,
2026-08-12 00:00:00+00:00,Karachi,24.8607,67.0011,27.0,88,10.0,1001.2,,3,20.45,87.16,0.1,0.47,73.5,45.84,0.0,72.1,
2026-08-12 01:00:00+00:00,Karachi,24.8607,67.0011,26.9,88,10.9,1001.5,,3,20.25,83.06,0.1,0.46,73.09,45.75,0.0,71.8,
2026-08-12 02:00:00+00:00,Karachi,24.8607,67.0011,27.1,87,11.5,1002.0,,3,19.82,78.55,0.1,0.43,72.99,45.78,0.0,71.0,
2026-08-12 03:00:00+00:00,Karachi,24.8607,67.0011,27.9,81,13.1,1002.4,,3,19.58,77.48,0.11,0.42,72.87,45.68,0.0,70.5,
2026-08-12 04:00:00+00:00,Karachi,24.8607,67.0011,28.9,75,13.1,1002.7,,3,19.76,81.21,0.1,0.42,72.74,45.32,0.0,70.9,
2026-08-12 05:00:00+00:00,Karachi,24.8607,67.0011,29.6,72,13.9,1002.7,,3,20.21,86.12,0.09,0.43,72.48,44.55,0.0,71.7,
2026-08-12 06:00:00+00:00,Karachi,24.8607,67.0011,30.0,69,14.7,1002.6,,3,20.43,88.16,0.08,0.43,72.4,43.7,0.0,72.1,
2026-08-12 07:00:00+00:00,Karachi,24.8607,67.0011,29.8,70,15.2,1002.0,,3,20.29,87.98,0.07,0.43,72.4,42.83,0.0,71.8,
2026-08-12 08:00:00+00:00,Karachi,24.8607,67.0011,30.6,67,14.9,1001.8,,3,19.95,86.47,0.06,0.42,72.65,41.96,0.0,71.2,
2026-08-12 09:00:00+00:00,Karachi,24.8607,67.0011,30.5,67,13.9,1001.4,,3,19.44,84.13,0.06,0.41,72.93,41.14,0.0,70.3,
2026-08-12 10:00:00+00:00,Karachi,24.8607,67.0011,30.6,67,13.1,1001.1,,3,18.84,81.46,0.06,0.4,73.47,40.62,0.0,69.1,
2026-08-12 11:00:00+00:00,Karachi,24.8607,67.0011,30.1,70,13.1,1000.9,,3,18.18,78.4,0.06,0.39,73.87,40.31,0.0,67.9,
2026-08-12 12:00:00+00:00,Karachi,24.8607,67.0011,29.7,70,13.9,1000.8,,3,17.62,75.99,0.07,0.38,74.21,40.18,0.0,66.9,
2026-08-12 13:00:00+00:00,Karachi,24.8607,67.0011,28.9,74,13.7,1001.2,,3,17.33,74.57,0.08,0.38,74.47,40.05,0.0,66.3,
2026-08-12 14:00:00+00:00,Karachi,24.8607,67.0011,28.4,78,12.0,1001.7,,3,17.18,73.74,0.09,0.39,74.59,39.79,0.0,66.1,
2026-08-12 15:00:00+00:00,Karachi,24.8607,67.0011,28.2,79,10.7,1002.5,,3,17.1,72.98,0.09,0.4,74.56,39.58,0.0,65.9,
2026-08-12 16:00:00+00:00,Karachi,24.8607,67.0011,28.1,80,10.7,1003.2,,3,17.0,72.05,0.09,0.4,74.54,39.57,0.0,65.7,
2026-08-12 17:00:00+00:00,Karachi,24.8607,67.0011,28.0,81,10.4,1003.9,,3,16.91,71.24,0.09,0.4,74.47,39.67,0.0,65.6,
2026-08-12 18:00:00+00:00,Karachi,24.8607,67.0011,28.0,81,12.8,1004.1,,3,16.74,70.16,0.09,0.41,74.31,39.35,0.0,65.2,
2026-08-12 19:00:00+00:00,Karachi,24.8607,67.0011,27.5,84,11.7,1003.8,,3,16.65,69.39,0.09,0.41,73.55,38.49,0.0,65.1,
2026-08-12 20:00:00+00:00,Karachi,24.8607,67.0011,27.3,85,11.7,1003.4,,3,16.66,69.19,0.1,0.42,72.77,37.55,0.0,65.1,
2026-08-12 21:00:00+00:00,Karachi,24.8607,67.0011,27.0,86,10.7,1003.1,,3,16.75,69.53,0.1,0.42,72.23,36.84,0.0,65.3,
2026-08-12 22:00:00+00:00,Karachi,24.8607,67.0011,26.9,87,9.7,1003.1,,3,16.79,68.58,0.1,0.41,72.0,36.59,0.0,65.3,
2026-08-12 23:00:00+00:00,Karachi,24.8607,67.0011,26.8,88,11.0,1002.9,,3,16.76,65.32,0.1,0.4,71.85,36.85,0.0,65.3,
2026-08-13 00:00:00+00:00,Karachi,24.8607,67.0011,27.1,86,10.7,1002.9,,3,16.72,62.71,0.1,0.38,72.05,37.49,0.0,65.2,
2026-08-13 01:00:00+00:00,Karachi,24.8607,67.0011,27.0,86,10.7,1003.2,,3,16.81,62.8,0.1,0.37,72.15,38.25,0.0,65.4,
2026-08-13 02:00:00+00:00,Karachi,24.8607,67.0011,27.0,86,11.9,1003.3,,3,16.95,64.72,0.1,0.37,72.43,39.04,0.0,65.6,
2026-08-13 03:00:00+00:00,Karachi,24.8607,67.0011,28.2,79,14.2,1003.4,,3,17.1,66.53,0.1,0.37,72.33,39.59,0.0,65.9,
2026-08-13 04:00:00+00:00,Karachi,24.8607,67.0011,29.4,73,15.3,1003.5,,3,17.07,67.26,0.08,0.36,72.11,40.1,0.0,65.8,
2026-08-13 05:00:00+00:00,Karachi,24.8607,67.0011,30.1,68,15.1,1003.7,,3,17.03,68.42,0.07,0.36,71.78,40.39,0.0,65.8,
2026-08-13 06:00:00+00:00,Karachi,24.8607,67.0011,30.2,67,15.5,1004.3,,3,17.0,69.51,0.06,0.37,71.43,40.3,0.0,65.7,
2026-08-13 07:00:00+00:00,Karachi,24.8607,67.0011,30.2,67,15.7,1003.8,,3,16.9,68.98,0.05,0.37,70.82,39.86,0.0,65.5,
2026-08-13 08:00:00+00:00,Karachi,24.8607,67.0011,30.5,66,16.0,1003.3,,3,16.71,66.55,0.05,0.37,70.23,39.2,0.0,65.2,
2026-08-13 09:00:00+00:00,Karachi,24.8607,67.0011,30.9,64,16.1,1002.6,,3,16.47,64.08,0.05,0.37,69.76,38.7,0.0,64.7,
2026-08-13 10:00:00+00:00,Karachi,24.8607,67.0011,30.5,64,16.0,1002.2,,3,16.24,63.09,0.05,0.37,69.88,38.58,0.0,64.3,
2026-08-13 11:00:00+00:00,Karachi,24.8607,67.0011,30.2,66,16.1,1001.4,,3,16.02,64.51,0.05,0.38,69.98,38.72,0.0,63.9,
2026-08-13 12:00:00+00:00,Karachi,24.8607,67.0011,29.6,69,16.8,1001.8,,3,15.72,65.39,0.05,0.4,70.08,39.12,0.0,63.3,
2026-08-13 13:00:00+00:00,Karachi,24.8607,67.0011,28.7,74,14.8,1002.0,,3,15.38,63.0,0.06,0.41,70.17,39.55,0.0,62.7,
2026-08-13 14:00:00+00:00,Karachi,24.8607,67.0011,28.0,77,14.6,1002.2,,3,14.98,59.9,0.08,0.41,70.17,39.87,0.0,62.0,
2026-08-13 15:00:00+00:00,Karachi,24.8607,67.0011,27.9,77,14.5,1002.8,,3,14.48,57.66,0.08,0.41,70.14,40.19,0.0,61.0,
2026-08-13 16:00:00+00:00,Karachi,24.8607,67.0011,27.8,77,15.6,1003.2,,3,14.08,57.57,0.08,0.41,70.33,40.56,0.0,60.3,
2026-08-13 17:00:00+00:00,Karachi,24.8607,67.0011,27.4,81,15.0,1003.8,,3,14.16,59.68,0.08,0.42,70.46,40.82,0.0,60.4,
2026-08-13 18:00:00+00:00,Karachi,24.8607,67.0011,27.3,82,15.5,1003.6,,3,14.88,63.98,0.08,0.43,70.22,40.75,0.0,61.8,
2026-08-13 19:00:00+00:00,Karachi,24.8607,67.0011,27.1,82,13.2,1003.5,,3,15.89,69.07,0.09,0.44,69.9,40.48,0.0,63.7,
2026-08-13 20:00:00+00:00,Karachi,24.8607,67.0011,26.7,85,12.1,1003.1,,3,16.66,73.03,0.09,0.45,70.14,40.52,0.0,65.1,
2026-08-13 21:00:00+00:00,Karachi,24.8607,67.0011,26.6,86,11.7,1002.4,,3,16.99,74.78,0.09,0.45,70.79,40.86,0.0,65.7,
2026-08-13 22:00:00+00:00,Karachi,24.8607,67.0011,26.7,85,12.7,1002.0,,3,16.92,73.49,0.09,0.43,71.49,41.39,0.0,65.6,
2026-08-13 23:00:00+00:00,Karachi,24.8607,67.0011,26.6,85,13.0,1001.9,,3,16.93,72.12,0.09,0.42,71.92,42.0,0.0,65.6,
2026-08-14 00:00:00+00:00,Karachi,24.8607,67.0011,26.8,82,12.8,1001.5,,3,17.29,73.84,0.09,0.42,71.69,42.5,0.0,66.3,
2026-08-14 01:00:00+00:00,Karachi,24.8607,67.0011,26.8,82,13.5,1001.7,,3,17.79,75.69,0.08,0.42,71.16,43.14,0.0,67.2,
2026-08-14 02:00:00+00:00,Karachi,24.8607,67.0011,27.1,81,14.4,1002.1,,3,18.13,76.51,0.09,0.41,70.61,44.1,0.0,67.8,
2026-08-14 03:00:00+00:00,Karachi,24.8607,67.0011,28.1,75,15.6,1002.5,,3,18.35,77.17,0.09,0.41,69.83,45.29,0.0,68.2,
2026-08-14 04:00:00+00:00,Karachi,24.8607,67.0011,29.0,69,16.4,1002.9,,3,18.35,76.91,0.08,0.41,68.94,46.48,0.0,68.2,
2026-08-14 05:00:00+00:00,Karachi,24.8607,67.0011,29.6,66,17.3,1002.9,,3,18.25,76.81,0.06,0.41,67.79,47.48,0.0,68.0,
2026-08-14 06:00:00+00:00,Karachi,24.8607,67.0011,30.2,63,19.1,1003.0,,3,18.17,76.59,0.05,0.42,66.69,48.02,0.0,67.9,
2026-08-14 07:00:00+00:00,Karachi,24.8607,67.0011,29.6,67,18.2,1003.0,,3,17.81,74.81,0.05,0.42,66.16,48.11,0.0,67.2,
2026-08-14 08:00:00+00:00,Karachi,24.8607,67.0011,29.7,69,19.3,1002.6,,3,17.06,71.07,0.04,0.41,66.34,47.74,0.0,65.8,
2026-08-14 09:00:00+00:00,Karachi,24.8607,67.0011,29.2,73,19.2,1002.6,,3,16.11,66.73,0.04,0.4,66.83,46.71,0.0,64.1,
2026-08-14 10:00:00+00:00,Karachi,24.8607,67.0011,29.6,71,19.3,1002.2,,3,16.04,66.67,0.05,0.4,67.26,44.96,0.0,63.9,
2026-08-14 11:00:00+00:00,Karachi,24.8607,67.0011,29.1,72,19.6,1001.3,,3,16.39,68.88,0.05,0.42,67.3,42.6,0.0,64.6,
2026-08-14 12:00:00+00:00,Karachi,24.8607,67.0011,29.3,69,18.0,1001.4,,3,16.65,70.21,0.06,0.44,67.45,40.44,0.0,65.1,
2026-08-14 13:00:00+00:00,Karachi,24.8607,67.0011,28.6,73,16.4,1001.6,,3,16.49,69.28,0.07,0.45,68.46,39.2,0.0,64.8,
2026-08-14 14:00:00+00:00,Karachi,24.8607,67.0011,28.1,75,16.3,1001.8,,3,16.16,67.77,0.08,0.45,69.6,38.76,0.0,64.2,
2026-08-14 15:00:00+00:00,Karachi,24.8607,67.0011,27.7,77,15.1,1002.1,,3,15.92,67.34,0.09,0.45,70.48,38.59,0.0,63.7,
2026-08-14 16:00:00+00:00,Karachi,24.8607,67.0011,27.5,78,14.0,1002.7,,3,15.9,68.29,0.09,0.46,70.65,38.32,0.0,63.7,
2026-08-14 17:00:00+00:00,Karachi,24.8607,67.0011,27.3,80,13.4,1003.3,,3,15.97,68.97,0.09,0.45,70.48,38.09,0.0,63.8,
2026-08-14 18:00:00+00:00,Karachi,24.8607,67.0011,27.4,80,14.9,1002.8,,3,15.95,69.52,0.09,0.44,70.55,38.08,0.0,63.8,
2026-08-14 19:00:00+00:00,Karachi,24.8607,67.0011,27.1,82,12.5,1002.6,,3,15.88,67.97,0.09,0.43,70.51,38.43,0.0,63.6,
2026-08-14 20:00:00+00:00,Karachi,24.8607,67.0011,26.9,83,11.4,1002.2,,3,16.58,70.11,0.09,0.43,70.67,39.1,0.0,64.9,
2026-08-14 21:00:00+00:00,Karachi,24.8607,67.0011,27.0,82,11.7,1002.0,,3,17.6,73.17,0.09,0.43,70.52,39.69,0.0,66.8,
2026-08-14 22:00:00+00:00,Karachi,24.8607,67.0011,27.0,83,12.7,1001.8,,3,17.86,73.39,0.1,0.43,70.22,40.08,0.0,67.3,
2026-08-14 23:00:00+00:00,Karachi,24.8607,67.0011,26.9,85,13.2,1001.8,,3,17.56,71.71,0.1,0.43,69.51,40.25,0.0,66.8,
2026-08-15 00:00:00+00:00,Karachi,24.8607,67.0011,27.3,82,13.4,1001.8,,3,17.39,72.26,0.1,0.44,68.8,40.41,0.0,66.4,
2026-08-15 01:00:00+00:00,Karachi,24.8607,67.0011,27.2,83,12.4,1002.1,,3,17.15,74.88,0.09,0.44,68.43,40.93,0.0,66.0,
2026-08-15 02:00:00+00:00,Karachi,24.8607,67.0011,27.4,82,12.0,1002.5,,3,17.01,76.78,0.09,0.44,68.36,41.89,0.0,65.7,
2026-08-15 03:00:00+00:00,Karachi,24.8607,67.0011,27.9,78,13.8,1002.8,,3,17.09,78.02,0.1,0.44,68.32,43.0,0.0,65.9,
2026-08-15 04:00:00+00:00,Karachi,24.8607,67.0011,28.5,75,14.9,1003.3,,3,17.09,77.52,0.09,0.43,68.22,44.08,0.0,65.9,
2026-08-15 05:00:00+00:00,Karachi,24.8607,67.0011,29.3,71,15.6,1003.4,,3,17.08,76.47,0.08,0.43,67.99,45.02,0.0,65.9,
2026-08-15 06:00:00+00:00,Karachi,24.8607,67.0011,30.0,67,16.1,1003.6,,3,17.06,74.94,0.07,0.42,67.77,45.67,0.0,65.8,
2026-08-15 07:00:00+00:00,Karachi,24.8607,67.0011,29.5,71,16.7,1003.4,,3,16.91,71.47,0.06,0.41,67.44,45.86,0.0,65.6,
2026-08-15 08:00:00+00:00,Karachi,24.8607,67.0011,30.2,68,16.1,1003.0,,3,16.61,68.25,0.06,0.4,67.12,45.66,0.0,65.0,
2026-08-15 09:00:00+00:00,Karachi,24.8607,67.0011,30.1,70,16.6,1002.5,,3,16.26,65.47,0.05,0.39,66.98,45.02,0.0,64.3,
2026-08-15 10:00:00+00:00,Karachi,24.8607,67.0011,29.7,73,16.9,1001.8,,3,16.0,63.19,0.05,0.39,66.98,44.18,0.0,63.9,
2026-08-15 11:00:00+00:00,Karachi,24.8607,67.0011,29.5,73,16.4,1001.6,,3,15.77,60.99,0.05,0.38,67.05,43.31,0.0,63.4,
2026-08-15 12:00:00+00:00,Karachi,24.8607,67.0011,29.1,75,15.9,1001.8,,3,15.46,58.59,0.06,0.38,67.09,42.6,0.0,62.8,
2026-08-15 13:00:00+00:00,Karachi,24.8607,67.0011,28.4,77,13.9,1001.9,,3,15.13,57.65,0.07,0.38,67.21,42.28,0.0,62.2,
2026-08-15 14:00:00+00:00,Karachi,24.8607,67.0011,27.7,81,12.5,1002.1,,3,14.93,57.77,0.08,0.38,67.5,42.14,0.0,61.9,
2026-08-15 15:00:00+00:00,Karachi,24.8607,67.0011,27.5,82,11.7,1002.6,,3,15.11,58.97,0.09,0.38,67.56,42.17,0.0,62.2,
2026-08-15 16:00:00+00:00,Karachi,24.8607,67.0011,27.4,83,12.7,1003.2,,3,15.46,60.91,0.09,0.38,67.62,42.32,0.0,62.8,
2026-08-15 17:00:00+00:00,Karachi,24.8607,67.0011,27.2,85,12.5,1003.3,,3,16.07,64.21,0.09,0.39,67.73,42.58,0.0,64.0,
2026-08-15 18:00:00+00:00,Karachi,24.8607,67.0011,27.4,85,12.6,1003.2,,3,16.95,69.42,0.08,0.41,67.67,42.88,0.0,65.6,
2026-08-15 19:00:00+00:00,Karachi,24.8607,67.0011,27.1,86,11.5,1003.2,,3,17.98,76.09,0.08,0.43,67.53,43.13,0.0,67.5,
2026-08-15 20:00:00+00:00,Karachi,24.8607,67.0011,27.1,86,10.9,1002.7,,3,18.96,81.2,0.08,0.44,67.48,43.41,0.0,69.4,
2026-08-15 21:00:00+00:00,Karachi,24.8607,67.0011,27.0,86,10.9,1001.9,,3,19.68,83.36,0.08,0.44,67.7,43.64,0.0,70.7,
2026-08-15 22:00:00+00:00,Karachi,24.8607,67.0011,26.6,89,10.9,1001.7,,3,20.09,84.0,0.08,0.44,68.27,44.01,0.0,71.5,
2026-08-15 23:00:00+00:00,Karachi,24.8607,67.0011,26.6,89,11.8,1001.5,,3,20.29,86.41,0.08,0.43,68.93,44.37,0.0,71.8,
2026-08-16 00:00:00+00:00,Karachi,24.8607,67.0011,27.0,88,12.8,1001.4,,3,20.38,90.12,0.08,0.44,69.56,44.71,0.0,72.0,
2026-08-16 01:00:00+00:00,Karachi,24.8607,67.0011,27.1,87,12.2,1001.7,,3,20.26,92.05,0.08,0.44,69.98,45.05,0.0,71.8,
2026-08-16 02:00:00+00:00,Karachi,24.8607,67.0011,27.3,85,11.7,1001.9,,3,20.0,91.8,0.09,0.43,70.46,45.36,0.0,71.3,
2026-08-16 03:00:00+00:00,Karachi,24.8607,67.0011,27.9,82,11.9,1002.1,,3,19.6,89.66,0.09,0.42,70.83,45.76,0.0,70.6,
2026-08-16 04:00:00+00:00,Karachi,24.8607,67.0011,29.2,74,13.5,1002.3,,3,19.06,87.64,0.08,0.4,71.15,46.08,0.0,69.6,
2026-08-16 05:00:00+00:00,Karachi,24.8607,67.0011,29.9,70,16.8,1001.9,,3,18.77,86.68,0.07,0.4,71.27,46.38,0.0,69.0,
2026-08-16 06:00:00+00:00,Karachi,24.8607,67.0011,29.4,73,18.0,1002.2,,3,18.67,85.93,0.05,0.39,71.29,46.55,0.0,68.8,
2026-08-16 07:00:00+00:00,Karachi,24.8607,67.0011,29.3,74,17.7,1001.8,,3,18.74,85.84,0.05,0.39,70.88,46.25,0.0,69.0,
2026-08-16 08:00:00+00:00,Karachi,24.8607,67.0011,29.7,72,17.7,1001.2,,3,18.92,86.72,0.04,0.4,70.07,45.72,0.0,69.3,
2026-08-16 09:00:00+00:00,Karachi,24.8607,67.0011,29.9,70,16.8,1000.7,,3,19.09,87.89,0.04,0.41,68.98,45.16,0.0,69.6,
2026-08-16 10:00:00+00:00,Karachi,24.8607,67.0011,29.7,71,16.5,1000.5,,3,19.04,86.46,0.05,0.42,67.99,44.97,0.0,69.5,
2026-08-16 11:00:00+00:00,Karachi,24.8607,67.0011,29.2,74,16.9,1000.3,,3,18.54,82.07,0.05,0.42,67.05,45.13,0.0,68.6,
2026-08-16 12:00:00+00:00,Karachi,24.8607,67.0011,29.0,75,17.5,1000.6,,3,17.92,77.9,0.06,0.43,66.31,45.75,0.0,67.4,
2026-08-16 13:00:00+00:00,Karachi,24.8607,67.0011,28.4,76,17.1,1001.0,,3,17.63,76.27,0.07,0.44,65.93,46.46,0.0,66.9,
2026-08-16 14:00:00+00:00,Karachi,24.8607,67.0011,27.8,79,16.7,1001.4,,3,17.61,76.9,0.09,0.45,65.88,46.94,0.0,66.9,
2026-08-16 15:00:00+00:00,Karachi,24.8607,67.0011,27.7,81,16.4,1001.9,,3,17.73,79.04,0.09,0.47,65.82,47.13,0.0,67.1,
2026-08-16 16:00:00+00:00,Karachi,24.8607,67.0011,27.5,81,16.2,1002.7,,3,17.86,82.4,0.09,0.48,65.75,47.01,0.0,67.3,
2026-08-16 17:00:00+00:00,Karachi,24.8607,67.0011,27.2,84,14.6,1003.2,,3,17.98,84.53,0.09,0.49,65.92,46.7,0.0,67.5,
2026-08-16 18:00:00+00:00,Karachi,24.8607,67.0011,27.3,83,14.4,1002.8,,3,18.35,87.23,0.09,0.49,66.32,46.32,0.0,68.2,
2026-08-16 19:00:00+00:00,Karachi,24.8607,67.0011,27.0,83,13.7,1002.6,,3,18.72,88.22,0.09,0.49,66.75,45.7,0.0,68.9,
2026-08-16 20:00:00+00:00,Karachi,24.8607,67.0011,26.9,84,14.3,1002.3,,3,19.25,92.38,0.09,0.5,67.21,45.08,0.0,69.9,
2026-08-16 21:00:00+00:00,Karachi,24.8607,67.0011,26.7,85,15.0,1001.8,,3,19.85,96.6,0.09,0.51,67.7,44.41,0.0,71.6,
2026-08-16 22:00:00+00:00,Karachi,24.8607,67.0011,26.7,84,15.4,1001.3,,3,20.3,97.15,0.09,0.51,68.1,43.77,0.0,71.9,
2026-08-16 23:00:00+00:00,Karachi,24.8607,67.0011,26.7,84,15.0,1001.0,,3,20.54,96.67,0.1,0.5,68.53,43.31,0.0,72.3,
2026-08-17 00:00:00+00:00,Karachi,24.8607,67.0011,26.8,87,12.7,1001.2,,3,20.57,95.56,0.1,0.49,68.9,43.15,0.0,72.4,
2026-08-17 01:00:00+00:00,Karachi,24.8607,67.0011,26.8,86,12.2,1001.5,,3,20.35,90.6,0.1,0.48,69.46,43.23,0.0,72.0,
2026-08-17 02:00:00+00:00,Karachi,24.8607,67.0011,26.9,84,12.2,1002.0,,3,19.9,85.57,0.1,0.46,69.98,43.55,0.0,71.1,
2026-08-17 03:00:00+00:00,Karachi,24.8607,67.0011,27.9,79,15.2,1002.4,,3,19.41,82.0,0.1,0.44,70.47,43.9,0.0,70.2,
2026-08-17 04:00:00+00:00,Karachi,24.8607,67.0011,28.7,74,16.5,1002.6,,3,18.97,78.69,0.09,0.43,70.75,44.19,0.0,69.4,
2026-08-17 05:00:00+00:00,Karachi,24.8607,67.0011,29.6,69,16.3,1002.9,,3,18.63,75.42,0.07,0.41,70.81,44.29,0.0,68.8,
2026-08-17 06:00:00+00:00,Karachi,24.8607,67.0011,30.3,65,16.9,1003.0,,3,18.43,75.04,0.07,0.4,70.82,44.06,0.0,68.4,
2026-08-17 07:00:00+00:00,Karachi,24.8607,67.0011,29.5,70,17.6,1002.7,,3,18.13,74.99,0.06,0.4,70.6,43.3,0.0,67.8,
2026-08-17 08:00:00+00:00,Karachi,24.8607,67.0011,29.5,71,18.6,1002.2,,3,17.69,74.0,0.06,0.41,70.46,42.3,0.0,67.0,
2026-08-17 09:00:00+00:00,Karachi,24.8607,67.0011,29.6,71,18.9,1002.1,,3,17.32,72.57,0.06,0.41,70.36,41.14,0.0,66.3,
2026-08-17 10:00:00+00:00,Karachi,24.8607,67.0011,29.7,70,18.7,1001.6,,3,17.18,71.34,0.06,0.42,70.41,39.95,0.0,66.1,
2026-08-17 11:00:00+00:00,Karachi,24.8607,67.0011,29.1,72,19.1,1001.5,,3,17.01,69.7,0.06,0.43,70.42,38.92,0.0,65.7,
2026-08-17 12:00:00+00:00,Karachi,24.8607,67.0011,28.9,74,18.7,1001.7,,3,16.93,68.76,0.07,0.44,70.61,38.28,0.0,65.6,
2026-08-17 13:00:00+00:00,Karachi,24.8607,67.0011,28.3,78,17.9,1002.0,,3,17.1,70.04,0.08,0.45,71.22,38.04,0.0,65.9,
2026-08-17 14:00:00+00:00,Karachi,24.8607,67.0011,27.7,80,17.6,1002.1,,3,17.47,72.76,0.09,0.46,71.86,38.0,0.0,66.6,
2026-08-17 15:00:00+00:00,Karachi,24.8607,67.0011,27.3,83,16.9,1002.7,,3,17.92,75.96,0.1,0.48,72.18,37.88,0.0,67.4,
2026-08-17 16:00:00+00:00,Karachi,24.8607,67.0011,27.2,83,15.9,1003.2,,3,18.52,79.23,0.1,0.49,72.47,37.67,0.0,68.6,
2026-08-17 17:00:00+00:00,Karachi,24.8607,67.0011,27.2,83,13.7,1004.0,,3,19.49,83.76,0.1,0.5,72.45,37.45,0.0,70.4,
2026-08-17 18:00:00+00:00,Karachi,24.8607,67.0011,27.3,84,13.9,1003.8,,3,20.54,88.31,0.11,0.52,72.22,37.27,0.0,72.3,
2026-08-17 19:00:00+00:00,Karachi,24.8607,67.0011,27.2,84,13.2,1003.5,,3,21.22,91.04,0.12,0.54,71.91,37.02,0.0,73.6,
2026-08-17 20:00:00+00:00,Karachi,24.8607,67.0011,27.0,84,13.5,1003.3,,3,21.44,91.55,0.12,0.53,71.67,36.77,0.0,74.0,
2026-08-17 21:00:00+00:00,Karachi,24.8607,67.0011,26.9,86,13.7,1003.0,,3,21.3,90.39,0.12,0.53,71.6,36.56,0.0,73.7,
2026-08-17 22:00:00+00:00,Karachi,24.8607,67.0011,26.7,87,13.7,1002.7,,3,21.09,88.68,0.12,0.51,71.67,36.26,0.0,73.3,
2026-08-17 23:00:00+00:00,Karachi,24.8607,67.0011,26.8,88,14.0,1002.5,,3,20.8,86.26,0.12,0.51,71.72,35.93,0.0,72.8,
2026-08-18 00:00:00+00:00,Karachi,24.8607,67.0011,27.2,82,14.2,1002.3,,3,20.11,81.3,0.12,0.49,71.91,35.64,0.0,71.5,
2026-08-18 01:00:00+00:00,Karachi,24.8607,67.0011,27.0,84,13.4,1002.6,,3,19.25,74.51,0.12,0.48,72.07,35.41,0.0,69.9,
2026-08-18 02:00:00+00:00,Karachi,24.8607,67.0011,27.3,83,13.1,1003.0,,3,18.53,69.67,0.12,0.47,72.21,35.27,0.0,68.6,
2026-08-18 03:00:00+00:00,Karachi,24.8607,67.0011,28.4,76,17.7,1003.5,,3,17.89,66.13,0.12,0.46,72.49,35.06,0.0,67.4,
2026-08-18 04:00:00+00:00,Karachi,24.8607,67.0011,29.2,71,17.5,1003.8,,3,17.04,62.58,0.12,0.44,72.49,34.93,0.0,65.8,
2026-08-18 05:00:00+00:00,Karachi,24.8607,67.0011,29.8,69,17.3,1004.2,,3,16.24,60.16,0.11,0.43,72.57,34.79,0.0,64.3,
2026-08-18 06:00:00+00:00,Karachi,24.8607,67.0011,30.3,62,19.1,1004.4,,3,15.76,59.42,0.09,0.43,72.54,34.58,0.0,63.4,
2026-08-18 07:00:00+00:00,Karachi,24.8607,67.0011,30.5,63,19.2,1004.3,,3,15.63,60.77,0.08,0.44,72.25,34.11,0.0,63.2,
2026-08-18 08:00:00+00:00,Karachi,24.8607,67.0011,30.5,64,19.6,1003.9,,3,15.65,61.18,0.07,0.44,72.28,33.69,0.0,63.2,
2026-08-18 09:00:00+00:00,Karachi,24.8607,67.0011,30.1,67,20.3,1003.4,,3,15.57,59.93,0.06,0.44,72.41,33.47,0.0,63.1,
2026-08-18 10:00:00+00:00,Karachi,24.8607,67.0011,29.7,70,21.0,1003.0,,3,15.43,58.73,0.06,0.43,72.67,33.34,0.0,62.8,
2026-08-18 11:00:00+00:00,Karachi,24.8607,67.0011,29.0,74,20.2,1002.3,,3,15.3,59.04,0.07,0.44,72.69,33.25,0.0,62.6,
2026-08-18 12:00:00+00:00,Karachi,24.8607,67.0011,29.2,70,19.3,1002.6,,3,15.5,62.21,0.08,0.45,72.54,33.05,0.0,62.9,
2026-08-18 13:00:00+00:00,Karachi,24.8607,67.0011,28.5,72,19.0,1002.8,,3,16.13,68.33,0.09,0.46,72.58,32.91,0.0,64.1,
2026-08-18 14:00:00+00:00,Karachi,24.8607,67.0011,28.0,76,19.3,1003.0,,3,16.87,75.29,0.1,0.48,72.48,32.82,0.0,65.5,
2026-08-18 15:00:00+00:00,Karachi,24.8607,67.0011,27.7,79,18.4,1003.5,,3,17.39,80.86,0.1,0.49,72.08,32.54,0.0,66.4,
2026-08-18 16:00:00+00:00,Karachi,24.8607,67.0011,27.7,80,18.5,1003.9,,3,17.84,84.98,0.11,0.5,71.28,31.97,0.0,67.3,
2026-08-18 17:00:00+00:00,Karachi,24.8607,67.0011,27.5,82,16.7,1004.2,,3,18.11,87.02,0.11,0.51,70.35,31.31,0.0,67.8,
2026-08-18 18:00:00+00:00,Karachi,24.8607,67.0011,27.4,81,16.9,1004.5,,3,17.78,85.25,0.11,0.51,69.42,30.92,0.0,67.2,
2026-08-18 19:00:00+00:00,Karachi,24.8607,67.0011,27.1,81,15.7,1004.2,,3,16.9,80.06,0.11,0.5,68.49,30.94,0.0,65.5,
2026-08-18 20:00:00+00:00,Karachi,24.8607,67.0011,27.0,82,15.3,1004.1,,3,16.13,75.51,0.11,0.49,67.9,31.3,0.0,64.1,
2026-08-18 21:00:00+00:00,Karachi,24.8607,67.0011,26.8,83,15.3,1003.5,,3,16.02,74.25,0.11,0.49,67.28,31.64,0.0,63.9,
2026-08-18 22:00:00+00:00,Karachi,24.8607,67.0011,26.8,84,15.4,1003.3,,3,16.11,74.07,0.12,0.5,66.72,31.76,0.0,64.1,
2026-08-18 23:00:00+00:00,Karachi,24.8607,67.0011,26.7,85,15.7,1003.1,,3,15.61,71.44,0.12,0.49,66.12,31.86,0.0,63.1,
2026-08-19 00:00:00+00:00,Karachi,24.8607,67.0011,27.1,83,16.8,1003.1,,3,14.82,67.64,0.11,0.48,65.88,32.03,0.0,61.7,
2026-08-19 01:00:00+00:00,Karachi,24.8607,67.0011,26.9,83,15.9,1003.1,,3,14.1,64.16,0.11,0.47,65.97,32.49,0.0,60.3,
2026-08-19 02:00:00+00:00,Karachi,24.8607,67.0011,27.2,81,15.2,1003.6,,3,13.39,58.96,0.11,0.45,66.28,33.07,0.0,59.0,
2026-08-19 03:00:00+00:00,Karachi,24.8607,67.0011,28.1,75,18.7,1004.0,,3,12.96,54.57,0.11,0.43,66.68,33.61,0.0,58.2,
2026-08-19 04:00:00+00:00,Karachi,24.8607,67.0011,29.0,70,18.2,1004.4,,3,12.91,53.49,0.09,0.42,66.91,34.1,0.0,58.1,
2026-08-19 05:00:00+00:00,Karachi,24.8607,67.0011,30.1,63,18.5,1004.6,,3,13.27,54.84,0.08,0.42,67.13,34.48,0.0,58.8,
2026-08-19 06:00:00+00:00,Karachi,24.8607,67.0011,30.1,65,20.0,1004.5,,3,13.88,56.69,0.07,0.43,67.4,34.64,0.0,59.9,
2026-08-19 07:00:00+00:00,Karachi,24.8607,67.0011,30.6,63,19.7,1004.3,,3,14.58,58.47,0.07,0.43,67.57,34.61,0.0,61.2,
2026-08-19 08:00:00+00:00,Karachi,24.8607,67.0011,30.2,66,19.8,1004.1,,3,15.18,60.57,0.06,0.44,67.87,34.47,0.0,62.3,
2026-08-19 09:00:00+00:00,Karachi,24.8607,67.0011,29.8,68,19.7,1003.6,,3,15.5,62.9,0.05,0.44,68.08,34.11,0.0,62.9,
2026-08-19 10:00:00+00:00,Karachi,24.8607,67.0011,30.1,67,20.7,1002.9,,3,15.49,64.51,0.05,0.45,68.22,33.73,0.0,62.9,
2026-08-19 11:00:00+00:00,Karachi,24.8607,67.0011,29.2,72,20.4,1002.4,,3,15.16,64.61,0.06,0.46,68.13,33.23,0.0,62.3,
2026-08-19 12:00:00+00:00,Karachi,24.8607,67.0011,29.2,67,19.8,1003.0,,3,14.66,63.75,0.06,0.47,68.09,32.69,0.0,61.4,
2026-08-19 13:00:00+00:00,Karachi,24.8607,67.0011,28.2,72,18.6,1003.3,,3,14.23,63.17,0.08,0.48,68.08,32.17,0.0,60.6,
2026-08-19 14:00:00+00:00,Karachi,24.8607,67.0011,27.9,75,17.4,1003.7,,3,13.86,62.86,0.1,0.48,68.01,31.49,0.0,59.9,
2026-08-19 15:00:00+00:00,Karachi,24.8607,67.0011,27.7,78,16.0,1004.3,,3,13.81,64.12,0.11,0.49,67.83,30.84,0.0,59.8,
2026-08-19 16:00:00+00:00,Karachi,24.8607,67.0011,27.5,81,18.0,1004.8,,3,13.94,65.93,0.11,0.49,67.59,30.19,0.0,60.0,
2026-08-19 17:00:00+00:00,Karachi,24.8607,67.0011,27.3,82,17.7,1005.1,,3,14.07,67.36,0.11,0.49,67.53,29.73,0.0,60.3,
2026-08-19 18:00:00+00:00,Karachi,24.8607,67.0011,27.4,79,16.5,1005.2,,3,14.0,67.49,0.11,0.47,67.72,29.69,0.0,60.1,
2026-08-19 19:00:00+00:00,Karachi,24.8607,67.0011,27.3,80,16.8,1004.9,,3,13.6,65.65,0.11,0.45,67.88,29.9,0.0,59.4,
2026-08-19 20:00:00+00:00,Karachi,24.8607,67.0011,27.1,82,17.3,1004.4,,3,13.11,63.03,0.11,0.43,67.98,30.25,0.0,58.5,
2026-08-19 21:00:00+00:00,Karachi,24.8607,67.0011,26.9,83,16.3,1003.9,,3,12.6,59.37,0.11,0.42,67.92,30.46,0.0,57.5,
2026-08-19 22:00:00+00:00,Karachi,24.8607,67.0011,26.8,84,15.2,1003.4,,3,12.12,55.06,0.11,0.41,67.5,30.48,0.0,56.6,
2026-08-19 23:00:00+00:00,Karachi,24.8607,67.0011,26.7,85,15.0,1003.2,,3,12.04,52.43,0.11,0.41,67.08,30.39,0.0,56.5,
2026-08-20 00:00:00+00:00,Karachi,24.8607,67.0011,26.9,83,13.8,1003.4,,3,12.48,52.54,0.11,0.42,66.56,30.49,0.0,57.3,
2026-08-20 01:00:00+00:00,Karachi,24.8607,67.0011,27.0,80,13.4,1003.7,,3,12.84,51.98,0.12,0.43,66.47,30.93,0.0,58.0,
2026-08-20 02:00:00+00:00,Karachi,24.8607,67.0011,27.2,78,12.9,1004.0,,2,12.95,49.83,0.12,0.42,66.67,31.65,0.0,58.2,
2026-08-20 03:00:00+00:00,Karachi,24.8607,67.0011,28.0,75,17.1,1004.2,,2,13.01,47.29,0.11,0.4,67.11,32.62,0.0,58.3,
2026-08-20 04:00:00+00:00,Karachi,24.8607,67.0011,28.6,73,17.8,1004.4,,2,13.06,47.46,0.1,0.39,67.56,33.76,0.0,58.4,
2026-08-20 05:00:00+00:00,Karachi,24.8607,67.0011,29.3,70,17.1,1004.7,,2,13.23,48.7,0.08,0.38,67.99,34.83,0.0,58.7,
2026-08-20 06:00:00+00:00,Karachi,24.8607,67.0011,29.5,69,17.2,1005.0,,2,13.41,49.38,0.07,0.38,68.3,35.59,0.0,59.0,
2026-08-20 07:00:00+00:00,Karachi,24.8607,67.0011,29.6,69,17.3,1004.9,,3,13.66,50.51,0.06,0.38,68.64,36.02,0.0,59.5,
2026-08-20 08:00:00+00:00,Karachi,24.8607,67.0011,29.6,70,16.4,1004.5,,3,14.07,53.21,0.05,0.38,68.68,36.13,0.0,60.3,
2026-08-20 09:00:00+00:00,Karachi,24.8607,67.0011,30.2,67,16.7,1003.8,,3,14.5,56.47,0.05,0.39,68.74,35.94,0.0,61.1,
2026-08-20 10:00:00+00:00,Karachi,24.8607,67.0011,29.9,68,16.4,1003.0,,3,14.82,59.39,0.05,0.4,68.78,35.72,0.0,61.7,
2026-08-20 11:00:00+00:00,Karachi,24.8607,67.0011,29.3,71,17.3,1002.7,,3,14.82,60.28,0.05,0.4,68.93,35.43,0.0,61.7,
2026-08-20 12:00:00+00:00,Karachi,24.8607,67.0011,29.0,72,17.5,1002.8,,3,14.46,58.92,0.06,0.4,69.11,35.29,0.0,61.0,
2026-08-20 13:00:00+00:00,Karachi,24.8607,67.0011,28.3,75,17.2,1003.1,,3,14.03,57.77,0.07,0.41,69.42,35.19,0.0,60.2,
2026-08-20 14:00:00+00:00,Karachi,24.8607,67.0011,27.7,79,16.6,1003.4,,3,13.87,57.88,0.09,0.41,69.53,34.82,0.0,59.9,
2026-08-20 15:00:00+00:00,Karachi,24.8607,67.0011,27.6,79,15.9,1004.0,,3,13.89,57.73,0.1,0.42,69.28,34.05,0.0,59.9,
2026-08-20 16:00:00+00:00,Karachi,24.8607,67.0011,27.3,81,15.9,1004.5,,3,13.77,56.12,0.1,0.42,68.89,33.06,0.0,59.7,
2026-08-20 17:00:00+00:00,Karachi,24.8607,67.0011,27.2,83,16.0,1004.8,,3,13.38,52.81,0.11,0.41,68.94,32.19,0.0,59.0,
2026-08-20 18:00:00+00:00,Karachi,24.8607,67.0011,27.3,82,13.8,1004.3,,3,13.02,50.78,0.1,0.4,69.28,31.58,0.0,58.3,
2026-08-20 19:00:00+00:00,Karachi,24.8607,67.0011,27.0,83,12.4,1004.3,,3,12.81,50.58,0.1,0.39,69.55,31.13,0.0,57.9,
2026-08-20 20:00:00+00:00,Karachi,24.8607,67.0011,26.8,84,12.6,1003.7,,3,12.8,51.89,0.1,0.39,69.56,30.9,0.0,57.9,
2026-08-20 21:00:00+00:00,Karachi,24.8607,67.0011,26.8,85,12.8,1003.2,,3,13.11,54.29,0.11,0.4,69.4,30.7,0.0,58.5,
2026-08-20 22:00:00+00:00,Karachi,24.8607,67.0011,26.7,85,12.6,1002.9,,3,13.73,57.53,0.11,0.41,68.99,30.68,0.0,59.6,
2026-08-20 23:00:00+00:00,Karachi,24.8607,67.0011,26.6,86,13.6,1002.8,,3,14.47,60.95,0.11,0.42,68.56,30.79,0.0,61.0,
2026-08-21 00:00:00+00:00,Karachi,24.8607,67.0011,26.8,85,14.0,1003.1,,3,15.13,65.32,0.11,0.43,68.16,31.27,0.0,62.2,
2026-08-21 01:00:00+00:00,Karachi,24.8607,67.0011,26.8,86,13.5,1003.6,,3,15.63,66.65,0.11,0.43,68.09,31.96,0.0,63.2,
2026-08-21 02:00:00+00:00,Karachi,24.8607,67.0011,27.1,84,12.8,1004.1,,3,16.09,67.06,0.11,0.42,68.27,32.97,0.0,64.0,
2026-08-21 03:00:00+00:00,Karachi,24.8607,67.0011,27.8,79,14.4,1004.5,,3,16.42,67.52,0.11,0.41,68.77,34.2,0.0,64.6,
2026-08-21 04:00:00+00:00,Karachi,24.8607,67.0011,28.7,74,15.7,1004.9,,3,16.4,66.42,0.1,0.4,69.19,35.55,0.0,64.6,
2026-08-21 05:00:00+00:00,Karachi,24.8607,67.0011,28.9,74,16.4,1004.9,,3,16.05,64.8,0.08,0.38,69.76,36.87,0.0,63.9,
2026-08-21 06:00:00+00:00,Karachi,24.8607,67.0011,29.6,70,17.8,1005.0,,3,15.51,63.0,0.07,0.37,70.25,37.91,0.0,62.9,
2026-08-21 07:00:00+00:00,Karachi,24.8607,67.0011,29.3,71,17.2,1004.5,,3,15.05,63.19,0.06,0.36,70.46,38.63,0.0,62.1,
2026-08-21 08:00:00+00:00,Karachi,24.8607,67.0011,29.4,71,16.6,1003.9,,3,14.52,63.04,0.06,0.37,70.58,38.86,0.0,61.1,
2026-08-21 09:00:00+00:00,Karachi,24.8607,67.0011,29.9,70,17.5,1003.3,,3,13.86,61.14,0.05,0.37,70.47,39.0,0.0,59.9,
2026-08-21 10:00:00+00:00,Karachi,24.8607,67.0011,29.8,70,17.9,1002.6,,3,13.27,58.89,0.05,0.37,70.93,39.2,0.0,58.8,
2026-08-21 11:00:00+00:00,Karachi,24.8607,67.0011,29.5,70,18.0,1001.9,,3,12.95,57.82,0.05,0.37,71.43,39.44,0.0,58.2,
2026-08-21 12:00:00+00:00,Karachi,24.8607,67.0011,28.5,73,17.4,1002.3,,3,13.14,58.13,0.06,0.37,71.88,39.7,0.0,58.5,
2026-08-21 13:00:00+00:00,Karachi,24.8607,67.0011,28.1,75,15.5,1002.4,,3,13.74,59.3,0.07,0.38,72.34,39.84,0.0,59.6,
2026-08-21 14:00:00+00:00,Karachi,24.8607,67.0011,27.5,78,15.3,1002.7,,3,14.39,60.24,0.08,0.38,72.6,39.83,0.0,60.9,
2026-08-21 15:00:00+00:00,Karachi,24.8607,67.0011,27.2,82,15.4,1002.9,,3,14.88,61.56,0.09,0.39,72.65,39.74,0.0,61.8,
2026-08-21 16:00:00+00:00,Karachi,24.8607,67.0011,26.9,84,15.1,1003.4,,3,15.22,63.82,0.09,0.4,72.44,39.57,0.0,62.4,
2026-08-21 17:00:00+00:00,Karachi,24.8607,67.0011,26.8,85,15.2,1003.8,,3,15.6,66.19,0.09,0.41,72.4,39.48,0.0,63.1,
2026-08-21 18:00:00+00:00,Karachi,24.8607,67.0011,27.1,81,14.2,1003.6,,3,16.06,68.27,0.09,0.42,72.16,39.44,0.0,64.0,
2026-08-21 19:00:00+00:00,Karachi,24.8607,67.0011,26.9,82,13.7,1003.3,,3,16.63,71.43,0.09,0.42,72.02,39.5,0.0,65.0,
2026-08-21 20:00:00+00:00,Karachi,24.8607,67.0011,26.8,83,13.4,1003.0,,3,17.23,76.0,0.09,0.43,72.03,39.7,0.0,66.1,
2026-08-21 21:00:00+00:00,Karachi,24.8607,67.0011,26.7,84,13.9,1002.7,,3,17.78,80.85,0.09,0.44,71.83,40.02,0.0,67.2,
2026-08-21 22:00:00+00:00,Karachi,24.8607,67.0011,26.6,84,14.4,1002.6,,3,18.17,82.88,0.1,0.45,71.53,40.37,0.0,67.9,
2026-08-21 23:00:00+00:00,Karachi,24.8607,67.0011,26.4,86,15.0,1002.5,,3,18.11,82.12,0.1,0.45,71.17,40.69,0.0,67.8,
2026-08-22 00:00:00+00:00,Karachi,24.8607,67.0011,26.5,88,14.6,1002.3,,3,17.74,80.04,0.1,0.45,70.84,40.98,0.0,67.1,
2026-08-22 01:00:00+00:00,Karachi,24.8607,67.0011,26.4,87,13.8,1002.8,,3,16.94,72.75,0.1,0.44,70.8,41.32,0.0,65.6,
2026-08-22 02:00:00+00:00,Karachi,24.8607,67.0011,26.8,85,12.4,1003.5,,3,16.06,64.77,0.1,0.42,70.76,41.63,0.0,64.0,
2026-08-22 03:00:00+00:00,Karachi,24.8607,67.0011,27.4,81,16.8,1003.9,,3,15.16,58.21,0.1,0.39,70.8,42.04,0.0,62.3,
2026-08-22 04:00:00+00:00,Karachi,24.8607,67.0011,27.9,78,18.6,1004.3,,3,14.48,55.11,0.09,0.37,70.64,42.4,0.0,61.0,
2026-08-22 05:00:00+00:00,Karachi,24.8607,67.0011,28.8,74,19.5,1004.3,,3,14.46,55.49,0.07,0.37,70.59,42.73,0.0,61.0,
2026-08-22 06:00:00+00:00,Karachi,24.8607,67.0011,28.9,72,20.6,1004.0,,3,14.76,56.8,0.06,0.38,70.49,42.75,0.0,61.5,
2026-08-22 07:00:00+00:00,Karachi,24.8607,67.0011,29.4,70,19.5,1003.4,,3,15.01,57.96,0.05,0.38,70.63,42.54,0.0,62.0,
2026-08-22 08:00:00+00:00,Karachi,24.8607,67.0011,30.1,65,18.4,1002.7,,3,15.08,59.02,0.05,0.37,70.98,42.23,0.0,62.1,
2026-08-22 09:00:00+00:00,Karachi,24.8607,67.0011,30.1,66,18.5,1002.3,,3,15.22,60.71,0.05,0.36,71.4,41.77,0.0,62.4,
2026-08-22 10:00:00+00:00,Karachi,24.8607,67.0011,29.2,71,18.1,1001.5,,3,15.57,64.01,0.05,0.36,71.92,41.38,0.0,63.1,
2026-08-22 11:00:00+00:00,Karachi,24.8607,67.0011,29.0,72,18.1,1001.0,,3,16.07,67.45,0.05,0.37,71.87,40.83,0.0,64.0,
2026-08-22 12:00:00+00:00,Karachi,24.8607,67.0011,28.5,74,18.4,1001.1,,3,16.55,70.11,0.06,0.38,71.52,40.31,0.0,64.9,
2026-08-22 13:00:00+00:00,Karachi,24.8607,67.0011,28.0,76,18.1,1000.9,,3,16.94,72.79,0.07,0.4,71.4,40.1,0.0,65.6,
2026-08-22 14:00:00+00:00,Karachi,24.8607,67.0011,27.3,81,17.0,1001.0,,3,17.21,75.15,0.08,0.41,71.35,39.97,0.0,66.1,
2026-08-22 15:00:00+00:00,Karachi,24.8607,67.0011,27.0,83,15.7,1001.6,,3,17.54,77.47,0.09,0.43,71.53,39.85,0.0,66.7,
2026-08-22 16:00:00+00:00,Karachi,24.8607,67.0011,26.9,84,13.8,1002.2,,3,17.99,79.61,0.09,0.44,71.64,39.76,0.0,67.6,
2026-08-22 17:00:00+00:00,Karachi,24.8607,67.0011,26.8,85,14.5,1002.8,,3,18.58,82.32,0.1,0.46,71.52,39.46,0.0,68.7,
2026-08-22 18:00:00+00:00,Karachi,24.8607,67.0011,26.9,85,14.6,1002.6,,3,19.21,85.35,0.1,0.48,71.26,39.07,0.0,69.8,
2026-08-22 19:00:00+00:00,Karachi,24.8607,67.0011,26.7,86,13.7,1002.4,,3,19.73,88.44,0.11,0.5,71.15,38.72,0.0,70.8,
2026-08-22 20:00:00+00:00,Karachi,24.8607,67.0011,26.5,87,13.3,1002.0,,3,20.16,90.86,0.11,0.51,71.33,38.52,0.0,71.6,
2026-08-22 21:00:00+00:00,Karachi,24.8607,67.0011,26.4,88,13.0,1001.6,,3,20.46,92.79,0.11,0.51,71.71,38.48,0.0,72.2,
2026-08-22 22:00:00+00:00,Karachi,24.8607,67.0011,26.5,87,13.0,1001.1,,3,20.75,94.89,0.11,0.51,72.3,38.65,0.0,72.7,
2026-08-22 23:00:00+00:00,Karachi,24.8607,67.0011,26.4,88,12.7,1000.8,,3,20.99,96.38,0.11,0.51,72.64,38.67,0.0,73.2,
2026-08-23 00:00:00+00:00,Karachi,24.8607,67.0011,26.5,88,14.0,1001.1,,3,21.21,97.28,0.12,0.51,72.66,38.37,0.0,73.6,
2026-08-23 01:00:00+00:00,Karachi,24.8607,67.0011,26.5,88,14.5,1001.2,,3,21.42,97.53,0.12,0.52,72.56,37.96,0.0,74.0,
2026-08-23 02:00:00+00:00,Karachi,24.8607,67.0011,26.6,87,14.6,1002.0,,3,21.49,97.49,0.13,0.53,72.36,37.42,0.0,74.1,
2026-08-23 03:00:00+00:00,Karachi,24.8607,67.0011,27.2,83,15.3,1002.6,,3,21.5,97.51,0.14,0.53,72.16,37.08,0.0,74.1,
2026-08-23 04:00:00+00:00,Karachi,24.8607,67.0011,28.1,78,14.7,1003.0,,3,21.4,97.12,0.12,0.52,71.82,37.04,0.0,73.9,
2026-08-23 05:00:00+00:00,Karachi,24.8607,67.0011,28.5,76,14.5,1003.4,,3,21.4,97.26,0.11,0.51,71.87,37.26,0.0,73.9,
2026-08-23 06:00:00+00:00,Karachi,24.8607,67.0011,28.6,74,15.3,1003.9,,3,21.38,97.29,0.09,0.51,71.76,37.43,0.0,73.9,
2026-08-23 07:00:00+00:00,Karachi,24.8607,67.0011,29.2,72,15.1,1003.6,,3,21.32,96.5,0.08,0.5,71.65,37.38,0.0,73.8,
2026-08-23 08:00:00+00:00,Karachi,24.8607,67.0011,29.2,72,14.3,1003.0,,3,21.18,94.24,0.07,0.49,71.52,37.07,0.0,73.5,
2026-08-23 09:00:00+00:00,Karachi,24.8607,67.0011,28.9,74,14.7,1002.6,,3,21.0,92.81,0.07,0.48,71.36,36.74,0.0,73.2,
2026-08-23 10:00:00+00:00,Karachi,24.8607,67.0011,28.7,75,13.6,1002.0,,3,20.92,94.03,0.07,0.48,71.47,36.61,0.0,73.0,
2026-08-23 11:00:00+00:00,Karachi,24.8607,67.0011,28.6,75,13.5,1001.8,,3,20.95,96.61,0.07,0.49,71.75,36.57,0.0,73.1,
2026-08-23 12:00:00+00:00,Karachi,24.8607,67.0011,28.3,77,12.3,1001.6,,3,21.09,99.49,0.08,0.51,71.78,36.8,0.0,73.3,
2026-08-23 13:00:00+00:00,Karachi,24.8607,67.0011,27.9,78,12.0,1002.0,,4,21.34,102.81,0.09,0.52,72.24,37.14,0.0,74.7,
2026-08-23 14:00:00+00:00,Karachi,24.8607,67.0011,27.4,81,12.1,1002.3,,4,21.56,105.6,0.11,0.52,72.5,37.41,0.0,76.0,
2026-08-23 15:00:00+00:00,Karachi,24.8607,67.0011,26.8,85,11.3,1003.0,,4,21.78,107.7,0.11,0.52,72.61,37.45,0.0,77.1,
2026-08-23 16:00:00+00:00,Karachi,24.8607,67.0011,26.7,86,10.2,1003.8,,4,21.92,108.3,0.11,0.52,72.47,37.31,0.0,77.4,
2026-08-23 17:00:00+00:00,Karachi,24.8607,67.0011,26.7,86,8.8,1004.6,,4,21.95,108.23,0.11,0.51,72.67,37.23,0.0,77.3,
2026-08-23 18:00:00+00:00,Karachi,24.8607,67.0011,27.3,83,7.9,1004.4,,4,21.94,108.13,0.11,0.5,73.03,37.35,0.0,77.3,
2026-08-23 19:00:00+00:00,Karachi,24.8607,67.0011,26.9,86,7.7,1004.2,,4,21.89,108.05,0.11,0.48,73.49,37.62,0.0,77.3,
2026-08-23 20:00:00+00:00,Karachi,24.8607,67.0011,26.6,88,8.2,1003.8,,4,21.83,107.32,0.1,0.46,74.11,38.04,0.0,76.9,
2026-08-23 21:00:00+00:00,Karachi,24.8607,67.0011,26.3,89,8.8,1003.4,,4,21.72,105.11,0.1,0.45,74.5,38.4,0.0,75.8,
2026-08-23 22:00:00+00:00,Karachi,24.8607,67.0011,26.2,90,8.6,1003.3,,4,21.72,105.95,0.11,0.43,74.82,38.68,0.0,76.2,
2026-08-23 23:00:00+00:00,Karachi,24.8607,67.0011,26.1,90,7.6,1003.4,,4,21.82,107.16,0.11,0.43,75.07,38.6,0.0,76.8,
2026-08-24 00:00:00+00:00,Karachi,24.8607,67.0011,26.2,90,7.7,1003.9,,4,21.92,107.28,0.11,0.44,75.11,38.59,0.0,76.9,
2026-08-24 01:00:00+00:00,Karachi,24.8607,67.0011,26.1,91,6.8,1003.9,,4,22.1,107.88,0.11,0.43,75.07,38.68,0.0,77.2,
2026-08-24 02:00:00+00:00,Karachi,24.8607,67.0011,26.3,91,6.4,1004.3,,4,22.33,109.04,0.12,0.41,75.2,39.0,0.0,77.7,
2026-08-24 03:00:00+00:00,Karachi,24.8607,67.0011,27.6,83,8.1,1004.6,,4,22.57,109.94,0.12,0.39,75.46,39.41,0.0,78.2,
2026-08-24 04:00:00+00:00,Karachi,24.8607,67.0011,28.9,75,8.3,1004.6,,4,22.69,110.25,0.11,0.37,75.31,39.83,0.0,78.3,
2026-08-24 05:00:00+00:00,Karachi,24.8607,67.0011,29.9,70,8.8,1004.6,,4,22.75,110.11,0.09,0.36,75.32,40.19,0.0,78.3,
2026-08-24 06:00:00+00:00,Karachi,24.8607,67.0011,29.9,72,10.4,1005.0,,4,22.78,110.05,0.07,0.35,75.15,40.37,0.0,78.2,
2026-08-24 07:00:00+00:00,Karachi,24.8607,67.0011,30.2,72,10.8,1004.4,,4,22.77,109.37,0.07,0.34,75.01,40.21,0.0,77.9,
2026-08-24 08:00:00+00:00,Karachi,24.8607,67.0011,30.5,71,11.2,1003.9,,4,22.7,108.25,0.06,0.34,74.49,39.77,0.0,77.4,
2026-08-24 09:00:00+00:00,Karachi,24.8607,67.0011,30.1,73,12.6,1003.9,,4,22.57,106.69,0.06,0.35,73.86,38.97,0.0,76.6,
2026-08-24 10:00:00+00:00,Karachi,24.8607,67.0011,30.0,74,12.6,1003.1,,4,22.37,104.14,0.06,0.37,73.15,38.03,0.0,75.7,
2026-08-24 11:00:00+00:00,Karachi,24.8607,67.0011,29.5,75,12.0,1002.8,,4,21.95,100.39,0.07,0.39,72.48,36.95,0.0,74.9,
2026-08-24 12:00:00+00:00,Karachi,24.8607,67.0011,29.3,72,12.0,1002.7,,3,21.41,96.91,0.08,0.4,71.78,36.14,0.0,73.9,
2026-08-24 13:00:00+00:00,Karachi,24.8607,67.0011,28.3,78,11.1,1002.8,,3,20.88,95.41,0.09,0.42,71.84,35.9,0.0,72.9,
2026-08-24 14:00:00+00:00,Karachi,24.8607,67.0011,27.6,82,10.2,1003.5,,3,20.45,95.11,0.11,0.42,72.22,36.17,0.0,72.1,
2026-08-24 15:00:00+00:00,Karachi,24.8607,67.0011,27.4,84,13.0,1004.2,,3,20.1,94.19,0.11,0.42,72.72,36.57,0.0,71.5,
2026-08-24 16:00:00+00:00,Karachi,24.8607,67.0011,27.0,87,12.5,1004.5,,3,19.78,92.62,0.11,0.42,73.31,37.03,0.0,70.9,
2026-08-24 17:00:00+00:00,Karachi,24.8607,67.0011,26.9,87,12.6,1005.0,,3,19.46,90.28,0.11,0.43,73.87,37.38,0.0,70.3,
2026-08-24 18:00:00+00:00,Karachi,24.8607,67.0011,26.9,87,10.7,1005.7,,3,19.08,87.6,0.11,0.44,74.35,37.43,0.0,69.6,
2026-08-24 19:00:00+00:00,Karachi,24.8607,67.0011,26.8,87,10.3,1005.7,,3,18.66,84.2,0.11,0.44,74.43,37.39,0.0,68.8,
2026-08-24 20:00:00+00:00,Karachi,24.8607,67.0011,26.6,87,10.2,1005.2,,3,18.33,81.1,0.11,0.43,74.52,37.32,0.0,68.2,
2026-08-24 21:00:00+00:00,Karachi,24.8607,67.0011,26.4,89,10.0,1004.8,,3,18.17,79.06,0.1,0.41,74.61,37.39,0.0,67.9,
2026-08-24 22:00:00+00:00,Karachi,24.8607,67.0011,26.3,89,9.9,1004.1,,3,18.24,77.69,0.1,0.4,74.73,37.58,0.0,68.0,
2026-08-24 23:00:00+00:00,Karachi,24.8607,67.0011,26.2,89,8.7,1003.8,,3,18.42,76.42,0.1,0.38,74.78,37.57,0.0,68.4,
2026-08-25 00:00:00+00:00,Karachi,24.8607,67.0011,26.1,90,7.9,1003.9,,3,18.54,75.19,0.1,0.36,74.69,37.49,0.0,68.6,
2026-08-25 01:00:00+00:00,Karachi,24.8607,67.0011,26.1,90,7.3,1004.4,,3,19.27,83.49,0.1,0.35,75.0,38.01,0.0,70.0,
2026-08-25 02:00:00+00:00,Karachi,24.8607,67.0011,26.4,88,7.1,1004.6,,3,19.22,82.27,0.1,0.33,75.23,38.39,0.0,70.0,
2026-08-25 03:00:00+00:00,Karachi,24.8607,67.0011,27.5,81,8.7,1005.1,,3,19.03,80.09,0.1,0.3,75.57,38.97,0.0,70.0,
2026-08-25 04:00:00+00:00,Karachi,24.8607,67.0011,28.7,74,9.0,1005.2,,3,18.73,77.53,0.08,0.28,75.62,39.49,0.0,69.0,
2026-08-25 05:00:00+00:00,Karachi,24.8607,67.0011,29.7,68,9.8,1005.0,,3,18.57,75.3,0.07,0.26,75.67,39.68,0.0,69.0,
2026-08-25 06:00:00+00:00,Karachi,24.8607,67.0011,30.0,68,12.5,1005.5,,3,18.53,73.37,0.06,0.25,75.56,39.36,0.0,69.0,
2026-08-25 07:00:00+00:00,Karachi,24.8607,67.0011,29.7,70,13.4,1005.4,,3,18.53,71.65,0.05,0.25,75.25,38.68,0.0,69.0,
2026-08-25 08:00:00+00:00,Karachi,24.8607,67.0011,29.7,70,13.8,1004.8,,3,18.54,70.35,0.05,0.25,74.64,37.76,0.0,69.0,
2026-08-25 09:00:00+00:00,Karachi,24.8607,67.0011,30.2,67,14.4,1004.2,,3,18.59,69.74,0.05,0.27,73.94,36.93,0.0,69.0,
2026-08-25 10:00:00+00:00,Karachi,24.8607,67.0011,29.8,68,14.8,1003.8,,3,18.74,70.06,0.06,0.28,73.47,36.33,0.0,69.0,
2026-08-25 11:00:00+00:00,Karachi,24.8607,67.0011,29.2,71,15.0,1003.5,,3,18.78,70.47,0.06,0.3,72.79,36.13,0.0,69.0,
2026-08-25 12:00:00+00:00,Karachi,24.8607,67.0011,29.1,69,13.4,1003.8,,3,18.71,70.77,0.07,0.31,72.08,36.24,0.0,69.0,
2026-08-25 12:48:29+00:00,Karachi,24.8607,67.0011,30.07,58,6.17,1004.0,Clear,3,18.7,77.85,0.08,0.41,70.19,36.96,0.0,69.0,161.0
2026-08-25 12:53:06+00:00,Karachi,24.8607,67.0011,30.07,58,6.17,1004.0,Clear,3,18.7,77.85,0.08,0.41,70.19,36.96,0.0,69.0,161.0
2026-08-25 12:53:21+00:00,Karachi,24.8607,67.0011,30.07,58,6.17,1004.0,Clear,3,18.7,77.85,0.08,0.41,70.19,36.96,0.0,69.0,161.0
2026-08-25 12:53:27+00:00,Karachi,24.8607,67.0011,30.07,58,6.17,1004.0,Clear,3,18.7,77.85,0.08,0.41,70.19,36.96,0.0,69.0,161.0
2026-08-25 12:53:33+00:00,Karachi,24.8607,67.0011,30.07,58,6.17,1004.0,Clear,3,18.7,77.85,0.08,0.41,70.19,36.96,0.0,69.0,161.0
2026-08-25 12:53:48+00:00,Karachi,24.8607,67.0011,30.07,58,6.17,1004.0,Clear,3,18.7,77.85,0.08,0.41,70.19,36.96,0.0,69.0,161.0
2026-08-25 13:00:00+00:00,Karachi,24.8607,67.0011,28.3,73,12.7,1003.9,,3,18.54,71.06,0.08,0.32,71.71,36.86,0.0,69.0,
2026-08-25 14:00:00+00:00,Karachi,24.8607,67.0011,27.8,74,12.9,1004.4,,3,18.25,70.87,0.09,0.33,71.48,37.56,0.0,68.0,
2026-08-25 15:00:00+00:00,Karachi,24.8607,67.0011,27.4,76,12.9,1005.1,,3,17.89,70.33,0.09,0.34,71.2,38.34,0.0,67.0,
2026-08-25 16:00:00+00:00,Karachi,24.8607,67.0011,27.3,77,12.1,1005.7,,3,17.49,69.08,0.09,0.35,70.86,39.09,0.0,67.0,
2026-08-25 17:00:00+00:00,Karachi,24.8607,67.0011,27.2,78,12.2,1006.1,,3,17.19,67.68,0.09,0.35,70.87,40.03,0.0,66.0,
2026-08-25 18:00:00+00:00,Karachi,24.8607,67.0011,27.3,78,10.9,1005.9,,3,16.89,66.25,0.09,0.35,71.05,41.07,0.0,66.0,
2026-08-25 19:00:00+00:00,Karachi,24.8607,67.0011,27.1,80,10.3,1006.0,,3,16.51,63.26,0.08,0.35,71.26,42.23,0.0,65.0,
2026-08-25 20:00:00+00:00,Karachi,24.8607,67.0011,27.0,80,10.6,1005.6,,3,16.19,60.48,0.08,0.34,71.62,43.38,0.0,64.0,
2026-08-25 21:00:00+00:00,Karachi,24.8607,67.0011,26.8,81,11.4,1005.2,,3,16.04,59.06,0.08,0.33,71.92,44.32,0.0,64.0,
2026-08-25 22:00:00+00:00,Karachi,24.8607,67.0011,26.8,82,11.4,1005.2,,3,16.01,58.94,0.08,0.32,72.17,44.97,0.0,64.0,
2026-08-25 23:00:00+00:00,Karachi,24.8607,67.0011,26.7,82,11.0,1004.8,,3,16.06,58.91,0.08,0.32,72.27,45.36,0.0,64.0,
2026-08-26 00:00:00+00:00,Karachi,24.8607,67.0011,26.5,84,10.4,1005.0,,3,16.14,58.37,0.08,0.31,72.22,45.49,0.0,64.0,
2026-08-26 01:00:00+00:00,Karachi,24.8607,67.0011,26.4,84,11.0,1005.2,,3,16.1,53.03,0.08,0.31,71.64,45.12,0.0,64.0,
2026-08-26 02:00:00+00:00,Karachi,24.8607,67.0011,26.7,82,11.4,1005.5,,3,16.37,53.4,0.09,0.31,71.66,45.15,0.0,64.5,
2026-08-26 03:00:00+00:00,Karachi,24.8607,67.0011,27.7,77,12.9,1005.8,,3,16.63,54.2,0.09,0.3,71.54,45.22,0.0,65.0,
2026-08-26 04:00:00+00:00,Karachi,24.8607,67.0011,28.6,71,13.9,1005.9,,3,16.83,55.88,0.08,0.3,71.28,45.12,0.0,65.4,
2026-08-26 05:00:00+00:00,Karachi,24.8607,67.0011,29.4,67,14.8,1005.8,,3,17.19,58.5,0.06,0.31,70.97,44.66,0.0,66.1,
2026-08-26 06:00:00+00:00,Karachi,24.8607,67.0011,29.9,65,14.9,1006.1,,3,17.57,61.24,0.05,0.32,70.27,43.9,0.0,66.8,
2026-08-26 07:00:00+00:00,Karachi,24.8607,67.0011,30.3,63,15.9,1005.4,,3,17.93,63.78,0.05,0.33,69.82,43.03,0.0,67.5,
2026-08-26 08:00:00+00:00,Karachi,24.8607,67.0011,30.2,64,16.1,1005.0,,3,18.09,65.66,0.05,0.33,69.28,42.16,0.0,67.7,
2026-08-26 09:00:00+00:00,Karachi,24.8607,67.0011,30.4,65,16.4,1004.2,,3,18.14,66.86,0.05,0.34,68.92,41.58,0.0,67.8,
2026-08-26 10:00:00+00:00,Karachi,24.8607,67.0011,30.1,66,16.6,1003.4,,3,18.1,67.67,0.05,0.34,69.27,41.67,0.0,67.8,
2026-08-26 11:00:00+00:00,Karachi,24.8607,67.0011,29.3,70,16.5,1002.9,,3,17.89,67.78,0.05,0.33,69.73,42.3,0.0,67.4,
2026-08-26 12:00:00+00:00,Karachi,24.8607,67.0011,29.2,69,16.5,1003.2,,3,17.71,67.96,0.06,0.34,70.04,42.77,0.0,67.0,
2026-08-26 13:00:00+00:00,Karachi,24.8607,67.0011,28.3,73,15.3,1003.5,,3,17.55,68.52,0.07,0.35,70.35,43.13,0.0,66.7,
2026-08-26 14:00:00+00:00,Karachi,24.8607,67.0011,27.8,76,14.9,1003.8,,3,17.24,69.03,0.08,0.36,70.53,43.41,0.0,66.2,
2026-08-26 15:00:00+00:00,Karachi,24.8607,67.0011,27.6,77,14.9,1004.3,,3,16.8,69.27,0.08,0.37,70.73,43.7,0.0,65.3,
2026-08-26 16:00:00+00:00,Karachi,24.8607,67.0011,27.5,78,15.4,1005.0,,3,16.3,66.84,0.08,0.38,70.88,43.95,0.0,64.4,
2026-08-26 17:00:00+00:00,Karachi,24.8607,67.0011,27.2,80,15.5,1005.5,,3,16.08,65.27,0.08,0.38,70.9,44.03,0.0,64.0,
2026-08-26 18:00:00+00:00,Karachi,24.8607,67.0011,27.2,80,14.9,1005.4,,3,16.1,65.06,0.08,0.39,70.89,43.79,0.0,64.0,
2026-08-26 19:00:00+00:00,Karachi,24.8607,67.0011,26.8,82,14.1,1004.8,,3,16.07,64.53,0.08,0.4,70.68,43.36,0.0,64.0,
2026-08-26 20:00:00+00:00,Karachi,24.8607,67.0011,26.7,82,13.6,1004.9,,3,16.05,63.91,0.09,0.4,70.77,42.99,0.0,63.9,
2026-08-26 21:00:00+00:00,Karachi,24.8607,67.0011,26.4,83,14.0,1004.4,,3,16.04,63.1,0.09,0.4,71.0,42.62,0.0,63.9,
2026-08-26 22:00:00+00:00,Karachi,24.8607,67.0011,26.4,84,14.2,1004.0,,3,16.19,64.43,0.09,0.4,71.26,42.37,0.0,64.2,
2026-08-26 23:00:00+00:00,Karachi,24.8607,67.0011,26.3,85,15.4,1003.8,,3,16.55,67.13,0.09,0.41,71.48,42.24,0.0,64.9,
2026-08-27 00:00:00+00:00,Karachi,24.8607,67.0011,26.4,83,15.9,1004.0,,3,17.07,70.96,0.09,0.42,71.65,42.26,0.0,65.8,
2026-08-27 01:00:00+00:00,Karachi,24.8607,67.0011,26.3,83,15.9,1004.4,,3,17.61,74.49,0.09,0.43,71.58,42.43,0.0,66.9,
2026-08-27 02:00:00+00:00,Karachi,24.8607,67.0011,26.5,82,16.1,1004.7,,3,17.92,76.72,0.09,0.44,71.39,42.77,0.0,67.4,
2026-08-27 03:00:00+00:00,Karachi,24.8607,67.0011,27.3,77,18.6,1004.8,,3,17.95,78.3,0.1,0.44,71.08,43.15,0.0,67.5,
2026-08-27 04:00:00+00:00,Karachi,24.8607,67.0011,28.1,72,19.0,1005.1,,3,17.64,78.95,0.09,0.43,70.68,43.54,0.0,66.9,
2026-08-27 05:00:00+00:00,Karachi,24.8607,67.0011,28.6,70,19.5,1005.2,,3,17.33,79.18,0.08,0.43,70.51,44.01,0.0,66.3,
2026-08-27 06:00:00+00:00,Karachi,24.8607,67.0011,29.2,68,20.4,1005.2,,3,17.21,79.37,0.07,0.43,70.22,44.18,0.0,66.1,
2026-08-27 07:00:00+00:00,Karachi,24.8607,67.0011,29.4,67,19.9,1004.5,,3,17.16,79.07,0.06,0.43,69.65,43.82,0.0,66.0,
2026-08-27 08:00:00+00:00,Karachi,24.8607,67.0011,29.5,66,18.9,1004.0,,3,17.05,77.83,0.06,0.44,68.71,43.0,0.0,65.8,
2026-08-27 09:00:00+00:00,Karachi,24.8607,67.0011,29.8,65,18.7,1003.3,,3,16.9,76.35,0.06,0.45,67.94,42.19,0.0,65.5,
2026-08-27 10:00:00+00:00,Karachi,24.8607,67.0011,29.4,67,18.5,1002.6,,3,16.74,75.45,0.07,0.45,67.81,41.82,0.0,65.2,
2026-08-27 11:00:00+00:00,Karachi,24.8607,67.0011,29.0,69,18.3,1002.2,,3,16.54,74.83,0.07,0.47,68.0,41.51,0.0,64.9,
2026-08-27 12:00:00+00:00,Karachi,24.8607,67.0011,29.2,67,19.0,1002.3,,3,16.49,75.35,0.07,0.48,68.18,41.15,0.0,64.8,
2026-08-27 13:00:00+00:00,Karachi,24.8607,67.0011,28.1,73,18.9,1002.5,,3,16.76,77.27,0.08,0.51,68.3,40.73,0.0,65.3,
2026-08-27 14:00:00+00:00,Karachi,24.8607,67.0011,27.4,77,18.3,1003.0,,3,17.12,79.11,0.1,0.53,68.06,40.07,0.0,65.9,
2026-08-27 15:00:00+00:00,Karachi,24.8607,67.0011,27.1,80,16.4,1003.3,,3,17.44,80.3,0.1,0.54,67.61,39.49,0.0,66.5,
2026-08-27 16:00:00+00:00,Karachi,24.8607,67.0011,26.8,83,14.7,1003.7,,3,17.55,80.62,0.11,0.55,67.34,38.93,0.0,66.7,
2026-08-27 17:00:00+00:00,Karachi,24.8607,67.0011,26.7,84,15.5,1004.4,,3,17.74,81.61,0.11,0.56,66.87,38.21,0.0,67.1,
2026-08-27 18:00:00+00:00,Karachi,24.8607,67.0011,26.8,83,15.6,1004.3,,3,18.19,84.11,0.11,0.58,66.33,37.33,0.0,67.9,
2026-08-27 19:00:00+00:00,Karachi,24.8607,67.0011,26.4,85,15.2,1003.8,,3,18.54,86.07,0.11,0.59,65.95,36.55,0.0,68.6,
2026-08-27 20:00:00+00:00,Karachi,24.8607,67.0011,26.2,87,14.3,1003.7,,3,18.68,86.97,0.12,0.59,65.89,36.24,0.0,68.8,
2026-08-27 21:00:00+00:00,Karachi,24.8607,67.0011,26.0,89,13.9,1003.1,,3,18.63,86.91,0.12,0.57,66.09,36.36,0.0,68.8,
2026-08-27 22:00:00+00:00,Karachi,24.8607,67.0011,25.8,90,13.0,1002.8,,3,18.48,86.51,0.11,0.55,66.68,37.05,0.0,68.5,
2026-08-27 23:00:00+00:00,Karachi,24.8607,67.0011,25.8,90,13.0,1002.8,,3,18.57,87.16,0.11,0.54,67.16,37.82,0.0,68.6,
2026-08-28 00:00:00+00:00,Karachi,24.8607,67.0011,25.8,91,14.6,1003.0,,3,18.59,87.06,0.11,0.54,67.01,38.18,0.0,68.7,
2026-08-28 01:00:00+00:00,Karachi,24.8607,67.0011,25.7,92,14.3,1003.2,,3,19.29,86.95,0.11,0.54,67.17,38.45,0.0,70.0,
2026-08-28 02:00:00+00:00,Karachi,24.8607,67.0011,26.0,90,14.9,1003.8,,3,19.27,83.38,0.12,0.53,66.67,38.64,0.0,70.0,
2026-08-28 03:00:00+00:00,Karachi,24.8607,67.0011,27.1,81,16.8,1004.1,,3,19.22,81.08,0.12,0.53,66.31,39.27,0.0,70.0,
2026-08-28 04:00:00+00:00,Karachi,24.8607,67.0011,28.1,75,17.5,1004.2,,3,19.21,81.98,0.11,0.52,66.21,40.09,0.0,70.0,
2026-08-28 05:00:00+00:00,Karachi,24.8607,67.0011,29.1,70,17.8,1004.2,,3,19.24,83.15,0.1,0.52,66.28,40.98,0.0,70.0,
2026-08-28 06:00:00+00:00,Karachi,24.8607,67.0011,29.6,65,19.2,1004.5,,3,19.31,83.21,0.09,0.52,66.31,41.48,0.0,70.0,
2026-08-28 07:00:00+00:00,Karachi,24.8607,67.0011,29.4,65,18.5,1004.0,,3,19.34,85.71,0.08,0.52,66.24,41.41,0.0,70.0,
2026-08-28 08:00:00+00:00,Karachi,24.8607,67.0011,29.6,65,17.8,1003.5,,3,19.18,86.75,0.08,0.53,66.13,40.96,0.0,70.0,
2026-08-28 09:00:00+00:00,Karachi,24.8607,67.0011,30.2,63,17.4,1002.9,,3,18.81,85.76,0.07,0.53,65.95,40.36,0.0,69.0,
2026-08-28 10:00:00+00:00,Karachi,24.8607,67.0011,29.4,69,18.0,1002.4,,3,18.5,84.83,0.07,0.53,65.88,39.72,0.0,69.0,
2026-08-28 11:00:00+00:00,Karachi,24.8607,67.0011,28.9,71,18.3,1002.0,,3,18.35,84.62,0.08,0.54,65.68,38.92,0.0,68.0,
2026-08-28 12:00:00+00:00,Karachi,24.8607,67.0011,28.5,75,19.2,1002.3,,3,18.2,83.93,0.09,0.56,65.37,38.03,0.0,68.0,
2026-08-28 13:00:00+00:00,Karachi,24.8607,67.0011,27.4,81,18.8,1002.3,,3,17.75,81.61,0.1,0.56,65.21,37.23,0.0,67.0,
2026-08-28 14:00:00+00:00,Karachi,24.8607,67.0011,26.7,84,17.7,1002.8,,3,16.91,77.21,0.11,0.56,65.13,36.51,0.0,66.0,
2026-08-28 15:00:00+00:00,Karachi,24.8607,67.0011,26.4,86,17.4,1002.8,,3,15.94,72.52,0.12,0.56,65.09,35.81,0.0,64.0,
2026-08-28 16:00:00+00:00,Karachi,24.8607,67.0011,26.4,85,16.1,1003.6,,3,15.28,69.72,0.12,0.55,65.0,35.11,0.0,63.0,
2026-08-28 17:00:00+00:00,Karachi,24.8607,67.0011,26.4,85,15.1,1004.5,,3,15.18,69.18,0.12,0.56,64.73,34.24,0.0,62.0,
2026-08-28 18:00:00+00:00,Karachi,24.8607,67.0011,26.4,87,16.0,1004.3,,3,15.63,70.83,0.12,0.57,64.44,33.38,0.0,63.0,
2026-08-28 19:00:00+00:00,Karachi,24.8607,67.0011,26.0,91,14.8,1004.2,,3,16.38,72.61,0.12,0.57,64.21,32.75,0.0,65.0,
2026-08-28 20:00:00+00:00,Karachi,24.8607,67.0011,26.1,91,13.3,1003.7,,3,17.07,74.99,0.13,0.57,64.35,32.57,0.0,66.0,
2026-08-28 21:00:00+00:00,Karachi,24.8607,67.0011,25.8,92,14.5,1003.1,,3,17.51,76.79,0.13,0.57,64.75,32.77,0.0,67.0,
2026-08-28 22:00:00+00:00,Karachi,24.8607,67.0011,25.8,91,14.6,1002.9,,3,17.75,76.71,0.12,0.55,65.21,33.45,0.0,67.0,
2026-08-28 23:00:00+00:00,Karachi,24.8607,67.0011,25.8,90,15.8,1002.9,,3,17.89,77.11,0.12,0.54,65.66,34.32,0.0,67.0,
2026-08-29 00:00:00+00:00,Karachi,24.8607,67.0011,25.9,90,16.8,1002.9,,3,17.97,77.86,0.12,0.53,65.71,35.11,0.0,68.0,
2026-08-29 01:00:00+00:00,Karachi,24.8607,67.0011,25.8,91,16.9,1003.2,,3,18.01,79.01,0.12,0.53,65.59,35.95,0.0,67.6,
2026-08-29 02:00:00+00:00,Karachi,24.8607,67.0011,25.8,90,17.5,1003.8,,3,17.96,78.64,0.12,0.54,65.23,36.62,0.0,67.5,
2026-08-29 03:00:00+00:00,Karachi,24.8607,67.0011,27.0,81,19.5,1004.1,,3,17.68,76.65,0.11,0.54,64.88,37.4,0.0,67.0,
2026-08-29 04:00:00+00:00,Karachi,24.8607,67.0011,27.8,76,20.4,1004.5,,3,16.77,71.83,0.09,0.53,64.54,38.55,0.0,65.3,
2026-08-29 05:00:00+00:00,Karachi,24.8607,67.0011,28.8,71,20.9,1004.9,,3,15.63,66.39,0.08,0.51,64.47,39.72,0.0,63.2,
2026-08-29 06:00:00+00:00,Karachi,24.8607,67.0011,28.7,70,22.2,1005.2,,3,14.87,64.28,0.07,0.5,64.52,40.44,0.0,61.8,
2026-08-29 07:00:00+00:00,Karachi,24.8607,67.0011,29.1,67,21.2,1004.9,,3,14.76,65.6,0.06,0.5,64.46,40.58,0.0,61.5,
2026-08-29 08:00:00+00:00,Karachi,24.8607,67.0011,29.3,67,21.4,1004.3,,3,14.94,67.45,0.05,0.5,64.3,40.22,0.0,61.9,
2026-08-29 09:00:00+00:00,Karachi,24.8607,67.0011,29.0,70,21.2,1003.6,,3,15.02,68.32,0.05,0.5,64.27,39.71,0.0,62.0,
2026-08-29 10:00:00+00:00,Karachi,24.8607,67.0011,28.5,73,20.6,1003.1,,3,14.95,68.58,0.05,0.51,64.26,39.12,0.0,61.9,
2026-08-29 11:00:00+00:00,Karachi,24.8607,67.0011,28.3,73,20.0,1002.4,,3,14.87,68.26,0.05,0.52,64.12,38.5,0.0,61.8,
2026-08-29 12:00:00+00:00,Karachi,24.8607,67.0011,28.1,74,20.7,1002.3,,3,14.73,66.64,0.06,0.52,63.87,37.96,0.0,61.5,
2026-08-29 13:00:00+00:00,Karachi,24.8607,67.0011,27.3,78,19.6,1002.1,,3,14.46,65.03,0.08,0.53,63.87,37.72,0.0,61.0,
2026-08-29 14:00:00+00:00,Karachi,24.8607,67.0011,26.7,82,17.8,1002.4,,3,14.15,64.41,0.09,0.53,64.18,37.76,0.0,60.4,
2026-08-29 15:00:00+00:00,Karachi,24.8607,67.0011,26.3,85,16.1,1002.9,,3,14.0,64.48,0.1,0.53,64.77,37.86,0.0,60.1,
2026-08-29 16:00:00+00:00,Karachi,24.8607,67.0011,26.2,87,14.0,1003.8,,3,13.94,64.17,0.09,0.52,65.16,37.76,0.0,60.0,
2026-08-29 17:00:00+00:00,Karachi,24.8607,67.0011,26.0,87,13.2,1004.2,,3,13.89,63.95,0.09,0.52,65.24,37.26,0.0,59.9,
2026-08-29 18:00:00+00:00,Karachi,24.8607,67.0011,26.4,86,15.2,1004.0,,3,14.07,64.76,0.1,0.53,64.94,36.39,0.0,60.3,
2026-08-29 19:00:00+00:00,Karachi,24.8607,67.0011,26.1,88,14.3,1003.7,,3,14.36,65.31,0.1,0.53,64.52,35.63,0.0,60.8,
2026-08-29 20:00:00+00:00,Karachi,24.8607,67.0011,26.0,89,14.6,1003.2,,3,14.6,65.37,0.1,0.54,64.28,35.03,0.0,61.2,
2026-08-29 21:00:00+00:00,Karachi,24.8607,67.0011,25.8,91,15.1,1002.7,,3,14.62,64.61,0.1,0.53,64.25,34.72,0.0,61.3,
2026-08-29 22:00:00+00:00,Karachi,24.8607,67.0011,25.7,91,15.5,1002.3,,3,14.5,63.48,0.1,0.51,64.42,34.92,0.0,61.1,
2026-08-29 23:00:00+00:00,Karachi,24.8607,67.0011,25.8,90,16.8,1002.2,,3,14.44,63.04,0.1,0.5,64.57,35.4,0.0,60.9,
2026-08-30 00:00:00+00:00,Karachi,24.8607,67.0011,25.9,87,17.6,1002.1,,3,14.59,63.82,0.1,0.5,64.67,35.8,0.0,61.2,
2026-08-30 01:00:00+00:00,Karachi,24.8607,67.0011,25.8,88,16.5,1002.4,,3,14.95,64.05,0.1,0.51,64.55,36.13,0.0,61.9,
2026-08-30 02:00:00+00:00,Karachi,24.8607,67.0011,26.1,87,16.5,1003.1,,3,15.29,62.96,0.1,0.5,64.4,36.58,0.0,62.5,
2026-08-30 03:00:00+00:00,Karachi,24.8607,67.0011,26.9,82,19.1,1003.4,,3,15.49,62.93,0.1,0.5,64.29,37.31,0.0,62.9,
2026-08-30 04:00:00+00:00,Karachi,24.8607,67.0011,27.7,76,20.0,1003.9,,3,15.33,60.18,0.1,0.48,64.29,38.44,0.0,62.6,
2026-08-30 05:00:00+00:00,Karachi,24.8607,67.0011,28.4,73,20.9,1004.3,,3,15.02,57.19,0.09,0.46,64.35,39.65,0.0,62.0,
2026-08-30 06:00:00+00:00,Karachi,24.8607,67.0011,28.3,75,22.4,1004.7,,3,14.65,55.23,0.07,0.45,64.41,40.73,0.0,61.3,
2026-08-30 07:00:00+00:00,Karachi,24.8607,67.0011,28.6,74,23.2,1004.4,,3,14.47,58.05,0.06,0.45,64.38,41.35,0.0,61.0,
2026-08-30 08:00:00+00:00,Karachi,24.8607,67.0011,28.6,74,22.6,1004.0,,3,14.91,64.2,0.06,0.47,64.18,41.14,0.0,61.8,
2026-08-30 09:00:00+00:00,Karachi,24.8607,67.0011,28.5,74,21.5,1003.5,,3,15.48,69.01,0.05,0.48,64.05,40.34,0.0,62.9,
2026-08-30 10:00:00+00:00,Karachi,24.8607,67.0011,28.2,76,21.0,1003.2,,3,15.72,70.28,0.05,0.49,64.18,39.35,0.0,63.3,
2026-08-30 11:00:00+00:00,Karachi,24.8607,67.0011,28.0,77,20.0,1002.8,,3,15.74,69.82,0.05,0.49,64.35,38.36,0.0,63.4,
2026-08-30 12:00:00+00:00,Karachi,24.8607,67.0011,27.8,79,19.0,1002.7,,3,15.74,69.55,0.06,0.5,64.54,37.48,0.0,63.4,
2026-08-30 13:00:00+00:00,Karachi,24.8607,67.0011,27.2,81,18.0,1002.8,,3,15.83,70.07,0.07,0.51,64.77,36.6,0.0,63.5,
2026-08-30 14:00:00+00:00,Karachi,24.8607,67.0011,26.5,86,15.9,1003.2,,3,15.91,70.53,0.09,0.51,64.76,35.63,0.0,63.7,
2026-08-30 15:00:00+00:00,Karachi,24.8607,67.0011,26.1,88,14.3,1003.7,,3,15.98,71.12,0.09,0.52,64.68,34.63,0.0,63.8,
2026-08-30 16:00:00+00:00,Karachi,24.8607,67.0011,26.1,88,13.4,1004.2,,3,15.88,70.58,0.1,0.52,64.64,33.81,0.0,63.6,
2026-08-30 17:00:00+00:00,Karachi,24.8607,67.0011,26.0,89,13.0,1004.8,,3,15.78,70.84,0.1,0.52,64.64,33.15,0.0,63.4,
2026-08-30 18:00:00+00:00,Karachi,24.8607,67.0011,26.1,89,13.8,1004.5,,3,15.66,70.59,0.1,0.52,64.66,32.49,0.0,63.2,
2026-08-30 19:00:00+00:00,Karachi,24.8607,67.0011,25.9,90,13.7,1004.2,,3,15.51,67.8,0.11,0.51,64.55,31.9,0.0,62.9,
2026-08-30 20:00:00+00:00,Karachi,24.8607,67.0011,25.8,90,13.9,1004.0,,3,15.16,63.85,0.11,0.5,64.58,31.46,0.0,62.3,
2026-08-30 21:00:00+00:00,Karachi,24.8607,67.0011,25.7,90,15.5,1003.4,,3,14.61,59.59,0.11,0.47,64.68,31.23,0.0,61.3,
2026-08-30 22:00:00+00:00,Karachi,24.8607,67.0011,25.7,91,16.3,1003.2,,3,13.88,55.38,0.11,0.45,64.9,31.28,0.0,59.9,
2026-08-30 23:00:00+00:00,Karachi,24.8607,67.0011,25.6,91,15.9,1003.2,,3,13.33,52.71,0.11,0.44,65.21,31.58,0.0,58.9,
2026-08-31 00:00:00+00:00,Karachi,24.8607,67.0011,25.7,87,14.4,1003.3,,3,13.05,51.12,0.1,0.43,65.33,31.9,0.0,58.4,
2026-08-31 01:00:00+00:00,Karachi,24.8607,67.0011,25.8,87,14.8,1003.4,,2,12.89,49.25,0.1,0.42,65.36,32.26,0.0,58.1,
2026-08-31 02:00:00+00:00,Karachi,24.8607,67.0011,25.9,87,15.6,1003.7,,2,12.74,46.92,0.11,0.41,65.36,32.8,0.0,57.8,
2026-08-31 03:00:00+00:00,Karachi,24.8607,67.0011,26.7,83,18.3,1004.2,,2,12.59,45.23,0.1,0.4,65.39,33.54,0.0,57.5,
2026-08-31 04:00:00+00:00,Karachi,24.8607,67.0011,27.4,78,18.6,1004.3,,2,12.51,44.84,0.09,0.39,65.35,34.55,0.0,57.4,
2026-08-31 05:00:00+00:00,Karachi,24.8607,67.0011,28.0,75,18.4,1004.6,,2,12.49,45.55,0.08,0.39,65.37,35.69,0.0,57.3,
2026-08-31 06:00:00+00:00,Karachi,24.8607,67.0011,28.3,74,20.3,1004.7,,2,12.47,46.18,0.07,0.39,65.4,36.77,0.0,57.3,
2026-08-31 07:00:00+00:00,Karachi,24.8607,67.0011,28.6,73,20.4,1004.3,,2,12.7,48.84,0.06,0.4,65.41,37.83,0.0,57.7,
2026-08-31 08:00:00+00:00,Karachi,24.8607,67.0011,28.7,72,19.8,1003.7,,3,12.95,50.86,0.05,0.41,65.32,38.8,0.0,58.2,
2026-08-31 09:00:00+00:00,Karachi,24.8607,67.0011,28.7,73,18.8,1003.2,,3,13.26,52.38,0.05,0.41,65.05,39.42,0.0,58.8,
2026-08-31 10:00:00+00:00,Karachi,24.8607,67.0011,28.8,72,18.0,1002.8,,3,13.8,54.82,0.05,0.42,64.83,39.72,0.0,59.8,
2026-08-31 11:00:00+00:00,Karachi,24.8607,67.0011,28.1,76,17.6,1002.1,,3,14.38,57.35,0.06,0.43,64.48,39.89,0.0,60.8,
2026-08-31 12:00:00+00:00,Karachi,24.8607,67.0011,28.0,77,17.2,1002.1,,3,14.57,58.36,0.07,0.44,64.34,40.21,0.0,61.2,
2026-08-31 13:00:00+00:00,Karachi,24.8607,67.0011,27.1,81,16.5,1002.3,,3,14.5,58.19,0.08,0.45,64.6,40.87,0.0,61.1,
2026-08-31 14:00:00+00:00,Karachi,24.8607,67.0011,26.7,83,14.0,1002.6,,3,14.42,57.79,0.09,0.45,65.01,41.46,0.0,60.9,
2026-08-31 15:00:00+00:00,Karachi,24.8607,67.0011,26.4,87,12.1,1002.8,,3,14.33,57.54,0.09,0.44,65.25,41.76,0.0,60.7,
2026-08-31 16:00:00+00:00,Karachi,24.8607,67.0011,26.2,88,12.2,1003.4,,3,14.13,57.24,0.09,0.44,65.33,41.7,0.0,60.4,
2026-08-31 17:00:00+00:00,Karachi,24.8607,67.0011,26.2,88,12.9,1004.0,,3,14.01,57.69,0.09,0.43,65.51,41.5,0.0,60.1,
2026-08-31 18:00:00+00:00,Karachi,24.8607,67.0011,26.3,87,13.1,1004.0,,3,13.89,57.96,0.09,0.42,65.66,41.27,0.0,59.9,
2026-08-31 19:00:00+00:00,Karachi,24.8607,67.0011,26.0,88,11.8,1003.7,,3,13.75,55.9,0.1,0.41,65.59,40.84,0.0,59.7,
2026-08-31 20:00:00+00:00,Karachi,24.8607,67.0011,25.8,88,12.0,1003.4,,3,13.66,53.84,0.1,0.4,65.48,40.29,0.0,59.5,
2026-08-31 21:00:00+00:00,Karachi,24.8607,67.0011,25.7,89,12.4,1002.8,,3,13.46,52.05,0.1,0.38,65.44,39.68,0.0,59.1,
2026-08-31 22:00:00+00:00,Karachi,24.8607,67.0011,25.4,91,12.3,1002.6,,2,13.07,49.17,0.1,0.37,65.49,39.29,0.0,58.4,
2026-08-31 23:00:00+00:00,Karachi,24.8607,67.0011,25.4,91,13.1,1002.5,,2,12.97,46.39,0.11,0.35,65.59,38.85,0.0,58.2,
2026-09-01 00:00:00+00:00,Karachi,24.8607,67.0011,25.6,91,12.8,1002.4,,2,13.36,45.23,0.11,0.35,65.64,38.33,0.0,58.9,
2026-09-01 01:00:00+00:00,Karachi,24.8607,67.0011,25.6,91,12.4,1002.5,,2,13.94,45.87,0.11,0.38,65.88,37.97,0.0,60.0,
2026-09-01 02:00:00+00:00,Karachi,24.8607,67.0011,25.9,88,12.2,1003.0,,2,14.64,48.01,0.11,0.41,66.03,37.59,0.0,61.3,
2026-09-01 03:00:00+00:00,Karachi,24.8607,67.0011,26.9,82,14.9,1003.6,,3,15.19,50.34,0.11,0.45,66.27,37.26,0.0,62.3,
2026-09-01 04:00:00+00:00,Karachi,24.8607,67.0011,27.7,76,15.5,1003.9,,3,15.53,53.37,0.1,0.48,66.41,36.98,0.0,63.0,
2026-09-01 05:00:00+00:00,Karachi,24.8607,67.0011,28.2,73,16.5,1004.5,,3,16.0,58.14,0.09,0.52,66.62,36.55,0.0,63.9,
2026-09-01 06:00:00+00:00,Karachi,24.8607,67.0011,28.8,69,16.8,1004.6,,3,16.48,62.87,0.08,0.56,66.72,36.07,0.0,64.7,
2026-09-01 07:00:00+00:00,Karachi,24.8607,67.0011,28.8,69,16.7,1004.4,,3,16.8,65.73,0.07,0.58,66.76,35.6,0.0,65.3,
2026-09-01 08:00:00+00:00,Karachi,24.8607,67.0011,29.0,69,16.7,1003.9,,3,16.83,65.59,0.07,0.58,66.73,35.24,0.0,65.4,
2026-09-01 09:00:00+00:00,Karachi,24.8607,67.0011,29.1,69,16.2,1003.4,,3,16.66,64.81,0.06,0.57,66.68,35.06,0.0,65.1,
2026-09-01 10:00:00+00:00,Karachi,24.8607,67.0011,29.0,71,15.8,1003.0,,3,16.41,64.57,0.06,0.57,66.72,35.04,0.0,64.6,
2026-09-02 10:22:33.962448+00:00,Karachi,24.8607,67.0011,32.07,48,8.23,1005,Clouds,2,13.68,45.16,0.06,0.52,67.71,39.18,0,59.5,161
2026-09-02 14:18:58.610377+00:00,Karachi,24.8607,67.0011,29.07,61,6.17,1005,Clouds,2,12.66,43.06,0.1,0.46,69.45,40.72,0,57.6,161
2026-09-02 18:33:10.216598+00:00,Karachi,24.8607,67.0011,26.07,78,4.12,1006,Clouds,2,11.16,39.3,0.09,0.41,69.88,41.16,0,54.8,161
2026-09-02 21:44:05.315545+00:00,Karachi,24.8607,67.0011,27.07,74,5.14,1005,Clouds,2,10.58,34.43,0.08,0.36,69.3,40.9,0,53.8,161
2026-09-03 00:01:14.757732+00:00,Karachi,24.8607,67.0011,26.07,78,4.63,1005,Clouds,2,10.45,29.22,0.08,0.32,69.6,40.88,0,53.5,161
