timestamp_utc,city,lat,lon,temp_c,humidity_pct,wind_speed_ms,pressure_hpa,weather_main,aqi_openweather,pm2_5,pm10,no2,so2,co,o3,nh3,aqi_us_epa,aqi_aqicn,hour,day,month,day_of_week,is_weekend,aqi_change_rate,aqi_lag_1h,aqi_lag_3h,aqi_lag_24h,aqi_roll_mean_3h,aqi_roll_mean_24h,aqi_roll_std_24h,pm_ratio,target_aqi_24h,target_aqi_48h,target_aqi_72h
2026-05-28 13:00:00,Karachi,24.8607,67.0011,30.9,79.0,15.7,1002.7,unknown,3.0,12.04,56.73,0.06,0.4,74.92,31.41,0.0,56.5,,13.0,28.0,5.0,3.0,0.0,0.6000000000000014,55.9,54.9,53.0,55.9,54.84166666666667,0.6684938728360458,0.2122333862154063,62.5,61.4,59.5
2026-05-28 14:00:00,Karachi,24.8607,67.0011,30.1,84.0,15.1,1003.0,unknown,3.0,12.23,57.14,0.08,0.4,74.87,31.54,0.0,56.8,,14.0,28.0,5.0,3.0,0.0,0.2999999999999971,56.5,55.3,53.6,56.400000000000006,54.975,0.7266660018943001,0.2140357017850892,61.8,61.6,59.3
2026-05-28 15:00:00,Karachi,24.8607,67.0011,29.6,88.0,13.8,1003.5,unknown,3.0,12.26,56.71,0.09,0.41,75.03,31.75,0.0,56.9,,15.0,28.0,5.0,3.0,0.0,0.1000000000000014,56.8,55.9,54.2,56.73333333333334,55.0875,0.8061246532452636,0.2161876212308234,61.1,62.1,59.5
2026-05-28 16:00:00,Karachi,24.8607,67.0011,29.5,89.0,12.6,1004.2,unknown,3.0,12.08,55.71,0.09,0.4,75.37,32.08,0.0,56.6,,16.0,28.0,5.0,3.0,0.0,-0.2999999999999971,56.9,56.5,54.7,56.76666666666667,55.16666666666666,0.8580395585903625,0.2168371926045593,60.5,62.4,59.7
2026-05-28 17:00:00,Karachi,24.8607,67.0011,29.3,90.0,11.9,1004.6,unknown,3.0,11.79,54.67,0.09,0.4,75.65,32.54,0.0,56.0,,17.0,28.0,5.0,3.0,0.0,-0.6000000000000014,56.6,56.8,55.2,56.5,55.2,0.8747670497636989,0.2156575818547649,59.8,62.4,59.8
2026-05-28 18:00:00,Karachi,24.8607,67.0011,29.4,90.0,13.3,1004.4,unknown,3.0,11.62,54.33,0.09,0.4,76.15,33.02,0.0,55.7,,18.0,28.0,5.0,3.0,0.0,-0.2999999999999971,56.0,56.9,55.5,56.1,55.208333333333336,0.8786930347529173,0.2138781520338671,59.3,62.1,59.7
2026-05-28 19:00:00,Karachi,24.8607,67.0011,29.0,92.0,14.4,1003.9,unknown,3.0,11.58,54.83,0.09,0.4,76.51,33.38,0.0,55.6,,19.0,28.0,5.0,3.0,0.0,-0.1000000000000014,55.7,56.6,55.6,55.76666666666667,55.208333333333336,0.8786930347529173,0.2111982491336859,58.9,61.9,59.4
2026-05-28 20:00:00,Karachi,24.8607,67.0011,28.9,92.0,13.2,1003.5,unknown,3.0,11.71,55.85,0.09,0.41,76.95,33.34,0.0,55.9,,20.0,28.0,5.0,3.0,0.0,0.2999999999999971,55.6,56.0,55.3,55.73333333333334,55.23333333333334,0.8898786760109028,0.2096687555953446,58.7,61.9,59.3
2026-05-28 21:00:00,Karachi,24.8607,67.0011,28.8,91.0,13.1,1003.4,unknown,3.0,11.87,56.86,0.1,0.42,77.37,33.16,0.0,56.2,,21.0,28.0,5.0,3.0,0.0,0.3000000000000042,55.9,55.7,54.8,55.900000000000006,55.29166666666666,0.9059785325807213,0.2087583538515652,58.9,62.1,59.4
2026-05-28 22:00:00,Karachi,24.8607,67.0011,28.7,91.0,12.4,1003.5,unknown,3.0,12.09,58.29,0.1,0.42,77.7,33.08,0.0,56.6,,22.0,28.0,5.0,3.0,0.0,0.3999999999999986,56.2,55.6,54.4,56.23333333333334,55.38333333333333,0.9229756540769428,0.2074112197632527,59.7,62.4,59.9
2026-05-28 23:00:00,Karachi,24.8607,67.0011,28.6,91.0,15.1,1003.1,unknown,3.0,12.43,60.33,0.1,0.43,78.05,33.2,0.0,57.2,,23.0,28.0,5.0,3.0,0.0,0.6000000000000014,56.6,55.9,54.1,56.66666666666668,55.5125,0.952028726299678,0.206033482512846,60.9,62.4,60.6
2026-05-29 00:00:00,Karachi,24.8607,67.0011,28.8,92.0,15.5,1003.1,unknown,3.0,12.96,63.11,0.1,0.43,78.26,33.49,0.0,58.2,,0.0,29.0,5.0,4.0,0.0,1.0,57.2,56.2,54.0,57.33333333333334,55.68750000000001,1.043536003859849,0.2053557280938044,62.1,62.2,61.2
2026-05-29 01:00:00,Karachi,24.8607,67.0011,28.8,91.0,13.8,1003.6,unknown,3.0,13.56,65.88,0.11,0.44,78.41,33.84,0.0,59.3,,1.0,29.0,5.0,4.0,0.0,1.0999999999999943,58.2,56.6,54.0,58.23333333333334,55.90833333333333,1.2172373091200723,0.2058287795992714,62.7,61.7,61.7
2026-05-29 02:00:00,Karachi,24.8607,67.0011,29.5,87.0,13.8,1004.0,unknown,3.0,14.09,67.93,0.11,0.44,78.42,34.23,0.0,60.3,,2.0,29.0,5.0,4.0,0.0,1.0,59.3,57.2,54.2,59.26666666666667,56.1625,1.4580548388488086,0.2074194023259237,62.8,61.2,61.8
2026-05-29 03:00:00,Karachi,24.8607,67.0011,30.7,79.0,16.2,1004.3,unknown,3.0,14.55,69.48,0.09,0.44,78.37,34.65,0.0,61.2,,3.0,29.0,5.0,4.0,0.0,0.9000000000000057,60.3,58.2,54.5,60.26666666666667,56.44166666666667,1.7400441440478076,0.2094127806563039,62.6,60.8,61.7
2026-05-29 04:00:00,Karachi,24.8607,67.0011,31.9,72.0,15.9,1004.5,unknown,3.0,15.02,71.03,0.08,0.44,77.99,34.95,0.0,62.0,,4.0,29.0,5.0,4.0,0.0,0.7999999999999972,61.2,59.3,54.8,61.16666666666666,56.741666666666674,2.039590041228441,0.2114599465014782,62.3,60.5,61.5
2026-05-29 05:00:00,Karachi,24.8607,67.0011,32.6,70.0,16.0,1004.3,unknown,3.0,15.55,72.63,0.07,0.44,77.23,35.12,0.0,63.0,,5.0,29.0,5.0,4.0,0.0,1.0,62.0,60.3,55.1,62.06666666666667,57.07083333333333,2.373307940355855,0.2140988572215338,62.1,60.5,61.3
2026-05-29 06:00:00,Karachi,24.8607,67.0011,33.5,66.0,16.4,1004.2,unknown,3.0,15.99,73.8,0.06,0.43,76.44,35.08,0.0,63.8,,6.0,29.0,5.0,4.0,0.0,0.7999999999999972,63.0,61.2,55.1,62.93333333333334,57.43333333333334,2.7009928394733302,0.2166666666666666,62.0,60.5,61.2
2026-05-29 07:00:00,Karachi,24.8607,67.0011,34.1,64.0,17.3,1003.6,unknown,3.0,16.28,74.38,0.06,0.42,75.82,34.89,0.0,64.4,,7.0,29.0,5.0,4.0,0.0,0.6000000000000085,63.8,62.0,55.0,63.73333333333334,57.82500000000001,2.998006584099856,0.2188760419467599,62.1,60.5,61.0
2026-05-29 08:00:00,Karachi,24.8607,67.0011,34.5,63.0,17.5,1002.9,unknown,3.0,16.42,74.59,0.05,0.42,75.25,34.32,0.0,64.6,,8.0,29.0,5.0,4.0,0.0,0.1999999999999886,64.4,63.0,54.8,64.26666666666667,58.23333333333333,3.2267451182291733,0.2201367475532913,62.2,60.5,60.8
2026-05-29 09:00:00,Karachi,24.8607,67.0011,34.4,63.0,17.2,1002.1,unknown,3.0,16.43,74.63,0.05,0.41,74.64,33.51,0.0,64.7,,9.0,29.0,5.0,4.0,0.0,0.1000000000000085,64.6,63.8,54.7,64.56666666666668,58.650000000000006,3.3920623456189745,0.2201527535843494,62.3,60.4,60.6
2026-05-29 10:00:00,Karachi,24.8607,67.0011,34.0,65.0,17.1,1001.4,unknown,3.0,16.36,74.63,0.05,0.41,74.27,32.91,0.0,64.5,,10.0,29.0,5.0,4.0,0.0,-0.2000000000000028,64.7,64.4,54.9,64.60000000000001,59.05,3.495089723305682,0.2192147929786949,62.2,60.4,60.3
2026-05-29 11:00:00,Karachi,24.8607,67.0011,33.0,70.0,17.3,1000.7,unknown,3.0,16.11,74.25,0.05,0.42,74.0,32.64,0.0,64.1,,11.0,29.0,5.0,4.0,0.0,-0.4000000000000057,64.5,64.6,55.3,64.43333333333334,59.41666666666666,3.5458078942931994,0.2169696969696969,61.9,60.2,59.9
2026-05-29 12:00:00,Karachi,24.8607,67.0011,32.2,72.0,17.3,1000.4,unknown,3.0,15.7,73.42,0.05,0.42,73.78,32.82,0.0,63.3,,12.0,29.0,5.0,4.0,0.0,-0.7999999999999972,64.1,64.7,55.9,63.96666666666668,59.725,3.5484534291961167,0.213838191228548,61.5,59.8,59.6
2026-05-29 13:00:00,Karachi,24.8607,67.0011,31.3,75.0,16.4,1000.5,unknown,3.0,15.29,72.31,0.06,0.42,73.87,33.13,0.0,62.5,,13.0,29.0,5.0,4.0,0.0,-0.7999999999999972,63.3,64.5,56.5,63.30000000000001,59.975,3.5226287121298,0.2114506983819665,61.4,59.5,59.4
2026-05-29 14:00:00,Karachi,24.8607,67.0011,30.3,80.0,15.9,1000.8,unknown,3.0,14.9,70.82,0.08,0.43,73.75,33.07,0.0,61.8,,14.0,29.0,5.0,4.0,0.0,-0.7000000000000028,62.5,64.1,56.8,62.53333333333334,60.18333333333333,3.4742114108929827,0.2103925444789607,61.6,59.3,59.3
2026-05-29 15:00:00,Karachi,24.8607,67.0011,30.1,83.0,13.6,1001.2,unknown,3.0,14.54,69.37,0.09,0.43,73.55,32.79,0.0,61.1,,15.0,29.0,5.0,4.0,0.0,-0.6999999999999957,61.8,63.3,56.9,61.80000000000001,60.35833333333334,3.406760116708574,0.2096006919417615,62.1,59.5,59.3
2026-05-29 16:00:00,Karachi,24.8607,67.0011,29.8,85.0,12.1,1001.4,unknown,3.0,14.2,68.33,0.09,0.44,73.59,32.66,0.0,60.5,,16.0,29.0,5.0,4.0,0.0,-0.6000000000000014,61.1,62.5,56.6,61.13333333333335,60.520833333333336,3.311374227628878,0.2078150153666032,62.4,59.7,59.4
2026-05-29 17:00:00,Karachi,24.8607,67.0011,29.6,85.0,12.2,1001.9,unknown,3.0,13.85,67.22,0.1,0.44,73.74,32.84,0.0,59.8,,17.0,29.0,5.0,4.0,0.0,-0.7000000000000028,60.5,61.8,56.0,60.46666666666668,60.67916666666667,3.173802981024674,0.2060398690865813,62.4,59.8,59.6
2026-05-29 18:00:00,Karachi,24.8607,67.0011,29.4,87.0,11.8,1001.6,unknown,3.0,13.55,65.98,0.1,0.44,74.12,33.14,0.0,59.3,,18.0,29.0,5.0,4.0,0.0,-0.5,59.8,61.1,55.7,59.866666666666674,60.82916666666666,3.0090413274308885,0.2053652622006668,62.1,59.7,60.1
2026-05-29 19:00:00,Karachi,24.8607,67.0011,29.1,88.0,12.5,1001.4,unknown,3.0,13.33,65.1,0.1,0.44,74.62,33.71,0.0,58.9,,19.0,29.0,5.0,4.0,0.0,-0.3999999999999986,59.3,60.5,55.6,59.33333333333334,60.96666666666667,2.829759041318895,0.2047619047619047,61.9,59.4,60.9
2026-05-29 20:00:00,Karachi,24.8607,67.0011,29.0,86.0,14.4,1001.0,unknown,3.0,13.25,65.03,0.1,0.45,75.61,34.48,0.0,58.7,,20.0,29.0,5.0,4.0,0.0,-0.1999999999999957,58.9,59.8,55.9,58.96666666666668,61.083333333333336,2.664691297352619,0.2037521144087344,61.9,59.3,61.8
2026-05-29 21:00:00,Karachi,24.8607,67.0011,28.9,87.0,14.1,1000.7,unknown,3.0,13.35,66.17,0.11,0.46,76.55,35.42,0.0,58.9,,21.0,29.0,5.0,4.0,0.0,0.1999999999999957,58.7,59.3,56.2,58.83333333333334,61.19583333333333,2.501561106800359,0.2017530602992292,62.1,59.4,62.7
2026-05-29 22:00:00,Karachi,24.8607,67.0011,28.7,88.0,14.8,1000.4,unknown,3.0,13.77,69.23,0.11,0.47,77.46,36.94,0.0,59.7,,22.0,29.0,5.0,4.0,0.0,0.8000000000000043,58.9,58.9,56.6,59.100000000000016,61.325,2.3279492748186263,0.1989022100245558,62.4,59.9,63.5
2026-05-29 23:00:00,Karachi,24.8607,67.0011,28.7,88.0,13.5,1000.3,unknown,3.0,14.44,73.02,0.12,0.49,77.8,38.39,0.0,60.9,,23.0,29.0,5.0,4.0,0.0,1.1999999999999955,59.7,58.7,57.2,59.83333333333334,61.47916666666666,2.159303262571425,0.1977540399890441,62.4,60.6,64.4
2026-05-30 00:00:00,Karachi,24.8607,67.0011,28.9,89.0,13.2,1000.1,unknown,3.0,15.06,75.46,0.12,0.51,77.34,38.52,0.0,62.1,,0.0,30.0,5.0,5.0,1.0,1.2000000000000028,60.9,58.9,58.2,60.900000000000006,61.64166666666666,2.0455501368483087,0.1995759342698118,62.2,61.2,64.9
2026-05-30 01:00:00,Karachi,24.8607,67.0011,28.9,90.0,14.5,1000.4,unknown,3.0,15.39,76.42,0.12,0.51,76.6,37.68,0.0,62.7,,1.0,30.0,5.0,5.0,1.0,0.6000000000000014,62.1,59.7,59.3,61.90000000000001,61.78333333333333,1.9933948902430116,0.2013870714472651,61.7,61.7,65.0
2026-05-30 02:00:00,Karachi,24.8607,67.0011,29.7,86.0,14.4,1001.0,unknown,3.0,15.42,76.15,0.12,0.51,76.32,36.98,0.0,62.8,,2.0,30.0,5.0,5.0,1.0,0.0999999999999943,62.7,60.9,60.3,62.53333333333334,61.8875,1.9777704839029144,0.202495075508864,61.2,61.8,64.7
2026-05-30 03:00:00,Karachi,24.8607,67.0011,30.8,80.0,14.8,1001.4,unknown,3.0,15.3,75.19,0.11,0.49,76.44,36.8,0.0,62.6,,3.0,30.0,5.0,5.0,1.0,-0.1999999999999957,62.8,62.1,61.2,62.70000000000001,61.945833333333326,1.9772574697014709,0.2034845059183402,60.8,61.7,64.2
2026-05-30 04:00:00,Karachi,24.8607,67.0011,31.9,75.0,14.4,1001.7,unknown,3.0,15.16,74.25,0.09,0.48,76.86,37.31,0.0,62.3,,4.0,30.0,5.0,5.0,1.0,-0.3000000000000042,62.6,62.7,62.0,62.56666666666667,61.958333333333336,1.978562646207724,0.2041750841750841,60.5,61.5,64.0
2026-05-30 05:00:00,Karachi,24.8607,67.0011,32.9,70.0,15.7,1001.7,unknown,3.0,15.07,73.01,0.07,0.46,77.23,37.79,0.0,62.1,,5.0,30.0,5.0,5.0,1.0,-0.1999999999999957,62.3,62.8,63.0,62.33333333333334,61.92083333333333,1.966453255441917,0.2064100808108478,60.5,61.3,63.8
2026-05-30 06:00:00,Karachi,24.8607,67.0011,33.6,70.0,18.5,1001.8,unknown,3.0,15.02,71.61,0.06,0.44,77.35,37.67,0.0,62.0,,6.0,30.0,5.0,5.0,1.0,-0.1000000000000014,62.1,62.6,63.8,62.13333333333335,61.84583333333333,1.9255669219883225,0.2097472420053065,60.5,61.2,63.9
2026-05-30 07:00:00,Karachi,24.8607,67.0011,34.2,65.0,17.9,1001.4,unknown,3.0,15.05,70.32,0.06,0.43,77.09,36.97,0.0,62.1,,7.0,30.0,5.0,5.0,1.0,0.1000000000000014,62.0,62.3,64.4,62.06666666666669,61.75,1.8486187558252811,0.2140216154721274,60.5,61.0,64.1
2026-05-30 08:00:00,Karachi,24.8607,67.0011,35.0,61.0,15.9,1001.1,unknown,3.0,15.13,69.51,0.05,0.42,76.46,35.92,0.0,62.2,,8.0,30.0,5.0,5.0,1.0,0.1000000000000014,62.1,62.1,64.6,62.100000000000016,61.65,1.75003105563686,0.2176665228024744,60.5,60.8,64.2
2026-05-30 09:00:00,Karachi,24.8607,67.0011,35.1,59.0,15.8,1000.5,unknown,3.0,15.17,69.12,0.05,0.42,75.86,34.96,0.0,62.3,,9.0,30.0,5.0,5.0,1.0,0.0999999999999943,62.2,62.0,64.7,62.20000000000001,61.54999999999999,1.6328156529636555,0.2194733796296296,60.4,60.6,64.2
2026-05-30 10:00:00,Karachi,24.8607,67.0011,34.6,62.0,15.7,999.7,unknown,3.0,15.13,69.22,0.05,0.41,75.64,34.53,0.0,62.2,,10.0,30.0,5.0,5.0,1.0,-0.0999999999999943,62.3,62.1,64.5,62.23333333333335,61.45416666666666,1.5154219291107986,0.2185784455359722,60.4,60.3,64.1
2026-05-30 11:00:00,Karachi,24.8607,67.0011,33.7,65.0,15.4,999.4,unknown,3.0,14.95,69.27,0.05,0.41,75.55,34.65,0.0,61.9,,11.0,30.0,5.0,5.0,1.0,-0.3000000000000042,62.2,62.2,64.1,62.13333333333335,61.3625,1.4113861518403816,0.2158221452288148,60.2,59.9,63.9
2026-05-30 12:00:00,Karachi,24.8607,67.0011,33.0,70.0,14.8,999.4,unknown,3.0,14.74,69.68,0.05,0.41,75.46,35.2,0.0,61.5,,12.0,30.0,5.0,5.0,1.0,-0.3999999999999986,61.9,62.3,63.3,61.866666666666674,61.2875,1.3504628836223755,0.2115384615384615,59.8,59.6,63.6
2026-05-30 13:00:00,Karachi,24.8607,67.0011,31.4,78.0,15.6,999.3,unknown,3.0,14.69,70.88,0.06,0.41,75.69,35.94,0.0,61.4,,13.0,30.0,5.0,5.0,1.0,-0.1000000000000014,61.5,62.2,62.5,61.6,61.24166666666667,1.3259669701160774,0.2072516930022573,59.5,59.4,63.4
2026-05-30 14:00:00,Karachi,24.8607,67.0011,30.6,84.0,14.9,1000.0,unknown,3.0,14.8,72.42,0.08,0.42,75.75,36.6,0.0,61.6,,14.0,30.0,5.0,5.0,1.0,0.2000000000000028,61.4,61.9,61.8,61.50000000000001,61.23333333333334,1.322930431873857,0.2043634355150511,59.3,59.3,63.1
2026-05-30 15:00:00,Karachi,24.8607,67.0011,30.1,86.0,12.5,1000.7,unknown,3.0,15.04,73.77,0.09,0.44,75.61,36.83,0.0,62.1,,15.0,30.0,5.0,5.0,1.0,0.5,61.6,61.5,61.1,61.70000000000001,61.275,1.3342478747766555,0.2038769147349871,59.5,59.3,62.8
2026-05-30 16:00:00,Karachi,24.8607,67.0011,29.9,88.0,11.8,1001.6,unknown,3.0,15.21,74.45,0.09,0.45,75.42,36.73,0.0,62.4,,16.0,30.0,5.0,5.0,1.0,0.2999999999999971,62.1,61.4,60.5,62.03333333333334,61.35416666666666,1.34260589144832,0.2042981867024849,59.7,59.4,62.6
2026-05-30 17:00:00,Karachi,24.8607,67.0011,29.8,88.0,11.9,1002.2,unknown,3.0,15.2,74.28,0.1,0.46,75.35,36.58,0.0,62.4,,17.0,30.0,5.0,5.0,1.0,0.0,62.4,61.6,59.8,62.30000000000001,61.4625,1.3163891654157935,0.20463112547119,59.8,59.6,62.4
2026-05-30 18:00:00,Karachi,24.8607,67.0011,29.7,88.0,13.1,1002.6,unknown,3.0,15.08,73.62,0.1,0.46,75.5,36.51,0.0,62.1,,18.0,30.0,5.0,5.0,1.0,-0.2999999999999971,62.4,62.1,59.3,62.30000000000001,61.57916666666667,1.238154013990263,0.2048356424884542,59.7,60.1,62.6
2026-05-30 19:00:00,Karachi,24.8607,67.0011,29.4,90.0,13.4,1002.5,unknown,3.0,14.94,73.2,0.1,0.46,75.4,36.11,0.0,61.9,,19.0,30.0,5.0,5.0,1.0,-0.2000000000000028,62.1,62.4,58.9,62.13333333333335,61.70416666666666,1.0995964345530638,0.2040983606557377,59.4,60.9,63.0
2026-05-30 20:00:00,Karachi,24.8607,67.0011,29.3,90.0,14.7,1002.5,unknown,3.0,14.95,73.38,0.1,0.46,75.08,35.53,0.0,61.9,,20.0,30.0,5.0,5.0,1.0,0.0,61.9,62.4,58.7,61.96666666666668,61.8375,0.8943360423033568,0.2037339874625238,59.3,61.8,63.6
2026-05-30 21:00:00,Karachi,24.8607,67.0011,29.1,89.0,14.6,1002.1,unknown,3.0,15.06,73.82,0.1,0.46,74.71,35.06,0.0,62.1,,21.0,30.0,5.0,5.0,1.0,0.2000000000000028,61.9,62.1,58.9,61.96666666666668,61.97083333333333,0.6396188856510832,0.2040097534543484,59.4,62.7,64.2
2026-05-30 22:00:00,Karachi,24.8607,67.0011,28.9,92.0,13.4,1001.9,unknown,3.0,15.2,74.22,0.1,0.46,74.48,34.79,0.0,62.4,,22.0,30.0,5.0,5.0,1.0,0.2999999999999971,62.1,61.9,59.7,62.13333333333335,62.083333333333336,0.4239223336513122,0.2047965507949339,59.9,63.5,65.3
2026-05-30 23:00:00,Karachi,24.8607,67.0011,28.7,92.0,12.5,1002.0,unknown,3.0,15.24,74.03,0.1,0.46,74.59,34.43,0.0,62.4,,23.0,30.0,5.0,5.0,1.0,0.0,62.4,61.9,60.9,62.30000000000001,62.145833333333336,0.345126525902246,0.2058624881804673,60.6,64.4,66.7
2026-05-31 00:00:00,Karachi,24.8607,67.0011,28.9,92.0,14.1,1001.9,unknown,3.0,15.1,73.0,0.1,0.45,74.7,33.91,0.0,62.2,,0.0,31.0,5.0,6.0,1.0,-0.1999999999999957,62.4,62.1,62.1,62.33333333333334,62.15,0.3451527702675706,0.2068493150684931,61.2,64.9,68.1
2026-05-31 01:00:00,Karachi,24.8607,67.0011,28.8,92.0,11.8,1002.8,unknown,3.0,14.83,71.4,0.1,0.45,74.81,33.36,0.0,61.7,,1.0,31.0,5.0,6.0,1.0,-0.5,62.2,62.4,62.7,62.1,62.10833333333333,0.3361116102332174,0.2077030812324929,61.7,65.0,69.2
2026-05-31 02:00:00,Karachi,24.8607,67.0011,29.6,86.0,11.7,1003.6,unknown,3.0,14.56,70.13,0.1,0.44,74.97,33.28,0.0,61.2,,2.0,31.0,5.0,6.0,1.0,-0.5,61.7,62.4,62.8,61.70000000000001,62.04166666666666,0.3512916126842932,0.2076144303436475,61.8,64.7,70.2
2026-05-31 03:00:00,Karachi,24.8607,67.0011,30.6,80.0,13.4,1004.3,unknown,3.0,14.34,69.4,0.08,0.43,75.24,33.61,0.0,60.8,,3.0,31.0,5.0,6.0,1.0,-0.4000000000000057,61.2,62.2,62.6,61.23333333333335,61.96666666666667,0.413538985821874,0.2066282420749279,61.7,64.2,70.7
2026-05-31 04:00:00,Karachi,24.8607,67.0011,31.5,74.0,15.2,1004.8,unknown,3.0,14.22,69.15,0.07,0.42,75.23,34.26,0.0,60.5,,4.0,31.0,5.0,6.0,1.0,-0.2999999999999971,60.8,61.7,62.3,60.83333333333334,61.89166666666666,0.5038259419196117,0.2056399132321041,61.5,64.0,70.7
2026-05-31 05:00:00,Karachi,24.8607,67.0011,32.1,71.0,16.6,1004.9,unknown,3.0,14.18,69.12,0.06,0.41,74.93,34.68,0.0,60.5,,5.0,31.0,5.0,6.0,1.0,0.0,60.5,61.2,62.1,60.6,61.825,0.5757792451726123,0.2051504629629629,61.3,63.8,70.3
2026-05-31 06:00:00,Karachi,24.8607,67.0011,32.6,70.0,16.2,1005.4,unknown,3.0,14.2,68.98,0.06,0.4,74.37,34.45,0.0,60.5,,6.0,31.0,5.0,6.0,1.0,0.0,60.5,60.8,62.0,60.5,61.7625,0.6343860435216766,0.2058567700782835,61.2,63.9,69.6
2026-05-31 07:00:00,Karachi,24.8607,67.0011,33.0,67.0,15.9,1005.4,unknown,3.0,14.22,68.66,0.05,0.39,73.63,33.65,0.0,60.5,,7.0,31.0,5.0,6.0,1.0,0.0,60.5,60.5,62.1,60.5,61.69583333333333,0.6798204153618013,0.2071074861637052,61.0,64.1,69.5
2026-05-31 08:00:00,Karachi,24.8607,67.0011,32.9,69.0,16.0,1005.1,unknown,3.0,14.19,68.3,0.05,0.38,72.99,32.88,0.0,60.5,,8.0,31.0,5.0,6.0,1.0,0.0,60.5,60.5,62.2,60.5,61.625,0.712771687360115,0.2077598828696925,60.8,64.2,69.9
2026-05-31 09:00:00,Karachi,24.8607,67.0011,32.8,69.0,16.1,1004.5,unknown,3.0,14.17,68.27,0.05,0.38,72.63,32.3,0.0,60.4,,9.0,31.0,5.0,6.0,1.0,-0.1000000000000014,60.5,60.5,62.3,60.46666666666668,61.54583333333334,0.7395528418162558,0.2075582246960597,60.6,64.2,70.6
2026-05-31 10:00:00,Karachi,24.8607,67.0011,32.5,71.0,17.0,1003.7,unknown,3.0,14.14,68.4,0.05,0.37,72.54,32.04,0.0,60.4,,10.0,31.0,5.0,6.0,1.0,0.0,60.4,60.5,62.2,60.43333333333334,61.47083333333333,0.7612799100795656,0.2067251461988304,60.3,64.1,71.5
2026-05-31 11:00:00,Karachi,24.8607,67.0011,32.0,73.0,16.9,1003.4,unknown,3.0,14.03,67.97,0.05,0.37,72.45,31.95,0.0,60.2,,11.0,31.0,5.0,6.0,1.0,-0.1999999999999957,60.4,60.5,61.9,60.33333333333334,61.4,0.7978231252426717,0.2064145946741209,59.9,63.9,73.1
2026-05-31 12:00:00,Karachi,24.8607,67.0011,31.7,71.0,16.8,1003.2,unknown,3.0,13.83,66.94,0.05,0.37,72.39,32.25,0.0,59.8,,12.0,31.0,5.0,6.0,1.0,-0.4000000000000057,60.2,60.4,61.5,60.13333333333335,61.32916666666666,0.861484647073337,0.2066029279952196,59.6,63.6,75.4
2026-05-31 13:00:00,Karachi,24.8607,67.0011,30.9,73.0,16.0,1003.2,unknown,3.0,13.65,65.93,0.06,0.36,72.76,32.92,0.0,59.5,,13.0,31.0,5.0,6.0,1.0,-0.2999999999999971,59.8,60.4,61.4,59.83333333333334,61.25,0.9385465173656,0.2070377673289852,59.4,63.4,77.8
2026-05-31 14:00:00,Karachi,24.8607,67.0011,30.4,75.0,15.9,1003.7,unknown,3.0,13.58,65.52,0.07,0.36,72.87,33.48,0.0,59.3,,14.0,31.0,5.0,6.0,1.0,-0.2000000000000028,59.5,60.2,61.6,59.53333333333334,61.15416666666667,1.015522639789908,0.2072649572649572,59.3,63.1,79.4
2026-05-31 15:00:00,Karachi,24.8607,67.0011,30.1,77.0,14.3,1004.3,unknown,3.0,13.66,65.81,0.08,0.37,72.9,33.7,0.0,59.5,,15.0,31.0,5.0,6.0,1.0,0.2000000000000028,59.3,59.8,62.1,59.43333333333334,61.04583333333334,1.0483855773914943,0.2075672390214253,59.3,62.8,80.0
2026-05-31 16:00:00,Karachi,24.8607,67.0011,30.1,76.0,13.5,1005.1,unknown,3.0,13.79,66.1,0.08,0.37,72.72,33.62,0.0,59.7,,16.0,31.0,5.0,6.0,1.0,0.2000000000000028,59.5,59.5,62.4,59.50000000000001,60.93333333333333,1.0415985485175747,0.2086232980332829,59.4,62.6,79.4
2026-05-31 17:00:00,Karachi,24.8607,67.0011,29.9,76.0,12.5,1005.8,unknown,3.0,13.83,66.37,0.08,0.38,72.93,33.37,0.0,59.8,,17.0,31.0,5.0,6.0,1.0,0.0999999999999943,59.7,59.3,62.4,59.66666666666668,60.82500000000001,1.0173494974895054,0.2083772788910652,59.6,62.4,78.1
2026-05-31 18:00:00,Karachi,24.8607,67.0011,29.9,80.0,12.5,1005.7,unknown,3.0,13.79,66.29,0.08,0.39,73.28,33.14,0.0,59.7,,18.0,31.0,5.0,6.0,1.0,-0.0999999999999943,59.8,59.5,62.1,59.73333333333335,60.725,1.0044466354767263,0.2080253431890179,60.1,62.6,76.1
2026-05-31 19:00:00,Karachi,24.8607,67.0011,29.5,83.0,10.2,1005.5,unknown,3.0,13.63,65.82,0.09,0.39,73.78,32.9,0.0,59.4,,19.0,31.0,5.0,6.0,1.0,-0.3000000000000042,59.7,59.7,61.9,59.63333333333335,60.62083333333334,1.006923496388181,0.2070799149194774,60.9,63.0,74.0
2026-05-31 20:00:00,Karachi,24.8607,67.0011,29.2,84.0,10.1,1005.2,unknown,3.0,13.54,65.47,0.09,0.39,74.29,32.81,0.0,59.3,,20.0,31.0,5.0,6.0,1.0,-0.1000000000000014,59.4,59.8,61.9,59.46666666666668,60.5125,1.00317430972621,0.2068122804337864,61.8,63.6,72.8
2026-05-31 21:00:00,Karachi,24.8607,67.0011,29.1,85.0,10.8,1004.5,unknown,3.0,13.59,65.59,0.09,0.39,74.6,32.77,0.0,59.4,,21.0,31.0,5.0,6.0,1.0,0.1000000000000014,59.3,59.7,62.1,59.366666666666674,60.400000000000006,0.9681897047533766,0.2071962189358134,62.7,64.2,72.4
2026-05-31 22:00:00,Karachi,24.8607,67.0011,29.0,85.0,11.2,1004.3,unknown,3.0,13.87,66.4,0.09,0.39,74.83,33.07,0.0,59.9,,22.0,31.0,5.0,6.0,1.0,0.5,59.4,59.4,62.4,59.53333333333334,60.29583333333333,0.873513229643122,0.2088855421686746,63.5,65.3,72.7
2026-05-31 23:00:00,Karachi,24.8607,67.0011,28.9,85.0,9.9,1004.2,unknown,3.0,14.24,67.5,0.09,0.39,74.78,33.35,0.0,60.6,,23.0,31.0,5.0,6.0,1.0,0.7000000000000028,59.9,59.3,62.4,59.96666666666668,60.22083333333333,0.7541071119374765,0.2109629629629629,64.4,66.7,73.4
2026-06-01 00:00:00,Karachi,24.8607,67.0011,28.6,86.0,6.6,1004.1,unknown,3.0,14.59,68.56,0.1,0.4,74.52,33.46,0.0,61.2,,0.0,1.0,6.0,0.0,0.0,0.6000000000000014,60.6,59.4,62.2,60.56666666666669,60.179166666666674,0.6619990586594742,0.212806301050175,64.9,68.1,74.2
2026-06-01 01:00:00,Karachi,24.8607,67.0011,28.7,86.0,7.0,1004.8,unknown,3.0,14.82,69.03,0.1,0.41,74.35,33.66,0.0,61.7,,1.0,1.0,6.0,0.0,0.0,0.5,61.2,59.9,61.7,61.16666666666668,60.17916666666667,0.6619990586594742,0.2146892655367231,65.0,69.2,75.0
2026-06-01 02:00:00,Karachi,24.8607,67.0011,29.6,81.0,8.0,1005.4,unknown,3.0,14.87,69.11,0.1,0.41,74.46,33.98,0.0,61.8,,2.0,1.0,6.0,0.0,0.0,0.0999999999999943,61.7,60.6,61.2,61.56666666666669,60.20416666666667,0.7116906794606911,0.2151642309361886,64.7,70.2,76.0
2026-06-01 03:00:00,Karachi,24.8607,67.0011,30.8,74.0,9.0,1005.8,unknown,3.0,14.82,68.89,0.09,0.4,74.52,34.45,0.0,61.7,,3.0,1.0,6.0,0.0,0.0,-0.0999999999999943,61.8,61.2,60.8,61.73333333333335,60.24166666666667,0.7660835842215847,0.2151255624909275,64.2,70.7,77.0
2026-06-01 04:00:00,Karachi,24.8607,67.0011,31.8,68.0,10.8,1006.1,unknown,3.0,14.71,68.83,0.08,0.39,74.45,34.95,0.0,61.5,,4.0,1.0,6.0,0.0,0.0,-0.2000000000000028,61.7,61.7,60.5,61.66666666666668,60.28333333333333,0.8068546912526162,0.2137149498765073,64.0,70.7,77.7
2026-06-01 05:00:00,Karachi,24.8607,67.0011,32.4,65.0,12.5,1006.3,unknown,3.0,14.62,68.97,0.07,0.39,74.38,35.23,0.0,61.3,,5.0,1.0,6.0,0.0,0.0,-0.2000000000000028,61.5,61.8,60.5,61.50000000000001,60.31666666666667,0.8323182223351248,0.2119762215455995,63.8,70.3,78.2
2026-06-01 06:00:00,Karachi,24.8607,67.0011,33.0,62.0,11.8,1006.7,unknown,3.0,14.56,69.23,0.06,0.39,74.08,34.78,0.0,61.2,,6.0,1.0,6.0,0.0,0.0,-0.0999999999999943,61.3,61.7,60.5,61.33333333333334,60.34583333333333,0.8510756195471667,0.2103134479271992,63.9,69.6,78.8
2026-06-01 07:00:00,Karachi,24.8607,67.0011,33.0,61.0,12.4,1006.5,unknown,3.0,14.48,69.58,0.06,0.38,73.76,33.92,0.0,61.0,,7.0,1.0,6.0,0.0,0.0,-0.2000000000000028,61.2,61.5,60.5,61.16666666666668,60.36666666666667,0.8610744888829089,0.2081057775222765,64.1,69.5,80.1
2026-06-01 08:00:00,Karachi,24.8607,67.0011,32.9,64.0,14.1,1005.9,unknown,3.0,14.37,69.87,0.05,0.38,73.58,33.22,0.0,60.8,,8.0,1.0,6.0,0.0,0.0,-0.2000000000000028,61.0,61.3,60.5,61.00000000000001,60.37916666666667,0.8652615421215222,0.2056676685272649,64.2,69.9,82.6
2026-06-01 09:00:00,Karachi,24.8607,67.0011,32.7,65.0,14.8,1005.3,unknown,3.0,14.23,70.22,0.05,0.37,73.74,32.73,0.0,60.6,,9.0,1.0,6.0,0.0,0.0,-0.1999999999999957,60.8,61.2,60.4,60.80000000000001,60.3875,0.8664332183046495,0.2026488180005696,64.2,70.6,85.7
2026-06-01 10:00:00,Karachi,24.8607,67.0011,32.1,68.0,14.7,1004.4,unknown,3.0,14.11,70.55,0.05,0.37,74.08,32.68,0.0,60.3,,10.0,1.0,6.0,0.0,0.0,-0.3000000000000042,60.6,61.0,60.4,60.56666666666667,60.38333333333333,0.8666109235384986,0.2,64.1,71.5,88.8
2026-06-01 11:00:00,Karachi,24.8607,67.0011,31.8,70.0,14.4,1004.1,unknown,3.0,13.9,70.19,0.05,0.36,74.39,32.55,0.0,59.9,,11.0,1.0,6.0,0.0,0.0,-0.3999999999999986,60.3,60.8,60.2,60.26666666666667,60.37083333333334,0.8715199948893398,0.1980339079640974,63.9,73.1,91.4
2026-06-01 12:00:00,Karachi,24.8607,67.0011,32.3,66.0,13.8,1003.6,unknown,3.0,13.72,69.51,0.05,0.35,74.58,32.6,0.0,59.6,,12.0,1.0,6.0,0.0,0.0,-0.2999999999999971,59.9,60.6,59.8,59.933333333333344,60.3625,0.8781465164711834,0.1973816717019134,63.6,75.4,93.4
2026-06-01 13:00:00,Karachi,24.8607,67.0011,31.5,67.0,13.2,1003.6,unknown,3.0,13.59,68.73,0.06,0.35,74.85,32.67,0.0,59.4,,13.0,1.0,6.0,0.0,0.0,-0.2000000000000028,59.6,60.3,59.5,59.63333333333335,60.35833333333334,0.8826426066405052,0.1977302487996508,63.4,77.8,95.1
2026-06-01 14:00:00,Karachi,24.8607,67.0011,31.0,69.0,14.3,1003.7,unknown,3.0,13.56,68.21,0.08,0.36,74.98,32.75,0.0,59.3,,14.0,1.0,6.0,0.0,0.0,-0.1000000000000014,59.4,59.9,59.3,59.43333333333334,60.35833333333333,0.8826426066405052,0.1987978302301715,63.1,79.4,96.7
2026-06-01 15:00:00,Karachi,24.8607,67.0011,30.3,73.0,14.0,1003.8,unknown,3.0,13.58,67.95,0.08,0.37,75.32,32.97,0.0,59.3,,15.0,1.0,6.0,0.0,0.0,0.0,59.3,59.6,59.5,59.33333333333334,60.35,0.8919933710267725,0.1998528329654157,62.8,80.0,98.3
2026-06-01 16:00:00,Karachi,24.8607,67.0011,30.1,75.0,12.1,1004.9,unknown,3.0,13.61,68.08,0.08,0.38,75.66,33.55,0.0,59.4,,16.0,1.0,6.0,0.0,0.0,0.1000000000000014,59.3,59.4,59.7,59.33333333333334,60.337500000000006,0.9035257028412912,0.1999118683901292,62.6,79.4,99.3
2026-06-01 17:00:00,Karachi,24.8607,67.0011,30.1,76.0,7.7,1006.2,unknown,3.0,13.71,68.64,0.08,0.38,76.23,34.49,0.0,59.6,,17.0,1.0,6.0,0.0,0.0,0.2000000000000028,59.4,59.3,59.8,59.43333333333334,60.32916666666666,0.909600565329904,0.1997377622377622,62.4,78.1,99.4
2026-06-01 18:00:00,Karachi,24.8607,67.0011,30.2,75.0,5.8,1005.6,unknown,3.0,14.0,69.78,0.08,0.38,76.6,35.36,0.0,60.1,,18.0,1.0,6.0,0.0,0.0,0.5,59.6,59.3,59.7,59.70000000000001,60.34583333333334,0.9011968692489536,0.2006305531670965,62.6,76.1,98.5
2026-06-01 19:00:00,Karachi,24.8607,67.0011,29.7,79.0,9.0,1005.0,unknown,3.0,14.42,71.13,0.08,0.38,76.87,35.99,0.0,60.9,,19.0,1.0,6.0,0.0,0.0,0.7999999999999972,60.1,59.4,59.4,60.20000000000001,60.40833333333333,0.8846107799064278,0.2027274005342331,63.0,74.0,96.7
2026-06-01 20:00:00,Karachi,24.8607,67.0011,29.3,81.0,16.1,1003.5,unknown,3.0,14.91,72.67,0.08,0.39,76.96,36.44,0.0,61.8,,20.0,1.0,6.0,0.0,0.0,0.8999999999999986,60.9,59.6,59.3,60.93333333333334,60.5125,0.8955505957832356,0.2051740745837346,63.6,72.8,94.6
2026-06-01 21:00:00,Karachi,24.8607,67.0011,29.1,82.0,6.3,1005.6,unknown,3.0,15.37,74.07,0.09,0.39,77.05,36.72,0.0,62.7,,21.0,1.0,6.0,0.0,0.0,0.9000000000000057,61.8,60.1,59.4,61.80000000000001,60.65,0.96774053298019,0.2075064128527069,64.2,72.4,92.5
2026-06-01 22:00:00,Karachi,24.8607,67.0011,29.3,81.0,6.0,1004.8,unknown,3.0,15.82,75.91,0.09,0.4,77.13,37.26,0.0,63.5,,22.0,1.0,6.0,0.0,0.0,0.7999999999999972,62.7,60.9,59.9,62.66666666666668,60.8,1.1143334915890184,0.2084046897641944,65.3,72.7,90.4
2026-06-01 23:00:00,Karachi,24.8607,67.0011,29.1,83.0,6.7,1005.0,unknown,3.0,16.28,78.09,0.09,0.41,77.1,37.98,0.0,64.4,,23.0,1.0,6.0,0.0,0.0,0.9000000000000057,63.5,61.8,60.6,63.53333333333334,60.958333333333336,1.3331612207912953,0.2084773978742476,66.7,73.4,88.2
2026-06-02 00:00:00,Karachi,24.8607,67.0011,29.1,82.0,10.9,1005.4,unknown,3.0,16.58,79.31,0.09,0.42,77.04,38.28,0.0,64.9,,0.0,2.0,6.0,1.0,0.0,0.5,64.4,62.7,61.2,64.26666666666668,61.11249999999999,1.5573981926523,0.2090530828394906,68.1,74.2,86.2
2026-06-02 01:00:00,Karachi,24.8607,67.0011,29.2,82.0,9.9,1005.9,unknown,3.0,16.64,79.34,0.09,0.43,76.78,37.89,0.0,65.0,,1.0,2.0,6.0,1.0,0.0,0.0999999999999943,64.9,63.5,61.7,64.76666666666668,61.25,1.7458024192325563,0.2097302747668263,69.2,75.0,84.5
2026-06-02 02:00:00,Karachi,24.8607,67.0011,29.9,77.0,11.1,1006.2,unknown,3.0,16.43,77.66,0.1,0.44,76.4,37.32,0.0,64.7,,2.0,2.0,6.0,1.0,0.0,-0.2999999999999971,65.0,64.4,61.8,64.86666666666667,61.37083333333333,1.8806749867637156,0.2115632243110996,70.2,76.0,83.3
2026-06-02 03:00:00,Karachi,24.8607,67.0011,30.6,73.0,13.5,1006.3,unknown,3.0,16.18,75.71,0.1,0.43,76.16,37.35,0.0,64.2,,3.0,2.0,6.0,1.0,0.0,-0.5,64.7,64.9,61.7,64.63333333333334,61.475,1.9669552723739685,0.2137102100118874,70.7,77.0,82.3
2026-06-02 04:00:00,Karachi,24.8607,67.0011,31.2,70.0,13.8,1006.4,unknown,3.0,16.06,75.33,0.08,0.42,76.17,38.25,0.0,64.0,,4.0,2.0,6.0,1.0,0.0,-0.2000000000000028,64.2,65.0,61.5,64.30000000000001,61.57916666666667,2.0334120322244105,0.2131952741271737,70.7,77.7,81.6
2026-06-02 05:00:00,Karachi,24.8607,67.0011,32.2,65.0,12.6,1006.4,unknown,3.0,15.96,75.2,0.07,0.41,76.02,38.37,0.0,63.8,,5.0,2.0,6.0,1.0,0.0,-0.2000000000000028,64.0,64.7,61.3,64.00000000000001,61.68333333333333,2.0819444645966096,0.2122340425531915,70.3,78.2,81.3
2026-06-02 06:00:00,Karachi,24.8607,67.0011,33.0,59.0,9.1,1007.0,unknown,3.0,16.01,76.03,0.06,0.4,75.86,38.02,0.0,63.9,,6.0,2.0,6.0,1.0,0.0,0.1000000000000014,63.8,64.2,61.2,63.900000000000006,61.79583333333334,2.1271493818711416,0.2105747731158753,69.6,78.8,81.3
2026-06-02 07:00:00,Karachi,24.8607,67.0011,33.5,56.0,8.6,1006.4,unknown,3.0,16.15,77.36,0.05,0.39,75.7,37.34,0.0,64.1,,7.0,2.0,6.0,1.0,0.0,0.1999999999999957,63.9,64.0,61.0,63.93333333333334,61.925,2.1704036891680003,0.2087642192347466,69.5,80.1,81.5
2026-06-02 08:00:00,Karachi,24.8607,67.0011,34.2,55.0,9.3,1005.5,unknown,3.0,16.2,77.85,0.05,0.38,75.24,36.23,0.0,64.2,,8.0,2.0,6.0,1.0,0.0,0.1000000000000085,64.1,63.8,60.8,64.06666666666666,62.06666666666666,2.2044750270684426,0.2080924855491329,69.9,82.6,81.6
2026-06-02 09:00:00,Karachi,24.8607,67.0011,33.9,58.0,12.2,1004.6,unknown,3.0,16.16,77.84,0.05,0.36,74.9,35.16,0.0,64.2,,9.0,2.0,6.0,1.0,0.0,0.0,64.2,63.9,60.6,64.16666666666667,62.21666666666667,2.222741485235214,0.2076053442959917,70.6,85.7,81.6
2026-06-02 10:00:00,Karachi,24.8607,67.0011,33.1,60.0,12.8,1003.6,unknown,3.0,16.15,78.0,0.05,0.35,74.64,34.45,0.0,64.1,,10.0,2.0,6.0,1.0,0.0,-0.1000000000000085,64.2,64.1,60.3,64.16666666666667,62.375,2.2156066987438923,0.207051282051282,71.5,88.8,81.7
2026-06-02 11:00:00,Karachi,24.8607,67.0011,32.7,61.0,11.2,1003.2,unknown,3.0,16.03,77.57,0.05,0.33,74.39,34.02,0.0,63.9,,11.0,2.0,6.0,1.0,0.0,-0.1999999999999957,64.1,64.2,59.9,64.06666666666668,62.54166666666666,2.171338330377813,0.2066520562072966,73.1,91.4,81.9
2026-06-02 12:00:00,Karachi,24.8607,67.0011,31.9,67.0,14.0,1002.7,unknown,3.0,15.85,76.81,0.06,0.32,74.22,33.91,0.0,63.6,,12.0,2.0,6.0,1.0,0.0,-0.2999999999999971,63.9,64.2,59.6,63.866666666666674,62.708333333333336,2.087627458584816,0.2063533394089311,75.4,93.4,82.3
2026-06-02 13:00:00,Karachi,24.8607,67.0011,30.7,75.0,15.1,1002.7,unknown,3.0,15.74,75.98,0.07,0.31,74.38,33.8,0.0,63.4,,13.0,2.0,6.0,1.0,0.0,-0.2000000000000028,63.6,64.1,59.4,63.63333333333335,62.875,1.9682810863346305,0.2071597788891813,77.8,95.1,83.3
2026-06-02 14:00:00,Karachi,24.8607,67.0011,30.2,77.0,10.5,1003.7,unknown,3.0,15.62,74.64,0.09,0.32,74.33,33.53,0.0,63.1,,14.0,2.0,6.0,1.0,0.0,-0.2999999999999971,63.4,63.9,59.3,63.366666666666674,63.03333333333333,1.8150737598409183,0.2092711682743837,79.4,96.7,84.6
2026-06-02 15:00:00,Karachi,24.8607,67.0011,29.8,78.0,12.4,1003.9,unknown,3.0,15.45,73.16,0.1,0.33,74.37,33.35,0.0,62.8,,15.0,2.0,6.0,1.0,0.0,-0.3000000000000042,63.1,63.6,59.3,63.1,63.17916666666667,1.633608746386843,0.211180973209404,80.0,98.3,86.1
2026-06-02 16:00:00,Karachi,24.8607,67.0011,29.5,80.0,12.2,1004.2,unknown,3.0,15.32,71.85,0.1,0.34,74.43,33.27,0.0,62.6,,16.0,2.0,6.0,1.0,0.0,-0.1999999999999957,62.8,63.4,59.4,62.83333333333334,63.3125,1.4295978455634195,0.2132219902574808,79.4,99.3,87.9
2026-06-02 17:00:00,Karachi,24.8607,67.0011,29.4,81.0,11.4,1004.3,unknown,3.0,15.24,71.49,0.1,0.34,74.63,33.48,0.0,62.4,,17.0,2.0,6.0,1.0,0.0,-0.2000000000000028,62.6,63.1,59.6,62.6,63.42916666666667,1.2109928254237752,0.2131766680654637,78.1,99.4,90.0
2026-06-02 18:00:00,Karachi,24.8607,67.0011,29.0,81.0,11.6,1003.6,unknown,3.0,15.31,72.65,0.1,0.34,74.81,34.13,0.0,62.6,,18.0,2.0,6.0,1.0,0.0,0.2000000000000028,62.4,62.8,60.1,62.53333333333334,63.53333333333333,1.001592934198543,0.2107364074328974,76.1,98.5,92.5
2026-06-02 19:00:00,Karachi,24.8607,67.0011,28.8,80.0,8.8,1004.3,unknown,3.0,15.54,75.4,0.09,0.34,75.16,35.44,0.0,63.0,,19.0,2.0,6.0,1.0,0.0,0.3999999999999986,62.6,62.6,60.9,62.66666666666668,63.62083333333334,0.8402790254546193,0.2061007957559681,74.0,96.7,95.3
2026-06-02 20:00:00,Karachi,24.8607,67.0011,28.6,80.0,6.9,1004.5,unknown,3.0,15.87,77.78,0.09,0.35,75.57,36.32,0.0,63.6,,20.0,2.0,6.0,1.0,0.0,0.6000000000000014,63.0,62.4,61.8,63.06666666666669,63.69583333333333,0.7457002350937587,0.2040370275134996,72.8,94.6,99.1
2026-06-02 21:00:00,Karachi,24.8607,67.0011,28.3,80.0,4.5,1004.3,unknown,3.0,16.21,79.91,0.09,0.37,75.8,36.7,0.0,64.2,,21.0,2.0,6.0,1.0,0.0,0.6000000000000014,63.6,62.6,62.7,63.600000000000016,63.75833333333333,0.7210600087863682,0.2028532098610937,72.4,92.5,101.9
2026-06-02 22:00:00,Karachi,24.8607,67.0011,28.1,82.0,2.3,1004.0,unknown,3.0,16.79,82.97,0.09,0.38,76.2,37.59,0.0,65.3,,22.0,2.0,6.0,1.0,0.0,1.0999999999999943,64.2,63.0,63.5,64.36666666666667,63.833333333333336,0.78389588190156,0.2023622996263709,72.7,90.4,102.5
2026-06-02 23:00:00,Karachi,24.8607,67.0011,28.0,83.0,4.1,1003.5,unknown,3.0,17.54,86.35,0.09,0.38,76.43,38.84,0.0,66.7,,23.0,2.0,6.0,1.0,0.0,1.4000000000000057,65.3,63.6,64.4,65.4,63.92916666666667,0.9737775688842532,0.2031268094962362,73.4,88.2,103.7
2026-06-03 00:00:00,Karachi,24.8607,67.0011,27.9,81.0,2.8,1002.9,unknown,3.0,18.27,89.2,0.09,0.37,76.6,39.93,0.0,68.1,,0.0,3.0,6.0,2.0,0.0,1.3999999999999917,66.7,64.2,64.9,66.7,64.0625,1.2825967206666669,0.2048206278026905,74.2,86.2,102.8
2026-06-03 01:00:00,Karachi,24.8607,67.0011,27.7,83.0,4.0,1003.2,unknown,3.0,18.88,91.62,0.09,0.36,76.71,40.91,0.0,69.2,,1.0,3.0,6.0,2.0,0.0,1.1000000000000083,68.1,65.3,65.0,68.0,64.2375,1.649983530891304,0.2060685439860292,75.0,84.5,99.6
2026-06-03 02:00:00,Karachi,24.8607,67.0011,28.4,79.0,8.2,1004.2,unknown,3.0,19.43,93.66,0.1,0.36,76.93,41.94,0.0,70.2,,2.0,3.0,6.0,2.0,0.0,1.0,69.2,66.7,64.7,69.16666666666667,64.46666666666667,2.0503799577280506,0.207452487721546,76.0,83.3,97.1
2026-06-03 03:00:00,Karachi,24.8607,67.0011,29.6,73.0,3.6,1004.1,unknown,3.0,19.7,94.62,0.09,0.35,76.9,42.34,0.0,70.7,,3.0,3.0,6.0,2.0,0.0,0.5,70.2,68.1,64.2,70.03333333333335,64.7375,2.4111719142438,0.2082012259564574,77.0,82.3,94.5
2026-06-03 04:00:00,Karachi,24.8607,67.0011,30.8,68.0,6.8,1004.2,unknown,3.0,19.69,94.57,0.08,0.35,76.39,42.36,0.0,70.7,,4.0,3.0,6.0,2.0,0.0,0.0,70.7,69.2,64.0,70.53333333333335,65.01666666666667,2.693416557768407,0.2082055620175531,77.7,81.6,91.9
2026-06-03 05:00:00,Karachi,24.8607,67.0011,31.3,67.0,11.7,1004.2,unknown,3.0,19.48,93.98,0.06,0.34,76.0,41.71,0.0,70.3,,5.0,3.0,6.0,2.0,0.0,-0.4000000000000057,70.7,70.2,63.8,70.56666666666668,65.28750000000001,2.885693722644021,0.2072781442860183,78.2,81.3,89.5
2026-06-03 06:00:00,Karachi,24.8607,67.0011,32.3,60.0,10.1,1004.4,unknown,3.0,19.02,92.67,0.06,0.34,75.34,40.15,0.0,69.6,,6.0,3.0,6.0,2.0,0.0,-0.7000000000000028,70.3,70.7,63.9,70.2,65.52499999999999,2.998876601262963,0.2052444156685011,78.8,81.3,87.1
2026-06-03 07:00:00,Karachi,24.8607,67.0011,32.5,61.0,11.2,1004.1,unknown,3.0,18.67,92.31,0.05,0.33,74.96,38.87,0.0,69.5,,7.0,3.0,6.0,2.0,0.0,-0.0999999999999943,69.6,70.7,64.1,69.80000000000001,65.75,3.0885482730272567,0.2022532770014083,80.1,81.5,84.6
2026-06-03 08:00:00,Karachi,24.8607,67.0011,32.8,63.0,11.8,1003.7,unknown,3.0,18.7,93.24,0.05,0.32,74.85,38.7,0.0,69.9,,8.0,3.0,6.0,2.0,0.0,0.4000000000000057,69.5,70.3,64.2,69.66666666666667,65.9875,3.181920735224902,0.2005577005577005,82.6,81.6,82.4
2026-06-03 09:00:00,Karachi,24.8607,67.0011,33.1,63.0,13.1,1002.9,unknown,3.0,19.08,94.59,0.04,0.31,74.94,39.34,0.0,70.6,,9.0,3.0,6.0,2.0,0.0,0.6999999999999886,69.9,69.6,64.2,70.00000000000001,66.25416666666666,3.2918845093995794,0.2017126546146526,85.7,81.6,80.6
2026-06-03 10:00:00,Karachi,24.8607,67.0011,32.7,65.0,14.4,1002.1,unknown,3.0,19.87,96.34,0.04,0.32,75.5,41.21,0.0,71.5,,10.0,3.0,6.0,2.0,0.0,0.9000000000000057,70.6,69.5,64.1,70.66666666666669,66.5625,3.425202310755,0.2062487025119369,88.8,81.7,79.2
2026-06-03 11:00:00,Karachi,24.8607,67.0011,32.3,67.0,14.5,1001.5,unknown,3.0,20.97,98.04,0.04,0.32,76.36,44.35,0.0,73.1,,11.0,3.0,6.0,2.0,0.0,1.5999999999999943,71.5,69.9,63.9,71.73333333333333,66.94583333333334,3.623351699223752,0.2138922888616891,91.4,81.9,77.9
2026-06-03 12:00:00,Karachi,24.8607,67.0011,32.3,62.0,13.3,1001.5,unknown,4.0,22.21,100.1,0.04,0.33,77.27,47.61,0.0,75.4,,12.0,3.0,6.0,2.0,0.0,2.300000000000012,73.1,70.6,63.6,73.33333333333336,67.4375,3.9366519100505726,0.2218781218781219,93.4,82.3,77.0
2026-06-03 13:00:00,Karachi,24.8607,67.0011,31.0,68.0,15.0,1001.1,unknown,4.0,23.46,102.5,0.05,0.34,78.46,50.81,0.0,77.8,,13.0,3.0,6.0,2.0,0.0,2.3999999999999915,75.4,71.5,63.4,75.43333333333335,68.0375,4.368246340007756,0.2288780487804878,95.1,83.3,76.7
2026-06-03 14:00:00,Karachi,24.8607,67.0011,30.2,72.0,16.1,1000.9,unknown,4.0,24.33,104.33,0.06,0.35,79.43,52.82,0.0,79.4,,14.0,3.0,6.0,2.0,0.0,1.6000000000000083,77.8,73.1,63.1,77.53333333333335,68.71666666666667,4.811821192484167,0.2332023387328668,96.7,84.6,77.1
2026-06-03 15:00:00,Karachi,24.8607,67.0011,29.8,76.0,14.0,1001.0,unknown,4.0,24.64,104.75,0.07,0.35,80.15,53.9,0.0,80.0,,15.0,3.0,6.0,2.0,0.0,0.5999999999999943,79.4,75.4,62.8,79.06666666666668,69.43333333333334,5.160524633483193,0.2352267303102625,98.3,86.1,79.3
2026-06-03 16:00:00,Karachi,24.8607,67.0011,29.8,77.0,10.9,1001.3,unknown,4.0,24.37,103.47,0.07,0.35,80.24,53.9,0.0,79.4,,16.0,3.0,6.0,2.0,0.0,-0.5999999999999943,80.0,77.8,62.6,79.60000000000001,70.13333333333334,5.329953639304375,0.2355272059534164,99.3,87.9,84.5
2026-06-03 17:00:00,Karachi,24.8607,67.0011,29.8,77.0,9.7,1002.1,unknown,4.0,23.63,101.33,0.07,0.35,79.88,52.44,0.0,78.1,,17.0,3.0,6.0,2.0,0.0,-1.3000000000000114,79.4,79.4,62.4,79.16666666666667,70.78750000000001,5.302937045108084,0.2331984604756735,99.4,90.0,96.2
2026-06-03 18:00:00,Karachi,24.8607,67.0011,29.9,77.0,11.3,1002.3,unknown,3.0,22.56,98.6,0.07,0.36,79.06,49.66,0.0,76.1,,18.0,3.0,6.0,2.0,0.0,-2.0,78.1,80.0,62.6,77.86666666666667,71.35,5.109156315958714,0.2288032454361054,98.5,92.5,116.6
2026-06-03 19:00:00,Karachi,24.8607,67.0011,29.6,80.0,11.5,1001.9,unknown,3.0,21.46,95.87,0.08,0.36,77.92,46.45,0.0,74.0,,19.0,3.0,6.0,2.0,0.0,-2.0999999999999943,76.1,79.4,63.0,76.06666666666668,71.80833333333332,4.812295544314364,0.2238447898195473,96.7,95.3,136.2
2026-06-03 20:00:00,Karachi,24.8607,67.0011,29.5,80.0,11.1,1001.8,unknown,3.0,20.81,94.43,0.08,0.36,77.18,44.47,0.0,72.8,,20.0,3.0,6.0,2.0,0.0,-1.2000000000000028,74.0,78.1,63.6,74.30000000000001,72.19166666666668,4.485330356375937,0.2203748808641321,94.6,99.1,148.3
2026-06-03 21:00:00,Karachi,24.8607,67.0011,29.3,82.0,10.5,1001.0,unknown,3.0,20.6,94.38,0.08,0.36,76.73,43.5,0.0,72.4,,21.0,3.0,6.0,2.0,0.0,-0.3999999999999915,72.8,76.1,64.2,73.06666666666668,72.53333333333333,4.149873404742893,0.2182665819029455,92.5,101.9,152.4
2026-06-03 22:00:00,Karachi,24.8607,67.0011,29.2,82.0,9.1,1000.7,unknown,3.0,20.75,95.58,0.08,0.35,76.55,43.3,0.0,72.7,,22.0,3.0,6.0,2.0,0.0,0.2999999999999971,72.4,74.0,65.3,72.63333333333334,72.84166666666667,3.8533911284004816,0.2170956267001464,90.4,102.5,148.6
2026-06-03 23:00:00,Karachi,24.8607,67.0011,29.1,82.0,9.6,1000.4,unknown,3.0,21.1,97.48,0.08,0.36,76.58,43.49,0.0,73.4,,23.0,3.0,6.0,2.0,0.0,0.7000000000000028,72.7,72.8,66.7,72.83333333333334,73.12083333333334,3.625031234252309,0.2164546573656134,88.2,103.7,139.9
2026-06-04 00:00:00,Karachi,24.8607,67.0011,29.4,82.0,11.1,1000.6,unknown,3.0,21.53,99.83,0.08,0.37,76.61,43.86,0.0,74.2,,0.0,4.0,6.0,3.0,0.0,0.7999999999999972,73.4,72.4,68.1,73.43333333333334,73.375,3.4681469804911766,0.2156666332765701,86.2,102.8,128.9
2026-06-04 01:00:00,Karachi,24.8607,67.0011,29.3,82.0,11.4,1001.1,unknown,4.0,21.97,101.74,0.08,0.37,76.67,44.48,0.0,75.0,,1.0,4.0,6.0,3.0,0.0,0.7999999999999972,74.2,72.7,69.2,74.2,73.61666666666667,3.3651237675668697,0.215942598781207,84.5,99.6,118.6
2026-06-04 02:00:00,Karachi,24.8607,67.0011,29.8,80.0,12.3,1001.6,unknown,4.0,22.5,103.11,0.08,0.38,77.03,46.27,0.0,76.0,,2.0,4.0,6.0,3.0,0.0,1.0,75.0,73.4,70.2,75.06666666666668,73.85833333333333,3.3170071196656727,0.2182135583357579,83.3,97.1,108.8
2026-06-04 03:00:00,Karachi,24.8607,67.0011,30.6,75.0,13.6,1002.0,unknown,4.0,23.06,103.94,0.08,0.38,77.45,48.82,0.0,77.0,,3.0,4.0,6.0,3.0,0.0,1.0,76.0,74.2,70.7,76.00000000000001,74.12083333333334,3.305460458182513,0.2218587646719261,82.3,94.5,99.2
2026-06-04 04:00:00,Karachi,24.8607,67.0011,31.3,71.0,13.8,1002.3,unknown,4.0,23.41,104.52,0.06,0.38,77.7,51.43,0.0,77.7,,4.0,4.0,6.0,3.0,0.0,0.7000000000000028,77.0,75.0,70.7,76.90000000000002,74.4125,3.299316464127521,0.2239762724837351,81.6,91.9,91.7
2026-06-04 05:00:00,Karachi,24.8607,67.0011,32.0,68.0,15.3,1002.6,unknown,4.0,23.68,105.59,0.05,0.38,78.11,53.73,0.0,78.2,,5.0,4.0,6.0,3.0,0.0,0.5,77.7,76.0,70.3,77.63333333333334,74.74166666666666,3.265087610076808,0.2242636613315654,81.3,89.5,87.0
2026-06-04 06:00:00,Karachi,24.8607,67.0011,32.7,65.0,15.2,1002.8,unknown,4.0,24.04,108.25,0.05,0.38,78.17,54.84,0.0,78.8,,6.0,4.0,6.0,3.0,0.0,0.5999999999999943,78.2,77.0,69.6,78.23333333333335,75.125,3.1739770690428784,0.2220785219399538,81.3,87.1,84.9
2026-06-04 07:00:00,Karachi,24.8607,67.0011,32.4,67.0,15.4,1002.5,unknown,4.0,24.7,112.9,0.04,0.39,78.09,54.79,0.0,80.1,,7.0,4.0,6.0,3.0,0.0,1.2999999999999972,78.8,77.7,69.5,79.03333333333335,75.56666666666668,3.093705624777602,0.2187776793622674,81.5,84.6,85.9
2026-06-04 08:00:00,Karachi,24.8607,67.0011,32.7,66.0,14.9,1002.0,unknown,4.0,25.51,118.8,0.04,0.38,77.83,53.75,0.0,82.6,,8.0,4.0,6.0,3.0,0.0,2.5,80.1,78.2,69.9,80.50000000000001,76.09583333333333,3.167563755467907,0.2147306397306397,81.6,82.4,92.0
2026-06-04 09:00:00,Karachi,24.8607,67.0011,32.8,64.0,15.8,1001.0,unknown,4.0,26.32,125.02,0.04,0.38,77.52,52.02,0.0,85.7,,9.0,4.0,6.0,3.0,0.0,3.1000000000000085,82.6,78.8,70.6,82.80000000000001,76.72500000000001,3.509645095401805,0.2105263157894737,81.6,80.6,103.2
2026-06-04 10:00:00,Karachi,24.8607,67.0011,32.4,67.0,16.6,1000.3,unknown,4.0,27.25,131.32,0.04,0.38,77.49,50.5,0.0,88.8,,10.0,4.0,6.0,3.0,0.0,3.0999999999999943,85.7,80.1,71.5,85.7,77.44583333333334,4.114341742130754,0.2075083764849223,81.7,79.2,120.2
2026-06-04 11:00:00,Karachi,24.8607,67.0011,32.0,70.0,16.6,999.6,unknown,4.0,28.08,136.65,0.04,0.38,77.33,49.46,0.0,91.4,,11.0,4.0,6.0,3.0,0.0,2.6000000000000085,88.8,82.6,73.1,88.63333333333334,78.20833333333333,4.895509625440223,0.2054884742041712,81.9,77.9,145.1
2026-06-04 12:00:00,Karachi,24.8607,67.0011,31.6,71.0,16.8,998.9,unknown,4.0,28.8,140.72,0.04,0.39,77.37,49.16,0.0,93.4,,12.0,4.0,6.0,3.0,0.0,2.0,91.4,85.7,75.4,91.2,78.95833333333333,5.750683639260994,0.2046617396247868,82.3,77.0,178.1
2026-06-04 13:00:00,Karachi,24.8607,67.0011,30.6,75.0,16.6,998.8,unknown,4.0,29.45,144.02,0.05,0.39,77.67,49.32,0.0,95.1,,13.0,4.0,6.0,3.0,0.0,1.6999999999999886,93.4,88.8,77.8,93.3,79.67916666666667,6.618024082280597,0.204485488126649,83.3,76.7,253.5
2026-06-04 14:00:00,Karachi,24.8607,67.0011,30.3,76.0,14.6,999.5,unknown,4.0,29.93,147.32,0.07,0.4,77.82,48.85,0.0,96.7,,14.0,4.0,6.0,3.0,0.0,1.6000000000000083,95.1,91.4,79.4,95.06666666666668,80.39999999999999,7.4731984887460285,0.2031631821884333,84.6,77.1,376.3
2026-06-04 15:00:00,Karachi,24.8607,67.0011,30.1,77.0,14.7,999.9,unknown,4.0,30.36,150.58,0.07,0.42,77.86,48.41,0.0,98.3,,15.0,4.0,6.0,3.0,0.0,1.5999999999999943,96.7,93.4,80.0,96.7,81.16250000000001,8.316605311848381,0.201620401115686,86.1,79.3,471.2
2026-06-04 16:00:00,Karachi,24.8607,67.0011,30.0,78.0,14.3,1000.5,unknown,4.0,30.81,152.55,0.07,0.43,78.14,48.44,0.0,99.3,,16.0,4.0,6.0,3.0,0.0,1.0,98.3,95.1,79.4,98.1,81.99166666666666,9.089359123468643,0.2019665683382497,87.9,84.5,500.0
2026-06-04 17:00:00,Karachi,24.8607,67.0011,29.8,80.0,13.9,1000.8,unknown,4.0,31.15,152.71,0.07,0.44,78.35,48.67,0.0,99.4,,17.0,4.0,6.0,3.0,0.0,0.1000000000000085,99.3,96.7,78.1,99.0,82.87916666666666,9.711444578286018,0.203981402658634,90.0,96.2,500.0
2026-06-04 18:00:00,Karachi,24.8607,67.0011,29.7,82.0,13.1,1000.6,unknown,4.0,31.3,150.9,0.07,0.45,78.36,48.83,0.0,98.5,,18.0,4.0,6.0,3.0,0.0,-0.9000000000000057,99.4,98.3,76.1,99.06666666666668,83.8125,10.100207165332163,0.2074221338634857,92.5,116.6,500.0
2026-06-04 19:00:00,Karachi,24.8607,67.0011,29.4,84.0,12.2,1000.4,unknown,4.0,31.13,147.26,0.07,0.45,78.46,49.15,0.0,96.7,,19.0,4.0,6.0,3.0,0.0,-1.7999999999999972,98.5,99.3,74.0,98.2,84.75833333333334,10.203704215144736,0.2113948118973244,95.3,136.2,441.5
2026-06-04 20:00:00,Karachi,24.8607,67.0011,29.2,85.0,11.8,1000.3,unknown,4.0,30.7,143.03,0.07,0.46,78.58,49.49,0.0,94.6,,20.0,4.0,6.0,3.0,0.0,-2.1000000000000085,96.7,99.4,72.8,96.60000000000002,85.66666666666667,10.062226681859144,0.2146402852548416,99.1,148.3,371.7
2026-06-04 21:00:00,Karachi,24.8607,67.0011,29.0,86.0,10.8,999.9,unknown,4.0,30.13,138.76,0.07,0.47,78.72,49.64,0.0,92.5,,21.0,4.0,6.0,3.0,0.0,-2.0999999999999943,94.6,98.5,72.4,94.60000000000002,86.50416666666666,9.741372065071772,0.2171375036033439,101.9,152.4,313.0
2026-06-04 22:00:00,Karachi,24.8607,67.0011,28.9,86.0,10.9,999.9,unknown,4.0,29.61,134.68,0.07,0.47,78.9,50.06,0.0,90.4,,22.0,4.0,6.0,3.0,0.0,-2.0999999999999943,92.5,96.7,72.7,92.5,87.24166666666667,9.311372974308442,0.2198544698544698,102.5,148.6,273.4
2026-06-04 23:00:00,Karachi,24.8607,67.0011,28.7,87.0,11.8,999.7,unknown,4.0,28.94,130.17,0.07,0.46,78.9,50.01,0.0,88.2,,23.0,4.0,6.0,3.0,0.0,-2.200000000000003,90.4,94.6,73.4,90.36666666666667,87.85833333333333,8.832593625031206,0.22232465237766,103.7,139.9,235.8
2026-06-05 00:00:00,Karachi,24.8607,67.0011,28.9,88.0,12.1,999.4,unknown,4.0,28.01,125.44,0.07,0.46,78.47,49.24,0.0,86.2,,0.0,5.0,6.0,4.0,0.0,-2.0,88.2,92.5,74.2,88.2666666666667,88.35833333333333,8.352397035097045,0.2232940051020408,102.8,128.9,197.9
2026-06-05 01:00:00,Karachi,24.8607,67.0011,28.8,89.0,11.1,1000.0,unknown,4.0,27.1,120.79,0.07,0.46,77.99,48.17,0.0,84.5,,1.0,5.0,6.0,4.0,0.0,-1.7000000000000028,86.2,90.4,75.0,86.30000000000001,88.75416666666666,7.904923021195584,0.2243563208874907,99.6,118.6,184.8
2026-06-05 02:00:00,Karachi,24.8607,67.0011,29.6,84.0,12.0,1000.7,unknown,4.0,26.42,116.35,0.09,0.45,77.62,47.6,0.0,83.3,,2.0,5.0,6.0,4.0,0.0,-1.2000000000000028,84.5,88.2,76.0,84.66666666666669,89.05833333333334,7.524101371545208,0.2270734851740438,97.1,108.8,174.9
2026-06-05 03:00:00,Karachi,24.8607,67.0011,30.7,77.0,12.4,1001.4,unknown,4.0,25.92,113.06,0.08,0.44,77.37,47.45,0.0,82.3,,3.0,5.0,6.0,4.0,0.0,-1.0,83.3,86.2,77.0,83.36666666666667,89.27916666666668,7.226700441790514,0.22925880063683,94.5,99.2,166.4
2026-06-05 04:00:00,Karachi,24.8607,67.0011,31.8,71.0,13.0,1001.7,unknown,4.0,25.52,111.09,0.07,0.44,77.12,47.57,0.0,81.6,,4.0,5.0,6.0,4.0,0.0,-0.7000000000000028,82.3,84.5,77.7,82.4,89.44166666666666,6.995148422248674,0.2297236474930236,91.9,91.7,156.2
2026-06-05 05:00:00,Karachi,24.8607,67.0011,32.8,66.0,12.5,1002.0,unknown,4.0,25.36,110.26,0.06,0.43,76.94,47.73,0.0,81.3,,5.0,5.0,6.0,4.0,0.0,-0.2999999999999971,81.6,83.3,78.2,81.73333333333335,89.57083333333333,6.80456874438888,0.2300018138944313,89.5,87.0,142.3
2026-06-05 06:00:00,Karachi,24.8607,67.0011,33.3,64.0,12.9,1002.3,unknown,4.0,25.36,109.8,0.05,0.43,77.0,47.78,0.0,81.3,,6.0,5.0,6.0,4.0,0.0,0.0,81.3,82.3,78.8,81.4,89.675,6.649893755281677,0.2309653916211293,87.1,84.9,127.7
2026-06-05 07:00:00,Karachi,24.8607,67.0011,33.2,65.0,14.2,1002.4,unknown,4.0,25.47,109.38,0.05,0.42,77.07,47.72,0.0,81.5,,7.0,5.0,6.0,4.0,0.0,0.2000000000000028,81.3,81.6,80.1,81.36666666666667,89.73333333333333,6.567884092254355,0.2328579264947888,84.6,85.9,115.2
2026-06-05 08:00:00,Karachi,24.8607,67.0011,33.2,65.0,15.1,1001.9,unknown,4.0,25.53,109.1,0.04,0.4,77.02,47.08,0.0,81.6,,8.0,5.0,6.0,4.0,0.0,0.0999999999999943,81.5,81.3,82.6,81.46666666666667,89.69166666666666,6.618085672687154,0.2340054995417048,82.4,92.0,107.1
2026-06-05 09:00:00,Karachi,24.8607,67.0011,33.1,66.0,15.2,1001.2,unknown,4.0,25.52,109.1,0.04,0.38,76.84,46.0,0.0,81.6,,9.0,5.0,6.0,4.0,0.0,0.0,81.6,81.3,85.7,81.56666666666668,89.52083333333333,6.776620882100667,0.2339138405132905,80.6,103.2,102.0
2026-06-05 10:00:00,Karachi,24.8607,67.0011,32.9,66.0,15.4,1000.5,unknown,4.0,25.59,109.63,0.04,0.37,76.83,45.0,0.0,81.7,,10.0,5.0,6.0,4.0,0.0,0.1000000000000085,81.6,81.5,88.8,81.63333333333334,89.22500000000001,6.961899415983677,0.2334215087111192,79.2,120.2,97.7
2026-06-05 11:00:00,Karachi,24.8607,67.0011,32.4,68.0,14.7,1000.1,unknown,4.0,25.67,110.53,0.04,0.36,76.59,44.16,0.0,81.9,,11.0,5.0,6.0,4.0,0.0,0.2000000000000028,81.7,81.6,91.4,81.73333333333335,88.82916666666667,7.101529484167911,0.2322446394643988,77.9,145.1,94.5
2026-06-05 12:00:00,Karachi,24.8607,67.0011,32.2,67.0,13.0,1000.0,unknown,4.0,25.9,111.91,0.05,0.36,76.53,43.93,0.0,82.3,,12.0,5.0,6.0,4.0,0.0,0.3999999999999915,81.9,81.6,93.4,81.96666666666668,88.36666666666667,7.152176115590254,0.2314359753373246,77.0,178.1,92.4
2026-06-05 13:00:00,Karachi,24.8607,67.0011,31.1,74.0,13.4,999.9,unknown,4.0,26.42,113.83,0.06,0.35,76.96,44.55,0.0,83.3,,13.0,5.0,6.0,4.0,0.0,1.0,82.3,81.7,95.1,82.50000000000001,87.875,7.074341266000708,0.2321005007467275,76.7,253.5,91.1
2026-06-05 14:00:00,Karachi,24.8607,67.0011,30.0,78.0,12.7,1000.2,unknown,4.0,27.11,115.98,0.07,0.35,77.39,45.53,0.0,84.6,,14.0,5.0,6.0,4.0,0.0,1.2999999999999972,83.3,81.9,96.7,83.39999999999999,87.37083333333334,6.845530383534864,0.2337471977927228,77.1,376.3,90.2
2026-06-05 15:00:00,Karachi,24.8607,67.0011,29.6,80.0,12.7,1000.3,unknown,4.0,27.95,118.38,0.08,0.35,78.08,46.84,0.0,86.1,,15.0,5.0,6.0,4.0,0.0,1.5,84.6,82.3,98.3,84.66666666666667,86.8625,6.439606556980877,0.2361040716337219,79.3,471.2,89.2
2026-06-05 16:00:00,Karachi,24.8607,67.0011,29.8,78.0,10.2,1001.1,unknown,4.0,28.89,120.92,0.08,0.35,78.71,48.38,0.0,87.9,,16.0,5.0,6.0,4.0,0.0,1.8000000000000114,86.1,83.3,99.3,86.2,86.3875,5.878280767590523,0.238918293086338,84.5,500.0,87.6
2026-06-05 17:00:00,Karachi,24.8607,67.0011,29.8,78.0,8.9,1002.1,unknown,4.0,30.02,125.38,0.08,0.36,79.28,49.75,0.0,90.0,,17.0,5.0,6.0,4.0,0.0,2.0999999999999943,87.9,84.6,99.4,88.00000000000001,85.99583333333332,5.253527110567299,0.2394321263359387,96.2,500.0,85.4
2026-06-05 18:00:00,Karachi,24.8607,67.0011,29.6,80.0,8.4,1002.4,unknown,4.0,31.38,133.51,0.07,0.38,79.64,50.36,0.0,92.5,,18.0,5.0,6.0,4.0,0.0,2.5,90.0,86.1,98.5,90.13333333333334,85.74583333333332,4.75138233127872,0.2350385738895963,116.6,500.0,83.4
2026-06-05 19:00:00,Karachi,24.8607,67.0011,29.1,83.0,8.7,1002.2,unknown,4.0,32.86,143.9,0.07,0.4,79.89,50.41,0.0,95.3,,19.0,5.0,6.0,4.0,0.0,2.799999999999997,92.5,87.9,96.7,92.60000000000002,85.6875,4.617764610719849,0.228353022932592,136.2,441.5,82.1
2026-06-05 20:00:00,Karachi,24.8607,67.0011,29.0,83.0,8.6,1002.0,unknown,4.0,34.12,152.24,0.07,0.41,80.41,50.8,0.0,99.1,,20.0,5.0,6.0,4.0,0.0,3.799999999999997,95.3,90.0,94.6,95.63333333333334,85.875,5.065076504853253,0.2241198108250131,148.3,371.7,81.8
2026-06-05 21:00:00,Karachi,24.8607,67.0011,28.8,84.0,9.9,1001.3,unknown,4.0,35.09,156.84,0.07,0.41,81.28,51.81,0.0,101.9,,21.0,5.0,6.0,4.0,0.0,2.800000000000012,99.1,92.5,92.5,98.7666666666667,86.26666666666667,5.895072862822568,0.2237311910226983,152.4,313.0,82.4
2026-06-05 22:00:00,Karachi,24.8607,67.0011,28.6,85.0,10.4,1001.1,unknown,4.0,36.05,158.07,0.06,0.4,82.1,53.87,0.0,102.5,,22.0,5.0,6.0,4.0,0.0,0.5999999999999943,101.9,95.3,90.4,101.16666666666669,86.77083333333333,6.723190182636484,0.2280635161637249,148.6,273.4,83.0
2026-06-05 23:00:00,Karachi,24.8607,67.0011,28.5,85.0,10.6,1001.3,unknown,4.0,36.61,157.64,0.06,0.4,82.86,55.64,0.0,103.7,,23.0,5.0,6.0,4.0,0.0,1.2000000000000028,102.5,99.1,88.2,102.7,87.41666666666667,7.558966266263373,0.2322380106571936,139.9,235.8,82.7
2026-06-06 00:00:00,Karachi,24.8607,67.0011,28.7,87.0,11.1,1001.3,unknown,4.0,36.25,155.33,0.06,0.41,82.88,55.81,0.0,102.8,,0.0,6.0,6.0,5.0,1.0,-0.9000000000000057,103.7,101.9,86.2,103.0,88.10833333333333,8.177004695921093,0.2333741067404879,128.9,197.9,82.0
2026-06-06 01:00:00,Karachi,24.8607,67.0011,28.6,87.0,11.7,1001.8,unknown,4.0,35.16,150.91,0.06,0.41,82.16,55.09,0.0,99.6,,1.0,6.0,6.0,5.0,1.0,-3.200000000000003,102.8,102.5,84.5,102.03333333333336,88.7375,8.463210024160867,0.2329865482738055,118.6,184.8,81.6
2026-06-06 02:00:00,Karachi,24.8607,67.0011,29.2,82.0,12.4,1002.4,unknown,4.0,33.85,145.9,0.08,0.41,81.38,54.11,0.0,97.1,,2.0,6.0,6.0,5.0,1.0,-2.5,99.6,103.7,83.3,99.83333333333331,89.3125,8.5461057747407,0.2320082248115147,108.8,174.9,82.2
2026-06-06 03:00:00,Karachi,24.8607,67.0011,30.4,74.0,11.9,1003.0,unknown,4.0,32.45,140.86,0.07,0.42,80.4,53.19,0.0,94.5,,3.0,6.0,6.0,5.0,1.0,-2.5999999999999943,97.1,102.8,82.3,97.06666666666668,89.82083333333333,8.473384374241235,0.2303705807184438,99.2,166.4,84.0
2026-06-06 04:00:00,Karachi,24.8607,67.0011,31.5,67.0,11.6,1003.3,unknown,4.0,31.05,135.62,0.06,0.41,79.53,52.58,0.0,91.9,,4.0,6.0,6.0,5.0,1.0,-2.5999999999999943,94.5,99.6,81.6,94.5,90.25,8.29793059587298,0.2289485326647987,91.7,156.2,86.1
2026-06-06 05:00:00,Karachi,24.8607,67.0011,32.4,64.0,13.2,1003.4,unknown,4.0,29.76,130.85,0.06,0.41,78.92,52.17,0.0,89.5,,5.0,6.0,6.0,5.0,1.0,-2.4000000000000057,91.9,97.1,81.3,91.96666666666668,90.59166666666668,8.079330399863371,0.2274359954145969,87.0,142.3,87.2
2026-06-06 06:00:00,Karachi,24.8607,67.0011,33.2,61.0,14.8,1003.8,unknown,4.0,28.48,125.99,0.05,0.4,78.28,51.37,0.0,87.1,,6.0,6.0,6.0,5.0,1.0,-2.4000000000000057,89.5,94.5,81.3,89.5,90.83333333333331,7.873437273057103,0.2260496864830542,84.9,127.7,87.3
2026-06-06 07:00:00,Karachi,24.8607,67.0011,33.2,62.0,15.7,1003.6,unknown,4.0,27.16,120.41,0.05,0.39,77.66,50.16,0.0,84.6,,7.0,6.0,6.0,5.0,1.0,-2.5,87.1,91.9,81.5,87.06666666666668,90.9625,7.737925376381313,0.2255626609085624,85.9,115.2,86.4
2026-06-06 08:00:00,Karachi,24.8607,67.0011,33.3,63.0,16.3,1003.0,unknown,4.0,25.96,114.69,0.04,0.38,76.99,48.72,0.0,82.4,,8.0,6.0,6.0,5.0,1.0,-2.1999999999999886,84.6,89.5,81.6,84.7,90.99583333333334,7.697457466546108,0.2263492893887871,92.0,107.1,84.6
2026-06-06 09:00:00,Karachi,24.8607,67.0011,33.3,64.0,16.9,1002.4,unknown,4.0,24.97,109.6,0.04,0.37,76.49,47.42,0.0,80.6,,9.0,6.0,6.0,5.0,1.0,-1.8000000000000114,82.4,87.1,81.6,82.53333333333335,90.95416666666668,7.753034702712247,0.2278284671532846,103.2,102.0,82.7
2026-06-06 10:00:00,Karachi,24.8607,67.0011,32.9,66.0,16.7,1002.0,unknown,4.0,24.23,105.1,0.04,0.37,76.58,46.86,0.0,79.2,,10.0,6.0,6.0,5.0,1.0,-1.3999999999999917,80.6,84.6,81.7,80.73333333333335,90.85,7.898211134835913,0.2305423406279733,120.2,97.7,81.0
2026-06-06 11:00:00,Karachi,24.8607,67.0011,32.6,67.0,16.2,1001.7,unknown,4.0,23.53,100.57,0.04,0.36,76.55,46.98,0.0,77.9,,11.0,6.0,6.0,5.0,1.0,-1.2999999999999972,79.2,82.4,81.9,79.23333333333335,90.68333333333332,8.133968851389444,0.233966391568062,145.1,94.5,79.3
2026-06-06 12:00:00,Karachi,24.8607,67.0011,32.0,69.0,15.2,1001.5,unknown,3.0,23.04,96.53,0.04,0.36,76.93,48.18,0.0,77.0,,12.0,6.0,6.0,5.0,1.0,-0.9000000000000057,77.9,80.6,82.3,78.03333333333335,90.4625,8.437741945002017,0.238682274940433,178.1,92.4,77.9
2026-06-06 13:00:00,Karachi,24.8607,67.0011,31.3,71.0,15.7,1001.6,unknown,3.0,22.89,94.12,0.05,0.37,77.99,50.38,0.0,76.7,,13.0,6.0,6.0,5.0,1.0,-0.2999999999999971,77.0,79.2,83.3,77.20000000000002,90.1875,8.781864341036005,0.2432001699957501,253.5,91.1,77.3
2026-06-06 14:00:00,Karachi,24.8607,67.0011,30.8,72.0,16.9,1001.8,unknown,3.0,23.13,94.71,0.06,0.37,78.89,52.16,0.0,77.1,,14.0,6.0,6.0,5.0,1.0,0.3999999999999915,76.7,77.9,84.6,76.93333333333335,89.875,9.116408999353336,0.2442191954387076,376.3,90.2,77.1
2026-06-06 15:00:00,Karachi,24.8607,67.0011,30.2,77.0,18.2,1001.9,unknown,4.0,24.27,101.5,0.07,0.38,79.56,53.04,0.0,79.3,,15.0,6.0,6.0,5.0,1.0,2.200000000000003,77.1,77.0,86.1,77.7,89.59166666666668,9.341721127458309,0.2391133004926108,471.2,89.2,77.2
2026-06-06 16:00:00,Karachi,24.8607,67.0011,30.0,78.0,14.4,1003.0,unknown,4.0,27.06,117.64,0.07,0.38,80.1,53.21,0.0,84.5,,16.0,6.0,6.0,5.0,1.0,5.200000000000003,79.3,76.7,87.9,80.30000000000001,89.45,9.394123972856862,0.2300238014280856,500.0,87.6,77.5
2026-06-06 17:00:00,Karachi,24.8607,67.0011,29.9,78.0,13.6,1003.9,unknown,4.0,32.34,146.42,0.07,0.4,80.64,53.12,0.0,96.2,,17.0,6.0,6.0,5.0,1.0,11.700000000000005,84.5,77.1,90.0,86.66666666666667,89.70833333333333,9.494617086707647,0.2208714656467696,500.0,85.4,77.9
2026-06-06 18:00:00,Karachi,24.8607,67.0011,29.7,80.0,13.1,1004.0,unknown,4.0,40.21,186.49,0.07,0.43,81.44,53.17,0.0,116.6,,18.0,6.0,6.0,5.0,1.0,20.39999999999999,96.2,79.3,92.5,99.1,90.7125,10.963509137530146,0.2156147782722934,500.0,83.4,78.6
2026-06-06 19:00:00,Karachi,24.8607,67.0011,29.3,82.0,12.1,1003.7,unknown,5.0,48.51,226.06,0.07,0.45,81.98,53.38,0.0,136.2,,19.0,6.0,6.0,5.0,1.0,19.599999999999994,116.6,84.5,95.3,116.33333333333331,92.41666666666669,14.360170359492004,0.2145890471556223,441.5,82.1,79.5
2026-06-06 20:00:00,Karachi,24.8607,67.0011,29.2,82.0,12.4,1003.4,unknown,5.0,54.07,250.61,0.07,0.46,82.45,54.07,0.0,148.3,,20.0,6.0,6.0,5.0,1.0,12.100000000000025,136.2,96.2,99.1,133.70000000000002,94.46666666666664,18.321231842643428,0.2157535613104026,371.7,81.8,80.7
2026-06-06 21:00:00,Karachi,24.8607,67.0011,29.0,82.0,12.8,1002.8,unknown,5.0,56.0,257.82,0.06,0.46,82.39,54.46,0.0,152.4,,21.0,6.0,6.0,5.0,1.0,4.099999999999994,148.3,116.6,101.9,145.63333333333333,96.57083333333333,21.78462719176216,0.2172058024978667,313.0,82.4,81.9
2026-06-06 22:00:00,Karachi,24.8607,67.0011,28.9,83.0,13.1,1002.8,unknown,5.0,54.77,251.11,0.06,0.45,81.81,54.28,0.0,148.6,,22.0,6.0,6.0,5.0,1.0,-3.8000000000000114,152.4,136.2,102.5,149.76666666666668,98.49166666666666,24.22578426363962,0.2181115845645334,273.4,83.0,83.5
2026-06-06 23:00:00,Karachi,24.8607,67.0011,28.9,83.0,14.1,1002.8,unknown,5.0,51.29,233.12,0.06,0.45,80.74,53.82,0.0,139.9,,23.0,6.0,6.0,5.0,1.0,-8.699999999999989,148.6,148.3,103.7,146.96666666666667,100.0,25.649273233199143,0.2200154426904598,235.8,82.7,85.0
2026-06-07 00:00:00,Karachi,24.8607,67.0011,29.0,84.0,13.5,1002.7,unknown,5.0,46.65,211.41,0.07,0.45,79.26,52.9,0.0,128.9,,0.0,7.0,6.0,6.0,1.0,-11.0,139.9,152.4,102.8,139.13333333333335,101.0875,26.3177459141166,0.220661274301121,197.9,82.0,86.3
2026-06-07 01:00:00,Karachi,24.8607,67.0011,28.9,84.0,13.3,1003.1,unknown,4.0,42.03,190.59,0.07,0.44,77.65,52.08,0.0,118.6,,1.0,7.0,6.0,6.0,1.0,-10.300000000000011,128.9,148.6,99.6,129.13333333333335,101.87916666666666,26.555749056861764,0.220525735872816,184.8,81.6,87.4
2026-06-07 02:00:00,Karachi,24.8607,67.0011,29.6,80.0,15.1,1003.5,unknown,4.0,37.54,170.7,0.08,0.44,76.49,52.01,0.0,108.8,,2.0,7.0,6.0,6.0,1.0,-9.799999999999995,118.6,139.9,97.1,118.76666666666668,102.36666666666667,26.57158774635641,0.2199179847685999,174.9,82.2,88.4
2026-06-07 03:00:00,Karachi,24.8607,67.0011,30.9,72.0,15.9,1003.8,unknown,4.0,33.58,152.46,0.07,0.44,75.79,52.99,0.0,99.2,,3.0,7.0,6.0,6.0,1.0,-9.599999999999994,108.8,128.9,94.5,108.86666666666667,102.5625,26.528373858290237,0.2202544929817657,166.4,84.0,88.9
2026-06-07 04:00:00,Karachi,24.8607,67.0011,32.0,66.0,15.9,1004.2,unknown,4.0,30.51,137.29,0.06,0.43,75.72,54.36,0.0,91.7,,4.0,7.0,6.0,6.0,1.0,-7.5,99.2,118.6,91.9,99.90000000000002,102.55416666666666,26.531900064158467,0.2222303153907786,156.2,86.1,88.4
2026-06-07 05:00:00,Karachi,24.8607,67.0011,33.0,61.0,15.5,1004.2,unknown,4.0,28.43,126.87,0.05,0.42,75.71,54.93,0.0,87.0,,5.0,7.0,6.0,6.0,1.0,-4.700000000000003,91.7,108.8,89.5,92.63333333333334,102.45,26.590223767392395,0.2240876487743359,142.3,87.2,87.6
2026-06-07 06:00:00,Karachi,24.8607,67.0011,33.8,59.0,15.5,1004.5,unknown,4.0,27.3,122.25,0.05,0.42,75.38,54.2,0.0,84.9,,6.0,7.0,6.0,6.0,1.0,-2.0999999999999943,87.0,99.2,87.1,87.86666666666667,102.35833333333332,26.649168625039632,0.2233128834355828,127.7,87.3,86.9
2026-06-07 07:00:00,Karachi,24.8607,67.0011,33.9,59.0,16.3,1004.1,unknown,4.0,27.31,125.56,0.04,0.41,75.02,52.58,0.0,85.9,,7.0,7.0,6.0,6.0,1.0,1.0,84.9,91.7,84.6,85.93333333333335,102.4125,26.61280032811931,0.2175055750238929,115.2,86.4,86.6
2026-06-07 08:00:00,Karachi,24.8607,67.0011,33.8,60.0,16.5,1003.7,unknown,4.0,28.53,137.8,0.04,0.4,74.73,50.7,0.0,92.0,,8.0,7.0,6.0,6.0,1.0,6.099999999999994,85.9,87.0,82.4,87.60000000000002,102.8125,26.369965004675777,0.2070391872278664,107.1,84.6,85.4
2026-06-07 09:00:00,Karachi,24.8607,67.0011,33.8,61.0,16.1,1003.1,unknown,4.0,31.13,159.44,0.04,0.39,74.69,49.02,0.0,103.2,,9.0,7.0,6.0,6.0,1.0,11.200000000000005,92.0,84.9,80.6,93.7,103.75416666666666,25.94232699104193,0.1952458605117912,102.0,82.7,83.8
2026-06-07 10:00:00,Karachi,24.8607,67.0011,33.4,64.0,16.8,1002.4,unknown,4.0,35.7,193.86,0.04,0.39,75.0,48.14,0.0,120.2,,10.0,7.0,6.0,6.0,1.0,17.0,103.2,85.9,79.2,105.13333333333334,105.4625,25.60283293598234,0.1841535128443206,97.7,81.0,82.5
2026-06-07 11:00:00,Karachi,24.8607,67.0011,32.8,67.0,16.8,1002.0,unknown,5.0,42.96,244.0,0.04,0.4,75.48,48.02,0.0,145.1,,11.0,7.0,6.0,6.0,1.0,24.89999999999999,120.2,92.0,77.9,122.83333333333336,108.2625,26.1266948690913,0.1760655737704918,94.5,79.3,81.6
2026-06-07 12:00:00,Karachi,24.8607,67.0011,32.3,68.0,16.5,1001.8,unknown,5.0,53.23,309.66,0.04,0.41,76.44,48.97,0.0,178.1,,12.0,7.0,6.0,6.0,1.0,33.0,145.1,103.2,77.0,147.80000000000004,112.475,28.872994001465862,0.171898210941032,92.4,77.9,81.0
2026-06-07 13:00:00,Karachi,24.8607,67.0011,31.1,74.0,16.5,1002.0,unknown,5.0,66.56,391.59,0.05,0.43,77.65,50.6,0.0,253.5,,13.0,7.0,6.0,6.0,1.0,75.4,178.1,120.2,76.7,192.23333333333332,119.84166666666664,39.82555348196567,0.1699736969789831,91.1,77.3,80.8
2026-06-07 14:00:00,Karachi,24.8607,67.0011,30.2,80.0,16.4,1002.2,unknown,5.0,81.72,485.06,0.07,0.45,78.47,51.51,0.0,376.3,,14.0,7.0,6.0,6.0,1.0,122.8,253.5,145.1,77.1,269.3,132.30833333333334,64.83883643423049,0.1684740032160969,90.2,77.1,80.5
2026-06-07 15:00:00,Karachi,24.8607,67.0011,30.0,80.0,18.1,1002.5,unknown,5.0,96.47,575.16,0.08,0.48,78.79,51.94,0.0,471.2,,15.0,7.0,6.0,6.0,1.0,94.89999999999998,376.3,178.1,79.3,367.0,148.6375,93.79255468968388,0.1677272411155156,89.2,77.2,80.4
2026-06-07 16:00:00,Karachi,24.8607,67.0011,30.0,80.0,16.6,1003.3,unknown,5.0,107.52,634.14,0.08,0.51,78.91,52.36,0.0,500.0,,16.0,7.0,6.0,6.0,1.0,28.80000000000001,471.2,253.5,84.5,449.1666666666667,165.95,116.93190883735608,0.1695524647554167,87.6,77.5,80.3
2026-06-07 17:00:00,Karachi,24.8607,67.0011,30.0,79.0,14.7,1003.7,unknown,5.0,112.91,647.24,0.08,0.53,79.2,53.43,0.0,500.0,,17.0,7.0,6.0,6.0,1.0,0.0,500.0,376.3,96.2,490.4,182.775,134.2306653553466,0.1744484271676657,85.4,77.9,80.4
2026-06-07 18:00:00,Karachi,24.8607,67.0011,29.8,82.0,14.4,1003.4,unknown,5.0,111.2,611.15,0.08,0.56,79.31,54.74,0.0,500.0,,18.0,7.0,6.0,6.0,1.0,0.0,500.0,471.2,116.6,500.0,198.75,148.1096538555718,0.1819520575963348,83.4,78.6,80.3
2026-06-07 19:00:00,Karachi,24.8607,67.0011,29.6,83.0,12.5,1003.3,unknown,5.0,102.25,545.49,0.08,0.57,78.62,55.29,0.0,441.5,,19.0,7.0,6.0,6.0,1.0,-58.5,500.0,500.0,136.2,480.5,211.47083333333333,155.4335017303053,0.1874461493336266,82.1,79.5,80.2
2026-06-07 20:00:00,Karachi,24.8607,67.0011,29.3,84.0,13.0,1002.8,unknown,5.0,90.57,481.44,0.08,0.58,77.44,54.81,0.0,371.7,,20.0,7.0,6.0,6.0,1.0,-69.80000000000001,441.5,500.0,148.3,437.73333333333335,220.77916666666667,158.1514875850436,0.1881231306081754,81.8,80.7,80.4
2026-06-07 21:00:00,Karachi,24.8607,67.0011,29.4,82.0,13.9,1002.2,unknown,5.0,80.32,434.61,0.08,0.58,76.43,54.01,0.0,313.0,,21.0,7.0,6.0,6.0,1.0,-58.69999999999999,371.7,500.0,152.4,375.4,227.47083333333333,158.52963371083854,0.1848093693196198,82.4,81.9,81.0
2026-06-07 22:00:00,Karachi,24.8607,67.0011,29.3,83.0,15.1,1001.6,unknown,5.0,72.94,405.47,0.08,0.57,75.72,53.86,0.0,273.4,,22.0,7.0,6.0,6.0,1.0,-39.60000000000002,313.0,441.5,148.6,319.3666666666666,232.6708333333333,157.87553567444394,0.1798900041926653,83.0,83.5,81.8
2026-06-07 23:00:00,Karachi,24.8607,67.0011,29.1,84.0,15.0,1001.5,unknown,5.0,66.62,379.22,0.08,0.57,75.18,53.6,0.0,235.8,,23.0,7.0,6.0,6.0,1.0,-37.599999999999966,273.4,371.7,139.9,274.06666666666666,236.66666666666663,156.634150495507,0.1756763883761405,82.7,85.0,82.9
2026-06-08 00:00:00,Karachi,24.8607,67.0011,29.2,85.0,14.8,1001.2,unknown,5.0,60.38,349.74,0.08,0.57,74.52,53.03,0.0,197.9,,0.0,8.0,6.0,0.0,0.0,-37.900000000000006,235.8,313.0,128.9,235.7,239.54166666666663,155.19675287018453,0.1726425344541659,82.0,86.3,84.0
2026-06-08 01:00:00,Karachi,24.8607,67.0011,29.2,85.0,14.1,1001.7,unknown,5.0,54.96,323.2,0.08,0.56,74.3,52.81,0.0,184.8,,1.0,8.0,6.0,0.0,0.0,-13.099999999999994,197.9,273.4,118.6,206.1666666666667,242.3,153.53315744419007,0.170049504950495,81.6,87.4,85.3
2026-06-08 02:00:00,Karachi,24.8607,67.0011,30.0,79.0,13.7,1002.2,unknown,5.0,50.97,303.21,0.1,0.55,74.62,53.5,0.0,174.9,,2.0,8.0,6.0,0.0,0.0,-9.900000000000006,184.8,235.8,108.8,185.8666666666667,245.05416666666667,151.61512480237724,0.1681013159196596,82.2,88.4,86.7
2026-06-08 03:00:00,Karachi,24.8607,67.0011,31.0,72.0,15.3,1002.8,unknown,5.0,48.04,286.05,0.09,0.55,75.25,54.7,0.0,166.4,,3.0,8.0,6.0,0.0,0.0,-8.5,174.9,197.9,99.2,175.3666666666667,247.85416666666663,149.40886993972785,0.1679426673658451,84.0,88.9,87.7
2026-06-08 04:00:00,Karachi,24.8607,67.0011,32.1,66.0,14.2,1002.9,unknown,5.0,44.84,265.45,0.08,0.55,75.53,54.94,0.0,156.2,,4.0,8.0,6.0,0.0,0.0,-10.200000000000015,166.4,184.8,91.7,165.83333333333334,250.54166666666663,147.0392225598814,0.1689207006969297,86.1,88.4,88.3
2026-06-08 05:00:00,Karachi,24.8607,67.0011,32.9,65.0,15.2,1002.7,unknown,5.0,40.29,238.48,0.07,0.54,74.93,53.17,0.0,142.3,,5.0,8.0,6.0,0.0,0.0,-13.899999999999975,156.2,174.9,87.0,154.9666666666667,252.84583333333333,144.7809769487405,0.1689449849043945,87.2,87.6,88.6
2026-06-08 06:00:00,Karachi,24.8607,67.0011,33.5,64.0,16.9,1002.8,unknown,5.0,35.18,208.91,0.06,0.52,73.63,50.15,0.0,127.7,,6.0,8.0,6.0,0.0,0.0,-14.600000000000009,142.3,166.4,84.9,142.0666666666667,254.62916666666663,142.87339631011872,0.1683978746828777,87.3,86.9,88.8
2026-06-08 07:00:00,Karachi,24.8607,67.0011,33.9,62.0,17.5,1002.5,unknown,4.0,31.12,183.71,0.06,0.5,72.74,47.47,0.0,115.2,,7.0,8.0,6.0,0.0,0.0,-12.5,127.7,156.2,85.9,128.40000000000003,255.85,141.48740303430245,0.1693974198464972,86.4,86.6,88.8
2026-06-08 08:00:00,Karachi,24.8607,67.0011,34.1,62.0,18.0,1001.8,unknown,4.0,28.88,167.27,0.05,0.48,72.4,46.23,0.0,107.1,,8.0,8.0,6.0,0.0,0.0,-8.100000000000009,115.2,142.3,92.0,116.66666666666669,256.4791666666667,140.75881308161405,0.172654988940037,84.6,85.4,88.1
2026-06-08 09:00:00,Karachi,24.8607,67.0011,34.0,64.0,18.1,1001.0,unknown,4.0,28.04,156.95,0.05,0.47,72.6,45.95,0.0,102.0,,9.0,8.0,6.0,0.0,0.0,-5.099999999999994,107.1,127.7,103.2,108.10000000000002,256.4291666666667,140.81582939418016,0.178655622809812,82.7,83.8,86.8
2026-06-08 10:00:00,Karachi,24.8607,67.0011,33.5,67.0,17.7,1000.8,unknown,4.0,27.9,149.28,0.05,0.46,73.17,46.22,0.0,97.7,,10.0,8.0,6.0,0.0,0.0,-4.299999999999997,102.0,115.2,120.2,102.2666666666667,255.49166666666667,141.8334476915012,0.1868971061093247,81.0,82.5,85.1
2026-06-08 11:00:00,Karachi,24.8607,67.0011,32.9,70.0,18.2,1000.5,unknown,4.0,28.12,142.94,0.05,0.46,73.37,46.73,0.0,94.5,,11.0,8.0,6.0,0.0,0.0,-3.200000000000003,97.7,107.1,145.1,98.06666666666668,253.38333333333333,143.90667769098766,0.1967258989785924,79.3,81.6,83.3
2026-06-08 12:00:00,Karachi,24.8607,67.0011,32.2,73.0,19.7,999.9,unknown,4.0,28.58,138.68,0.05,0.46,73.54,47.76,0.0,92.4,,12.0,8.0,6.0,0.0,0.0,-2.0999999999999943,94.5,102.0,178.1,94.86666666666667,249.8125,146.88831401264738,0.2060859532737236,77.9,81.0,81.9
2026-06-08 13:00:00,Karachi,24.8607,67.0011,31.0,78.0,19.5,999.6,unknown,4.0,29.06,136.11,0.06,0.47,73.7,49.09,0.0,91.1,,13.0,8.0,6.0,0.0,0.0,-1.3000000000000114,92.4,97.7,253.5,92.66666666666669,243.0458333333333,150.40947293006946,0.2135037837043567,77.3,80.8,81.4
2026-06-08 14:00:00,Karachi,24.8607,67.0011,30.6,80.0,15.4,1000.5,unknown,4.0,29.12,134.25,0.08,0.48,73.39,49.57,0.0,90.2,,14.0,8.0,6.0,0.0,0.0,-0.8999999999999915,91.1,94.5,376.3,91.23333333333336,231.125,150.72633493679237,0.2169087523277467,77.1,80.5,81.4
2026-06-08 15:00:00,Karachi,24.8607,67.0011,30.3,82.0,13.6,1000.7,unknown,4.0,28.67,132.22,0.09,0.5,72.96,49.34,0.0,89.2,,15.0,8.0,6.0,0.0,0.0,-1.0,90.2,92.4,471.2,90.16666666666669,215.20833333333331,144.30498776117716,0.2168355770685221,77.2,80.4,81.2
2026-06-08 16:00:00,Karachi,24.8607,67.0011,30.2,83.0,13.9,1001.3,unknown,4.0,27.79,128.91,0.09,0.51,72.72,49.18,0.0,87.6,,16.0,8.0,6.0,0.0,0.0,-1.6000000000000083,89.2,91.1,500.0,89.00000000000001,198.025,133.03179825825842,0.2155767589791327,77.5,80.3,80.6
2026-06-08 17:00:00,Karachi,24.8607,67.0011,29.9,85.0,12.5,1001.8,unknown,4.0,26.78,124.56,0.09,0.51,72.61,49.25,0.0,85.4,,17.0,8.0,6.0,0.0,0.0,-2.1999999999999886,87.6,90.2,500.0,87.40000000000002,180.75,118.20667972003392,0.2149967886962106,77.9,80.4,79.8
2026-06-08 18:00:00,Karachi,24.8607,67.0011,29.9,87.0,13.1,1001.8,unknown,4.0,25.96,120.39,0.1,0.52,72.29,49.22,0.0,83.4,,18.0,8.0,6.0,0.0,0.0,-2.0,85.4,89.2,500.0,85.4666666666667,163.39166666666668,98.17903307851324,0.215632527618573,78.6,80.3,79.0
2026-06-08 19:00:00,Karachi,24.8607,67.0011,29.7,88.0,13.6,1001.4,unknown,4.0,25.4,117.74,0.1,0.52,71.99,48.98,0.0,82.1,,19.0,8.0,6.0,0.0,0.0,-1.3000000000000114,83.4,87.6,441.5,83.63333333333334,148.41666666666666,79.55908204744328,0.2157295736368269,79.5,80.2,78.8
2026-06-08 20:00:00,Karachi,24.8607,67.0011,29.6,88.0,14.0,1000.8,unknown,4.0,25.09,117.29,0.1,0.52,71.75,49.02,0.0,81.8,,20.0,8.0,6.0,0.0,0.0,-0.2999999999999971,82.1,85.4,371.7,82.43333333333335,136.3375,64.82836075897332,0.2139142296871003,80.7,80.4,79.2
2026-06-08 21:00:00,Karachi,24.8607,67.0011,29.4,90.0,14.7,1000.3,unknown,4.0,24.9,118.48,0.1,0.52,71.91,49.32,0.0,82.4,,21.0,8.0,6.0,0.0,0.0,0.6000000000000085,81.8,83.4,313.0,82.10000000000001,126.72916666666669,53.62770600584389,0.2101620526671168,81.9,81.0,79.2
2026-06-08 22:00:00,Karachi,24.8607,67.0011,29.2,91.0,14.8,1000.2,unknown,4.0,24.67,119.59,0.1,0.51,72.08,49.65,0.0,83.0,,22.0,8.0,6.0,0.0,0.0,0.5999999999999943,82.4,82.1,273.4,82.40000000000002,118.79583333333336,44.25018279664152,0.2062881511832093,83.5,81.8,78.9
2026-06-08 23:00:00,Karachi,24.8607,67.0011,29.2,91.0,14.2,1000.0,unknown,4.0,24.3,119.1,0.1,0.52,72.2,49.64,0.0,82.7,,23.0,8.0,6.0,0.0,0.0,-0.2999999999999971,83.0,81.8,235.8,82.70000000000003,112.41666666666669,37.10859113779243,0.2040302267002519,85.0,82.9,78.9
2026-06-09 00:00:00,Karachi,24.8607,67.0011,29.2,91.0,16.0,1000.3,unknown,4.0,23.84,117.55,0.1,0.52,72.11,49.01,0.0,82.0,,0.0,9.0,6.0,1.0,0.0,-0.7000000000000028,82.7,82.4,197.9,82.56666666666668,107.5875,32.790617858850794,0.2028073160357295,86.3,84.0,79.3
2026-06-09 01:00:00,Karachi,24.8607,67.0011,29.3,90.0,16.4,1000.6,unknown,4.0,23.6,116.73,0.1,0.53,71.99,48.15,0.0,81.6,,1.0,9.0,6.0,1.0,0.0,-0.4000000000000057,82.0,83.0,184.8,82.10000000000002,103.2875,28.741718088792528,0.2021759616208344,87.4,85.3,82.4
2026-06-09 02:00:00,Karachi,24.8607,67.0011,30.0,85.0,19.1,1000.9,unknown,4.0,23.83,118.1,0.11,0.54,71.68,47.68,0.0,82.2,,2.0,9.0,6.0,1.0,0.0,0.6000000000000085,81.6,82.7,174.9,81.93333333333335,99.425,24.63495660553305,0.2017781541066892,88.4,86.7,86.3
2026-06-09 03:00:00,Karachi,24.8607,67.0011,31.1,77.0,20.4,1001.2,unknown,4.0,24.56,121.72,0.1,0.54,71.59,48.03,0.0,84.0,,3.0,9.0,6.0,1.0,0.0,1.7999999999999972,82.2,82.0,166.4,82.60000000000002,95.99166666666667,20.245921042040976,0.2017745645744331,88.9,87.7,87.4
2026-06-09 04:00:00,Karachi,24.8607,67.0011,32.0,73.0,19.8,1001.2,unknown,4.0,25.5,125.84,0.09,0.53,71.85,48.97,0.0,86.1,,4.0,9.0,6.0,1.0,0.0,2.0999999999999943,84.0,81.6,156.2,84.10000000000001,93.07083333333334,15.7365395667603,0.202638270820089,88.4,88.3,87.1
2026-06-09 05:00:00,Karachi,24.8607,67.0011,32.9,69.0,19.2,1001.3,unknown,4.0,26.19,128.07,0.07,0.51,72.11,49.7,0.0,87.2,,5.0,9.0,6.0,1.0,0.0,1.1000000000000083,86.1,82.2,142.3,85.7666666666667,90.775,11.758706302694446,0.2044975404075896,87.6,88.6,86.3
2026-06-09 06:00:00,Karachi,24.8607,67.0011,33.5,65.0,20.3,1001.7,unknown,4.0,26.55,128.28,0.06,0.5,72.23,49.67,0.0,87.3,,6.0,9.0,6.0,1.0,0.0,0.0999999999999943,87.2,84.0,127.7,86.86666666666667,89.09166666666668,8.749554854100387,0.2069691300280636,86.9,88.8,85.2
2026-06-09 07:00:00,Karachi,24.8607,67.0011,33.5,66.0,21.8,1001.2,unknown,4.0,26.42,126.49,0.06,0.49,71.95,48.62,0.0,86.4,,7.0,9.0,6.0,1.0,0.0,-0.8999999999999915,87.3,86.1,115.2,86.9666666666667,87.89166666666667,6.76242281426012,0.2088702664242233,86.6,88.8,83.6
2026-06-09 08:00:00,Karachi,24.8607,67.0011,33.8,64.0,20.9,1000.6,unknown,4.0,25.83,122.96,0.05,0.48,71.21,47.01,0.0,84.6,,8.0,9.0,6.0,1.0,0.0,-1.8000000000000114,86.4,87.2,107.1,86.10000000000002,86.95416666666667,5.407641868661068,0.2100683148991542,85.4,88.1,82.0
2026-06-09 09:00:00,Karachi,24.8607,67.0011,34.0,65.0,20.1,999.8,unknown,4.0,25.0,119.01,0.05,0.48,70.33,45.1,0.0,82.7,,9.0,9.0,6.0,1.0,0.0,-1.8999999999999917,84.6,87.3,102.0,84.56666666666668,86.14999999999999,4.417258642306358,0.2100663809763885,83.8,86.8,80.6
2026-06-09 10:00:00,Karachi,24.8607,67.0011,33.6,66.0,19.0,999.3,unknown,4.0,24.14,115.52,0.05,0.48,69.52,43.51,0.0,81.0,,10.0,9.0,6.0,1.0,0.0,-1.7000000000000028,82.7,86.4,97.7,82.7666666666667,85.45416666666667,3.789456673989729,0.2089681440443213,82.5,85.1,79.4
2026-06-09 11:00:00,Karachi,24.8607,67.0011,33.0,71.0,18.0,998.9,unknown,4.0,23.35,112.1,0.05,0.48,68.85,42.33,0.0,79.3,,11.0,9.0,6.0,1.0,0.0,-1.7000000000000028,81.0,84.6,94.5,81.00000000000001,84.82083333333333,3.468489104300968,0.2082961641391615,81.6,83.3,77.9
2026-06-09 12:00:00,Karachi,24.8607,67.0011,32.5,72.0,17.3,999.1,unknown,4.0,22.77,109.31,0.05,0.49,68.22,41.78,0.0,77.9,,12.0,9.0,6.0,1.0,0.0,-1.3999999999999917,79.3,82.7,92.4,79.40000000000002,84.21666666666667,3.351789485276717,0.208306650809624,81.0,81.9,76.3
2026-06-09 13:00:00,Karachi,24.8607,67.0011,31.4,78.0,16.0,999.2,unknown,4.0,22.55,108.07,0.06,0.5,68.04,41.86,0.0,77.3,,13.0,9.0,6.0,1.0,0.0,-0.6000000000000085,77.9,81.0,91.1,78.16666666666669,83.64166666666667,3.30295212705423,0.2086610530211899,80.8,81.4,74.8
2026-06-09 14:00:00,Karachi,24.8607,67.0011,30.6,83.0,16.1,999.5,unknown,4.0,22.65,107.72,0.08,0.51,67.83,41.88,0.0,77.1,,14.0,9.0,6.0,1.0,0.0,-0.2000000000000028,77.3,79.3,90.2,77.43333333333335,83.09583333333333,3.25409162729477,0.2102673598217601,80.5,81.4,73.3
2026-06-09 15:00:00,Karachi,24.8607,67.0011,30.2,85.0,17.0,999.9,unknown,4.0,22.91,108.03,0.09,0.53,67.5,41.88,0.0,77.2,,15.0,9.0,6.0,1.0,0.0,0.1000000000000085,77.1,77.9,89.2,77.20000000000002,82.59583333333335,3.1968026372360003,0.2120707210959918,80.4,81.2,72.1
2026-06-09 16:00:00,Karachi,24.8607,67.0011,29.9,87.0,16.6,1000.2,unknown,4.0,23.19,108.51,0.1,0.54,67.11,41.95,0.0,77.5,,16.0,9.0,6.0,1.0,0.0,0.2999999999999971,77.2,77.3,87.6,77.2666666666667,82.175,3.174114049619222,0.2137130218413049,80.3,80.6,71.4
2026-06-09 17:00:00,Karachi,24.8607,67.0011,29.7,87.0,14.5,1000.9,unknown,4.0,23.5,109.27,0.1,0.54,67.05,42.37,0.0,77.9,,17.0,9.0,6.0,1.0,0.0,0.4000000000000057,77.5,77.1,85.4,77.53333333333335,81.8625,3.2117735179220186,0.2150636039169031,80.4,79.8,71.6
2026-06-09 18:00:00,Karachi,24.8607,67.0011,29.7,88.0,14.9,1001.0,unknown,4.0,23.91,110.62,0.1,0.55,67.1,43.15,0.0,78.6,,18.0,9.0,6.0,1.0,0.0,0.6999999999999886,77.9,77.2,83.4,78.00000000000001,81.66250000000001,3.2609431151111123,0.21614536250226,80.3,79.0,72.8
2026-06-09 19:00:00,Karachi,24.8607,67.0011,29.4,90.0,14.0,1000.8,unknown,4.0,24.41,112.48,0.1,0.56,67.11,44.07,0.0,79.5,,19.0,9.0,6.0,1.0,0.0,0.9000000000000057,78.6,77.5,82.1,78.66666666666669,81.55416666666667,3.288845332815008,0.2170163584637268,80.2,78.8,74.0
2026-06-09 20:00:00,Karachi,24.8607,67.0011,29.2,90.0,13.3,1000.5,unknown,4.0,25.0,114.92,0.1,0.56,67.42,45.02,0.0,80.7,,20.0,9.0,6.0,1.0,0.0,1.2000000000000028,79.5,77.9,81.8,79.60000000000002,81.50833333333333,3.292932704610306,0.2175426383571179,80.4,79.2,75.1
2026-06-09 21:00:00,Karachi,24.8607,67.0011,29.1,90.0,14.1,999.8,unknown,4.0,25.71,117.44,0.1,0.56,67.84,45.8,0.0,81.9,,21.0,9.0,6.0,1.0,0.0,1.2000000000000028,80.7,78.6,82.4,80.70000000000003,81.4875,3.2886249934914744,0.2189202997275204,81.0,79.2,76.3
2026-06-09 22:00:00,Karachi,24.8607,67.0011,29.2,87.0,15.6,999.9,unknown,4.0,26.53,120.16,0.1,0.56,68.22,46.48,0.0,83.5,,22.0,9.0,6.0,1.0,0.0,1.5999999999999943,81.9,79.5,83.0,82.03333333333336,81.50833333333334,3.3001866438201137,0.220788948069241,81.8,78.9,76.2
2026-06-09 23:00:00,Karachi,24.8607,67.0011,29.1,88.0,16.9,999.9,unknown,4.0,27.34,122.02,0.1,0.56,68.54,46.95,0.0,85.0,,23.0,9.0,6.0,1.0,0.0,1.5,83.5,80.7,82.7,83.4666666666667,81.60416666666667,3.36897341694003,0.224061629241108,82.9,78.9,75.1
2026-06-10 00:00:00,Karachi,24.8607,67.0011,29.3,90.0,19.2,1000.0,unknown,4.0,28.04,123.0,0.1,0.56,68.89,47.52,0.0,86.3,,0.0,10.0,6.0,2.0,0.0,1.2999999999999972,85.0,81.9,82.0,84.93333333333335,81.78333333333333,3.502628412648407,0.2279674796747967,84.0,79.3,74.4
2026-06-10 01:00:00,Karachi,24.8607,67.0011,29.4,89.0,20.6,1000.4,unknown,4.0,28.66,123.98,0.1,0.56,69.44,48.56,0.0,87.4,,1.0,10.0,6.0,2.0,0.0,1.1000000000000083,86.3,83.5,81.6,86.23333333333335,82.025,3.684780684876973,0.231166317147927,85.3,82.4,73.9
2026-06-10 02:00:00,Karachi,24.8607,67.0011,30.0,85.0,21.3,1001.0,unknown,4.0,29.2,125.46,0.1,0.56,70.22,49.66,0.0,88.4,,2.0,10.0,6.0,2.0,0.0,1.0,87.4,85.0,82.2,87.36666666666669,82.28333333333333,3.9081483068578415,0.2327435039056272,86.7,86.3,74.1
2026-06-10 03:00:00,Karachi,24.8607,67.0011,31.0,79.0,21.9,1001.4,unknown,4.0,29.43,126.59,0.09,0.57,70.66,50.41,0.0,88.9,,3.0,10.0,6.0,2.0,0.0,0.5,88.4,86.3,84.0,88.23333333333335,82.4875,4.123771226732227,0.2324828185480685,87.7,87.4,74.8
2026-06-10 04:00:00,Karachi,24.8607,67.0011,32.1,72.0,22.7,1001.5,unknown,4.0,29.17,126.73,0.08,0.57,70.4,50.61,0.0,88.4,,4.0,10.0,6.0,2.0,0.0,-0.5,88.9,87.4,86.1,88.56666666666668,82.58333333333333,4.236555888583462,0.230174386490965,88.3,87.1,75.9
2026-06-10 05:00:00,Karachi,24.8607,67.0011,33.0,67.0,22.9,1001.7,unknown,4.0,28.76,127.2,0.07,0.56,69.82,50.64,0.0,87.6,,5.0,10.0,6.0,2.0,0.0,-0.8000000000000114,88.4,88.4,87.2,88.30000000000003,82.60000000000001,4.256248603395106,0.2261006289308176,88.6,86.3,76.5
2026-06-10 06:00:00,Karachi,24.8607,67.0011,33.8,65.0,21.0,1001.7,unknown,4.0,28.29,127.46,0.06,0.54,69.18,50.54,0.0,86.9,,6.0,10.0,6.0,2.0,0.0,-0.6999999999999886,87.6,88.9,87.3,87.63333333333337,82.58333333333333,4.237787226808338,0.2219519849364506,88.8,85.2,76.0
2026-06-10 07:00:00,Karachi,24.8607,67.0011,34.1,64.0,21.1,1001.2,unknown,4.0,27.76,126.84,0.05,0.53,68.38,49.62,0.0,86.6,,7.0,10.0,6.0,2.0,0.0,-0.3000000000000113,86.9,88.4,86.4,87.03333333333335,82.59166666666667,4.2458078216001205,0.2188584042888678,88.8,83.6,74.7
2026-06-10 08:00:00,Karachi,24.8607,67.0011,34.1,66.0,20.7,1000.6,unknown,4.0,27.0,124.52,0.05,0.52,67.26,48.1,0.0,85.4,,8.0,10.0,6.0,2.0,0.0,-1.1999999999999886,86.6,87.6,84.6,86.30000000000003,82.625,4.265355890140346,0.2168326373273369,88.1,82.0,73.0
2026-06-10 09:00:00,Karachi,24.8607,67.0011,34.0,67.0,20.3,999.8,unknown,4.0,26.16,121.21,0.05,0.51,66.26,46.53,0.0,83.8,,9.0,10.0,6.0,2.0,0.0,-1.6000000000000083,85.4,86.9,82.7,85.2666666666667,82.67083333333333,4.272101526095213,0.215823776916096,86.8,80.6,70.9
2026-06-10 10:00:00,Karachi,24.8607,67.0011,33.8,67.0,18.8,999.2,unknown,4.0,25.45,118.55,0.05,0.51,65.75,45.68,0.0,82.5,,10.0,10.0,6.0,2.0,0.0,-1.2999999999999972,83.8,86.6,81.0,83.90000000000002,82.73333333333333,4.257542327053989,0.2146773513285533,85.1,79.4,68.7
2026-06-10 11:00:00,Karachi,24.8607,67.0011,33.4,69.0,16.8,998.7,unknown,4.0,24.97,116.74,0.05,0.51,65.47,45.25,0.0,81.6,,11.0,10.0,6.0,2.0,0.0,-0.9000000000000057,82.5,85.4,79.3,82.63333333333334,82.82916666666667,4.202429852675261,0.2138941236936782,83.3,77.9,66.4
2026-06-10 12:00:00,Karachi,24.8607,67.0011,32.9,71.0,15.8,998.6,unknown,4.0,24.72,115.7,0.05,0.51,65.52,45.3,0.0,81.0,,12.0,10.0,6.0,2.0,0.0,-0.5999999999999943,81.6,83.8,77.9,81.7,82.95833333333333,4.0904891454769565,0.2136560069144338,81.9,76.3,64.3
2026-06-10 13:00:00,Karachi,24.8607,67.0011,31.8,75.0,14.6,998.6,unknown,4.0,24.62,115.15,0.06,0.52,66.06,45.95,0.0,80.8,,13.0,10.0,6.0,2.0,0.0,-0.2000000000000028,81.0,82.5,77.3,81.13333333333334,83.10416666666667,3.939596002974922,0.2138080764220581,81.4,74.8,62.9
2026-06-10 14:00:00,Karachi,24.8607,67.0011,31.0,79.0,11.6,998.6,unknown,4.0,24.58,114.65,0.08,0.53,66.73,46.71,0.0,80.5,,14.0,10.0,6.0,2.0,0.0,-0.2999999999999971,80.8,81.6,77.1,80.7666666666667,83.24583333333332,3.771861398008454,0.2143916266899258,81.4,73.3,62.0
2026-06-10 15:00:00,Karachi,24.8607,67.0011,30.5,83.0,8.8,999.2,unknown,4.0,24.7,114.41,0.09,0.54,67.31,47.27,0.0,80.4,,15.0,10.0,6.0,2.0,0.0,-0.0999999999999943,80.5,81.0,77.2,80.56666666666669,83.37916666666666,3.6015671910812843,0.2158902193864172,81.2,72.1,61.6
2026-06-10 16:00:00,Karachi,24.8607,67.0011,30.3,84.0,7.3,999.8,unknown,4.0,24.82,113.71,0.09,0.55,67.73,47.27,0.0,80.3,,16.0,10.0,6.0,2.0,0.0,-0.1000000000000085,80.4,80.8,77.5,80.40000000000002,83.49583333333332,3.4447791835148704,0.21827455808636,80.6,71.4,61.3
2026-06-10 17:00:00,Karachi,24.8607,67.0011,30.1,85.0,10.1,1000.2,unknown,4.0,24.87,112.47,0.09,0.56,67.78,46.94,0.0,80.4,,17.0,10.0,6.0,2.0,0.0,0.1000000000000085,80.3,80.5,77.9,80.36666666666669,83.60000000000001,3.3030947280690537,0.2211256335022672,79.8,71.6,61.2
2026-06-10 18:00:00,Karachi,24.8607,67.0011,29.9,85.0,11.1,1000.5,unknown,4.0,24.85,110.57,0.1,0.57,67.66,46.48,0.0,80.3,,18.0,10.0,6.0,2.0,0.0,-0.1000000000000085,80.4,80.4,78.6,80.33333333333336,83.67083333333333,3.20807122964587,0.2247445057429682,79.0,72.8,61.2
2026-06-10 19:00:00,Karachi,24.8607,67.0011,29.7,86.0,12.4,1000.2,unknown,4.0,24.78,109.13,0.1,0.57,67.56,46.33,0.0,80.2,,19.0,10.0,6.0,2.0,0.0,-0.0999999999999943,80.3,80.3,79.5,80.30000000000001,83.7,3.171476134161189,0.2270686337395766,78.8,74.0,61.0
2026-06-10 20:00:00,Karachi,24.8607,67.0011,29.6,85.0,13.7,999.8,unknown,4.0,24.9,108.8,0.1,0.58,67.81,46.4,0.0,80.4,,20.0,10.0,6.0,2.0,0.0,0.2000000000000028,80.2,80.4,80.7,80.30000000000003,83.6875,3.184379333421072,0.228860294117647,79.2,75.1,60.9
2026-06-10 21:00:00,Karachi,24.8607,67.0011,29.5,86.0,13.8,999.3,unknown,4.0,25.19,109.23,0.1,0.59,67.98,46.52,0.0,81.0,,21.0,10.0,6.0,2.0,0.0,0.5999999999999943,80.4,80.3,81.9,80.53333333333336,83.64999999999999,3.2115281476996413,0.2306143001007049,79.2,76.3,61.1
2026-06-10 22:00:00,Karachi,24.8607,67.0011,29.3,88.0,13.5,999.1,unknown,4.0,25.64,110.46,0.11,0.6,68.24,46.61,0.0,81.8,,22.0,10.0,6.0,2.0,0.0,0.7999999999999972,81.0,80.2,83.5,81.06666666666669,83.57916666666667,3.233651747355812,0.2321202245156618,78.9,76.2,61.9
2026-06-10 23:00:00,Karachi,24.8607,67.0011,29.2,90.0,14.4,999.2,unknown,4.0,26.23,112.21,0.11,0.6,68.41,46.59,0.0,82.9,,23.0,10.0,6.0,2.0,0.0,1.1000000000000083,81.8,80.4,85.0,81.90000000000002,83.49166666666666,3.221924440678,0.2337581320737902,78.9,75.1,62.7
2026-06-11 00:00:00,Karachi,24.8607,67.0011,29.2,91.0,15.4,998.6,unknown,4.0,26.82,114.27,0.11,0.6,68.7,46.63,0.0,84.0,,0.0,11.0,6.0,3.0,0.0,1.0999999999999943,82.9,81.0,86.3,82.90000000000002,83.39583333333333,3.168524435985672,0.2347072722499343,79.3,74.4,63.0
2026-06-11 01:00:00,Karachi,24.8607,67.0011,29.3,90.0,15.7,999.3,unknown,4.0,27.53,117.33,0.11,0.6,69.37,47.24,0.0,85.3,,1.0,11.0,6.0,3.0,0.0,1.2999999999999972,84.0,81.8,87.4,84.06666666666668,83.30833333333332,3.080925420918929,0.2346373476519219,82.4,73.9,62.8
2026-06-11 02:00:00,Karachi,24.8607,67.0011,30.0,87.0,13.0,999.5,unknown,4.0,28.25,120.21,0.12,0.59,69.86,47.81,0.0,86.7,,2.0,11.0,6.0,3.0,0.0,1.4000000000000057,85.3,82.9,88.4,85.33333333333336,83.2375,2.976547825335739,0.2350054072040595,86.3,74.1,61.6
2026-06-11 03:00:00,Karachi,24.8607,67.0011,31.6,78.0,15.0,1000.1,unknown,4.0,28.79,122.28,0.11,0.59,70.34,48.14,0.0,87.7,,3.0,11.0,6.0,3.0,0.0,1.0,86.7,84.0,88.9,86.56666666666668,83.1875,2.8859950435323976,0.2354432450114491,87.4,74.8,59.7
2026-06-11 04:00:00,Karachi,24.8607,67.0011,33.1,71.0,14.6,1000.4,unknown,4.0,29.11,123.41,0.09,0.59,70.67,48.68,0.0,88.3,,4.0,11.0,6.0,3.0,0.0,0.5999999999999943,87.7,85.3,88.4,87.56666666666668,83.18333333333332,2.8782039488201163,0.2358803986710963,87.1,75.9,57.7
2026-06-11 05:00:00,Karachi,24.8607,67.0011,34.7,63.0,14.6,1000.5,unknown,4.0,29.26,123.62,0.08,0.57,71.27,49.65,0.0,88.6,,5.0,11.0,6.0,3.0,0.0,0.2999999999999971,88.3,86.7,87.6,88.2,83.22500000000001,2.9512340823263803,0.2366930917327293,86.3,76.5,56.0
2026-06-11 06:00:00,Karachi,24.8607,67.0011,35.4,57.0,16.8,1000.7,unknown,4.0,29.38,123.4,0.07,0.55,72.07,50.77,0.0,88.8,,6.0,11.0,6.0,3.0,0.0,0.2000000000000028,88.6,87.7,86.9,88.56666666666668,83.30416666666666,3.0769096815465518,0.2380875202593192,85.2,76.0,54.5
2026-06-11 07:00:00,Karachi,24.8607,67.0011,36.3,53.0,16.1,1000.0,unknown,4.0,29.37,122.8,0.06,0.53,72.6,51.13,0.0,88.8,,7.0,11.0,6.0,3.0,0.0,0.0,88.8,88.3,86.6,88.73333333333335,83.39583333333333,3.2092907474141845,0.2391693811074918,83.6,74.7,53.3
2026-06-11 08:00:00,Karachi,24.8607,67.0011,36.9,50.0,17.8,999.5,unknown,4.0,29.01,120.96,0.05,0.52,72.5,49.8,0.0,88.1,,8.0,11.0,6.0,3.0,0.0,-0.7000000000000028,88.8,88.6,85.4,88.56666666666668,83.50833333333333,3.3277380575548703,0.2398313492063492,82.0,73.0,52.1
2026-06-11 09:00:00,Karachi,24.8607,67.0011,36.8,50.0,18.0,998.8,unknown,4.0,28.33,117.8,0.05,0.51,71.74,47.2,0.0,86.8,,9.0,11.0,6.0,3.0,0.0,-1.2999999999999972,88.1,88.8,83.8,87.90000000000002,83.63333333333334,3.3948383667298043,0.2404923599320882,80.6,70.9,51.1
2026-06-11 10:00:00,Karachi,24.8607,67.0011,36.3,51.0,17.4,998.4,unknown,4.0,27.42,114.13,0.05,0.5,70.96,44.54,0.0,85.1,,10.0,11.0,6.0,3.0,0.0,-1.7000000000000028,86.8,88.8,82.5,86.66666666666669,83.74166666666666,3.398582398416917,0.2402523438184526,79.4,68.7,48.4
2026-06-11 11:00:00,Karachi,24.8607,67.0011,35.4,56.0,15.7,998.0,unknown,4.0,26.44,110.6,0.05,0.5,70.13,42.49,0.0,83.3,,11.0,11.0,6.0,3.0,0.0,-1.7999999999999972,85.1,88.1,81.6,85.06666666666668,83.8125,3.3695971246719294,0.2390596745027125,77.9,66.4,47.4
2026-06-11 12:00:00,Karachi,24.8607,67.0011,34.2,63.0,16.1,997.6,unknown,4.0,25.71,108.89,0.05,0.5,69.25,41.54,0.0,81.9,,12.0,11.0,6.0,3.0,0.0,-1.3999999999999917,83.3,86.8,81.0,83.43333333333335,83.85000000000001,3.341829751340592,0.2361098356139223,76.3,64.3,48.1
2026-06-11 13:00:00,Karachi,24.8607,67.0011,32.6,71.0,14.0,997.4,unknown,4.0,25.43,109.3,0.06,0.5,68.76,41.33,0.0,81.4,,13.0,11.0,6.0,3.0,0.0,-0.5,81.9,85.1,80.8,82.20000000000002,83.875,3.3201951226038644,0.2326623970722781,74.8,62.9,49.8
2026-06-11 14:00:00,Karachi,24.8607,67.0011,31.8,72.0,6.9,998.2,unknown,4.0,25.42,110.64,0.08,0.51,68.19,41.23,0.0,81.4,,14.0,11.0,6.0,3.0,0.0,0.0,81.4,83.3,80.5,81.56666666666669,83.91250000000001,3.2853181303155177,0.2297541576283442,73.3,62.0,51.3
2026-06-11 15:00:00,Karachi,24.8607,67.0011,31.2,75.0,10.4,998.5,unknown,4.0,25.33,111.41,0.09,0.51,67.7,41.01,0.0,81.2,,15.0,11.0,6.0,3.0,0.0,-0.2000000000000028,81.4,81.9,80.4,81.33333333333336,83.94583333333334,3.2520199965497647,0.2273584058881608,72.1,61.6,51.9
2026-06-11 16:00:00,Karachi,24.8607,67.0011,31.0,74.0,13.6,998.9,unknown,4.0,25.0,111.02,0.09,0.52,67.44,40.88,0.0,80.6,,16.0,11.0,6.0,3.0,0.0,-0.6000000000000085,81.2,81.4,80.3,81.06666666666668,83.95833333333333,3.23794307582875,0.2251846514141596,71.4,61.3,52.5
2026-06-11 17:00:00,Karachi,24.8607,67.0011,30.5,79.0,11.6,999.6,unknown,4.0,24.56,110.39,0.09,0.53,67.37,41.13,0.0,79.8,,17.0,11.0,6.0,3.0,0.0,-0.7999999999999972,80.6,81.4,80.4,80.53333333333335,83.93333333333332,3.2687807415335173,0.2224839206449859,71.6,61.2,53.6
2026-06-11 18:00:00,Karachi,24.8607,67.0011,30.3,81.0,12.1,999.5,unknown,4.0,24.14,110.31,0.09,0.53,67.45,41.48,0.0,79.0,,18.0,11.0,6.0,3.0,0.0,-0.7999999999999972,79.8,81.2,80.3,79.80000000000001,83.87916666666666,3.3415668241961414,0.2188378206871543,72.8,61.2,54.7
2026-06-11 19:00:00,Karachi,24.8607,67.0011,29.8,83.0,13.1,999.1,unknown,4.0,23.84,111.09,0.1,0.55,67.42,41.54,0.0,78.8,,19.0,11.0,6.0,3.0,0.0,-0.2000000000000028,79.0,80.6,80.2,79.20000000000003,83.82083333333334,3.419888018336221,0.2146007741470879,74.0,61.0,55.5
2026-06-11 20:00:00,Karachi,24.8607,67.0011,29.5,86.0,15.8,998.9,unknown,4.0,23.63,111.96,0.1,0.56,67.13,41.16,0.0,79.2,,20.0,11.0,6.0,3.0,0.0,0.4000000000000057,78.8,79.8,80.4,79.00000000000001,83.77083333333333,3.480314724230959,0.2110575205430511,75.1,60.9,55.7
2026-06-11 21:00:00,Karachi,24.8607,67.0011,29.4,86.0,17.1,998.6,unknown,4.0,23.52,112.05,0.1,0.58,66.66,40.61,0.0,79.2,,21.0,11.0,6.0,3.0,0.0,0.0,79.2,79.0,81.0,79.06666666666668,83.69583333333334,3.561079363321295,0.2099062918340026,76.3,61.1,56.0
2026-06-11 22:00:00,Karachi,24.8607,67.0011,29.2,87.0,18.3,998.8,unknown,4.0,23.47,111.42,0.11,0.59,66.57,40.55,0.0,78.9,,22.0,11.0,6.0,3.0,0.0,-0.2999999999999971,79.2,78.8,81.8,79.10000000000002,83.575,3.675565617518547,0.2106444085442469,76.2,61.9,56.6
2026-06-11 23:00:00,Karachi,24.8607,67.0011,29.2,86.0,18.4,998.7,unknown,4.0,23.49,111.27,0.11,0.6,66.96,41.16,0.0,78.9,,23.0,11.0,6.0,3.0,0.0,0.0,78.9,79.2,82.9,79.00000000000001,83.40833333333333,3.796212834397851,0.2111081153949851,75.1,62.7,57.7
2026-06-12 00:00:00,Karachi,24.8607,67.0011,29.3,86.0,17.8,998.9,unknown,4.0,23.68,112.24,0.11,0.6,67.31,41.83,0.0,79.3,,0.0,12.0,6.0,4.0,0.0,0.3999999999999915,78.9,79.2,84.0,79.03333333333336,83.2125,3.8845639338941136,0.2109764789736279,74.4,63.0,58.6
2026-06-12 01:00:00,Karachi,24.8607,67.0011,29.0,89.0,16.7,999.7,unknown,4.0,24.28,118.37,0.1,0.59,68.55,44.61,0.0,82.4,,1.0,12.0,6.0,4.0,0.0,3.1000000000000085,79.3,78.9,85.3,80.20000000000002,83.09166666666667,3.8618441941253177,0.2051195404240939,73.9,62.8,59.3
2026-06-12 02:00:00,Karachi,24.8607,67.0011,29.8,85.0,17.1,1000.4,unknown,4.0,25.35,126.3,0.11,0.58,69.76,47.72,0.0,86.3,,2.0,12.0,6.0,4.0,0.0,3.899999999999992,82.4,78.9,86.7,82.66666666666669,83.075,3.846426913381989,0.2007125890736342,74.1,61.6,60.2
2026-06-12 03:00:00,Karachi,24.8607,67.0011,30.8,79.0,18.2,1001.1,unknown,4.0,25.81,128.61,0.1,0.57,70.16,48.35,0.0,87.4,,3.0,12.0,6.0,4.0,0.0,1.1000000000000083,86.3,79.3,87.7,85.36666666666669,83.0625,3.831200572415423,0.2006842391726926,74.8,59.7,60.8
2026-06-12 04:00:00,Karachi,24.8607,67.0011,31.8,74.0,17.7,1001.6,unknown,4.0,25.85,127.87,0.09,0.56,69.93,47.64,0.0,87.1,,4.0,12.0,6.0,4.0,0.0,-0.3000000000000113,87.4,82.4,88.3,86.93333333333335,83.0125,3.767170833257482,0.2021584421678267,75.9,57.7,60.7
2026-06-12 05:00:00,Karachi,24.8607,67.0011,32.5,71.0,18.1,1001.9,unknown,4.0,25.95,126.36,0.07,0.56,69.73,46.48,0.0,86.3,,5.0,12.0,6.0,4.0,0.0,-0.7999999999999972,87.1,86.3,88.6,86.93333333333335,82.91666666666667,3.64616137240422,0.2053656220322887,76.5,56.0,59.9
2026-06-12 06:00:00,Karachi,24.8607,67.0011,33.5,66.0,18.7,1002.0,unknown,4.0,25.94,124.08,0.06,0.55,69.62,44.86,0.0,85.2,,6.0,12.0,6.0,4.0,0.0,-1.0999999999999943,86.3,87.4,88.8,86.20000000000003,82.76666666666667,3.463055532788636,0.2090586718246292,76.0,54.5,59.0
2026-06-12 07:00:00,Karachi,24.8607,67.0011,33.9,64.0,18.7,1002.0,unknown,4.0,25.64,120.92,0.06,0.54,69.43,43.05,0.0,83.6,,7.0,12.0,6.0,4.0,0.0,-1.6000000000000083,85.2,87.1,88.8,85.03333333333335,82.55,3.223554613747975,0.2120410188554416,74.7,53.3,58.2
2026-06-12 08:00:00,Karachi,24.8607,67.0011,34.2,62.0,19.6,1001.6,unknown,4.0,25.11,117.7,0.05,0.52,69.17,41.74,0.0,82.0,,8.0,12.0,6.0,4.0,0.0,-1.5999999999999943,83.6,86.3,88.1,83.60000000000002,82.29583333333333,2.9996346395860427,0.2133389974511469,73.0,52.1,57.8
2026-06-12 09:00:00,Karachi,24.8607,67.0011,33.8,66.0,19.9,1001.2,unknown,4.0,24.53,114.78,0.05,0.51,69.11,41.17,0.0,80.6,,9.0,12.0,6.0,4.0,0.0,-1.4000000000000057,82.0,85.2,86.8,82.06666666666668,82.0375,2.8585208245416105,0.2137131904512981,70.9,51.1,58.0
2026-06-12 10:00:00,Karachi,24.8607,67.0011,33.7,66.0,18.4,1000.8,unknown,4.0,23.95,112.33,0.05,0.5,69.0,40.99,0.0,79.4,,10.0,12.0,6.0,4.0,0.0,-1.1999999999999886,80.6,83.6,85.1,80.66666666666669,81.8,2.829656608447315,0.2132110745125968,68.7,48.4,58.6
2026-06-12 11:00:00,Karachi,24.8607,67.0011,33.0,70.0,17.9,1000.4,unknown,4.0,23.23,109.34,0.05,0.49,68.69,40.76,0.0,77.9,,11.0,12.0,6.0,4.0,0.0,-1.5,79.4,82.0,83.3,79.30000000000001,81.575,2.9184942514322008,0.21245655752698,66.4,47.4,59.3
2026-06-12 12:00:00,Karachi,24.8607,67.0011,31.9,76.0,19.2,999.7,unknown,4.0,22.4,106.06,0.05,0.49,68.24,40.44,0.0,76.3,,12.0,12.0,6.0,4.0,0.0,-1.6000000000000083,77.9,80.6,81.9,77.86666666666669,81.34166666666667,3.109021468685037,0.2112012068640392,64.3,48.1,59.7
2026-06-12 13:00:00,Karachi,24.8607,67.0011,30.9,82.0,17.8,999.5,unknown,4.0,21.55,103.04,0.06,0.49,67.75,40.36,0.0,74.8,,13.0,12.0,6.0,4.0,0.0,-1.5,76.3,79.4,81.4,76.33333333333336,81.06666666666668,3.3834207884735754,0.2091420807453416,62.9,49.8,59.8
2026-06-12 14:00:00,Karachi,24.8607,67.0011,30.2,86.0,12.9,1000.1,unknown,4.0,20.72,100.13,0.07,0.49,67.71,40.34,0.0,73.3,,14.0,12.0,6.0,4.0,0.0,-1.5,74.8,77.9,81.4,74.80000000000003,80.72916666666667,3.7345017904909086,0.2069309897133726,62.0,51.3,59.6
2026-06-12 15:00:00,Karachi,24.8607,67.0011,30.0,84.0,15.7,1000.6,unknown,3.0,19.98,97.6,0.08,0.49,67.76,40.19,0.0,72.1,,15.0,12.0,6.0,4.0,0.0,-1.2000000000000028,73.3,76.3,81.2,73.40000000000002,80.35,4.126057176782538,0.2047131147540983,61.6,51.9,59.8
2026-06-12 16:00:00,Karachi,24.8607,67.0011,30.1,83.0,15.3,1001.5,unknown,3.0,19.51,96.16,0.08,0.49,67.76,39.76,0.0,71.4,,16.0,12.0,6.0,4.0,0.0,-0.6999999999999886,72.1,74.8,80.6,72.26666666666668,79.96666666666667,4.511209870172933,0.2028910149750416,61.3,52.5,60.8
2026-06-12 17:00:00,Karachi,24.8607,67.0011,30.0,83.0,15.1,1002.3,unknown,3.0,19.45,96.63,0.08,0.5,67.95,39.5,0.0,71.6,,17.0,12.0,6.0,4.0,0.0,0.1999999999999886,71.4,73.3,79.8,71.70000000000002,79.625,4.82405656466866,0.201283245368933,61.2,53.6,62.5
2026-06-12 18:00:00,Karachi,24.8607,67.0011,30.0,79.0,17.3,1002.1,unknown,3.0,19.79,99.04,0.08,0.51,68.35,39.57,0.0,72.8,,18.0,12.0,6.0,4.0,0.0,1.2000000000000028,71.6,72.1,79.0,71.93333333333335,79.36666666666667,5.020970516496669,0.1998182552504038,61.2,54.7,64.0
2026-06-12 19:00:00,Karachi,24.8607,67.0011,29.9,80.0,15.5,1002.2,unknown,4.0,20.26,101.53,0.09,0.53,68.91,39.72,0.0,74.0,,19.0,12.0,6.0,4.0,0.0,1.2000000000000028,72.8,71.4,78.8,72.80000000000001,79.16666666666667,5.138741739634268,0.1995469319412981,61.0,55.5,64.9
2026-06-12 20:00:00,Karachi,24.8607,67.0011,29.7,81.0,17.4,1001.8,unknown,4.0,20.53,103.65,0.09,0.53,69.17,39.58,0.0,75.1,,20.0,12.0,6.0,4.0,0.0,1.0999999999999943,74.0,71.6,79.2,73.96666666666668,78.99583333333334,5.205304916655241,0.1980704293294742,60.9,55.7,65.4
2026-06-12 21:00:00,Karachi,24.8607,67.0011,29.4,81.0,17.7,1001.7,unknown,4.0,20.7,106.1,0.09,0.54,69.26,39.41,0.0,76.3,,21.0,12.0,6.0,4.0,0.0,1.2000000000000028,75.1,72.8,79.2,75.13333333333334,78.875,5.233940239893423,0.1950989632422243,61.1,56.0,66.5
2026-06-12 22:00:00,Karachi,24.8607,67.0011,29.4,81.0,18.3,1001.7,unknown,4.0,20.62,105.84,0.09,0.53,69.44,39.43,0.0,76.2,,22.0,12.0,6.0,4.0,0.0,-0.0999999999999943,76.3,74.0,78.9,75.86666666666667,78.7625,5.262319913266233,0.1948223733938019,61.9,56.6,67.8
2026-06-12 23:00:00,Karachi,24.8607,67.0011,29.1,83.0,17.8,1001.6,unknown,4.0,20.35,103.68,0.09,0.52,69.85,39.57,0.0,75.1,,23.0,12.0,6.0,4.0,0.0,-1.1000000000000083,76.2,75.1,78.9,75.86666666666669,78.60416666666667,5.314907595962176,0.1962770061728395,62.7,57.7,68.6
2026-06-13 00:00:00,Karachi,24.8607,67.0011,29.3,80.0,18.7,1001.7,unknown,4.0,20.02,102.32,0.09,0.52,70.03,39.54,0.0,74.4,,0.0,13.0,6.0,5.0,1.0,-0.6999999999999886,75.1,76.3,79.3,75.23333333333335,78.39999999999999,5.380722434119503,0.1956606724003127,63.0,58.6,69.1
2026-06-13 01:00:00,Karachi,24.8607,67.0011,29.4,79.0,18.4,1002.4,unknown,4.0,19.74,101.28,0.09,0.51,70.15,40.23,0.0,73.9,,1.0,13.0,6.0,5.0,1.0,-0.5,74.4,76.2,82.4,74.4666666666667,78.04583333333333,5.385728255359106,0.1949052132701421,62.8,59.3,68.3
2026-06-13 02:00:00,Karachi,24.8607,67.0011,30.0,76.0,19.8,1003.3,unknown,4.0,19.79,101.75,0.09,0.49,70.51,41.98,0.0,74.1,,2.0,13.0,6.0,5.0,1.0,0.1999999999999886,73.9,75.1,86.3,74.13333333333334,77.53750000000001,5.143067305056584,0.1944963144963145,61.6,60.2,68.5
2026-06-13 03:00:00,Karachi,24.8607,67.0011,30.8,72.0,20.3,1003.9,unknown,4.0,19.93,103.03,0.08,0.48,71.07,43.74,0.0,74.8,,3.0,13.0,6.0,5.0,1.0,0.7000000000000028,74.1,74.4,87.4,74.2666666666667,77.0125,4.718079242565246,0.1934388042317771,59.7,60.8,68.8
2026-06-13 04:00:00,Karachi,24.8607,67.0011,31.7,66.0,20.8,1004.3,unknown,4.0,20.12,105.31,0.07,0.48,71.57,45.3,0.0,75.9,,4.0,13.0,6.0,5.0,1.0,1.1000000000000083,74.8,73.9,87.1,74.93333333333335,76.54583333333333,4.202688494250453,0.1910549805336625,57.7,60.7,68.8
2026-06-13 05:00:00,Karachi,24.8607,67.0011,32.5,61.0,21.0,1004.7,unknown,4.0,20.14,106.61,0.06,0.47,71.72,45.88,0.0,76.5,,5.0,13.0,6.0,5.0,1.0,0.5999999999999943,75.9,74.1,86.3,75.73333333333335,76.1375,3.654040348649773,0.188912859956852,56.0,59.9,68.6
2026-06-13 06:00:00,Karachi,24.8607,67.0011,32.8,58.0,19.8,1005.5,unknown,4.0,19.83,105.51,0.05,0.46,71.4,45.3,0.0,76.0,,6.0,13.0,6.0,5.0,1.0,-0.5,76.5,74.8,85.2,76.13333333333335,75.75416666666668,3.103011043523297,0.187944270685243,54.5,59.0,68.6
2026-06-13 07:00:00,Karachi,24.8607,67.0011,33.1,57.0,18.3,1005.2,unknown,4.0,19.33,102.92,0.05,0.45,70.67,44.1,0.0,74.7,,7.0,13.0,6.0,5.0,1.0,-1.2999999999999972,76.0,75.9,83.6,75.73333333333335,75.38333333333334,2.618606776373904,0.1878157792460163,53.3,58.2,69.1
2026-06-13 08:00:00,Karachi,24.8607,67.0011,33.2,58.0,18.1,1004.7,unknown,3.0,18.76,99.49,0.05,0.44,70.4,43.21,0.0,73.0,,8.0,13.0,6.0,5.0,1.0,-1.7000000000000028,74.7,76.5,82.0,74.56666666666668,75.00833333333334,2.248074860787876,0.1885616644888934,52.1,57.8,70.4
2026-06-13 09:00:00,Karachi,24.8607,67.0011,33.4,59.0,18.7,1004.1,unknown,3.0,18.1,95.12,0.04,0.43,70.33,42.87,0.0,70.9,,9.0,13.0,6.0,5.0,1.0,-2.0999999999999943,73.0,76.0,80.6,72.86666666666669,74.60416666666667,2.0634456549691627,0.1902859545836837,51.1,58.0,71.7
2026-06-13 10:00:00,Karachi,24.8607,67.0011,33.0,61.0,18.7,1003.4,unknown,3.0,17.32,90.72,0.04,0.42,70.53,42.74,0.0,68.7,,10.0,13.0,6.0,5.0,1.0,-2.200000000000003,70.9,74.7,79.4,70.86666666666669,74.15833333333333,2.1368234584894035,0.1909171075837742,48.4,58.6,73.1
2026-06-13 11:00:00,Karachi,24.8607,67.0011,32.5,64.0,18.7,1002.8,unknown,3.0,16.42,86.13,0.04,0.42,70.53,42.42,0.0,66.4,,11.0,13.0,6.0,5.0,1.0,-2.299999999999997,68.7,73.0,77.9,68.6666666666667,73.67916666666667,2.51689580490552,0.1906420527110182,47.4,59.3,74.5
2026-06-13 12:00:00,Karachi,24.8607,67.0011,32.4,65.0,18.3,1002.8,unknown,3.0,15.54,81.97,0.05,0.42,70.21,41.8,0.0,64.3,,12.0,13.0,6.0,5.0,1.0,-2.1000000000000085,66.4,70.9,76.3,66.4666666666667,73.17916666666666,3.098383753516624,0.1895815542271562,48.1,59.7,74.6
2026-06-13 13:00:00,Karachi,24.8607,67.0011,31.1,70.0,19.6,1002.4,unknown,3.0,14.95,78.95,0.05,0.42,69.83,41.18,0.0,62.9,,13.0,13.0,6.0,5.0,1.0,-1.3999999999999986,64.3,68.7,74.8,64.53333333333335,72.68333333333332,3.717954868714156,0.1893603546548448,49.8,59.8,74.1
2026-06-13 14:00:00,Karachi,24.8607,67.0011,30.2,74.0,20.0,1002.5,unknown,3.0,14.65,77.16,0.07,0.43,69.65,40.8,0.0,62.0,,14.0,13.0,6.0,5.0,1.0,-0.8999999999999986,62.9,66.4,73.3,63.06666666666669,72.21249999999999,4.30553864730963,0.1898652151373769,51.3,59.6,73.3
2026-06-13 15:00:00,Karachi,24.8607,67.0011,30.1,74.0,16.7,1003.5,unknown,3.0,14.63,76.44,0.07,0.43,69.59,41.13,0.0,61.6,,15.0,13.0,6.0,5.0,1.0,-0.3999999999999986,62.0,64.3,72.1,62.166666666666686,71.775,4.820179502340296,0.1913919413919414,51.9,59.8,72.7
2026-06-13 16:00:00,Karachi,24.8607,67.0011,30.0,75.0,16.3,1004.3,unknown,3.0,14.63,75.73,0.07,0.43,69.73,41.96,0.0,61.3,,16.0,13.0,6.0,5.0,1.0,-0.3000000000000042,61.6,62.9,71.4,61.63333333333335,71.35416666666667,5.273888027587949,0.1931863198204146,52.5,60.8,72.1
2026-06-13 17:00:00,Karachi,24.8607,67.0011,29.8,76.0,15.5,1004.5,unknown,3.0,14.59,75.1,0.07,0.43,70.13,42.84,0.0,61.2,,17.0,13.0,6.0,5.0,1.0,-0.0999999999999943,61.3,62.0,71.6,61.36666666666668,70.92083333333333,5.665531109580355,0.1942743009320905,53.6,62.5,71.6
2026-06-13 18:00:00,Karachi,24.8607,67.0011,29.8,78.0,15.8,1004.6,unknown,3.0,14.56,74.63,0.07,0.44,70.37,43.14,0.0,61.2,,18.0,13.0,6.0,5.0,1.0,0.0,61.2,61.6,72.8,61.23333333333335,70.4375,5.984095769112745,0.195095805976149,54.7,64.0,71.0
2026-06-13 19:00:00,Karachi,24.8607,67.0011,29.5,78.0,16.8,1004.3,unknown,3.0,14.49,74.13,0.07,0.44,70.56,42.89,0.0,61.0,,19.0,13.0,6.0,5.0,1.0,-0.2000000000000028,61.2,61.3,74.0,61.13333333333336,69.89583333333333,6.230882355456302,0.1954674220963173,55.5,64.9,69.3
2026-06-13 20:00:00,Karachi,24.8607,67.0011,29.4,77.0,17.4,1004.1,unknown,3.0,14.4,73.29,0.07,0.43,70.72,42.77,0.0,60.9,,20.0,13.0,6.0,5.0,1.0,-0.1000000000000014,61.0,61.2,75.1,61.03333333333335,69.30416666666666,6.387452316960981,0.1964797380270159,55.7,65.4,68.0
2026-06-13 21:00:00,Karachi,24.8607,67.0011,29.3,77.0,16.9,1003.9,unknown,3.0,14.54,73.45,0.07,0.43,70.85,42.65,0.0,61.1,,21.0,13.0,6.0,5.0,1.0,0.2000000000000028,60.9,61.2,76.3,61.00000000000002,68.67083333333333,6.417129194698415,0.1979577944179714,56.0,66.5,66.9
2026-06-13 22:00:00,Karachi,24.8607,67.0011,29.1,78.0,15.9,1003.8,unknown,3.0,14.97,74.52,0.07,0.44,70.69,41.95,0.0,61.9,,22.0,13.0,6.0,5.0,1.0,0.7999999999999972,61.1,61.0,76.2,61.30000000000002,68.075,6.35118954965557,0.2008856682769726,56.6,67.8,66.5
2026-06-13 23:00:00,Karachi,24.8607,67.0011,28.9,80.0,16.5,1003.6,unknown,3.0,15.37,75.62,0.07,0.44,70.51,41.24,0.0,62.7,,23.0,13.0,6.0,5.0,1.0,0.8000000000000043,61.9,60.9,75.1,61.90000000000001,67.55833333333334,6.258553567209085,0.2032531076434805,57.7,68.6,66.8
2026-06-14 00:00:00,Karachi,24.8607,67.0011,29.3,78.0,16.4,1003.8,unknown,3.0,15.55,75.97,0.08,0.45,70.34,40.77,0.0,63.0,,0.0,14.0,6.0,6.0,1.0,0.2999999999999971,62.7,61.1,74.4,62.53333333333335,67.08333333333333,6.14835903640821,0.2046860602869553,58.6,69.1,67.1
2026-06-14 01:00:00,Karachi,24.8607,67.0011,29.3,77.0,16.8,1004.4,unknown,3.0,15.44,74.26,0.08,0.45,70.39,40.86,0.0,62.8,,1.0,14.0,6.0,6.0,1.0,-0.2000000000000028,63.0,61.9,73.9,62.83333333333335,66.62083333333332,6.029635446956274,0.2079181255049824,59.3,68.3,66.1
2026-06-14 02:00:00,Karachi,24.8607,67.0011,29.9,72.0,18.8,1004.6,unknown,3.0,14.78,69.21,0.08,0.43,70.67,41.87,0.0,61.6,,2.0,14.0,6.0,6.0,1.0,-1.1999999999999955,62.8,62.7,74.1,62.46666666666669,66.10000000000001,5.893843508641152,0.2135529547753215,60.2,68.5,65.1
2026-06-14 03:00:00,Karachi,24.8607,67.0011,30.3,69.0,20.7,1005.2,unknown,3.0,13.76,62.87,0.07,0.4,71.26,43.8,0.0,59.7,,3.0,14.0,6.0,6.0,1.0,-1.8999999999999984,61.6,63.0,74.8,61.366666666666696,65.47083333333333,5.728379326663789,0.2188643232066168,60.8,68.8,64.6
2026-06-14 04:00:00,Karachi,24.8607,67.0011,31.0,65.0,21.2,1005.6,unknown,3.0,12.67,57.32,0.06,0.37,71.74,46.0,0.0,57.7,,4.0,14.0,6.0,6.0,1.0,-2.0,59.7,62.8,75.9,59.666666666666686,64.71249999999999,5.487322345346947,0.221039776692254,60.7,68.8,64.1
2026-06-14 05:00:00,Karachi,24.8607,67.0011,31.8,62.0,20.7,1005.7,unknown,3.0,11.77,53.87,0.05,0.35,71.92,47.13,0.0,56.0,,5.0,14.0,6.0,6.0,1.0,-1.7000000000000028,57.7,61.6,76.5,57.80000000000002,63.85833333333333,5.158354697809302,0.2184889548914052,59.9,68.6,63.7
2026-06-14 06:00:00,Karachi,24.8607,67.0011,32.7,58.0,21.2,1005.9,unknown,3.0,10.99,50.81,0.04,0.33,71.77,46.8,0.0,54.5,,6.0,14.0,6.0,6.0,1.0,-1.5,56.0,59.7,76.0,56.06666666666669,62.9625,4.813460519617803,0.2162960047234796,59.0,68.6,63.4
2026-06-14 07:00:00,Karachi,24.8607,67.0011,32.7,56.0,20.5,1005.6,unknown,2.0,10.31,47.61,0.04,0.32,71.32,45.76,0.0,53.3,,7.0,14.0,6.0,6.0,1.0,-1.2000000000000028,54.5,57.7,74.7,54.60000000000002,62.070833333333326,4.517644554283522,0.2165511447174963,58.2,69.1,63.0
2026-06-14 08:00:00,Karachi,24.8607,67.0011,32.9,58.0,21.7,1004.8,unknown,2.0,9.71,44.88,0.04,0.31,70.93,44.68,0.0,52.1,,8.0,14.0,6.0,6.0,1.0,-1.1999999999999955,53.3,56.0,73.0,53.30000000000002,61.2,4.329775574062336,0.2163547237076649,57.8,70.4,62.5
2026-06-14 09:00:00,Karachi,24.8607,67.0011,32.2,61.0,21.9,1004.5,unknown,2.0,9.16,42.79,0.03,0.3,70.71,43.86,0.0,51.1,,9.0,14.0,6.0,6.0,1.0,-1.0,52.1,54.5,70.9,52.166666666666686,60.375,4.287316988109243,0.2140687076419724,58.0,71.7,62.1
2026-06-14 10:00:00,Karachi,24.8607,67.0011,32.2,61.0,22.1,1003.7,unknown,2.0,8.72,41.83,0.03,0.3,70.67,43.45,0.0,48.4,,10.0,14.0,6.0,6.0,1.0,-2.700000000000003,51.1,53.3,68.7,50.53333333333335,59.52916666666667,4.566844516795899,0.2084628257231652,58.6,73.1,62.0
2026-06-14 11:00:00,Karachi,24.8607,67.0011,32.1,61.0,21.1,1003.2,unknown,2.0,8.53,42.42,0.03,0.31,70.44,43.08,0.0,47.4,,11.0,14.0,6.0,6.0,1.0,-1.0,48.4,52.1,66.4,48.96666666666669,58.73749999999999,4.954384312208044,0.201084394153701,59.3,74.5,62.0
2026-06-14 12:00:00,Karachi,24.8607,67.0011,31.6,64.0,21.0,1003.0,unknown,2.0,8.65,43.88,0.04,0.32,70.12,42.55,0.0,48.1,,12.0,14.0,6.0,6.0,1.0,0.7000000000000028,47.4,51.1,64.3,47.96666666666669,58.0625,5.257856440398152,0.1971285323609845,59.7,74.6,62.0
2026-06-14 13:00:00,Karachi,24.8607,67.0011,31.1,65.0,20.8,1002.8,unknown,2.0,8.96,45.71,0.04,0.33,70.12,42.15,0.0,49.8,,13.0,14.0,6.0,6.0,1.0,1.6999999999999955,48.1,48.4,62.9,48.433333333333344,57.51666666666667,5.411555001683209,0.1960183767228177,59.8,74.1,61.9
2026-06-14 14:00:00,Karachi,24.8607,67.0011,30.1,71.0,21.3,1002.5,unknown,2.0,9.28,47.13,0.06,0.34,69.87,41.9,0.0,51.3,,14.0,14.0,6.0,6.0,1.0,1.5,49.8,47.4,62.0,49.73333333333335,57.07083333333333,5.4666164057438005,0.1969021854445151,59.6,73.3,61.5
2026-06-14 15:00:00,Karachi,24.8607,67.0011,29.5,74.0,21.2,1003.0,unknown,2.0,9.58,48.41,0.06,0.35,69.94,41.9,0.0,51.9,,15.0,14.0,6.0,6.0,1.0,0.6000000000000014,51.3,48.1,61.6,51.00000000000002,56.66666666666666,5.475770080182865,0.1978929973146044,59.8,72.7,61.0
2026-06-14 16:00:00,Karachi,24.8607,67.0011,29.5,75.0,21.7,1003.5,unknown,3.0,9.92,50.39,0.06,0.36,70.03,41.98,0.0,52.5,,16.0,14.0,6.0,6.0,1.0,0.6000000000000014,51.9,49.8,61.3,51.90000000000001,56.3,5.44657850318124,0.1968644572335781,60.8,72.1,60.4
2026-06-14 17:00:00,Karachi,24.8607,67.0011,29.2,77.0,19.2,1004.0,unknown,3.0,10.47,53.73,0.07,0.38,70.28,41.75,0.0,53.6,,17.0,14.0,6.0,6.0,1.0,1.1000000000000014,52.5,51.3,61.2,52.666666666666686,55.98333333333333,5.3696948878328,0.1948632049134561,62.5,71.6,60.2
2026-06-14 18:00:00,Karachi,24.8607,67.0011,29.1,77.0,18.3,1003.7,unknown,3.0,11.1,57.25,0.07,0.4,70.25,41.05,0.0,54.7,,18.0,14.0,6.0,6.0,1.0,1.1000000000000014,53.6,51.9,61.2,53.60000000000002,55.7125,5.257897786230434,0.193886462882096,64.0,71.0,60.2
2026-06-14 19:00:00,Karachi,24.8607,67.0011,28.9,78.0,18.6,1002.9,unknown,3.0,11.5,59.43,0.07,0.42,70.37,40.44,0.0,55.5,,19.0,14.0,6.0,6.0,1.0,0.7999999999999972,54.7,52.5,61.0,54.60000000000002,55.48333333333333,5.135864235869915,0.193504963822985,64.9,69.3,60.0
2026-06-14 20:00:00,Karachi,24.8607,67.0011,28.8,78.0,17.5,1002.7,unknown,3.0,11.62,60.42,0.07,0.42,70.59,40.4,0.0,55.7,,20.0,14.0,6.0,6.0,1.0,0.2000000000000028,55.5,53.6,60.9,55.30000000000002,55.26666666666667,5.005446309135248,0.1923204237007613,65.4,68.0,59.7
2026-06-14 21:00:00,Karachi,24.8607,67.0011,28.8,77.0,18.1,1002.3,unknown,3.0,11.76,61.52,0.07,0.42,70.93,40.63,0.0,56.0,,21.0,14.0,6.0,6.0,1.0,0.2999999999999971,55.7,54.7,61.1,55.73333333333335,55.05416666666667,4.852966745393658,0.1911573472041612,66.5,66.9,59.7
2026-06-14 22:00:00,Karachi,24.8607,67.0011,28.8,77.0,19.6,1002.3,unknown,3.0,12.13,63.8,0.07,0.42,71.29,40.95,0.0,56.6,,22.0,14.0,6.0,6.0,1.0,0.6000000000000014,56.0,55.5,61.9,56.10000000000002,54.833333333333336,4.643992535166213,0.1901253918495298,67.8,66.5,60.6
2026-06-14 23:00:00,Karachi,24.8607,67.0011,28.7,77.0,18.6,1002.4,unknown,3.0,12.67,66.91,0.07,0.43,71.42,41.22,0.0,57.7,,23.0,14.0,6.0,6.0,1.0,1.1000000000000014,56.6,55.7,62.7,56.76666666666669,54.625,4.380415902431398,0.189358840233149,68.6,66.8,62.0
2026-06-15 00:00:00,Karachi,24.8607,67.0011,28.9,80.0,17.8,1002.1,unknown,3.0,13.18,69.62,0.07,0.43,71.49,41.32,0.0,58.6,,0.0,15.0,6.0,0.0,0.0,0.8999999999999986,57.7,56.0,63.0,57.63333333333336,54.44166666666666,4.097604461005691,0.1893134156851479,69.1,67.1,63.5
2026-06-15 01:00:00,Karachi,24.8607,67.0011,28.8,81.0,17.0,1002.8,unknown,3.0,13.58,70.68,0.07,0.43,71.98,42.09,0.0,59.3,,1.0,15.0,6.0,0.0,0.0,0.6999999999999957,58.6,56.6,62.8,58.53333333333335,54.29583333333334,3.841476071227099,0.1921335597057158,68.3,66.1,64.5
2026-06-15 02:00:00,Karachi,24.8607,67.0011,29.4,77.0,19.7,1003.1,unknown,3.0,14.04,71.53,0.07,0.42,72.84,44.01,0.0,60.2,,2.0,15.0,6.0,0.0,0.0,0.9000000000000057,59.3,57.7,61.6,59.36666666666668,54.23749999999999,3.7348898476295633,0.1962812805815741,68.5,65.1,64.6
2026-06-15 03:00:00,Karachi,24.8607,67.0011,30.2,72.0,20.6,1003.7,unknown,3.0,14.38,70.45,0.07,0.42,73.65,45.92,0.0,60.8,,3.0,15.0,6.0,0.0,0.0,0.5999999999999943,60.2,58.6,59.7,60.10000000000002,54.28333333333334,3.810816033422895,0.2041163946061036,68.8,64.6,64.1
2026-06-15 04:00:00,Karachi,24.8607,67.0011,30.9,68.0,22.1,1004.0,unknown,3.0,14.28,66.99,0.06,0.4,73.81,46.89,0.0,60.7,,4.0,15.0,6.0,0.0,0.0,-0.0999999999999943,60.8,59.3,57.7,60.56666666666669,54.40833333333333,3.973490051380396,0.2131661442006269,68.8,64.1,63.3
2026-06-15 05:00:00,Karachi,24.8607,67.0011,31.6,65.0,21.9,1004.1,unknown,3.0,13.87,63.77,0.05,0.39,73.75,46.87,0.0,59.9,,5.0,15.0,6.0,0.0,0.0,-0.8000000000000043,60.7,60.2,56.0,60.46666666666669,54.57083333333333,4.118513784985368,0.2175003920338717,68.6,63.7,62.7
2026-06-15 06:00:00,Karachi,24.8607,67.0011,32.3,60.0,20.9,1004.2,unknown,3.0,13.39,61.78,0.05,0.39,73.41,46.19,0.0,59.0,,6.0,15.0,6.0,0.0,0.0,-0.8999999999999986,59.9,60.8,54.5,59.86666666666668,54.75833333333333,4.216418907771143,0.2167368080284882,68.6,63.4,62.3
2026-06-15 07:00:00,Karachi,24.8607,67.0011,31.9,63.0,20.1,1004.2,unknown,3.0,12.97,61.73,0.04,0.38,73.21,45.56,0.0,58.2,,7.0,15.0,6.0,0.0,0.0,-0.7999999999999972,59.0,60.7,53.3,59.03333333333336,54.962500000000006,4.261129927716625,0.2101085371780334,69.1,63.0,62.3
2026-06-15 08:00:00,Karachi,24.8607,67.0011,32.5,61.0,19.8,1003.8,unknown,3.0,12.77,62.71,0.04,0.38,73.14,45.26,0.0,57.8,,8.0,15.0,6.0,0.0,0.0,-0.4000000000000057,58.2,59.9,52.1,58.33333333333335,55.2,4.253489615957233,0.2036357837665444,70.4,62.5,62.5
2026-06-15 09:00:00,Karachi,24.8607,67.0011,32.4,60.0,20.2,1003.3,unknown,3.0,12.86,64.38,0.04,0.39,73.03,44.87,0.0,58.0,,9.0,15.0,6.0,0.0,0.0,0.2000000000000028,57.8,59.0,51.1,58.00000000000002,55.4875,4.197132820516377,0.1997514756135446,71.7,62.1,62.7
2026-06-15 10:00:00,Karachi,24.8607,67.0011,32.0,65.0,21.3,1002.5,unknown,3.0,13.18,66.87,0.04,0.4,72.72,43.98,0.0,58.6,,10.0,15.0,6.0,0.0,0.0,0.6000000000000014,58.0,58.2,48.4,58.13333333333336,55.9125,3.95785542500346,0.1970988485120382,73.1,62.0,62.9
2026-06-15 11:00:00,Karachi,24.8607,67.0011,31.5,69.0,21.5,1002.1,unknown,3.0,13.55,69.26,0.04,0.41,71.65,42.25,0.0,59.3,,11.0,15.0,6.0,0.0,0.0,0.6999999999999957,58.6,57.8,47.4,58.63333333333336,56.40833333333334,3.5716171792864126,0.1956396188276061,74.5,62.0,63.1
2026-06-15 12:00:00,Karachi,24.8607,67.0011,31.7,65.0,20.9,1001.6,unknown,3.0,13.78,70.27,0.05,0.42,70.43,40.73,0.0,59.7,,12.0,15.0,6.0,0.0,0.0,0.4000000000000057,59.3,58.0,48.1,59.20000000000002,56.89166666666666,3.1595151893756053,0.1961007542336701,74.6,62.0,63.4
2026-06-15 13:00:00,Karachi,24.8607,67.0011,31.0,69.0,19.9,1001.8,unknown,3.0,13.83,69.77,0.05,0.42,70.19,40.49,0.0,59.8,,13.0,15.0,6.0,0.0,0.0,0.0999999999999943,59.7,58.6,49.8,59.60000000000002,57.30833333333334,2.8253382508816203,0.1982227318331661,74.1,61.9,63.7
2026-06-15 14:00:00,Karachi,24.8607,67.0011,30.4,72.0,19.4,1002.0,unknown,3.0,13.71,68.09,0.06,0.42,70.64,41.49,0.0,59.6,,14.0,15.0,6.0,0.0,0.0,-0.1999999999999957,59.8,59.3,51.3,59.70000000000002,57.65416666666667,2.552744331733765,0.2013511528858863,73.3,61.5,63.7
2026-06-15 15:00:00,Karachi,24.8607,67.0011,30.1,74.0,18.6,1002.4,unknown,3.0,13.81,67.7,0.07,0.42,71.18,42.8,0.0,59.8,,15.0,15.0,6.0,0.0,0.0,0.1999999999999957,59.6,59.7,51.9,59.73333333333335,57.98333333333333,2.2724563738441,0.2039881831610044,72.7,61.0,63.4
2026-06-15 16:00:00,Karachi,24.8607,67.0011,30.1,74.0,17.5,1002.9,unknown,3.0,14.36,70.07,0.07,0.42,71.26,43.29,0.0,60.8,,16.0,15.0,6.0,0.0,0.0,1.0,59.8,59.8,52.5,60.06666666666669,58.32916666666666,2.0191429879547886,0.2049379192236335,72.1,60.4,63.1
2026-06-15 17:00:00,Karachi,24.8607,67.0011,29.9,76.0,16.1,1003.5,unknown,3.0,15.26,74.59,0.07,0.43,70.66,42.82,0.0,62.5,,17.0,15.0,6.0,0.0,0.0,1.7000000000000028,60.8,59.6,53.6,61.03333333333335,58.7,1.9280537607539376,0.2045850650221209,71.6,60.2,63.5
2026-06-15 18:00:00,Karachi,24.8607,67.0011,29.7,78.0,15.4,1003.2,unknown,3.0,16.08,79.04,0.07,0.44,70.28,42.34,0.0,64.0,,18.0,15.0,6.0,0.0,0.0,1.5,62.5,59.8,54.7,62.43333333333336,59.0875,2.0214743865954423,0.2034412955465586,71.0,60.2,64.2
2026-06-15 19:00:00,Karachi,24.8607,67.0011,29.4,80.0,14.7,1002.9,unknown,3.0,16.55,82.03,0.07,0.44,70.44,42.88,0.0,64.9,,19.0,15.0,6.0,0.0,0.0,0.9000000000000057,64.0,60.8,55.5,63.80000000000002,59.47916666666666,2.199007516581044,0.2017554553212239,69.3,60.0,64.3
2026-06-15 20:00:00,Karachi,24.8607,67.0011,29.0,82.0,14.4,1002.6,unknown,3.0,16.82,84.13,0.07,0.43,71.44,44.38,0.0,65.4,,20.0,15.0,6.0,0.0,0.0,0.5,64.9,62.5,55.7,64.7666666666667,59.88333333333333,2.3597469773494835,0.1999286818019731,68.0,59.7,63.3
2026-06-15 21:00:00,Karachi,24.8607,67.0011,28.8,84.0,13.1,1002.2,unknown,3.0,17.18,86.3,0.07,0.42,72.25,45.51,0.0,66.5,,21.0,15.0,6.0,0.0,0.0,1.0999999999999943,65.4,64.0,56.0,65.60000000000002,60.32083333333333,2.572256523598805,0.1990730011587485,66.9,59.7,61.7
2026-06-15 22:00:00,Karachi,24.8607,67.0011,28.7,84.0,12.6,1002.0,unknown,3.0,17.68,88.87,0.07,0.42,72.45,45.51,0.0,67.8,,22.0,15.0,6.0,0.0,0.0,1.2999999999999972,66.5,64.9,56.6,66.56666666666668,60.7875,2.8669499775756213,0.1989422752334871,66.5,60.6,59.8
2026-06-15 23:00:00,Karachi,24.8607,67.0011,28.5,85.0,12.6,1002.0,unknown,3.0,18.09,90.64,0.07,0.42,72.05,44.53,0.0,68.6,,23.0,15.0,6.0,0.0,0.0,0.7999999999999972,67.8,65.4,57.7,67.63333333333334,61.24166666666667,3.2005321115572145,0.1995807590467784,66.8,62.0,57.8
2026-06-16 00:00:00,Karachi,24.8607,67.0011,28.6,86.0,11.7,1001.9,unknown,3.0,18.33,91.63,0.08,0.42,71.45,43.5,0.0,69.1,,0.0,16.0,6.0,1.0,0.0,0.5,68.6,66.5,58.6,68.50000000000001,61.679166666666674,3.524939613010326,0.2000436538251664,67.1,63.5,56.2
2026-06-16 01:00:00,Karachi,24.8607,67.0011,28.6,86.0,10.2,1002.9,unknown,3.0,18.4,87.37,0.08,0.42,71.57,43.53,0.0,68.3,,1.0,16.0,6.0,1.0,0.0,-0.7999999999999972,69.1,67.8,59.3,68.66666666666667,62.05416666666667,3.733395606365596,0.2105986036396932,66.1,64.5,55.0
2026-06-16 02:00:00,Karachi,24.8607,67.0011,29.2,83.0,11.4,1003.4,unknown,3.0,18.48,82.07,0.08,0.41,72.37,44.96,0.0,68.5,,2.0,16.0,6.0,1.0,0.0,0.2000000000000028,68.3,68.6,60.2,68.63333333333334,62.400000000000006,3.933247358432362,0.2251736322651395,65.1,64.6,54.2
2026-06-16 03:00:00,Karachi,24.8607,67.0011,30.3,76.0,13.5,1003.6,unknown,3.0,18.64,78.83,0.08,0.4,73.08,46.61,0.0,68.8,,3.0,16.0,6.0,1.0,0.0,0.2999999999999971,68.5,69.1,60.8,68.53333333333336,62.73333333333333,4.126022051688608,0.2364582011924394,64.6,64.1,53.7
2026-06-16 04:00:00,Karachi,24.8607,67.0011,31.1,71.0,16.5,1004.0,unknown,3.0,18.63,77.15,0.07,0.39,73.17,47.63,0.0,68.8,,4.0,16.0,6.0,1.0,0.0,0.0,68.8,68.3,60.7,68.70000000000002,63.07083333333333,4.280845016813492,0.2414776409591704,64.1,63.3,53.3
2026-06-16 05:00:00,Karachi,24.8607,67.0011,31.3,72.0,19.2,1004.4,unknown,3.0,18.54,76.22,0.06,0.39,73.0,47.81,0.0,68.6,,5.0,16.0,6.0,1.0,0.0,-0.2000000000000028,68.8,68.5,59.9,68.73333333333335,63.43333333333334,4.36813229082528,0.2432432432432432,63.7,62.7,52.9
2026-06-16 06:00:00,Karachi,24.8607,67.0011,31.2,71.0,18.9,1004.4,unknown,3.0,18.53,76.13,0.05,0.38,72.59,47.3,0.0,68.6,,6.0,16.0,6.0,1.0,0.0,0.0,68.6,68.8,59.0,68.66666666666667,63.833333333333336,4.384028985412024,0.2433994483120977,63.4,62.3,52.6
2026-06-16 07:00:00,Karachi,24.8607,67.0011,31.7,69.0,17.8,1004.3,unknown,3.0,18.82,79.61,0.05,0.38,72.09,46.78,0.0,69.1,,7.0,16.0,6.0,1.0,0.0,0.5,68.6,68.8,58.2,68.76666666666668,64.2875,4.339436198602762,0.236402462002261,63.0,62.3,52.3
2026-06-16 08:00:00,Karachi,24.8607,67.0011,32.5,64.0,17.5,1004.0,unknown,3.0,19.51,86.66,0.04,0.39,71.74,46.45,0.0,70.4,,8.0,16.0,6.0,1.0,0.0,1.3000000000000114,69.1,68.6,57.8,69.36666666666669,64.8125,4.282249764257414,0.2251327025155781,62.5,62.5,52.3
2026-06-16 09:00:00,Karachi,24.8607,67.0011,32.5,64.0,17.2,1003.4,unknown,3.0,20.21,93.83,0.04,0.4,71.65,46.47,0.0,71.7,,9.0,16.0,6.0,1.0,0.0,1.2999999999999972,70.4,68.6,58.0,70.40000000000002,65.38333333333334,4.247625082394119,0.2153895342640946,62.1,62.7,52.5
2026-06-16 10:00:00,Karachi,24.8607,67.0011,32.8,61.0,16.9,1002.8,unknown,3.0,20.8,99.66,0.04,0.4,71.83,46.7,0.0,73.1,,10.0,16.0,6.0,1.0,0.0,1.3999999999999917,71.7,69.1,58.6,71.73333333333335,65.9875,4.271982789820807,0.2087096126831226,62.0,62.9,52.8
2026-06-16 11:00:00,Karachi,24.8607,67.0011,32.6,61.0,16.9,1002.4,unknown,4.0,20.92,102.53,0.04,0.41,71.59,46.74,0.0,74.5,,11.0,16.0,6.0,1.0,0.0,1.4000000000000057,73.1,70.4,59.3,73.10000000000002,66.62083333333332,4.363183836192181,0.2040378425826587,62.0,63.1,53.2
2026-06-16 12:00:00,Karachi,24.8607,67.0011,32.1,63.0,16.2,1001.7,unknown,4.0,20.69,102.74,0.04,0.41,71.14,46.62,0.0,74.6,,12.0,16.0,6.0,1.0,0.0,0.0999999999999943,74.5,71.7,59.7,74.06666666666668,67.24166666666667,4.395542867661705,0.2013821296476542,62.0,63.4,53.4
2026-06-16 13:00:00,Karachi,24.8607,67.0011,31.0,68.0,16.5,1001.8,unknown,4.0,20.31,101.66,0.05,0.42,70.61,46.44,0.0,74.1,,13.0,16.0,6.0,1.0,0.0,-0.5,74.6,73.1,59.8,74.40000000000002,67.83749999999999,4.311341211674179,0.1997835923667125,61.9,63.7,53.6
2026-06-16 14:00:00,Karachi,24.8607,67.0011,30.6,69.0,16.0,1002.3,unknown,4.0,19.81,100.12,0.07,0.42,69.82,46.08,0.0,73.3,,14.0,16.0,6.0,1.0,0.0,-0.7999999999999972,74.1,74.5,59.6,74.00000000000001,68.40833333333333,4.073660533835508,0.1978625649220934,61.5,63.7,53.7
2026-06-16 15:00:00,Karachi,24.8607,67.0011,30.4,71.0,14.0,1003.3,unknown,3.0,19.35,98.76,0.07,0.42,69.06,45.47,0.0,72.7,,15.0,16.0,6.0,1.0,0.0,-0.5999999999999943,73.3,74.6,59.8,73.36666666666667,68.94583333333334,3.724534306071362,0.1959295261239368,61.0,63.4,53.9
2026-06-16 16:00:00,Karachi,24.8607,67.0011,30.3,72.0,13.8,1003.8,unknown,3.0,18.92,97.63,0.07,0.42,68.48,44.97,0.0,72.1,,16.0,16.0,6.0,1.0,0.0,-0.6000000000000085,72.7,74.1,60.8,72.70000000000003,69.41666666666667,3.3449074422324614,0.1937928915292431,60.4,63.1,53.8
2026-06-16 17:00:00,Karachi,24.8607,67.0011,30.0,74.0,13.5,1004.3,unknown,3.0,18.58,96.65,0.07,0.41,68.33,44.64,0.0,71.6,,17.0,16.0,6.0,1.0,0.0,-0.5,72.1,73.3,62.5,72.13333333333334,69.79583333333333,3.0274798195811936,0.1922400413864459,60.2,63.5,54.0
2026-06-16 18:00:00,Karachi,24.8607,67.0011,29.9,75.0,12.6,1004.3,unknown,3.0,18.23,95.47,0.07,0.41,68.2,44.36,0.0,71.0,,18.0,16.0,6.0,1.0,0.0,-0.5999999999999943,71.6,72.7,64.0,71.56666666666668,70.0875,2.771173429057298,0.1909500366607311,60.2,64.2,54.5
2026-06-16 19:00:00,Karachi,24.8607,67.0011,29.6,77.0,14.6,1003.9,unknown,3.0,17.81,92.06,0.07,0.41,68.14,44.07,0.0,69.3,,19.0,16.0,6.0,1.0,0.0,-1.7000000000000028,71.0,72.1,64.9,70.63333333333334,70.27083333333333,2.549761995144657,0.1934607864436237,60.0,64.3,55.1
2026-06-16 20:00:00,Karachi,24.8607,67.0011,29.4,79.0,16.7,1003.4,unknown,3.0,17.48,89.28,0.07,0.4,68.39,43.97,0.0,68.0,,20.0,16.0,6.0,1.0,0.0,-1.2999999999999972,69.3,71.6,65.4,69.43333333333335,70.37916666666666,2.383636091036691,0.1957885304659498,59.7,63.3,55.6
2026-06-16 21:00:00,Karachi,24.8607,67.0011,29.3,80.0,17.2,1003.1,unknown,3.0,17.22,87.06,0.07,0.38,68.58,43.93,0.0,66.9,,21.0,16.0,6.0,1.0,0.0,-1.0999999999999943,68.0,71.0,66.5,68.06666666666669,70.39583333333333,2.3565780583140983,0.1977946243969676,59.7,61.7,56.0
2026-06-16 22:00:00,Karachi,24.8607,67.0011,29.1,81.0,12.6,1003.8,unknown,3.0,17.09,86.32,0.07,0.37,68.67,43.66,0.0,66.5,,22.0,16.0,6.0,1.0,0.0,-0.4000000000000057,66.9,69.3,67.8,67.13333333333335,70.34166666666665,2.4325539748543425,0.1979842446709916,60.6,59.8,56.2
2026-06-16 23:00:00,Karachi,24.8607,67.0011,29.1,80.0,11.7,1003.8,unknown,3.0,17.06,86.89,0.07,0.38,68.56,42.96,0.0,66.8,,23.0,16.0,6.0,1.0,0.0,0.2999999999999971,66.5,68.0,68.6,66.73333333333335,70.26666666666667,2.514940861378632,0.1963402002531936,62.0,57.8,56.3
2026-06-17 00:00:00,Karachi,24.8607,67.0011,29.4,80.0,11.4,1003.8,unknown,3.0,17.08,87.48,0.07,0.39,68.45,42.21,0.0,67.1,,0.0,17.0,6.0,2.0,0.0,0.2999999999999971,66.8,66.9,69.1,66.80000000000001,70.18333333333332,2.587371784963124,0.1952446273433927,63.5,56.2,56.3
2026-06-17 01:00:00,Karachi,24.8607,67.0011,29.2,80.0,11.4,1004.2,unknown,3.0,16.95,85.51,0.07,0.39,68.68,42.06,0.0,66.1,,1.0,17.0,6.0,2.0,0.0,-1.0,67.1,66.5,68.3,66.66666666666669,70.09166666666665,2.693779737722158,0.1982224301251315,64.5,55.0,56.1
2026-06-17 02:00:00,Karachi,24.8607,67.0011,29.5,78.0,13.6,1004.6,unknown,3.0,16.65,83.0,0.08,0.37,69.16,42.83,0.0,65.1,,2.0,17.0,6.0,2.0,0.0,-1.0,66.1,66.8,68.5,66.10000000000001,69.95,2.8650821370728905,0.2006024096385542,64.6,54.2,55.7
2026-06-17 03:00:00,Karachi,24.8607,67.0011,30.3,73.0,15.0,1005.0,unknown,3.0,16.41,82.48,0.08,0.36,70.01,43.97,0.0,64.6,,3.0,17.0,6.0,2.0,0.0,-0.5,65.1,67.1,68.8,65.2666666666667,69.77499999999999,3.0600156294003296,0.1989573229873908,64.1,53.7,55.2
2026-06-17 04:00:00,Karachi,24.8607,67.0011,31.1,68.0,15.7,1005.2,unknown,3.0,16.14,81.08,0.07,0.35,70.35,44.67,0.0,64.1,,4.0,17.0,6.0,2.0,0.0,-0.5,64.6,66.1,68.8,64.60000000000001,69.57916666666667,3.2684232559004154,0.1990626541687222,63.3,53.3,54.5
2026-06-17 05:00:00,Karachi,24.8607,67.0011,31.7,66.0,15.7,1005.4,unknown,3.0,15.94,79.28,0.06,0.35,70.6,44.9,0.0,63.7,,5.0,17.0,6.0,2.0,0.0,-0.3999999999999915,64.1,65.1,68.6,64.13333333333335,69.37499999999999,3.4785366738479317,0.2010595358224016,62.7,52.9,53.9
2026-06-17 06:00:00,Karachi,24.8607,67.0011,32.7,58.0,15.6,1005.6,unknown,3.0,15.76,76.55,0.06,0.34,70.47,44.4,0.0,63.4,,6.0,17.0,6.0,2.0,0.0,-0.3000000000000042,63.7,64.6,68.6,63.73333333333335,69.15833333333333,3.6847413532811975,0.2058785107772697,62.3,52.6,53.5
2026-06-17 07:00:00,Karachi,24.8607,67.0011,32.9,57.0,15.4,1005.4,unknown,3.0,15.55,74.58,0.05,0.34,70.46,43.44,0.0,63.0,,7.0,17.0,6.0,2.0,0.0,-0.3999999999999986,63.4,64.1,69.1,63.36666666666668,68.90416666666667,3.89341463708053,0.2085009385894342,62.3,52.3,53.1
2026-06-17 08:00:00,Karachi,24.8607,67.0011,32.6,60.0,15.3,1004.9,unknown,3.0,15.29,72.24,0.05,0.33,70.44,42.73,0.0,62.5,,8.0,17.0,6.0,2.0,0.0,-0.5,63.0,63.7,70.4,62.96666666666669,68.575,4.090418284128374,0.2116555924695459,62.5,52.3,52.9
2026-06-17 09:00:00,Karachi,24.8607,67.0011,32.1,63.0,15.0,1004.2,unknown,3.0,15.07,69.73,0.04,0.32,70.58,42.37,0.0,62.1,,9.0,17.0,6.0,2.0,0.0,-0.3999999999999986,62.5,63.4,71.7,62.53333333333335,68.175,4.238257435191743,0.2161193173669869,62.7,52.5,52.8
2026-06-17 10:00:00,Karachi,24.8607,67.0011,32.3,64.0,15.4,1003.9,unknown,3.0,15.01,68.22,0.04,0.31,70.97,42.58,0.0,62.0,,10.0,17.0,6.0,2.0,0.0,-0.1000000000000014,62.1,63.0,73.1,62.20000000000002,67.71249999999999,4.282858909044813,0.2200234535326883,62.9,52.8,53.1
2026-06-17 11:00:00,Karachi,24.8607,67.0011,31.9,65.0,15.4,1003.3,unknown,3.0,15.02,66.84,0.04,0.31,71.53,43.16,0.0,62.0,,11.0,17.0,6.0,2.0,0.0,0.0,62.0,62.5,74.5,62.03333333333335,67.19166666666666,4.180380330800923,0.2247157390783961,63.1,53.2,53.9
2026-06-17 12:00:00,Karachi,24.8607,67.0011,31.8,64.0,13.7,1003.4,unknown,3.0,14.99,65.11,0.04,0.31,71.92,43.95,0.0,62.0,,12.0,17.0,6.0,2.0,0.0,0.0,62.0,62.1,74.6,62.0,66.66666666666667,3.996701538570088,0.2302257717708493,63.4,53.4,54.7
2026-06-17 13:00:00,Karachi,24.8607,67.0011,31.0,67.0,13.1,1003.8,unknown,3.0,14.93,64.14,0.05,0.31,72.14,44.68,0.0,61.9,,13.0,17.0,6.0,2.0,0.0,-0.1000000000000014,62.0,62.0,74.1,61.96666666666669,66.15833333333333,3.7801445413669423,0.232772061116308,63.7,53.6,55.7
2026-06-17 14:00:00,Karachi,24.8607,67.0011,30.5,68.0,13.5,1004.1,unknown,3.0,14.72,63.78,0.06,0.31,71.92,44.85,0.0,61.5,,14.0,17.0,6.0,2.0,0.0,-0.3999999999999986,61.9,62.0,73.3,61.80000000000002,65.66666666666667,3.5725604831549846,0.2307933521480087,63.7,53.7,56.3
2026-06-17 15:00:00,Karachi,24.8607,67.0011,30.2,70.0,15.3,1003.9,unknown,3.0,14.45,63.74,0.07,0.31,71.2,44.58,0.0,61.0,,15.0,17.0,6.0,2.0,0.0,-0.5,61.5,62.0,72.7,61.46666666666669,65.17916666666666,3.363225569581662,0.2267022278004392,63.4,53.9,56.6
2026-06-17 16:00:00,Karachi,24.8607,67.0011,30.1,70.0,15.7,1004.2,unknown,3.0,14.17,63.88,0.07,0.31,70.31,43.82,0.0,60.4,,16.0,17.0,6.0,2.0,0.0,-0.6000000000000014,61.0,61.9,72.1,60.96666666666668,64.69166666666666,3.1581387841123063,0.2218221665623043,63.1,53.8,56.3
2026-06-17 17:00:00,Karachi,24.8607,67.0011,30.1,70.0,14.0,1004.7,unknown,3.0,14.06,64.87,0.07,0.33,69.08,42.4,0.0,60.2,,17.0,17.0,6.0,2.0,0.0,-0.1999999999999957,60.4,61.5,71.6,60.53333333333335,64.21666666666665,2.9224270239219834,0.2167411746570063,63.5,54.0,55.8
2026-06-17 18:00:00,Karachi,24.8607,67.0011,30.0,71.0,13.9,1004.6,unknown,3.0,14.05,65.91,0.07,0.35,68.02,40.93,0.0,60.2,,18.0,17.0,6.0,2.0,0.0,0.0,60.2,61.0,71.0,60.26666666666669,63.76666666666666,2.6514420468004087,0.2131694735245031,64.2,54.5,55.3
2026-06-17 19:00:00,Karachi,24.8607,67.0011,29.7,72.0,15.7,1004.4,unknown,3.0,13.93,66.07,0.07,0.36,67.19,40.3,0.0,60.0,,19.0,17.0,6.0,2.0,0.0,-0.2000000000000028,60.2,60.4,69.3,60.13333333333336,63.37916666666666,2.481755894290528,0.2108369910700772,64.3,55.1,54.9
2026-06-17 20:00:00,Karachi,24.8607,67.0011,29.6,73.0,13.6,1004.0,unknown,3.0,13.75,66.36,0.07,0.37,67.36,41.43,0.0,59.7,,20.0,17.0,6.0,2.0,0.0,-0.2999999999999971,60.0,60.2,68.0,59.96666666666669,63.03333333333333,2.386313632703934,0.2072031344183243,63.3,55.6,54.3
2026-06-17 21:00:00,Karachi,24.8607,67.0011,29.5,73.0,12.4,1003.9,unknown,3.0,13.79,67.93,0.06,0.37,68.2,43.59,0.0,59.7,,21.0,17.0,6.0,2.0,0.0,0.0,59.7,60.2,66.9,59.80000000000002,62.73333333333334,2.331013339389434,0.2030030914176357,61.7,56.0,53.7
2026-06-17 22:00:00,Karachi,24.8607,67.0011,29.2,75.0,12.5,1003.6,unknown,3.0,14.24,70.5,0.06,0.38,68.87,45.46,0.0,60.6,,22.0,17.0,6.0,2.0,0.0,0.8999999999999986,59.7,60.0,66.5,60.00000000000002,62.4875,2.22521371714323,0.2019858156028368,59.8,56.2,53.2
2026-06-17 23:00:00,Karachi,24.8607,67.0011,29.2,76.0,10.3,1003.8,unknown,3.0,14.99,73.9,0.06,0.38,69.11,46.06,0.0,62.0,,23.0,17.0,6.0,2.0,0.0,1.3999999999999986,60.6,59.7,66.8,60.76666666666669,62.2875,2.0277021691960937,0.2028416779431664,57.8,56.3,52.7
2026-06-18 00:00:00,Karachi,24.8607,67.0011,29.7,75.0,11.6,1003.9,unknown,3.0,15.8,79.05,0.06,0.39,69.01,45.72,0.0,63.5,,0.0,18.0,6.0,3.0,0.0,1.5,62.0,59.7,67.1,62.03333333333335,62.1375,1.7734301079637238,0.1998734977862112,56.2,56.3,52.4
2026-06-18 01:00:00,Karachi,24.8607,67.0011,29.5,77.0,11.7,1004.1,unknown,3.0,16.37,79.5,0.07,0.39,69.05,45.4,0.0,64.5,,1.0,18.0,6.0,3.0,0.0,1.0,63.5,60.6,66.1,63.33333333333335,62.07083333333333,1.6432944552553137,0.2059119496855346,55.0,56.1,52.3
2026-06-18 02:00:00,Karachi,24.8607,67.0011,29.7,77.0,14.9,1004.6,unknown,3.0,16.42,74.67,0.07,0.38,69.21,45.48,0.0,64.6,,2.0,18.0,6.0,3.0,0.0,0.0999999999999943,64.5,62.0,65.1,64.20000000000002,62.04999999999999,1.6059671337822623,0.2199008972813713,54.2,55.7,52.3
2026-06-18 03:00:00,Karachi,24.8607,67.0011,30.5,74.0,15.0,1004.9,unknown,3.0,16.11,70.87,0.08,0.36,69.69,46.15,0.0,64.1,,3.0,18.0,6.0,3.0,0.0,-0.5,64.6,63.5,64.6,64.40000000000002,62.02916666666667,1.5743816361473817,0.2273176238182587,53.7,55.2,52.5
2026-06-18 04:00:00,Karachi,24.8607,67.0011,31.4,69.0,15.3,1004.9,unknown,3.0,15.72,71.23,0.07,0.34,70.53,47.74,0.0,63.3,,4.0,18.0,6.0,3.0,0.0,-0.7999999999999972,64.1,64.5,64.1,64.00000000000001,61.99583333333333,1.5366477253717934,0.2206935280078618,53.3,54.5,52.6
2026-06-18 05:00:00,Karachi,24.8607,67.0011,32.1,65.0,16.1,1004.9,unknown,3.0,15.37,73.45,0.05,0.33,71.6,49.72,0.0,62.7,,5.0,18.0,6.0,3.0,0.0,-0.5999999999999943,63.3,64.6,63.7,63.36666666666668,61.95416666666667,1.5015873243870643,0.2092579986385296,52.9,53.9,52.4
2026-06-18 06:00:00,Karachi,24.8607,67.0011,32.5,61.0,16.3,1005.3,unknown,3.0,15.18,74.8,0.04,0.33,72.08,50.08,0.0,62.3,,6.0,18.0,6.0,3.0,0.0,-0.4000000000000057,62.7,64.1,63.4,62.76666666666669,61.90833333333333,1.472033986692335,0.2029411764705882,52.6,53.5,52.2
2026-06-18 07:00:00,Karachi,24.8607,67.0011,32.6,60.0,15.8,1004.9,unknown,3.0,15.16,75.16,0.04,0.33,72.15,48.7,0.0,62.3,,7.0,18.0,6.0,3.0,0.0,0.0,62.3,63.3,63.0,62.43333333333336,61.87916666666666,1.4563143373879486,0.2017030335284726,52.3,53.1,52.0
2026-06-18 08:00:00,Karachi,24.8607,67.0011,32.9,59.0,15.4,1004.5,unknown,3.0,15.25,74.78,0.04,0.32,71.9,46.65,0.0,62.5,,8.0,18.0,6.0,3.0,0.0,0.2000000000000028,62.3,62.7,62.5,62.36666666666668,61.87916666666666,1.4563143373879486,0.2039315324953196,52.3,52.9,52.0
2026-06-18 09:00:00,Karachi,24.8607,67.0011,32.5,63.0,16.2,1003.8,unknown,3.0,15.38,74.19,0.04,0.32,71.95,45.18,0.0,62.7,,9.0,18.0,6.0,3.0,0.0,0.2000000000000028,62.5,62.3,62.1,62.50000000000002,61.90416666666667,1.465391820781089,0.2073055667879768,52.5,52.8,52.0
2026-06-18 10:00:00,Karachi,24.8607,67.0011,31.8,67.0,16.8,1003.1,unknown,3.0,15.51,73.19,0.04,0.31,72.45,44.79,0.0,62.9,,10.0,18.0,6.0,3.0,0.0,0.1999999999999957,62.7,62.3,62.0,62.70000000000002,61.94166666666667,1.479399604032692,0.2119141959284055,52.8,53.1,52.2
2026-06-18 11:00:00,Karachi,24.8607,67.0011,31.5,69.0,16.4,1002.8,unknown,3.0,15.62,72.0,0.04,0.3,72.95,45.19,0.0,63.1,,11.0,18.0,6.0,3.0,0.0,0.2000000000000028,62.9,62.5,62.0,62.90000000000001,61.9875,1.4982054482692433,0.2169444444444444,53.2,53.9,52.5
2026-06-18 12:00:00,Karachi,24.8607,67.0011,31.3,67.0,16.2,1002.9,unknown,3.0,15.74,71.31,0.04,0.3,73.39,46.0,0.0,63.4,,12.0,18.0,6.0,3.0,0.0,0.2999999999999971,63.1,62.7,62.0,63.13333333333336,62.04583333333334,1.5257155603259411,0.2207264058336839,53.4,54.7,52.7
2026-06-18 13:00:00,Karachi,24.8607,67.0011,30.3,72.0,17.0,1002.5,unknown,3.0,15.9,70.74,0.05,0.3,74.03,47.04,0.0,63.7,,13.0,18.0,6.0,3.0,0.0,0.3000000000000042,63.4,62.9,61.9,63.40000000000001,62.12083333333333,1.5620441364007995,0.2247667514843087,53.6,55.7,52.8
2026-06-18 14:00:00,Karachi,24.8607,67.0011,29.8,75.0,15.5,1002.4,unknown,3.0,15.92,69.34,0.06,0.3,74.71,48.58,0.0,63.7,,14.0,18.0,6.0,3.0,0.0,0.0,63.7,63.1,61.5,63.60000000000002,62.2125,1.5883577792137025,0.2295933083357369,53.7,56.3,52.9
2026-06-18 15:00:00,Karachi,24.8607,67.0011,29.6,76.0,14.5,1002.7,unknown,3.0,15.78,67.71,0.07,0.28,75.73,51.13,0.0,63.4,,15.0,18.0,6.0,3.0,0.0,-0.3000000000000042,63.7,63.4,61.0,63.60000000000002,62.3125,1.5842464948762662,0.2330527248560035,53.9,56.6,53.3
2026-06-18 16:00:00,Karachi,24.8607,67.0011,29.7,75.0,14.0,1003.8,unknown,3.0,15.61,66.65,0.07,0.28,77.19,54.24,0.0,63.1,,16.0,18.0,6.0,3.0,0.0,-0.2999999999999971,63.4,63.7,60.4,63.40000000000003,62.42499999999999,1.5377142834080753,0.2342085521380345,53.8,56.3,53.8
2026-06-18 17:00:00,Karachi,24.8607,67.0011,29.6,76.0,13.3,1004.1,unknown,3.0,15.79,67.61,0.07,0.28,77.64,55.48,0.0,63.5,,17.0,18.0,6.0,3.0,0.0,0.3999999999999986,63.1,63.7,60.2,63.33333333333335,62.5625,1.4764270915041942,0.2335453335305428,54.0,55.8,54.3
2026-06-18 18:00:00,Karachi,24.8607,67.0011,29.4,77.0,15.1,1003.1,unknown,3.0,16.17,69.54,0.07,0.3,76.85,54.23,0.0,64.2,,18.0,18.0,6.0,3.0,0.0,0.7000000000000028,63.5,63.4,60.2,63.60000000000002,62.72916666666666,1.422942195860143,0.2325280414150129,54.5,55.3,54.9
2026-06-18 19:00:00,Karachi,24.8607,67.0011,29.0,80.0,13.4,1003.3,unknown,3.0,16.22,70.44,0.07,0.32,74.87,50.99,0.0,64.3,,19.0,18.0,6.0,3.0,0.0,0.0999999999999943,64.2,63.1,60.0,64.00000000000001,62.90833333333333,1.332182474337901,0.230266893810335,55.1,54.9,55.0
2026-06-18 20:00:00,Karachi,24.8607,67.0011,28.9,81.0,12.1,1003.1,unknown,3.0,15.72,68.73,0.07,0.32,72.99,47.82,0.0,63.3,,20.0,18.0,6.0,3.0,0.0,-1.0,64.3,63.5,59.7,63.93333333333336,63.05833333333334,1.1447105830060171,0.2287210824967263,55.6,54.3,54.9
2026-06-18 21:00:00,Karachi,24.8607,67.0011,28.8,82.0,10.3,1002.9,unknown,3.0,14.85,65.18,0.07,0.32,71.74,45.94,0.0,61.7,,21.0,18.0,6.0,3.0,0.0,-1.5999999999999943,63.3,64.2,59.7,63.100000000000016,63.14166666666666,0.9449714358106716,0.2278306228904571,56.0,53.7,54.6
2026-06-18 22:00:00,Karachi,24.8607,67.0011,28.6,83.0,9.8,1002.4,unknown,3.0,13.82,60.89,0.06,0.3,71.12,45.57,0.0,59.8,,22.0,18.0,6.0,3.0,0.0,-1.9000000000000057,61.7,64.3,60.6,61.600000000000016,63.10833333333333,1.047114738396741,0.226966661192314,56.2,53.2,54.2
2026-06-18 23:00:00,Karachi,24.8607,67.0011,28.5,84.0,11.0,1002.2,unknown,3.0,12.76,56.66,0.06,0.29,71.16,46.5,0.0,57.8,,23.0,18.0,6.0,3.0,0.0,-2.0,59.8,63.3,62.0,59.76666666666668,62.93333333333334,1.4954035856796215,0.2252029650547123,56.3,52.7,53.8
2026-06-19 00:00:00,Karachi,24.8607,67.0011,28.8,83.0,13.1,1002.4,unknown,3.0,11.88,53.29,0.06,0.27,71.35,47.47,0.0,56.2,,0.0,19.0,6.0,4.0,0.0,-1.5999999999999943,57.8,61.7,63.5,57.933333333333344,62.62916666666666,2.02408952514528,0.2229311315443798,56.3,52.4,53.6
2026-06-19 01:00:00,Karachi,24.8607,67.0011,28.7,83.0,13.3,1002.8,unknown,3.0,11.24,50.96,0.06,0.27,71.39,47.91,0.0,55.0,,1.0,19.0,6.0,4.0,0.0,-1.2000000000000028,56.2,59.8,64.5,56.33333333333335,62.23333333333333,2.512346325245999,0.2205651491365777,56.1,52.3,53.5
2026-06-19 02:00:00,Karachi,24.8607,67.0011,29.4,78.0,14.8,1003.7,unknown,2.0,10.82,49.24,0.07,0.28,71.21,47.74,0.0,54.2,,2.0,19.0,6.0,4.0,0.0,-0.7999999999999972,55.0,57.8,64.6,55.13333333333335,61.8,2.945888808080106,0.2197400487408611,55.7,52.3,53.2
2026-06-19 03:00:00,Karachi,24.8607,67.0011,30.2,73.0,14.9,1004.1,unknown,2.0,10.57,47.94,0.06,0.28,70.83,47.3,0.0,53.7,,3.0,19.0,6.0,4.0,0.0,-0.5,54.2,56.2,64.1,54.30000000000001,61.36666666666667,3.332405668018023,0.2204839382561535,55.2,52.5,52.9
2026-06-19 04:00:00,Karachi,24.8607,67.0011,31.0,69.0,15.2,1004.1,unknown,2.0,10.35,45.31,0.05,0.29,70.49,47.07,0.0,53.3,,4.0,19.0,6.0,4.0,0.0,-0.4000000000000057,53.7,55.0,63.3,53.73333333333335,60.95,3.68652068794084,0.2284263959390862,54.5,52.6,52.6
2026-06-19 05:00:00,Karachi,24.8607,67.0011,31.7,66.0,15.6,1004.5,unknown,2.0,10.14,42.93,0.05,0.28,70.76,47.4,0.0,52.9,,5.0,19.0,6.0,4.0,0.0,-0.3999999999999986,53.3,54.2,62.7,53.30000000000001,60.54166666666666,4.0125798560847015,0.2361984626135569,53.9,52.4,52.4
2026-06-19 06:00:00,Karachi,24.8607,67.0011,32.4,62.0,15.0,1004.8,unknown,2.0,9.97,41.73,0.04,0.27,71.46,48.14,0.0,52.6,,6.0,19.0,6.0,4.0,0.0,-0.2999999999999971,52.9,53.7,62.3,52.933333333333344,60.1375,4.30558913809652,0.2389168463934819,53.5,52.2,52.5
2026-06-19 07:00:00,Karachi,24.8607,67.0011,32.7,61.0,15.3,1004.8,unknown,2.0,9.82,41.75,0.04,0.25,72.34,49.06,0.0,52.3,,7.0,19.0,6.0,4.0,0.0,-0.3000000000000042,52.6,53.3,62.3,52.600000000000016,59.72083333333334,4.563368241787315,0.2352095808383233,53.1,52.0,52.8
2026-06-19 08:00:00,Karachi,24.8607,67.0011,32.8,62.0,15.2,1004.5,unknown,2.0,9.81,42.45,0.03,0.24,72.99,49.51,0.0,52.3,,8.0,19.0,6.0,4.0,0.0,0.0,52.3,52.9,62.5,52.40000000000001,59.29583333333334,4.763856600502728,0.231095406360424,52.9,52.0,53.2
2026-06-19 09:00:00,Karachi,24.8607,67.0011,32.7,62.0,15.2,1003.9,unknown,2.0,9.88,43.07,0.03,0.24,73.14,49.11,0.0,52.5,,9.0,19.0,6.0,4.0,0.0,0.2000000000000028,52.3,52.6,62.7,52.366666666666674,58.87083333333334,4.89999815143504,0.2293940097515672,52.8,52.0,53.7
2026-06-19 10:00:00,Karachi,24.8607,67.0011,32.5,63.0,15.9,1003.3,unknown,2.0,10.06,43.78,0.03,0.24,73.36,48.21,0.0,52.8,,10.0,19.0,6.0,4.0,0.0,0.2999999999999971,52.5,52.3,62.9,52.53333333333334,58.45,4.972096050001848,0.2297852900867976,53.1,52.2,54.3
2026-06-19 11:00:00,Karachi,24.8607,67.0011,31.9,65.0,16.1,1003.1,unknown,2.0,10.28,44.47,0.04,0.24,73.13,46.87,0.0,53.2,,11.0,19.0,6.0,4.0,0.0,0.4000000000000057,52.8,52.3,63.1,52.83333333333335,58.0375,4.980205382530268,0.2311670789296154,53.9,52.5,54.8
2026-06-19 12:00:00,Karachi,24.8607,67.0011,32.0,62.0,14.8,1003.5,unknown,2.0,10.4,44.66,0.04,0.24,72.64,45.44,0.0,53.4,,12.0,19.0,6.0,4.0,0.0,0.1999999999999957,53.2,52.5,63.4,53.13333333333335,57.62083333333333,4.930118542245166,0.2328705776981639,54.7,52.7,54.9
2026-06-19 13:00:00,Karachi,24.8607,67.0011,31.1,66.0,17.4,1003.2,unknown,2.0,10.48,44.62,0.05,0.25,72.31,44.18,0.0,53.6,,13.0,19.0,6.0,4.0,0.0,0.2000000000000028,53.4,52.8,63.7,53.40000000000001,57.20000000000001,4.818442829831861,0.2348722545943523,55.7,52.8,54.7
2026-06-19 14:00:00,Karachi,24.8607,67.0011,30.3,70.0,17.8,1003.3,unknown,2.0,10.55,44.59,0.06,0.25,71.86,43.06,0.0,53.7,,14.0,19.0,6.0,4.0,0.0,0.1000000000000014,53.6,53.2,63.7,53.56666666666669,56.78333333333334,4.661746889094433,0.2366001345593182,56.3,52.9,54.1
2026-06-19 15:00:00,Karachi,24.8607,67.0011,29.9,72.0,17.1,1003.8,unknown,2.0,10.63,44.44,0.07,0.26,71.75,42.56,0.0,53.9,,15.0,19.0,6.0,4.0,0.0,0.1999999999999957,53.7,53.4,63.4,53.73333333333335,56.3875,4.47508197641821,0.2391989198919892,56.6,53.3,53.4
2026-06-19 16:00:00,Karachi,24.8607,67.0011,30.0,72.0,15.3,1004.5,unknown,2.0,10.62,44.15,0.07,0.26,72.11,42.92,0.0,53.8,,16.0,19.0,6.0,4.0,0.0,-0.1000000000000014,53.9,53.6,63.1,53.80000000000001,56.0,4.266349625903396,0.2405436013590033,56.3,53.8,52.7
2026-06-19 17:00:00,Karachi,24.8607,67.0011,30.1,72.0,15.2,1004.9,unknown,2.0,10.7,44.57,0.07,0.27,72.68,43.83,0.0,54.0,,17.0,19.0,6.0,4.0,0.0,0.2000000000000028,53.8,53.7,63.5,53.90000000000001,55.60416666666666,3.97070568327596,0.2400717971729863,55.8,54.3,52.5
2026-06-19 18:00:00,Karachi,24.8607,67.0011,30.0,72.0,13.7,1005.0,unknown,2.0,10.98,46.1,0.07,0.28,72.93,44.75,0.0,54.5,,18.0,19.0,6.0,4.0,0.0,0.5,54.0,53.9,64.2,54.100000000000016,55.2,3.526545298042033,0.2381778741865509,55.3,54.9,52.8
2026-06-19 19:00:00,Karachi,24.8607,67.0011,29.6,75.0,12.5,1004.5,unknown,2.0,11.31,47.37,0.07,0.29,73.03,45.21,0.0,55.1,,19.0,19.0,6.0,4.0,0.0,0.6000000000000014,54.5,53.8,64.3,54.53333333333335,54.81666666666667,2.946725030573664,0.2387587080430652,54.9,55.0,53.0
2026-06-19 20:00:00,Karachi,24.8607,67.0011,29.3,78.0,12.6,1004.5,unknown,2.0,11.58,48.21,0.06,0.3,73.08,45.52,0.0,55.6,,20.0,19.0,6.0,4.0,0.0,0.5,55.1,54.0,63.3,55.06666666666669,54.49583333333334,2.33954272133254,0.2401991288114499,54.3,54.9,53.2
2026-06-19 21:00:00,Karachi,24.8607,67.0011,29.1,80.0,13.5,1004.0,unknown,2.0,11.77,49.04,0.06,0.3,73.16,45.73,0.0,56.0,,21.0,19.0,6.0,4.0,0.0,0.3999999999999986,55.6,54.5,61.7,55.56666666666669,54.25833333333333,1.8045634583951444,0.2400081566068515,53.7,54.6,53.3
2026-06-19 22:00:00,Karachi,24.8607,67.0011,28.9,81.0,13.0,1003.7,unknown,2.0,11.9,49.4,0.06,0.3,73.31,46.14,0.0,56.2,,22.0,19.0,6.0,4.0,0.0,0.2000000000000028,56.0,55.1,59.8,55.933333333333344,54.10833333333334,1.4358505029004651,0.2408906882591093,53.2,54.2,53.6
2026-06-19 23:00:00,Karachi,24.8607,67.0011,28.8,82.0,12.6,1003.4,unknown,2.0,11.95,48.95,0.06,0.29,73.49,46.78,0.0,56.3,,23.0,19.0,6.0,4.0,0.0,0.0999999999999943,56.2,55.6,57.8,56.166666666666686,54.04583333333333,1.2937909133817322,0.2441266598569969,52.7,53.8,53.7
2026-06-20 00:00:00,Karachi,24.8607,67.0011,28.9,82.0,13.2,1003.7,unknown,2.0,11.97,48.06,0.06,0.29,73.84,47.24,0.0,56.3,,0.0,20.0,6.0,5.0,1.0,0.0,56.3,56.0,56.2,56.26666666666668,54.05,1.301170042029008,0.249063670411985,52.4,53.6,53.6
2026-06-20 01:00:00,Karachi,24.8607,67.0011,28.8,82.0,12.3,1004.2,unknown,2.0,11.86,47.74,0.06,0.28,74.3,47.86,0.0,56.1,,1.0,20.0,6.0,5.0,1.0,-0.1999999999999957,56.3,56.2,55.0,56.23333333333335,54.09583333333333,1.3543742873215627,0.2484289903644742,52.3,53.5,53.3
2026-06-20 02:00:00,Karachi,24.8607,67.0011,29.4,78.0,14.1,1004.8,unknown,2.0,11.64,47.49,0.07,0.28,74.68,48.57,0.0,55.7,,2.0,20.0,6.0,5.0,1.0,-0.3999999999999986,56.1,56.3,54.2,56.03333333333335,54.15833333333334,1.3934369977431629,0.2451042324699937,52.3,53.2,52.7
2026-06-20 03:00:00,Karachi,24.8607,67.0011,30.4,73.0,16.0,1005.0,unknown,2.0,11.35,47.02,0.06,0.27,74.91,49.06,0.0,55.2,,3.0,20.0,6.0,5.0,1.0,-0.5,55.7,56.3,53.7,55.666666666666686,54.22083333333333,1.4055725018595713,0.2413866439812845,52.5,52.9,52.0
2026-06-20 04:00:00,Karachi,24.8607,67.0011,31.3,67.0,16.5,1005.3,unknown,2.0,10.99,45.63,0.05,0.26,75.02,49.26,0.0,54.5,,4.0,20.0,6.0,5.0,1.0,-0.7000000000000028,55.2,56.1,53.3,55.13333333333335,54.270833333333336,1.392676237128355,0.2408503177733947,52.6,52.6,51.5
2026-06-20 05:00:00,Karachi,24.8607,67.0011,32.2,63.0,16.8,1005.2,unknown,2.0,10.68,43.92,0.04,0.25,75.02,49.24,0.0,53.9,,5.0,20.0,6.0,5.0,1.0,-0.6000000000000014,54.5,55.7,52.9,54.53333333333335,54.3125,1.3645551911073082,0.2431693989071038,52.4,52.4,51.5
2026-06-20 06:00:00,Karachi,24.8607,67.0011,32.4,61.0,16.2,1005.5,unknown,2.0,10.43,42.45,0.04,0.25,74.99,48.74,0.0,53.5,,6.0,20.0,6.0,5.0,1.0,-0.3999999999999986,53.9,55.2,52.6,53.96666666666668,54.35,1.327305213749813,0.245700824499411,52.2,52.5,52.1
2026-06-20 07:00:00,Karachi,24.8607,67.0011,32.1,62.0,15.3,1005.2,unknown,2.0,10.25,42.14,0.04,0.24,74.94,47.91,0.0,53.1,,7.0,20.0,6.0,5.0,1.0,-0.3999999999999986,53.5,54.5,52.3,53.50000000000002,54.383333333333326,1.2828862387062627,0.2432368296155671,52.0,52.8,53.0
2026-06-20 08:00:00,Karachi,24.8607,67.0011,32.4,61.0,14.8,1005.0,unknown,2.0,10.11,42.63,0.03,0.24,74.92,46.92,0.0,52.9,,8.0,20.0,6.0,5.0,1.0,-0.2000000000000028,53.1,53.9,52.3,53.16666666666668,54.40833333333333,1.2458336362805302,0.2371569317382125,52.0,53.2,53.9
2026-06-20 09:00:00,Karachi,24.8607,67.0011,32.2,62.0,15.4,1004.6,unknown,2.0,10.08,43.36,0.03,0.24,74.9,45.77,0.0,52.8,,9.0,20.0,6.0,5.0,1.0,-0.1000000000000014,52.9,53.5,52.5,52.933333333333344,54.42083333333333,1.227219964224958,0.2324723247232472,52.0,53.7,54.5
2026-06-20 10:00:00,Karachi,24.8607,67.0011,32.1,63.0,16.4,1004.0,unknown,2.0,10.25,44.87,0.03,0.25,74.86,44.6,0.0,53.1,,10.0,20.0,6.0,5.0,1.0,0.3000000000000042,52.8,53.1,52.8,52.933333333333344,54.43333333333334,1.2114190983704376,0.2284377089369289,52.2,54.3,54.9
2026-06-20 11:00:00,Karachi,24.8607,67.0011,31.8,65.0,18.3,1003.6,unknown,2.0,10.63,46.88,0.03,0.26,74.22,43.14,0.0,53.9,,11.0,20.0,6.0,5.0,1.0,0.7999999999999972,53.1,52.9,53.2,53.26666666666668,54.4625,1.188646471746403,0.2267491467576791,52.5,54.8,54.8
2026-06-20 12:00:00,Karachi,24.8607,67.0011,31.8,65.0,15.2,1003.4,unknown,2.0,11.11,48.59,0.04,0.27,73.41,41.7,0.0,54.7,,12.0,20.0,6.0,5.0,1.0,0.8000000000000043,53.9,52.8,53.4,53.90000000000001,54.51666666666667,1.1675565964053398,0.2286478699320847,52.7,54.9,54.3
2026-06-20 13:00:00,Karachi,24.8607,67.0011,30.9,68.0,14.1,1003.8,unknown,3.0,11.6,50.21,0.05,0.28,72.73,40.76,0.0,55.7,,13.0,20.0,6.0,5.0,1.0,1.0,54.7,53.1,53.6,54.76666666666668,54.60416666666666,1.1745412302093636,0.2310296753634734,52.8,54.7,53.7
2026-06-20 14:00:00,Karachi,24.8607,67.0011,30.2,72.0,14.8,1004.2,unknown,3.0,11.96,51.24,0.06,0.28,72.46,40.72,0.0,56.3,,14.0,20.0,6.0,5.0,1.0,0.5999999999999943,55.7,53.9,53.7,55.56666666666669,54.712500000000006,1.206976999894046,0.2334113973458235,52.9,54.1,53.5
2026-06-20 15:00:00,Karachi,24.8607,67.0011,29.9,73.0,15.0,1004.8,unknown,3.0,12.11,51.67,0.07,0.28,73.02,41.86,0.0,56.6,,15.0,20.0,6.0,5.0,1.0,0.3000000000000042,56.3,54.7,53.9,56.20000000000002,54.825,1.25290965704153,0.2343719760015482,53.3,53.4,53.8
2026-06-20 16:00:00,Karachi,24.8607,67.0011,29.7,75.0,15.5,1005.1,unknown,3.0,11.95,51.16,0.07,0.28,74.17,44.13,0.0,56.3,,16.0,20.0,6.0,5.0,1.0,-0.3000000000000042,56.6,55.7,53.8,56.40000000000001,54.929166666666674,1.2678222227181477,0.2335809225957779,53.8,52.7,54.4
2026-06-20 17:00:00,Karachi,24.8607,67.0011,29.6,76.0,14.5,1005.9,unknown,3.0,11.66,50.27,0.06,0.28,75.29,46.53,0.0,55.8,,17.0,20.0,6.0,5.0,1.0,-0.5,56.3,56.3,54.0,56.23333333333335,55.00416666666667,1.263700283219572,0.2319474835886214,54.3,52.5,55.1
2026-06-20 18:00:00,Karachi,24.8607,67.0011,29.6,76.0,15.1,1005.7,unknown,2.0,11.42,49.75,0.06,0.29,75.78,48.22,0.0,55.3,,18.0,20.0,6.0,5.0,1.0,-0.5,55.8,56.6,54.5,55.80000000000001,55.0375,1.2603700284867736,0.2295477386934673,54.9,52.8,55.7
2026-06-20 19:00:00,Karachi,24.8607,67.0011,29.4,76.0,13.7,1005.4,unknown,2.0,11.18,48.97,0.06,0.29,75.42,48.69,0.0,54.9,,19.0,20.0,6.0,5.0,1.0,-0.3999999999999986,55.3,56.3,55.1,55.33333333333334,55.02916666666666,1.260599983679472,0.2283030426791913,55.0,53.0,56.6
2026-06-20 20:00:00,Karachi,24.8607,67.0011,29.1,77.0,14.0,1005.0,unknown,2.0,10.87,47.95,0.06,0.3,74.81,48.64,0.0,54.3,,20.0,20.0,6.0,5.0,1.0,-0.6000000000000014,54.9,55.8,55.6,54.83333333333334,54.975,1.2629330940363186,0.2266944734098018,54.9,53.2,58.2
2026-06-20 21:00:00,Karachi,24.8607,67.0011,28.9,79.0,14.0,1004.3,unknown,2.0,10.57,47.03,0.06,0.3,74.0,48.27,0.0,53.7,,21.0,20.0,6.0,5.0,1.0,-0.5999999999999943,54.3,55.3,56.0,54.30000000000001,54.87916666666666,1.2690219330960724,0.224750159472677,54.6,53.3,60.5
2026-06-20 22:00:00,Karachi,24.8607,67.0011,28.6,81.0,13.4,1004.1,unknown,2.0,10.29,45.62,0.06,0.29,73.31,47.83,0.0,53.2,,22.0,20.0,6.0,5.0,1.0,-0.5,53.7,54.9,56.2,53.73333333333335,54.75416666666666,1.2809572394454425,0.2255589653660675,54.2,53.6,62.5
2026-06-20 23:00:00,Karachi,24.8607,67.0011,28.4,83.0,12.1,1003.9,unknown,2.0,10.01,43.69,0.06,0.29,72.69,47.47,0.0,52.7,,23.0,20.0,6.0,5.0,1.0,-0.5,53.2,54.3,56.3,53.20000000000002,54.60416666666666,1.302665884181185,0.2291142137788968,53.8,53.7,63.4
2026-06-21 00:00:00,Karachi,24.8607,67.0011,29.0,79.0,13.4,1003.9,unknown,2.0,9.85,42.42,0.06,0.28,72.1,46.96,0.0,52.4,,0.0,21.0,6.0,6.0,1.0,-0.3000000000000042,52.7,53.7,56.3,52.76666666666668,54.44166666666667,1.3249829093831762,0.2322017916077322,53.6,53.6,63.5
2026-06-21 01:00:00,Karachi,24.8607,67.0011,29.0,79.0,13.2,1004.1,unknown,2.0,9.79,42.01,0.06,0.28,71.62,46.32,0.0,52.3,,1.0,21.0,6.0,6.0,1.0,-0.1000000000000014,52.4,53.2,56.1,52.46666666666668,54.28333333333333,1.345093068278752,0.2330397524398952,53.5,53.3,63.1
2026-06-21 02:00:00,Karachi,24.8607,67.0011,29.5,76.0,14.4,1004.5,unknown,2.0,9.82,41.77,0.07,0.28,71.16,45.56,0.0,52.3,,2.0,21.0,6.0,6.0,1.0,0.0,52.3,52.7,55.7,52.33333333333334,54.14166666666666,1.3682475833299266,0.2350969595403399,53.2,52.7,61.8
2026-06-21 03:00:00,Karachi,24.8607,67.0011,30.3,72.0,15.2,1004.5,unknown,2.0,9.91,41.64,0.06,0.28,70.7,44.76,0.0,52.5,,3.0,21.0,6.0,6.0,1.0,0.2000000000000028,52.3,52.4,55.2,52.366666666666674,54.02916666666667,1.3882986668648467,0.2379923150816522,52.9,52.0,60.6
2026-06-21 04:00:00,Karachi,24.8607,67.0011,31.2,68.0,16.2,1004.5,unknown,2.0,9.94,41.7,0.05,0.28,70.63,44.47,0.0,52.6,,4.0,21.0,6.0,6.0,1.0,0.1000000000000014,52.5,52.3,54.5,52.46666666666668,53.95,1.4142135623776837,0.2383693045563548,52.6,51.5,59.7
2026-06-21 05:00:00,Karachi,24.8607,67.0011,31.8,64.0,16.9,1004.4,unknown,2.0,9.87,41.63,0.05,0.27,70.91,44.64,0.0,52.4,,5.0,21.0,6.0,6.0,1.0,-0.2000000000000028,52.6,52.3,53.9,52.50000000000002,53.8875,1.4492314304980638,0.2370886380014412,52.4,51.5,59.4
2026-06-21 06:00:00,Karachi,24.8607,67.0011,32.5,59.0,16.7,1004.3,unknown,2.0,9.75,41.04,0.04,0.26,71.48,45.02,0.0,52.2,,6.0,21.0,6.0,6.0,1.0,-0.1999999999999957,52.4,52.5,53.5,52.40000000000001,53.833333333333336,1.4881171841075762,0.2375730994152046,52.5,52.1,59.4
2026-06-21 07:00:00,Karachi,24.8607,67.0011,32.3,59.0,17.4,1003.8,unknown,2.0,9.64,40.35,0.04,0.25,72.09,45.32,0.0,52.0,,7.0,21.0,6.0,6.0,1.0,-0.2000000000000028,52.2,52.6,53.1,52.20000000000002,53.7875,1.5280884620463562,0.238909541511772,52.8,53.0,59.2
2026-06-21 08:00:00,Karachi,24.8607,67.0011,32.2,59.0,17.7,1003.1,unknown,2.0,9.63,40.09,0.03,0.25,72.5,45.23,0.0,52.0,,8.0,21.0,6.0,6.0,1.0,0.0,52.0,52.4,52.9,52.06666666666669,53.75,1.5614931538685526,0.2402095285607383,53.2,53.9,58.7
2026-06-21 09:00:00,Karachi,24.8607,67.0011,32.0,61.0,18.3,1002.4,unknown,2.0,9.66,39.78,0.03,0.24,72.69,44.68,0.0,52.0,,9.0,21.0,6.0,6.0,1.0,0.0,52.0,52.2,52.8,52.0,53.71666666666667,1.5909162431651744,0.2428355957767722,53.7,54.5,58.3
2026-06-21 10:00:00,Karachi,24.8607,67.0011,31.8,62.0,18.7,1001.9,unknown,2.0,9.73,39.35,0.03,0.24,72.93,43.91,0.0,52.2,,10.0,21.0,6.0,6.0,1.0,0.2000000000000028,52.0,52.0,53.1,52.06666666666669,53.67916666666667,1.6164854970991978,0.2472681067344345,54.3,54.9,58.3
2026-06-21 11:00:00,Karachi,24.8607,67.0011,31.6,61.0,18.8,1001.4,unknown,2.0,9.89,39.55,0.03,0.24,72.71,42.74,0.0,52.5,,11.0,21.0,6.0,6.0,1.0,0.2999999999999971,52.2,52.0,53.9,52.23333333333335,53.62083333333334,1.633342576138803,0.250063211125158,54.8,54.8,58.8
2026-06-21 12:00:00,Karachi,24.8607,67.0011,31.1,65.0,18.2,1001.2,unknown,2.0,10.02,39.92,0.04,0.25,72.58,41.85,0.0,52.7,,12.0,21.0,6.0,6.0,1.0,0.2000000000000028,52.5,52.0,54.7,52.46666666666668,53.5375,1.6268968861836903,0.251002004008016,54.9,54.3,59.4
2026-06-21 13:00:00,Karachi,24.8607,67.0011,30.6,67.0,17.6,1001.1,unknown,2.0,10.08,40.46,0.05,0.26,73.15,41.73,0.0,52.8,,13.0,21.0,6.0,6.0,1.0,0.0999999999999943,52.7,52.2,55.7,52.666666666666686,53.41666666666666,1.5658493088367202,0.2491349480968858,54.7,53.7,60.1
2026-06-21 14:00:00,Karachi,24.8607,67.0011,30.1,70.0,16.7,1001.6,unknown,2.0,10.14,41.37,0.06,0.27,73.93,42.26,0.0,52.9,,14.0,21.0,6.0,6.0,1.0,0.1000000000000014,52.8,52.5,56.3,52.80000000000001,53.275,1.442597295344504,0.2451051486584481,54.1,53.5,60.5
2026-06-21 15:00:00,Karachi,24.8607,67.0011,30.0,70.0,16.8,1002.0,unknown,2.0,10.32,43.08,0.06,0.28,74.73,43.18,0.0,53.3,,15.0,21.0,6.0,6.0,1.0,0.3999999999999986,52.9,52.7,56.6,53.00000000000001,53.1375,1.257261516850326,0.2395543175487465,53.4,53.8,60.8
2026-06-21 16:00:00,Karachi,24.8607,67.0011,30.1,70.0,17.5,1002.7,unknown,2.0,10.59,44.83,0.06,0.29,75.43,44.01,0.0,53.8,,16.0,21.0,6.0,6.0,1.0,0.5,53.3,52.8,56.3,53.33333333333334,53.03333333333334,1.0740685212869503,0.236225741690832,52.7,54.4,61.0
2026-06-21 17:00:00,Karachi,24.8607,67.0011,30.0,71.0,16.8,1003.2,unknown,2.0,10.88,46.63,0.06,0.3,75.59,44.51,0.0,54.3,,17.0,21.0,6.0,6.0,1.0,0.5,53.8,52.9,55.8,53.80000000000001,52.97083333333333,0.9415432136669012,0.2333261848595325,52.5,55.1,61.2
2026-06-21 18:00:00,Karachi,24.8607,67.0011,29.4,75.0,15.3,1003.3,unknown,2.0,11.19,48.48,0.06,0.31,75.28,44.47,0.0,54.9,,18.0,21.0,6.0,6.0,1.0,0.6000000000000014,54.3,53.3,55.3,54.33333333333335,52.95416666666666,0.9011968692329404,0.2308168316831683,52.8,55.7,61.6
2026-06-21 19:00:00,Karachi,24.8607,67.0011,29.2,77.0,15.5,1003.0,unknown,2.0,11.27,48.34,0.06,0.31,74.41,43.78,0.0,55.0,,19.0,21.0,6.0,6.0,1.0,0.1000000000000014,54.9,53.8,54.9,54.73333333333335,52.958333333333336,0.9107649277596224,0.2331402565163425,53.0,56.6,62.1
2026-06-21 20:00:00,Karachi,24.8607,67.0011,28.9,80.0,15.9,1002.7,unknown,2.0,11.2,47.29,0.06,0.31,73.57,43.21,0.0,54.9,,20.0,21.0,6.0,6.0,1.0,-0.1000000000000014,55.0,54.3,54.3,54.933333333333344,52.98333333333333,0.9562911448073592,0.2368365404948192,53.2,58.2,63.1
2026-06-21 21:00:00,Karachi,24.8607,67.0011,28.7,81.0,15.5,1002.3,unknown,2.0,11.01,46.17,0.06,0.31,72.9,43.05,0.0,54.6,,21.0,21.0,6.0,6.0,1.0,-0.2999999999999971,54.9,54.9,53.7,54.83333333333335,53.020833333333336,1.0021625168397978,0.2384665367121507,53.3,60.5,64.8
2026-06-21 22:00:00,Karachi,24.8607,67.0011,28.7,81.0,15.8,1002.3,unknown,2.0,10.8,45.18,0.06,0.3,72.65,43.41,0.0,54.2,,22.0,21.0,6.0,6.0,1.0,-0.3999999999999986,54.6,55.0,53.2,54.56666666666669,53.0625,1.030328145286849,0.2390438247011952,53.6,62.5,66.7
2026-06-21 23:00:00,Karachi,24.8607,67.0011,28.6,81.0,15.5,1002.1,unknown,2.0,10.6,44.3,0.06,0.3,72.63,44.02,0.0,53.8,,23.0,21.0,6.0,6.0,1.0,-0.4000000000000057,54.2,54.9,52.7,54.20000000000001,53.10833333333333,1.0379397095175558,0.2392776523702031,53.7,63.4,68.1
2026-06-22 00:00:00,Karachi,24.8607,67.0011,28.8,81.0,15.7,1002.4,unknown,2.0,10.49,43.58,0.06,0.31,72.65,44.46,0.0,53.6,,0.0,22.0,6.0,0.0,0.0,-0.1999999999999957,53.8,54.6,52.4,53.86666666666668,53.15833333333333,1.0312156889395572,0.2407067462138596,53.6,63.5,68.7
2026-06-22 01:00:00,Karachi,24.8607,67.0011,28.7,82.0,16.7,1002.8,unknown,2.0,10.42,43.09,0.06,0.31,72.58,44.67,0.0,53.5,,1.0,22.0,6.0,0.0,0.0,-0.1000000000000014,53.6,54.2,52.3,53.63333333333335,53.208333333333336,1.016779513819854,0.2418194476676723,53.3,63.1,68.2
2026-06-22 02:00:00,Karachi,24.8607,67.0011,29.1,79.0,18.3,1003.1,unknown,2.0,10.28,42.19,0.07,0.3,72.83,45.18,0.0,53.2,,2.0,22.0,6.0,0.0,0.0,-0.2999999999999971,53.5,53.8,52.3,53.433333333333344,53.24583333333334,0.9982502808424184,0.2436596349845935,52.7,61.8,67.0
2026-06-22 03:00:00,Karachi,24.8607,67.0011,29.9,74.0,18.3,1003.6,unknown,2.0,10.11,41.09,0.06,0.29,73.29,45.96,0.0,52.9,,3.0,22.0,6.0,0.0,0.0,-0.3000000000000042,53.2,53.6,52.5,53.20000000000002,53.2625,0.988548562733826,0.2460452664881966,52.0,60.6,65.5
2026-06-22 04:00:00,Karachi,24.8607,67.0011,30.6,70.0,17.7,1003.5,unknown,2.0,9.94,40.55,0.05,0.28,73.75,46.81,0.0,52.6,,4.0,22.0,6.0,0.0,0.0,-0.2999999999999971,52.9,53.5,52.6,52.90000000000001,53.26250000000001,0.988548562733826,0.2451294697903822,51.5,59.7,63.9
2026-06-22 05:00:00,Karachi,24.8607,67.0011,31.5,66.0,17.5,1003.5,unknown,2.0,9.86,40.74,0.04,0.28,74.11,47.09,0.0,52.4,,5.0,22.0,6.0,0.0,0.0,-0.2000000000000028,52.6,53.2,52.4,52.63333333333335,53.2625,0.988548562733826,0.2420225822287677,51.5,59.4,62.4
2026-06-22 06:00:00,Karachi,24.8607,67.0011,32.1,62.0,17.7,1003.6,unknown,2.0,9.89,41.7,0.04,0.27,74.09,46.61,0.0,52.5,,6.0,22.0,6.0,0.0,0.0,0.1000000000000014,52.4,52.9,52.2,52.50000000000002,53.275,0.9763507922764002,0.2371702637889688,52.1,59.4,60.7
2026-06-22 07:00:00,Karachi,24.8607,67.0011,32.3,61.0,18.0,1003.3,unknown,2.0,10.04,43.2,0.04,0.27,74.08,45.5,0.0,52.8,,7.0,22.0,6.0,0.0,0.0,0.2999999999999971,52.5,52.6,52.0,52.56666666666669,53.30833333333333,0.9440507846887688,0.2324074074074073,53.0,59.2,59.1
2026-06-22 08:00:00,Karachi,24.8607,67.0011,32.3,61.0,18.3,1002.8,unknown,2.0,10.26,44.59,0.04,0.27,73.8,43.92,0.0,53.2,,8.0,22.0,6.0,0.0,0.0,0.4000000000000057,52.8,52.4,52.0,52.83333333333335,53.35833333333333,0.9026129541176569,0.2300964341780668,53.9,58.7,57.9
2026-06-22 09:00:00,Karachi,24.8607,67.0011,32.1,62.0,19.0,1002.3,unknown,2.0,10.53,45.77,0.03,0.27,73.6,42.21,0.0,53.7,,9.0,22.0,6.0,0.0,0.0,0.5,53.2,52.5,52.0,53.23333333333335,53.42916666666667,0.8569303998332277,0.2300633602796591,54.5,58.3,57.1
2026-06-22 10:00:00,Karachi,24.8607,67.0011,31.9,63.0,18.1,1001.7,unknown,2.0,10.88,47.12,0.03,0.27,73.55,40.86,0.0,54.3,,10.0,22.0,6.0,0.0,0.0,0.5999999999999943,53.7,52.8,52.2,53.73333333333335,53.51666666666666,0.832840433948264,0.2308998302207131,54.9,58.3,56.2
2026-06-22 11:00:00,Karachi,24.8607,67.0011,31.6,63.0,17.4,1001.1,unknown,2.0,11.14,48.2,0.04,0.27,73.48,40.04,0.0,54.8,,11.0,22.0,6.0,0.0,0.0,0.5,54.3,53.2,52.5,54.26666666666668,53.61249999999999,0.8430341166005005,0.2311203319502074,54.8,58.8,55.2
2026-06-22 12:00:00,Karachi,24.8607,67.0011,31.6,62.0,17.6,1000.8,unknown,2.0,11.22,48.39,0.04,0.28,73.72,40.01,0.0,54.9,,12.0,22.0,6.0,0.0,0.0,0.1000000000000014,54.8,53.7,52.7,54.66666666666668,53.70416666666667,0.858957490815275,0.2318660880347179,54.3,59.4,54.3
2026-06-22 13:00:00,Karachi,24.8607,67.0011,31.0,63.0,17.5,1001.0,unknown,2.0,11.09,47.76,0.05,0.28,74.22,40.83,0.0,54.7,,13.0,22.0,6.0,0.0,0.0,-0.1999999999999957,54.9,54.3,52.8,54.80000000000001,53.78333333333333,0.8595583631861538,0.2322026800670016,53.7,60.1,54.0
2026-06-22 14:00:00,Karachi,24.8607,67.0011,30.3,67.0,16.7,1001.7,unknown,2.0,10.77,46.33,0.06,0.28,74.7,41.99,0.0,54.1,,14.0,22.0,6.0,0.0,0.0,-0.6000000000000014,54.7,54.8,52.9,54.56666666666669,53.833333333333336,0.8406346808690086,0.2324627671055471,53.5,60.5,54.1
2026-06-22 15:00:00,Karachi,24.8607,67.0011,30.0,69.0,15.9,1002.2,unknown,2.0,10.37,44.63,0.06,0.28,74.95,43.2,0.0,53.4,,15.0,22.0,6.0,0.0,0.0,-0.7000000000000028,54.1,54.9,53.3,54.06666666666669,53.837500000000006,0.8381203088978234,0.2323549182164463,53.8,60.8,55.0
2026-06-22 16:00:00,Karachi,24.8607,67.0011,29.8,71.0,15.7,1002.5,unknown,2.0,10.01,42.96,0.06,0.28,74.75,43.98,0.0,52.7,,16.0,22.0,6.0,0.0,0.0,-0.6999999999999957,53.4,54.7,53.8,53.40000000000001,53.79166666666666,0.869740924284598,0.2330074487895717,54.4,61.0,55.9
2026-06-22 17:00:00,Karachi,24.8607,67.0011,29.8,72.0,16.6,1002.7,unknown,2.0,9.9,42.69,0.06,0.29,74.4,44.36,0.0,52.5,,17.0,22.0,6.0,0.0,0.0,-0.2000000000000028,52.7,54.1,54.3,52.86666666666668,53.71666666666667,0.9010460909321928,0.2319044272663387,55.1,61.2,56.9
2026-06-22 18:00:00,Karachi,24.8607,67.0011,29.6,70.0,14.9,1002.9,unknown,2.0,10.05,43.79,0.06,0.3,73.63,44.34,0.0,52.8,,18.0,22.0,6.0,0.0,0.0,0.2999999999999971,52.5,53.4,54.9,52.66666666666668,53.62916666666667,0.8829196460961324,0.2295044530714775,55.7,61.6,57.9
2026-06-22 19:00:00,Karachi,24.8607,67.0011,29.5,73.0,15.0,1002.5,unknown,2.0,10.2,44.6,0.06,0.31,72.67,44.06,0.0,53.0,,19.0,22.0,6.0,0.0,0.0,0.2000000000000028,52.8,52.7,55.0,52.76666666666668,53.54583333333334,0.8413132419187318,0.2286995515695067,56.6,62.1,58.3
2026-06-22 20:00:00,Karachi,24.8607,67.0011,29.4,73.0,14.9,1002.3,unknown,2.0,10.27,44.6,0.06,0.32,71.87,43.82,0.0,53.2,,20.0,22.0,6.0,0.0,0.0,0.2000000000000028,53.0,52.5,54.9,53.00000000000002,53.475,0.7924919420878941,0.2302690582959641,58.2,63.1,58.0
2026-06-22 21:00:00,Karachi,24.8607,67.0011,29.2,75.0,15.0,1001.9,unknown,2.0,10.35,44.26,0.06,0.32,71.17,43.37,0.0,53.3,,21.0,22.0,6.0,0.0,0.0,0.0999999999999943,53.2,52.8,54.6,53.16666666666668,53.42083333333334,0.7558347914044938,0.2338454586534116,60.5,64.8,57.7
2026-06-22 22:00:00,Karachi,24.8607,67.0011,29.2,75.0,15.2,1001.7,unknown,2.0,10.47,42.95,0.07,0.32,70.37,42.68,0.0,53.6,,22.0,22.0,6.0,0.0,0.0,0.3000000000000042,53.3,53.0,54.2,53.366666666666674,53.395833333333336,0.7386704664357792,0.2437718277066356,62.5,66.7,57.9
2026-06-22 23:00:00,Karachi,24.8607,67.0011,29.1,77.0,15.4,1002.0,unknown,2.0,10.54,41.57,0.07,0.32,69.76,42.05,0.0,53.7,,23.0,22.0,6.0,0.0,0.0,0.1000000000000014,53.6,53.2,53.8,53.53333333333335,53.39166666666667,0.7365705885368343,0.2535482318980033,63.4,68.1,58.5
2026-06-23 00:00:00,Karachi,24.8607,67.0011,29.1,76.0,14.2,1002.0,unknown,2.0,10.52,40.81,0.07,0.31,69.43,41.55,0.0,53.6,,0.0,23.0,6.0,1.0,0.0,-0.1000000000000014,53.7,53.3,53.6,53.63333333333335,53.39166666666666,0.7365705885368343,0.2577799558931634,63.5,68.7,59.4
2026-06-23 01:00:00,Karachi,24.8607,67.0011,28.9,79.0,14.8,1002.2,unknown,2.0,10.31,39.31,0.07,0.3,69.53,41.59,0.0,53.3,,1.0,23.0,6.0,1.0,0.0,-0.3000000000000042,53.6,53.6,53.5,53.53333333333335,53.38333333333333,0.7364230038457229,0.2622742304757059,63.1,68.2,60.2
2026-06-23 02:00:00,Karachi,24.8607,67.0011,29.0,80.0,16.8,1002.7,unknown,2.0,9.99,37.34,0.07,0.29,70.17,42.4,0.0,52.7,,2.0,23.0,6.0,1.0,0.0,-0.5999999999999943,53.3,53.7,53.2,53.20000000000002,53.36249999999999,0.7488033932565977,0.2675415104445635,61.8,67.0,60.6
2026-06-23 03:00:00,Karachi,24.8607,67.0011,29.8,75.0,18.2,1002.9,unknown,2.0,9.65,35.4,0.07,0.27,71.18,43.88,0.0,52.0,,3.0,23.0,6.0,1.0,0.0,-0.7000000000000028,52.7,53.6,52.9,52.666666666666686,53.325,0.7941361180090846,0.2725988700564972,60.6,65.5,60.5
2026-06-23 04:00:00,Karachi,24.8607,67.0011,30.6,71.0,18.2,1002.9,unknown,2.0,9.38,34.46,0.06,0.26,72.12,45.66,0.0,51.5,,4.0,23.0,6.0,1.0,0.0,-0.5,52.0,53.3,52.6,52.06666666666669,53.27916666666666,0.866265933002216,0.2721996517701683,59.7,63.9,59.8
2026-06-23 05:00:00,Karachi,24.8607,67.0011,31.4,66.0,17.3,1003.0,unknown,2.0,9.39,35.23,0.05,0.26,72.78,46.59,0.0,51.5,,5.0,23.0,6.0,1.0,0.0,0.0,51.5,52.7,52.4,51.666666666666686,53.24166666666667,0.9235642990644004,0.2665342038035765,59.4,62.4,58.8
2026-06-23 06:00:00,Karachi,24.8607,67.0011,32.4,60.0,17.0,1002.9,unknown,2.0,9.68,37.06,0.04,0.26,72.57,46.33,0.0,52.1,,6.0,23.0,6.0,1.0,0.0,0.6000000000000014,51.5,52.0,52.5,51.70000000000002,53.225,0.9409754420930828,0.2611980572045331,59.4,60.7,57.7
2026-06-23 07:00:00,Karachi,24.8607,67.0011,32.6,58.0,17.5,1002.5,unknown,2.0,10.16,39.58,0.04,0.27,71.57,45.0,0.0,53.0,,7.0,23.0,6.0,1.0,0.0,0.8999999999999986,52.1,51.5,52.8,52.20000000000002,53.23333333333334,0.937928645975325,0.2566953006568974,59.2,59.1,56.6
2026-06-23 08:00:00,Karachi,24.8607,67.0011,32.6,59.0,18.9,1001.7,unknown,2.0,10.65,42.14,0.04,0.27,70.2,43.14,0.0,53.9,,8.0,23.0,6.0,1.0,0.0,0.8999999999999986,53.0,51.5,53.2,53.00000000000002,53.2625,0.947680234098244,0.2527289985761746,58.7,57.9,55.6
2026-06-23 09:00:00,Karachi,24.8607,67.0011,32.0,62.0,18.5,1001.0,unknown,2.0,11.0,44.15,0.04,0.28,68.89,41.38,0.0,54.5,,9.0,23.0,6.0,1.0,0.0,0.6000000000000014,53.9,52.1,53.7,53.80000000000001,53.29583333333333,0.97734296711842,0.2491506228765572,58.3,57.1,54.8
2026-06-23 10:00:00,Karachi,24.8607,67.0011,32.3,59.0,18.6,1000.5,unknown,2.0,11.19,45.84,0.04,0.29,67.83,40.05,0.0,54.9,,10.0,23.0,6.0,1.0,0.0,0.3999999999999986,54.5,53.0,54.3,54.433333333333344,53.32083333333333,1.0112322086067285,0.244109947643979,58.3,56.2,54.1
2026-06-23 11:00:00,Karachi,24.8607,67.0011,31.9,60.0,19.4,1000.0,unknown,2.0,11.15,46.34,0.04,0.29,67.08,39.24,0.0,54.8,,11.0,23.0,6.0,1.0,0.0,-0.1000000000000014,54.9,53.9,54.8,54.73333333333335,53.32083333333333,1.0112322086067285,0.2406128614587829,58.8,55.2,53.4
2026-06-23 12:00:00,Karachi,24.8607,67.0011,31.3,62.0,17.5,1000.1,unknown,2.0,10.85,45.69,0.04,0.3,66.74,38.98,0.0,54.3,,12.0,23.0,6.0,1.0,0.0,-0.5,54.8,54.5,54.9,54.66666666666668,53.29583333333333,0.97734296711842,0.2374699058875027,59.4,54.3,52.7
2026-06-23 13:00:00,Karachi,24.8607,67.0011,30.7,65.0,17.8,1000.1,unknown,2.0,10.55,45.51,0.05,0.3,67.03,39.16,0.0,53.7,,13.0,23.0,6.0,1.0,0.0,-0.5999999999999943,54.3,54.9,54.7,54.26666666666668,53.25416666666666,0.9352884543108484,0.2318171830366952,60.1,54.0,52.2
2026-06-23 14:00:00,Karachi,24.8607,67.0011,30.0,69.0,18.6,1000.7,unknown,2.0,10.43,46.62,0.06,0.32,67.12,39.11,0.0,53.5,,14.0,23.0,6.0,1.0,0.0,-0.2000000000000028,53.7,54.8,54.1,53.83333333333335,53.22916666666666,0.9195836329473182,0.2237237237237237,60.5,54.1,51.9
2026-06-23 15:00:00,Karachi,24.8607,67.0011,29.7,72.0,20.4,1001.0,unknown,2.0,10.61,48.98,0.07,0.33,67.02,38.73,0.0,53.8,,15.0,23.0,6.0,1.0,0.0,0.2999999999999971,53.5,54.3,53.4,53.666666666666686,53.24583333333333,0.9264139213314684,0.2166190281747652,60.8,55.0,51.8
2026-06-23 16:00:00,Karachi,24.8607,67.0011,29.5,73.0,20.7,1001.4,unknown,3.0,10.94,51.57,0.07,0.35,66.76,38.15,0.0,54.4,,16.0,23.0,6.0,1.0,0.0,0.6000000000000014,53.8,53.7,52.7,53.90000000000001,53.31666666666666,0.9476133254161504,0.2121388404110917,61.0,55.9,51.9
2026-06-23 17:00:00,Karachi,24.8607,67.0011,29.5,73.0,21.1,1001.6,unknown,3.0,11.28,53.55,0.07,0.36,66.88,37.78,0.0,55.1,,17.0,23.0,6.0,1.0,0.0,0.7000000000000028,54.4,53.5,52.5,54.433333333333344,53.42499999999999,0.9974968671697232,0.2106442577030812,61.2,56.9,52.1
2026-06-23 18:00:00,Karachi,24.8607,67.0011,29.6,73.0,19.5,1001.7,unknown,3.0,11.64,55.43,0.07,0.36,67.54,37.91,0.0,55.7,,18.0,23.0,6.0,1.0,0.0,0.6000000000000014,55.1,53.8,52.8,55.06666666666669,53.54583333333333,1.0898660335232973,0.2099945877683565,61.6,57.9,52.6
2026-06-23 19:00:00,Karachi,24.8607,67.0011,29.4,75.0,19.1,1001.5,unknown,3.0,12.11,57.84,0.07,0.36,68.19,38.39,0.0,56.6,,19.0,23.0,6.0,1.0,0.0,0.8999999999999986,55.7,54.4,53.0,55.80000000000001,53.69583333333333,1.2477733791880197,0.2093706777316735,62.1,58.3,53.0
2026-06-23 20:00:00,Karachi,24.8607,67.0011,29.2,76.0,18.3,1001.2,unknown,3.0,12.94,61.88,0.07,0.37,68.4,38.58,0.0,58.2,,20.0,23.0,6.0,1.0,0.0,1.6000000000000014,56.6,55.1,53.2,56.83333333333335,53.90416666666666,1.5437050762149669,0.2091144149967679,63.1,58.0,53.2
2026-06-23 21:00:00,Karachi,24.8607,67.0011,29.0,77.0,19.5,1000.9,unknown,3.0,14.18,67.77,0.08,0.39,68.05,38.2,0.0,60.5,,21.0,23.0,6.0,1.0,0.0,2.299999999999997,58.2,55.7,53.3,58.433333333333344,54.20416666666666,2.040775463583976,0.2092371255717869,64.8,57.7,53.1
2026-06-23 22:00:00,Karachi,24.8607,67.0011,28.9,78.0,19.2,1000.6,unknown,3.0,15.27,71.34,0.08,0.41,67.53,37.76,0.0,62.5,,22.0,23.0,6.0,1.0,0.0,2.0,60.5,56.6,53.6,60.40000000000001,54.575,2.645299358421393,0.2140454163162321,66.7,57.9,52.8
2026-06-23 23:00:00,Karachi,24.8607,67.0011,28.6,81.0,19.4,1000.5,unknown,3.0,15.74,70.01,0.08,0.41,67.72,38.18,0.0,63.4,,23.0,23.0,6.0,1.0,0.0,0.8999999999999986,62.5,58.2,53.7,62.13333333333335,54.97916666666666,3.190608387764017,0.224825024996429,68.1,58.5,52.7
2026-06-24 00:00:00,Karachi,24.8607,67.0011,28.9,78.0,17.8,1000.3,unknown,3.0,15.82,67.52,0.08,0.4,68.44,39.32,0.0,63.5,,0.0,24.0,6.0,2.0,0.0,0.1000000000000014,63.4,60.5,53.6,63.13333333333335,55.39166666666667,3.616137341884861,0.2343009478672986,68.7,59.4,52.9
2026-06-24 01:00:00,Karachi,24.8607,67.0011,28.9,77.0,18.4,1000.7,unknown,3.0,15.59,64.72,0.08,0.38,69.43,40.98,0.0,63.1,,1.0,24.0,6.0,2.0,0.0,-0.3999999999999986,63.5,62.5,53.3,63.33333333333334,55.79999999999999,3.910965631902753,0.2408838071693448,68.2,60.2,53.5
2026-06-24 02:00:00,Karachi,24.8607,67.0011,29.1,77.0,19.8,1001.0,unknown,3.0,14.89,61.84,0.08,0.36,70.44,43.52,0.0,61.8,,2.0,24.0,6.0,2.0,0.0,-1.3000000000000045,63.1,63.4,52.7,62.80000000000001,56.179166666666674,4.036461985740729,0.2407826649417852,67.0,60.6,54.5
2026-06-24 03:00:00,Karachi,24.8607,67.0011,29.5,74.0,19.1,1001.6,unknown,3.0,14.25,60.14,0.08,0.34,71.16,45.5,0.0,60.6,,3.0,24.0,6.0,2.0,0.0,-1.1999999999999955,61.8,63.5,52.0,61.83333333333335,56.5375,4.031054722268592,0.2369471233787828,65.5,60.5,55.8
2026-06-24 04:00:00,Karachi,24.8607,67.0011,30.2,71.0,19.8,1001.9,unknown,3.0,13.75,59.03,0.07,0.34,71.11,46.33,0.0,59.7,,4.0,24.0,6.0,2.0,0.0,-0.8999999999999986,60.6,63.1,51.5,60.70000000000002,56.87916666666667,3.931807767280997,0.2329324072505505,63.9,59.8,56.8
2026-06-24 05:00:00,Karachi,24.8607,67.0011,30.5,70.0,20.8,1002.1,unknown,3.0,13.59,59.38,0.06,0.34,70.85,45.98,0.0,59.4,,5.0,24.0,6.0,2.0,0.0,-0.3000000000000042,59.7,61.8,51.5,59.90000000000001,57.208333333333336,3.790023134801313,0.2288649376894577,62.4,58.8,57.4
2026-06-24 06:00:00,Karachi,24.8607,67.0011,31.6,64.0,22.3,1002.0,unknown,3.0,13.6,60.42,0.05,0.35,70.27,45.09,0.0,59.4,,6.0,24.0,6.0,2.0,0.0,0.0,59.4,60.6,52.1,59.50000000000002,57.5125,3.652671744021805,0.2250910294604435,60.7,57.7,57.6
2026-06-24 07:00:00,Karachi,24.8607,67.0011,31.8,64.0,22.8,1001.6,unknown,3.0,13.48,61.43,0.05,0.35,70.07,44.24,0.0,59.2,,7.0,24.0,6.0,2.0,0.0,-0.1999999999999957,59.4,59.7,53.0,59.33333333333335,57.770833333333336,3.537068199693814,0.2194367572847143,59.1,56.6,57.7
2026-06-24 08:00:00,Karachi,24.8607,67.0011,31.6,66.0,22.2,1001.0,unknown,3.0,13.22,62.09,0.04,0.35,70.01,43.67,0.0,58.7,,8.0,24.0,6.0,2.0,0.0,-0.5,59.2,59.4,53.9,59.100000000000016,57.97083333333334,3.443137998305039,0.2129167337735545,57.9,55.6,57.6
2026-06-24 09:00:00,Karachi,24.8607,67.0011,31.6,67.0,21.2,1000.7,unknown,3.0,13.01,62.22,0.04,0.34,70.08,42.99,0.0,58.3,,9.0,24.0,6.0,2.0,0.0,-0.4000000000000057,58.7,59.4,54.5,58.73333333333335,58.12916666666667,3.363031650768033,0.2090967534554805,57.1,54.8,57.5
2026-06-24 10:00:00,Karachi,24.8607,67.0011,31.5,66.0,21.1,1000.3,unknown,3.0,13.04,63.05,0.04,0.34,70.27,42.25,0.0,58.3,,10.0,24.0,6.0,2.0,0.0,0.0,58.3,59.2,54.9,58.433333333333344,58.270833333333336,3.291950547290554,0.2068199841395717,56.2,54.1,57.4
2026-06-24 11:00:00,Karachi,24.8607,67.0011,31.2,68.0,21.5,1000.0,unknown,3.0,13.26,64.78,0.04,0.35,70.32,41.35,0.0,58.8,,11.0,24.0,6.0,2.0,0.0,0.5,58.3,58.7,54.8,58.46666666666668,58.4375,3.2087939627937345,0.2046928064217351,55.2,53.4,57.2
2026-06-24 12:00:00,Karachi,24.8607,67.0011,31.5,64.0,19.1,999.3,unknown,3.0,13.62,67.1,0.04,0.36,70.35,40.83,0.0,59.4,,12.0,24.0,6.0,2.0,0.0,0.6000000000000014,58.8,58.3,54.3,58.83333333333334,58.650000000000006,3.089533523254526,0.2029806259314456,54.3,52.7,56.5
2026-06-24 13:00:00,Karachi,24.8607,67.0011,30.7,67.0,18.0,999.4,unknown,3.0,13.98,69.28,0.05,0.37,70.66,40.8,0.0,60.1,,13.0,24.0,6.0,2.0,0.0,0.7000000000000028,59.4,58.3,53.7,59.433333333333344,58.91666666666666,2.9149788076904315,0.2017898383371824,54.0,52.2,55.6
2026-06-24 14:00:00,Karachi,24.8607,67.0011,30.1,70.0,18.4,999.9,unknown,3.0,14.21,70.37,0.06,0.38,70.89,41.01,0.0,60.5,,14.0,24.0,6.0,2.0,0.0,0.3999999999999986,60.1,58.8,53.5,60.00000000000002,59.208333333333336,2.691034497488913,0.201932641750746,54.1,51.9,54.3
2026-06-24 15:00:00,Karachi,24.8607,67.0011,29.7,73.0,18.5,1000.1,unknown,3.0,14.37,70.73,0.07,0.39,71.2,41.22,0.0,60.8,,15.0,24.0,6.0,2.0,0.0,0.2999999999999971,60.5,59.4,53.8,60.46666666666668,59.5,2.4477141066379877,0.2031669729958999,55.0,51.8,53.1
2026-06-24 16:00:00,Karachi,24.8607,67.0011,29.5,74.0,19.0,1000.9,unknown,3.0,14.48,70.8,0.07,0.4,71.29,41.28,0.0,61.0,,16.0,24.0,6.0,2.0,0.0,0.2000000000000028,60.8,60.1,54.4,60.76666666666668,59.775,2.208924585877765,0.2045197740112994,55.9,51.9,52.2
2026-06-24 17:00:00,Karachi,24.8607,67.0011,29.4,75.0,17.9,1001.6,unknown,3.0,14.6,71.12,0.07,0.4,71.46,41.43,0.0,61.2,,17.0,24.0,6.0,2.0,0.0,0.2000000000000028,61.0,60.5,55.1,61.00000000000002,60.02916666666667,1.987456133872161,0.2052868391451068,56.9,52.1,51.7
2026-06-24 18:00:00,Karachi,24.8607,67.0011,29.6,74.0,17.2,1001.7,unknown,3.0,14.79,71.99,0.07,0.41,71.64,41.79,0.0,61.6,,18.0,24.0,6.0,2.0,0.0,0.3999999999999986,61.2,60.8,55.7,61.26666666666668,60.275000000000006,1.783072580153392,0.2054452007223225,57.9,52.6,51.4
2026-06-24 19:00:00,Karachi,24.8607,67.0011,29.2,76.0,15.9,1001.6,unknown,3.0,15.07,73.31,0.08,0.41,71.57,42.02,0.0,62.1,,19.0,24.0,6.0,2.0,0.0,0.5,61.6,61.0,56.6,61.63333333333335,60.50416666666666,1.6377288533543,0.2055654071750102,58.3,53.0,51.4
2026-06-24 20:00:00,Karachi,24.8607,67.0011,29.1,75.0,14.6,1001.2,unknown,3.0,15.61,76.08,0.08,0.41,71.4,42.14,0.0,63.1,,20.0,24.0,6.0,2.0,0.0,1.0,62.1,61.2,58.2,62.26666666666668,60.708333333333336,1.643410204865741,0.2051787592008412,58.0,53.2,51.5
2026-06-24 21:00:00,Karachi,24.8607,67.0011,29.0,75.0,14.7,1000.9,unknown,3.0,16.51,80.77,0.08,0.42,71.0,41.96,0.0,64.8,,21.0,24.0,6.0,2.0,0.0,1.6999999999999955,63.1,61.6,60.5,63.33333333333335,60.88750000000001,1.842095333417558,0.2044075770706946,57.7,53.1,51.8
2026-06-24 22:00:00,Karachi,24.8607,67.0011,28.9,76.0,15.2,1000.8,unknown,3.0,17.51,84.87,0.08,0.42,70.6,42.0,0.0,66.7,,22.0,24.0,6.0,2.0,0.0,1.9000000000000057,64.8,62.1,62.5,64.86666666666669,61.0625,2.171918106392796,0.2063155414162837,57.9,52.8,52.1
2026-06-24 23:00:00,Karachi,24.8607,67.0011,28.9,76.0,16.1,1000.8,unknown,3.0,18.26,87.95,0.08,0.41,70.73,42.71,0.0,68.1,,23.0,24.0,6.0,2.0,0.0,1.3999999999999917,66.7,63.1,63.4,66.53333333333335,61.25833333333333,2.567678136858259,0.2076179647527004,58.5,52.7,52.5
2026-06-25 00:00:00,Karachi,24.8607,67.0011,28.8,78.0,15.5,1001.0,unknown,3.0,18.59,90.04,0.08,0.4,70.86,43.66,0.0,68.7,,0.0,25.0,6.0,3.0,0.0,0.6000000000000085,68.1,64.8,63.5,67.83333333333336,61.475,2.955209107588192,0.2064637938693913,59.4,52.9,52.9
2026-06-25 01:00:00,Karachi,24.8607,67.0011,28.7,79.0,14.3,1001.5,unknown,3.0,18.33,87.56,0.08,0.39,71.14,44.71,0.0,68.2,,1.0,25.0,6.0,3.0,0.0,-0.5,68.7,66.7,63.1,68.33333333333336,61.6875,3.2461766808793806,0.2093421653723161,60.2,53.5,53.3
2026-06-25 02:00:00,Karachi,24.8607,67.0011,29.2,77.0,17.4,1001.9,unknown,3.0,17.68,82.03,0.08,0.37,71.18,45.97,0.0,67.0,,2.0,25.0,6.0,3.0,0.0,-1.2000000000000028,68.2,68.1,61.8,67.96666666666668,61.90416666666666,3.42274732858985,0.2155309033280507,60.6,54.5,53.7
2026-06-25 03:00:00,Karachi,24.8607,67.0011,29.8,73.0,19.0,1002.2,unknown,3.0,16.88,75.41,0.07,0.35,71.36,47.28,0.0,65.5,,3.0,25.0,6.0,3.0,0.0,-1.5,67.0,68.7,60.6,66.90000000000002,62.10833333333333,3.48710876461265,0.2238429916456703,60.5,55.8,54.1
2026-06-25 04:00:00,Karachi,24.8607,67.0011,30.7,69.0,19.7,1002.6,unknown,3.0,16.04,70.5,0.06,0.34,71.34,48.3,0.0,63.9,,4.0,25.0,6.0,3.0,0.0,-1.6000000000000014,65.5,68.2,59.7,65.46666666666668,62.28333333333333,3.4663182656598237,0.2275177304964538,59.8,56.8,54.5
2026-06-25 05:00:00,Karachi,24.8607,67.0011,31.6,65.0,19.1,1002.6,unknown,3.0,15.21,66.66,0.05,0.32,71.22,48.61,0.0,62.4,,5.0,25.0,6.0,3.0,0.0,-1.5,63.9,67.0,59.4,63.93333333333334,62.40833333333334,3.41147891768414,0.2281728172817282,58.8,57.4,54.8
2026-06-25 06:00:00,Karachi,24.8607,67.0011,31.8,64.0,19.2,1002.6,unknown,3.0,14.3,62.73,0.05,0.31,70.89,48.1,0.0,60.7,,6.0,25.0,6.0,3.0,0.0,-1.6999999999999955,62.4,65.5,59.4,62.33333333333335,62.4625,3.3717254646103463,0.2279611031404431,57.7,57.6,55.1
2026-06-25 07:00:00,Karachi,24.8607,67.0011,31.9,63.0,19.3,1002.5,unknown,3.0,13.46,59.99,0.04,0.31,70.28,47.02,0.0,59.1,,7.0,25.0,6.0,3.0,0.0,-1.6000000000000014,60.7,63.9,59.2,60.73333333333335,62.458333333333336,3.3759915344363525,0.2243707284547424,56.6,57.7,55.5
2026-06-25 08:00:00,Karachi,24.8607,67.0011,31.8,64.0,18.8,1002.3,unknown,3.0,12.83,58.83,0.04,0.32,69.62,45.78,0.0,57.9,,8.0,25.0,6.0,3.0,0.0,-1.2000000000000028,59.1,62.4,58.7,59.23333333333335,62.42499999999999,3.418396522145278,0.2180860105388407,55.6,57.6,56.0
2026-06-25 09:00:00,Karachi,24.8607,67.0011,31.8,66.0,19.2,1001.8,unknown,3.0,12.35,58.4,0.04,0.32,69.23,44.79,0.0,57.1,,9.0,25.0,6.0,3.0,0.0,-0.7999999999999972,57.9,60.7,58.3,58.03333333333335,62.375,3.4893938678835994,0.211472602739726,54.8,57.5,56.0
2026-06-25 10:00:00,Karachi,24.8607,67.0011,31.4,69.0,19.7,1001.3,unknown,3.0,11.88,57.76,0.04,0.32,69.24,44.52,0.0,56.2,,10.0,25.0,6.0,3.0,0.0,-0.8999999999999986,57.1,59.1,58.3,57.06666666666669,62.2875,3.6199102198820263,0.2056786703601108,54.1,57.4,55.6
2026-06-25 11:00:00,Karachi,24.8607,67.0011,31.6,68.0,18.5,1000.8,unknown,3.0,11.33,55.73,0.04,0.32,69.55,44.73,0.0,55.2,,11.0,25.0,6.0,3.0,0.0,-1.0,56.2,57.9,58.8,56.166666666666686,62.1375,3.838683254768651,0.2033016328727795,53.4,57.2,55.0
2026-06-25 12:00:00,Karachi,24.8607,67.0011,31.3,66.0,16.7,1000.8,unknown,3.0,10.86,53.23,0.04,0.31,69.91,45.27,0.0,54.3,,12.0,25.0,6.0,3.0,0.0,-0.9000000000000057,55.2,57.1,59.4,55.23333333333335,61.925,4.127137127546388,0.2040202893105391,52.7,56.5,54.4
2026-06-25 13:00:00,Karachi,24.8607,67.0011,30.6,69.0,16.3,1001.1,unknown,3.0,10.69,51.4,0.05,0.31,70.23,45.58,0.0,54.0,,13.0,25.0,6.0,3.0,0.0,-0.2999999999999971,54.3,56.2,60.1,54.50000000000001,61.67083333333334,4.421732806773787,0.207976653696498,52.2,55.6,54.0
2026-06-25 14:00:00,Karachi,24.8607,67.0011,30.0,73.0,16.6,1001.6,unknown,3.0,10.78,50.8,0.06,0.32,70.33,45.27,0.0,54.1,,14.0,25.0,6.0,3.0,0.0,0.1000000000000014,54.0,55.2,60.5,54.13333333333335,61.40416666666667,4.680809960259551,0.2122047244094488,51.9,54.3,53.6
2026-06-25 15:00:00,Karachi,24.8607,67.0011,29.7,74.0,15.5,1001.9,unknown,3.0,11.24,52.31,0.06,0.32,70.39,44.54,0.0,55.0,,15.0,25.0,6.0,3.0,0.0,0.8999999999999986,54.1,54.3,60.8,54.366666666666674,61.1625,4.8596665210340735,0.2148728732555916,51.8,53.1,53.1
2026-06-25 16:00:00,Karachi,24.8607,67.0011,29.5,75.0,15.1,1002.4,unknown,3.0,11.71,53.8,0.07,0.32,70.17,43.67,0.0,55.9,,16.0,25.0,6.0,3.0,0.0,0.8999999999999986,55.0,54.0,61.0,55.00000000000001,60.95000000000001,4.977165248718481,0.2176579925650558,51.9,52.2,52.6
2026-06-25 17:00:00,Karachi,24.8607,67.0011,29.6,75.0,14.6,1003.0,unknown,3.0,12.26,55.51,0.07,0.33,70.19,42.86,0.0,56.9,,17.0,25.0,6.0,3.0,0.0,1.0,55.9,54.1,61.2,55.933333333333344,60.770833333333336,5.044711321656388,0.2208611061070077,52.1,51.7,52.0
2026-06-25 18:00:00,Karachi,24.8607,67.0011,29.5,76.0,13.5,1003.2,unknown,3.0,12.78,57.41,0.07,0.34,70.32,42.33,0.0,57.9,,18.0,25.0,6.0,3.0,0.0,1.0,56.9,55.0,61.6,56.90000000000001,60.61666666666667,5.074717097848519,0.2226093015154154,52.6,51.4,51.5
2026-06-25 19:00:00,Karachi,24.8607,67.0011,29.2,77.0,12.9,1003.1,unknown,3.0,13.02,58.05,0.07,0.34,70.74,42.31,0.0,58.3,,19.0,25.0,6.0,3.0,0.0,0.3999999999999986,57.9,55.9,62.1,57.70000000000001,60.458333333333336,5.085693203716349,0.2242894056847545,53.0,51.4,32.6
2026-06-25 20:00:00,Karachi,24.8607,67.0011,29.0,78.0,12.6,1002.7,unknown,3.0,12.86,56.62,0.07,0.33,71.25,43.12,0.0,58.0,,20.0,25.0,6.0,3.0,0.0,-0.2999999999999971,58.3,56.9,63.1,58.06666666666669,60.24583333333334,5.077056590505604,0.2271282232426704,53.2,51.5,48.7
2026-06-25 21:00:00,Karachi,24.8607,67.0011,28.8,80.0,11.7,1002.5,unknown,3.0,12.68,55.35,0.07,0.32,71.75,44.22,0.0,57.7,,21.0,25.0,6.0,3.0,0.0,-0.2999999999999971,58.0,57.9,64.8,58.00000000000001,59.95,5.006517491361893,0.2290876242095754,53.1,51.8,47.4
2026-06-25 22:00:00,Karachi,24.8607,67.0011,28.6,81.0,10.8,1002.2,unknown,3.0,12.8,54.57,0.07,0.3,71.89,45.09,0.0,57.9,,22.0,25.0,6.0,3.0,0.0,0.1999999999999957,57.7,58.3,66.7,57.86666666666668,59.583333333333336,4.809019304044765,0.2345611141652923,52.8,52.1,47.1
2026-06-25 23:00:00,Karachi,24.8607,67.0011,28.4,82.0,10.4,1002.1,unknown,3.0,13.15,54.56,0.07,0.3,71.89,45.81,0.0,58.5,,23.0,25.0,6.0,3.0,0.0,0.6000000000000014,57.9,58.0,68.1,58.03333333333335,59.18333333333333,4.456130771115701,0.2410190615835777,52.7,52.5,47.7
2026-06-26 00:00:00,Karachi,24.8607,67.0011,28.9,78.0,9.7,1002.3,unknown,3.0,13.62,55.2,0.07,0.29,71.71,46.09,0.0,59.4,,0.0,26.0,6.0,4.0,0.0,0.8999999999999986,58.5,57.7,68.7,58.600000000000016,58.79583333333333,3.970486682103692,0.2467391304347825,52.9,52.9,48.9
2026-06-26 01:00:00,Karachi,24.8607,67.0011,28.9,78.0,10.2,1003.0,unknown,3.0,14.04,56.07,0.07,0.29,71.43,46.03,0.0,60.2,,1.0,26.0,6.0,4.0,0.0,0.8000000000000043,59.4,57.9,68.2,59.36666666666668,58.462500000000006,3.448101241831867,0.2504012841091492,53.5,53.3,51.1
2026-06-26 02:00:00,Karachi,24.8607,67.0011,29.3,77.0,11.6,1003.5,unknown,3.0,14.26,56.6,0.08,0.28,71.16,46.05,0.0,60.6,,2.0,26.0,6.0,4.0,0.0,0.3999999999999986,60.2,58.5,67.0,60.06666666666669,58.19583333333333,2.974014877697025,0.2519434628975265,54.5,53.7,51.7
2026-06-26 03:00:00,Karachi,24.8607,67.0011,30.2,73.0,13.2,1003.9,unknown,3.0,14.2,56.32,0.07,0.28,70.9,46.26,0.0,60.5,,3.0,26.0,6.0,4.0,0.0,-0.1000000000000014,60.6,59.4,65.5,60.433333333333344,57.9875,2.590503140656063,0.2521306818181818,55.8,54.1,52.0
2026-06-26 04:00:00,Karachi,24.8607,67.0011,31.1,69.0,13.1,1004.1,unknown,3.0,13.8,55.29,0.06,0.27,70.84,46.63,0.0,59.8,,4.0,26.0,6.0,4.0,0.0,-0.7000000000000028,60.5,60.2,63.9,60.30000000000001,57.81666666666666,2.302865260020011,0.2495930548019533,56.8,54.5,52.3
2026-06-26 05:00:00,Karachi,24.8607,67.0011,31.6,66.0,13.9,1004.3,unknown,3.0,13.26,53.99,0.05,0.26,70.96,46.94,0.0,58.8,,5.0,26.0,6.0,4.0,0.0,-1.0,59.8,60.6,62.4,59.70000000000001,57.66666666666666,2.0996203935739195,0.2456010372291165,57.4,54.8,53.1
2026-06-26 06:00:00,Karachi,24.8607,67.0011,32.9,60.0,13.1,1004.1,unknown,3.0,12.67,52.77,0.04,0.25,71.08,46.77,0.0,57.7,,6.0,26.0,6.0,4.0,0.0,-1.0999999999999943,58.8,60.5,60.7,58.76666666666668,57.54166666666666,1.9980243865592613,0.2400985408375971,57.6,55.1,54.1
2026-06-26 07:00:00,Karachi,24.8607,67.0011,32.1,64.0,14.0,1003.9,unknown,3.0,12.1,51.73,0.04,0.24,70.99,45.94,0.0,56.6,,7.0,26.0,6.0,4.0,0.0,-1.1000000000000014,57.7,59.8,59.1,57.70000000000002,57.4375,1.978319994341217,0.2339068238932921,57.7,55.5,55.2
2026-06-26 08:00:00,Karachi,24.8607,67.0011,31.9,67.0,14.8,1003.7,unknown,3.0,11.59,50.72,0.03,0.24,70.76,44.59,0.0,55.6,,8.0,26.0,6.0,4.0,0.0,-1.0,56.6,58.8,57.9,56.63333333333335,57.34166666666667,2.010389680305034,0.2285094637223974,57.6,56.0,56.3
2026-06-26 09:00:00,Karachi,24.8607,67.0011,32.3,65.0,15.0,1003.2,unknown,2.0,11.16,49.76,0.03,0.24,70.5,43.08,0.0,54.8,,9.0,26.0,6.0,4.0,0.0,-0.8000000000000043,55.6,57.7,57.1,55.666666666666686,57.24583333333333,2.0761542974155494,0.2242765273311897,57.5,56.0,56.9
2026-06-26 10:00:00,Karachi,24.8607,67.0011,32.0,67.0,15.9,1002.8,unknown,2.0,10.78,48.99,0.03,0.24,70.42,41.79,0.0,54.1,,10.0,26.0,6.0,4.0,0.0,-0.6999999999999957,54.8,56.6,56.2,54.83333333333335,57.15833333333333,2.1645195604444623,0.2200449071239028,57.4,55.6,57.1
2026-06-26 11:00:00,Karachi,24.8607,67.0011,31.4,69.0,15.5,1002.3,unknown,2.0,10.39,47.87,0.03,0.24,70.2,40.98,0.0,53.4,,11.0,26.0,6.0,4.0,0.0,-0.7000000000000028,54.1,55.6,55.2,54.100000000000016,57.083333333333336,2.264214359701215,0.2170461667014832,57.2,55.0,56.6
2026-06-26 12:00:00,Karachi,24.8607,67.0011,31.7,66.0,15.0,1002.3,unknown,2.0,10.01,46.38,0.04,0.24,70.03,40.72,0.0,52.7,,12.0,26.0,6.0,4.0,0.0,-0.6999999999999957,53.4,54.8,54.3,53.40000000000001,57.01666666666666,2.370776183058092,0.2158257869771453,56.5,54.4,55.9
2026-06-26 13:00:00,Karachi,24.8607,67.0011,30.9,68.0,14.3,1002.4,unknown,2.0,9.73,43.67,0.05,0.24,70.22,40.93,0.0,52.2,,13.0,26.0,6.0,4.0,0.0,-0.5,52.7,54.1,54.0,52.76666666666669,56.94166666666666,2.4955467583675985,0.2228074192809709,55.6,54.0,54.9
2026-06-26 14:00:00,Karachi,24.8607,67.0011,30.2,72.0,14.6,1002.9,unknown,2.0,9.56,41.06,0.06,0.24,70.35,41.25,0.0,51.9,,14.0,26.0,6.0,4.0,0.0,-0.3000000000000042,52.2,53.4,54.1,52.26666666666668,56.85,2.640652093379884,0.2328300048709206,54.3,53.6,53.6
2026-06-26 15:00:00,Karachi,24.8607,67.0011,29.8,75.0,14.7,1003.4,unknown,2.0,9.54,39.89,0.06,0.23,70.56,41.56,0.0,51.8,,15.0,26.0,6.0,4.0,0.0,-0.1000000000000014,51.9,52.7,55.0,51.96666666666668,56.71666666666667,2.813270828348026,0.2391576836299824,53.1,53.1,52.8
2026-06-26 16:00:00,Karachi,24.8607,67.0011,29.6,77.0,13.2,1003.8,unknown,2.0,9.56,40.51,0.06,0.23,70.62,41.85,0.0,51.9,,16.0,26.0,6.0,4.0,0.0,0.1000000000000014,51.8,52.2,55.9,51.866666666666674,56.54999999999999,2.9774514926888864,0.2359911133053567,52.2,52.6,52.0
2026-06-26 17:00:00,Karachi,24.8607,67.0011,29.4,77.0,12.1,1004.2,unknown,2.0,9.69,41.99,0.06,0.24,70.88,42.1,0.0,52.1,,17.0,26.0,6.0,4.0,0.0,0.2000000000000028,51.9,51.9,56.9,51.933333333333344,56.35,3.1111300896609406,0.2307692307692307,51.7,52.0,51.5
2026-06-26 18:00:00,Karachi,24.8607,67.0011,29.4,76.0,12.0,1004.2,unknown,2.0,9.95,43.3,0.06,0.24,70.91,42.15,0.0,52.6,,18.0,26.0,6.0,4.0,0.0,0.5,52.1,51.8,57.9,52.20000000000002,56.12916666666666,3.1835827734446576,0.2297921478060046,51.4,51.5,51.7
2026-06-26 19:00:00,Karachi,24.8607,67.0011,29.2,77.0,11.2,1004.0,unknown,2.0,10.17,43.87,0.06,0.24,70.75,42.08,0.0,53.0,,19.0,26.0,6.0,4.0,0.0,0.3999999999999986,52.6,51.9,58.3,52.56666666666669,55.90833333333333,3.2101627571741065,0.2318212901755185,51.4,32.6,52.0
2026-06-26 20:00:00,Karachi,24.8607,67.0011,29.1,77.0,9.9,1003.8,unknown,2.0,10.29,43.57,0.06,0.24,70.87,42.16,0.0,53.2,,20.0,26.0,6.0,4.0,0.0,0.2000000000000028,53.0,52.1,58.0,52.93333333333336,55.708333333333336,3.223678248412355,0.2361716777599265,51.5,48.7,52.2
2026-06-26 21:00:00,Karachi,24.8607,67.0011,28.9,78.0,9.4,1003.2,unknown,2.0,10.23,42.28,0.06,0.24,71.1,42.43,0.0,53.1,,21.0,26.0,6.0,4.0,0.0,-0.1000000000000014,53.2,52.6,57.7,53.100000000000016,55.51666666666666,3.236835097635822,0.2419583727530747,51.8,47.4,52.2
2026-06-26 22:00:00,Karachi,24.8607,67.0011,28.9,77.0,8.8,1003.1,unknown,2.0,10.09,40.58,0.06,0.23,71.54,43.04,0.0,52.8,,22.0,26.0,6.0,4.0,0.0,-0.3000000000000042,53.1,53.0,57.9,53.03333333333335,55.304166666666674,3.2409712938482103,0.2486446525381961,52.1,47.1,52.4
2026-06-26 23:00:00,Karachi,24.8607,67.0011,28.8,77.0,8.6,1003.1,unknown,2.0,10.02,39.41,0.06,0.22,72.22,43.81,0.0,52.7,,23.0,26.0,6.0,4.0,0.0,-0.0999999999999943,52.8,53.2,58.5,52.86666666666668,55.0625,3.2083874454330017,0.2542501903070286,52.5,47.7,53.0
2026-06-27 00:00:00,Karachi,24.8607,67.0011,29.0,78.0,9.3,1003.2,unknown,2.0,10.12,39.24,0.06,0.22,72.64,44.54,0.0,52.9,,0.0,27.0,6.0,5.0,1.0,0.1999999999999957,52.7,53.1,59.4,52.80000000000001,54.79166666666666,3.098795932599689,0.2579001019367991,52.9,48.9,53.9
2026-06-27 01:00:00,Karachi,24.8607,67.0011,28.8,79.0,9.0,1003.7,unknown,2.0,10.43,39.91,0.06,0.22,73.16,44.95,0.0,53.5,,1.0,27.0,6.0,5.0,1.0,0.6000000000000014,52.9,52.8,60.2,53.03333333333334,54.5125,2.8847895711087417,0.2613380105236783,53.3,51.1,54.8
2026-06-27 02:00:00,Karachi,24.8607,67.0011,29.4,75.0,10.6,1004.0,unknown,2.0,10.99,41.36,0.07,0.22,73.42,45.1,0.0,54.5,,2.0,27.0,6.0,5.0,1.0,1.0,53.5,52.7,60.6,53.63333333333335,54.25833333333333,2.5774805134305456,0.265715667311412,53.7,51.7,55.4
2026-06-27 03:00:00,Karachi,24.8607,67.0011,30.2,72.0,12.1,1004.4,unknown,2.0,11.65,43.26,0.06,0.22,73.62,45.18,0.0,55.8,,3.0,27.0,6.0,5.0,1.0,1.2999999999999972,54.5,52.9,60.5,54.600000000000016,54.0625,2.238946277782365,0.2693018955154878,54.1,52.0,55.4
2026-06-27 04:00:00,Karachi,24.8607,67.0011,30.9,68.0,12.8,1004.6,unknown,2.0,12.19,45.26,0.05,0.21,73.66,45.22,0.0,56.8,,4.0,27.0,6.0,5.0,1.0,1.0,55.8,53.5,59.8,55.70000000000001,53.9375,1.9725976032533408,0.2693327441449403,54.5,52.3,55.2
2026-06-27 05:00:00,Karachi,24.8607,67.0011,31.3,67.0,13.5,1004.7,unknown,2.0,12.52,46.71,0.05,0.2,73.83,45.47,0.0,57.4,,5.0,27.0,6.0,5.0,1.0,0.6000000000000014,56.8,54.5,58.8,56.66666666666668,53.87916666666666,1.8387091801827735,0.2680368229501177,54.8,53.1,55.2
2026-06-27 06:00:00,Karachi,24.8607,67.0011,31.7,66.0,13.8,1004.5,unknown,2.0,12.66,47.25,0.04,0.19,74.23,45.64,0.0,57.6,,6.0,27.0,6.0,5.0,1.0,0.2000000000000028,57.4,55.8,57.7,57.26666666666668,53.875,1.8297659627050449,0.2679365079365079,55.1,54.1,55.2
2026-06-27 07:00:00,Karachi,24.8607,67.0011,31.7,66.0,13.0,1004.0,unknown,2.0,12.69,47.64,0.03,0.18,74.37,45.54,0.0,57.7,,7.0,27.0,6.0,5.0,1.0,0.1000000000000014,57.6,56.8,56.6,57.56666666666669,53.92083333333333,1.9128806337180564,0.2663727959697733,55.5,55.2,55.1
2026-06-27 08:00:00,Karachi,24.8607,67.0011,32.4,64.0,13.4,1003.6,unknown,2.0,12.66,47.96,0.03,0.17,74.47,45.13,0.0,57.6,,8.0,27.0,6.0,5.0,1.0,-0.1000000000000014,57.7,57.4,55.6,57.63333333333335,54.00416666666667,2.02923827359614,0.2639699749791493,56.0,56.3,54.8
2026-06-27 09:00:00,Karachi,24.8607,67.0011,31.7,67.0,14.6,1003.0,unknown,2.0,12.6,47.87,0.03,0.16,74.38,44.42,0.0,57.5,,9.0,27.0,6.0,5.0,1.0,-0.1000000000000014,57.6,57.6,54.8,57.600000000000016,54.116666666666674,2.1467197761036045,0.2632128681846668,56.0,56.9,54.3
2026-06-27 10:00:00,Karachi,24.8607,67.0011,31.3,69.0,14.8,1002.3,unknown,2.0,12.56,48.05,0.03,0.16,74.21,43.7,0.0,57.4,,10.0,27.0,6.0,5.0,1.0,-0.1000000000000014,57.5,57.7,54.1,57.50000000000002,54.25416666666666,2.248860419950191,0.2613943808532779,55.6,57.1,53.7
2026-06-27 11:00:00,Karachi,24.8607,67.0011,31.1,70.0,15.1,1001.5,unknown,2.0,12.41,47.93,0.03,0.16,73.78,43.1,0.0,57.2,,11.0,27.0,6.0,5.0,1.0,-0.1999999999999957,57.4,57.6,53.4,57.36666666666668,54.4125,2.3187913830859173,0.2589192572501564,55.0,56.6,53.6
2026-06-27 12:00:00,Karachi,24.8607,67.0011,31.3,68.0,15.2,1001.5,unknown,2.0,12.07,46.97,0.03,0.17,73.38,42.76,0.0,56.5,,12.0,27.0,6.0,5.0,1.0,-0.7000000000000028,57.2,57.5,52.7,57.03333333333335,54.57083333333333,2.3264974918797257,0.2569725356610602,54.4,55.9,54.2
2026-06-27 13:00:00,Karachi,24.8607,67.0011,30.6,71.0,14.8,1001.4,unknown,2.0,11.55,44.97,0.04,0.17,73.05,42.94,0.0,55.6,,13.0,27.0,6.0,5.0,1.0,-0.8999999999999986,56.5,57.4,52.2,56.433333333333344,54.7125,2.2788846432857683,0.256837891927952,54.0,54.9,55.6
2026-06-27 14:00:00,Karachi,24.8607,67.0011,30.0,73.0,14.5,1001.9,unknown,2.0,10.87,42.09,0.05,0.17,72.9,43.25,0.0,54.3,,14.0,27.0,6.0,5.0,1.0,-1.3000000000000045,55.6,57.2,51.9,55.46666666666668,54.8125,2.2014446837621184,0.2582561178427179,53.6,53.6,57.3
2026-06-27 15:00:00,Karachi,24.8607,67.0011,29.6,75.0,13.8,1002.2,unknown,2.0,10.25,39.53,0.06,0.18,72.72,43.77,0.0,53.1,,15.0,27.0,6.0,5.0,1.0,-1.1999999999999955,54.3,56.5,51.8,54.33333333333335,54.86666666666667,2.1392129122811148,0.2592967366557045,53.1,52.8,59.4
2026-06-27 16:00:00,Karachi,24.8607,67.0011,29.4,77.0,13.7,1002.6,unknown,2.0,9.77,37.1,0.06,0.18,72.66,44.18,0.0,52.2,,16.0,27.0,6.0,5.0,1.0,-0.8999999999999986,53.1,55.6,51.9,53.20000000000002,54.87916666666667,2.121930861202224,0.2633423180592992,52.6,52.0,61.3
2026-06-27 17:00:00,Karachi,24.8607,67.0011,29.3,77.0,12.9,1003.0,unknown,2.0,9.47,34.86,0.06,0.18,72.41,44.5,0.0,51.7,,17.0,27.0,6.0,5.0,1.0,-0.5,52.2,54.3,52.1,52.33333333333335,54.8625,2.146141633969146,0.2716580608146873,52.0,51.5,63.2
2026-06-27 18:00:00,Karachi,24.8607,67.0011,29.1,79.0,13.4,1003.5,unknown,2.0,9.34,33.29,0.06,0.19,72.31,44.63,0.0,51.4,,18.0,27.0,6.0,5.0,1.0,-0.3000000000000042,51.7,53.1,52.6,51.76666666666668,54.8125,2.214048524666417,0.2805647341544007,51.5,51.7,65.5
2026-06-27 19:00:00,Karachi,24.8607,67.0011,28.9,79.0,12.9,1003.1,unknown,2.0,9.32,32.45,0.06,0.19,72.05,44.62,0.0,51.4,,19.0,27.0,6.0,5.0,1.0,0.0,51.4,52.2,53.0,51.50000000000002,54.74583333333334,2.2936546054904894,0.287211093990755,32.6,52.0,68.0
2026-06-27 20:00:00,Karachi,24.8607,67.0011,28.6,82.0,12.8,1002.6,unknown,2.0,9.38,32.04,0.06,0.2,71.95,44.52,0.0,51.5,,20.0,27.0,6.0,5.0,1.0,0.1000000000000014,51.4,51.7,53.2,51.433333333333344,54.675,2.3684979646831192,0.2927590511860175,48.7,52.2,70.6
2026-06-27 21:00:00,Karachi,24.8607,67.0011,28.5,83.0,13.0,1002.1,unknown,2.0,9.51,32.05,0.06,0.2,72.02,44.3,0.0,51.8,,21.0,27.0,6.0,5.0,1.0,0.2999999999999971,51.5,51.4,53.1,51.56666666666669,54.62083333333334,2.420380704276841,0.2967238689547582,47.4,52.2,72.5
2026-06-27 22:00:00,Karachi,24.8607,67.0011,28.3,84.0,11.7,1002.0,unknown,2.0,9.7,32.2,0.06,0.2,72.14,44.17,0.0,52.1,,22.0,27.0,6.0,5.0,1.0,0.3000000000000042,51.8,51.4,52.8,51.80000000000001,54.59166666666666,2.447344020287234,0.3012422360248447,47.1,52.4,73.3
2026-06-27 23:00:00,Karachi,24.8607,67.0011,28.3,84.0,11.3,1001.5,unknown,2.0,9.89,32.22,0.06,0.21,72.48,44.1,0.0,52.5,,23.0,27.0,6.0,5.0,1.0,0.3999999999999986,52.1,51.5,52.7,52.13333333333335,54.583333333333336,2.4543956427249034,0.3069522036002483,47.7,53.0,72.8
2026-06-28 00:00:00,Karachi,24.8607,67.0011,29.0,79.0,11.7,1001.6,unknown,2.0,10.12,32.64,0.06,0.21,72.69,44.19,0.0,52.9,,0.0,28.0,6.0,6.0,1.0,0.3999999999999986,52.5,51.8,52.9,52.50000000000002,54.583333333333336,2.4543956427249034,0.3100490196078431,48.9,53.9,71.9
2026-06-28 01:00:00,Karachi,24.8607,67.0011,28.9,79.0,12.8,1001.5,unknown,2.0,10.34,32.63,0.06,0.21,72.94,44.33,0.0,53.3,,1.0,28.0,6.0,6.0,1.0,0.3999999999999986,52.9,52.1,53.5,52.90000000000001,54.575,2.458569750363778,0.3168863009500459,51.1,54.8,71.2
2026-06-28 02:00:00,Karachi,24.8607,67.0011,29.2,78.0,15.7,1001.8,unknown,2.0,10.56,32.74,0.06,0.21,73.22,44.63,0.0,53.7,,2.0,28.0,6.0,6.0,1.0,0.4000000000000057,53.3,52.5,54.5,53.30000000000001,54.54166666666666,2.4650454915426714,0.3225412339645693,51.7,55.4,70.2
2026-06-28 03:00:00,Karachi,24.8607,67.0011,29.9,74.0,16.9,1002.3,unknown,2.0,10.79,33.15,0.06,0.21,73.56,45.09,0.0,54.1,,3.0,28.0,6.0,6.0,1.0,0.3999999999999986,53.7,52.9,55.8,53.70000000000002,54.47083333333333,2.4517037849805488,0.3254901960784314,52.0,55.4,69.2
2026-06-28 04:00:00,Karachi,24.8607,67.0011,30.7,70.0,16.6,1002.6,unknown,2.0,10.98,34.0,0.05,0.21,73.95,45.69,0.0,54.5,,4.0,28.0,6.0,6.0,1.0,0.3999999999999986,54.1,53.3,56.8,54.100000000000016,54.375,2.40113197942582,0.3229411764705882,52.3,55.2,68.5
2026-06-28 05:00:00,Karachi,24.8607,67.0011,31.5,66.0,16.1,1002.5,unknown,2.0,11.15,35.06,0.04,0.2,74.36,46.22,0.0,54.8,,5.0,28.0,6.0,6.0,1.0,0.2999999999999971,54.5,53.7,57.4,54.46666666666668,54.26666666666667,2.315855868962886,0.3180262407301768,53.1,55.2,69.1
2026-06-28 06:00:00,Karachi,24.8607,67.0011,32.1,63.0,16.6,1002.4,unknown,2.0,11.32,36.04,0.03,0.2,74.99,46.54,0.0,55.1,,6.0,28.0,6.0,6.0,1.0,0.3000000000000042,54.8,54.1,57.6,54.80000000000001,54.1625,2.213361107302008,0.3140954495005549,54.1,55.2,70.1
2026-06-28 07:00:00,Karachi,24.8607,67.0011,31.9,65.0,16.3,1002.0,unknown,2.0,11.53,37.53,0.03,0.2,75.46,46.44,0.0,55.5,,7.0,28.0,6.0,6.0,1.0,0.3999999999999986,55.1,54.5,57.7,55.13333333333335,54.07083333333333,2.1033057142386897,0.3072208899547028,55.2,55.1,71.2
2026-06-28 08:00:00,Karachi,24.8607,67.0011,31.9,64.0,16.8,1001.6,unknown,2.0,11.76,39.23,0.03,0.2,75.66,45.9,0.0,56.0,,8.0,28.0,6.0,6.0,1.0,0.5,55.5,54.8,57.6,55.53333333333334,54.00416666666666,2.009862458344406,0.299770583736936,56.3,54.8,71.7
2026-06-28 09:00:00,Karachi,24.8607,67.0011,31.9,65.0,18.3,1001.2,unknown,2.0,11.76,40.03,0.03,0.2,75.81,45.12,0.0,56.0,,9.0,28.0,6.0,6.0,1.0,0.0,56.0,55.1,57.5,55.83333333333335,53.94166666666666,1.9176336565133352,0.2937796652510617,56.9,54.3,71.5
2026-06-28 10:00:00,Karachi,24.8607,67.0011,31.1,68.0,19.6,1000.6,unknown,2.0,11.59,40.12,0.03,0.2,75.81,44.53,0.0,55.6,,10.0,28.0,6.0,6.0,1.0,-0.3999999999999986,56.0,55.5,57.4,55.86666666666668,53.86666666666667,1.8085946181404715,0.2888833499501496,57.1,53.7,70.9
2026-06-28 11:00:00,Karachi,24.8607,67.0011,31.1,69.0,19.0,1000.1,unknown,2.0,11.25,39.67,0.03,0.2,75.4,44.0,0.0,55.0,,11.0,28.0,6.0,6.0,1.0,-0.6000000000000014,55.6,56.0,57.2,55.53333333333335,53.775,1.683745824052171,0.2835896143181245,56.6,53.6,70.4
2026-06-28 12:00:00,Karachi,24.8607,67.0011,30.7,70.0,19.6,999.6,unknown,2.0,10.92,39.2,0.04,0.21,74.79,43.58,0.0,54.4,,12.0,28.0,6.0,6.0,1.0,-0.6000000000000014,55.0,56.0,56.5,55.00000000000002,53.6875,1.587810223030769,0.2785714285714285,55.9,54.2,70.2
2026-06-28 13:00:00,Karachi,24.8607,67.0011,30.2,72.0,18.7,999.8,unknown,2.0,10.7,38.95,0.05,0.22,74.42,43.42,0.0,54.0,,13.0,28.0,6.0,6.0,1.0,-0.3999999999999986,54.4,55.6,55.6,54.46666666666668,53.62083333333334,1.536789190001673,0.2747111681643132,54.9,55.6,70.0
2026-06-28 14:00:00,Karachi,24.8607,67.0011,29.7,75.0,18.2,1000.0,unknown,2.0,10.47,38.57,0.06,0.22,73.97,43.26,0.0,53.6,,14.0,28.0,6.0,6.0,1.0,-0.3999999999999986,54.0,55.0,54.3,54.00000000000002,53.59166666666666,1.5299663726574326,0.2714544983147524,53.6,57.3,69.3
2026-06-28 15:00:00,Karachi,24.8607,67.0011,29.6,75.0,17.7,1000.5,unknown,2.0,10.24,38.14,0.06,0.23,73.72,43.17,0.0,53.1,,15.0,28.0,6.0,6.0,1.0,-0.5,53.6,54.4,53.1,53.56666666666669,53.59166666666667,1.5299663726574326,0.2684845306764551,52.8,59.4,68.4
2026-06-28 16:00:00,Karachi,24.8607,67.0011,29.4,76.0,19.0,1001.0,unknown,2.0,9.96,37.43,0.06,0.23,73.74,43.28,0.0,52.6,,16.0,28.0,6.0,6.0,1.0,-0.5,53.1,54.0,52.2,53.100000000000016,53.60833333333333,1.516264479247518,0.266096713865883,52.0,61.3,67.5
2026-06-28 17:00:00,Karachi,24.8607,67.0011,29.3,77.0,17.8,1001.6,unknown,2.0,9.63,36.49,0.06,0.24,74.02,43.53,0.0,52.0,,17.0,28.0,6.0,6.0,1.0,-0.6000000000000014,52.6,53.6,51.7,52.56666666666669,53.62083333333333,1.5010081153451789,0.2639079199780761,51.5,63.2,67.7
2026-06-28 18:00:00,Karachi,24.8607,67.0011,29.0,78.0,17.0,1002.1,unknown,2.0,9.36,35.89,0.06,0.24,74.31,43.68,0.0,51.5,,18.0,28.0,6.0,6.0,1.0,-0.5,52.0,53.1,51.4,52.03333333333335,53.625,1.494700784369852,0.2607968793535803,51.7,65.5,69.1
2026-06-28 19:00:00,Karachi,24.8607,67.0011,28.8,80.0,16.2,1001.5,unknown,2.0,9.08,35.24,0.06,0.25,74.38,43.68,0.0,32.6,,19.0,28.0,6.0,6.0,1.0,-18.9,51.5,52.6,51.4,45.36666666666668,52.84166666666667,4.538522711831567,0.2576617480136208,52.0,68.0,71.0
2026-06-28 20:00:00,Karachi,24.8607,67.0011,28.6,81.0,14.9,1001.2,unknown,2.0,8.77,34.41,0.06,0.25,74.43,43.79,0.0,48.7,,20.0,28.0,6.0,6.0,1.0,16.1,32.6,52.0,51.5,44.26666666666669,52.725,4.609937281476222,0.2548677709968032,52.2,70.6,72.3
2026-06-28 21:00:00,Karachi,24.8607,67.0011,28.5,82.0,14.0,1000.7,unknown,2.0,8.54,33.69,0.06,0.25,74.53,43.94,0.0,47.4,,21.0,28.0,6.0,6.0,1.0,-1.3000000000000045,48.7,51.5,51.8,42.90000000000001,52.54166666666666,4.734142102777383,0.2534876818046898,52.2,72.5,72.4
2026-06-28 22:00:00,Karachi,24.8607,67.0011,28.3,82.0,13.9,1000.5,unknown,2.0,8.48,32.23,0.06,0.25,74.68,44.0,0.0,47.1,,22.0,28.0,6.0,6.0,1.0,-0.2999999999999971,47.4,32.6,52.1,47.73333333333335,52.333333333333336,4.862694428139973,0.26310890474713,52.4,73.3,71.3
2026-06-28 23:00:00,Karachi,24.8607,67.0011,28.2,83.0,13.6,1000.3,unknown,2.0,8.59,30.86,0.06,0.25,74.88,44.05,0.0,47.7,,23.0,28.0,6.0,6.0,1.0,0.6000000000000014,47.1,48.7,52.5,47.40000000000001,52.13333333333333,4.95340608915445,0.2783538561244329,53.0,72.8,69.2
2026-06-29 00:00:00,Karachi,24.8607,67.0011,28.3,82.0,14.9,1000.1,unknown,2.0,8.81,30.25,0.06,0.24,75.02,44.04,0.0,48.9,,0.0,29.0,6.0,0.0,0.0,1.1999999999999955,47.7,47.4,52.9,47.90000000000001,51.96666666666667,4.993619116840262,0.2912396694214876,53.9,71.9,67.3
2026-06-29 01:00:00,Karachi,24.8607,67.0011,28.2,82.0,14.8,1000.3,unknown,2.0,9.14,30.31,0.06,0.24,75.2,44.13,0.0,51.1,,1.0,29.0,6.0,0.0,0.0,2.200000000000003,48.9,47.1,53.3,49.23333333333335,51.875,4.988268846701342,0.3015506433520291,54.8,71.2,65.6
2026-06-29 02:00:00,Karachi,24.8607,67.0011,28.8,79.0,16.9,1000.7,unknown,2.0,9.45,30.66,0.07,0.24,75.57,44.38,0.0,51.7,,2.0,29.0,6.0,0.0,0.0,0.6000000000000014,51.1,47.7,53.7,50.56666666666669,51.79166666666666,4.973137988161,0.3082191780821917,55.4,70.2,64.6
2026-06-29 03:00:00,Karachi,24.8607,67.0011,29.6,74.0,17.7,1001.0,unknown,2.0,9.66,30.84,0.06,0.24,75.9,44.71,0.0,52.0,,3.0,29.0,6.0,0.0,0.0,0.2999999999999971,51.7,48.9,54.1,51.600000000000016,51.70416666666667,4.949174649389499,0.3132295719844358,55.4,69.2,64.0
2026-06-29 04:00:00,Karachi,24.8607,67.0011,30.3,70.0,18.1,1001.3,unknown,2.0,9.82,31.47,0.05,0.23,76.07,45.05,0.0,52.3,,4.0,29.0,6.0,0.0,0.0,0.2999999999999971,52.0,51.1,54.5,52.00000000000002,51.6125,4.9153983871465226,0.3120432157610422,55.2,68.5,64.1
2026-06-29 05:00:00,Karachi,24.8607,67.0011,30.9,67.0,18.6,1001.6,unknown,2.0,10.23,33.38,0.05,0.24,76.14,44.99,0.0,53.1,,5.0,29.0,6.0,0.0,0.0,0.8000000000000043,52.3,51.7,54.8,52.46666666666668,51.54166666666666,4.879586285624576,0.3064709406830437,55.2,69.1,64.9
2026-06-29 06:00:00,Karachi,24.8607,67.0011,31.7,62.0,18.8,1001.7,unknown,2.0,10.79,36.1,0.04,0.24,76.04,44.54,0.0,54.1,,6.0,29.0,6.0,0.0,0.0,1.0,53.1,52.0,55.1,53.166666666666686,51.5,4.852072618548394,0.2988919667590027,55.2,70.1,66.0
2026-06-29 07:00:00,Karachi,24.8607,67.0011,31.8,60.0,19.0,1001.3,unknown,2.0,11.35,39.24,0.04,0.24,75.65,43.85,0.0,55.2,,7.0,29.0,6.0,0.0,0.0,1.1000000000000014,54.1,52.3,55.5,54.13333333333335,51.4875,4.841695040952097,0.2892456676860346,55.1,71.2,67.0
2026-06-29 08:00:00,Karachi,24.8607,67.0011,32.2,59.0,19.3,1000.6,unknown,2.0,11.92,42.74,0.04,0.25,75.01,42.98,0.0,56.3,,8.0,29.0,6.0,0.0,0.0,1.0999999999999943,55.2,53.1,56.0,55.20000000000002,51.5,4.8542227246887295,0.2788956481048198,54.8,71.7,67.9
2026-06-29 09:00:00,Karachi,24.8607,67.0011,32.1,60.0,19.9,1000.0,unknown,2.0,12.25,45.38,0.04,0.26,74.37,42.32,0.0,56.9,,9.0,29.0,6.0,0.0,0.0,0.6000000000000014,56.3,54.1,56.0,56.13333333333335,51.5375,4.893812641890566,0.2699427060379021,54.3,71.5,68.5
2026-06-29 10:00:00,Karachi,24.8607,67.0011,31.6,62.0,19.3,999.5,unknown,2.0,12.35,46.84,0.04,0.26,74.01,41.93,0.0,57.1,,10.0,29.0,6.0,0.0,0.0,0.2000000000000028,56.9,55.2,55.6,56.76666666666668,51.6,4.957120482525687,0.263663535439795,53.7,70.9,68.4
2026-06-29 11:00:00,Karachi,24.8607,67.0011,31.3,64.0,19.2,999.0,unknown,2.0,12.13,46.39,0.04,0.26,73.54,41.75,0.0,56.6,,11.0,29.0,6.0,0.0,0.0,-0.5,57.1,56.3,55.0,56.86666666666668,51.66666666666668,5.015252099665896,0.2614787669756413,53.6,70.4,67.5
2026-06-29 12:00:00,Karachi,24.8607,67.0011,30.9,64.0,18.7,999.0,unknown,2.0,11.71,44.64,0.04,0.26,73.25,41.65,0.0,55.9,,12.0,29.0,6.0,0.0,0.0,-0.7000000000000028,56.6,56.9,54.4,56.53333333333334,51.72916666666666,5.059943217303289,0.262320788530466,54.2,70.2,66.2
2026-06-29 13:00:00,Karachi,24.8607,67.0011,30.2,66.0,18.0,999.0,unknown,2.0,11.19,42.38,0.05,0.26,73.2,41.82,0.0,54.9,,13.0,29.0,6.0,0.0,0.0,-1.0,55.9,57.1,54.0,55.80000000000001,51.76666666666667,5.080796468432669,0.2640396413402548,55.6,70.0,65.0
2026-06-29 14:00:00,Karachi,24.8607,67.0011,29.8,69.0,17.8,999.1,unknown,2.0,10.52,39.61,0.06,0.26,73.15,42.17,0.0,53.6,,14.0,29.0,6.0,0.0,0.0,-1.2999999999999972,54.9,56.6,53.6,54.80000000000001,51.76666666666667,5.080796468432669,0.2655894976016157,57.3,69.3,64.1
2026-06-29 15:00:00,Karachi,24.8607,67.0011,29.5,71.0,17.2,999.4,unknown,2.0,10.05,38.05,0.06,0.26,73.29,42.64,0.0,52.8,,15.0,29.0,6.0,0.0,0.0,-0.8000000000000043,53.6,55.9,53.1,53.76666666666668,51.75416666666666,5.077741638262253,0.2641261498028909,59.4,68.4,63.9
2026-06-29 16:00:00,Karachi,24.8607,67.0011,29.2,74.0,18.4,1000.3,unknown,2.0,9.62,36.79,0.06,0.26,73.61,43.24,0.0,52.0,,16.0,29.0,6.0,0.0,0.0,-0.7999999999999972,52.8,54.9,52.6,52.80000000000001,51.72916666666666,5.074872383632878,0.2614840989399293,61.3,67.5,64.3
2026-06-29 17:00:00,Karachi,24.8607,67.0011,29.2,75.0,18.4,1000.8,unknown,2.0,9.38,36.02,0.06,0.25,74.19,43.86,0.0,51.5,,17.0,29.0,6.0,0.0,0.0,-0.5,52.0,53.6,52.0,52.100000000000016,51.708333333333336,5.074738516860498,0.260410882842865,63.2,67.7,65.1
2026-06-29 18:00:00,Karachi,24.8607,67.0011,29.1,74.0,18.2,1000.7,unknown,2.0,9.5,36.45,0.06,0.26,74.8,44.12,0.0,51.7,,18.0,29.0,6.0,0.0,0.0,0.2000000000000028,51.5,52.8,51.5,51.73333333333335,51.71666666666667,5.074545742504284,0.2606310013717421,65.5,69.1,65.8
2026-06-29 19:00:00,Karachi,24.8607,67.0011,28.9,76.0,17.1,1000.7,unknown,2.0,9.66,36.59,0.06,0.26,75.03,44.08,0.0,52.0,,19.0,29.0,6.0,0.0,0.0,0.2999999999999971,51.7,52.0,32.6,51.73333333333335,52.525,3.030461293629733,0.2640065591691719,68.0,71.0,65.7
2026-06-29 20:00:00,Karachi,24.8607,67.0011,28.8,76.0,17.3,1000.3,unknown,2.0,9.72,36.55,0.06,0.27,75.35,44.05,0.0,52.2,,20.0,29.0,6.0,0.0,0.0,0.2000000000000028,52.0,51.5,48.7,51.96666666666668,52.67083333333334,2.920613271912585,0.26593707250342,70.6,72.3,65.6
2026-06-29 21:00:00,Karachi,24.8607,67.0011,28.7,77.0,16.2,999.8,unknown,2.0,9.73,36.4,0.06,0.27,75.64,44.13,0.0,52.2,,21.0,29.0,6.0,0.0,0.0,0.0,52.2,51.7,47.4,52.13333333333335,52.87083333333334,2.699996645196393,0.2673076923076923,72.5,72.4,65.8
2026-06-29 22:00:00,Karachi,24.8607,67.0011,28.6,77.0,16.5,999.8,unknown,2.0,9.84,36.13,0.06,0.27,75.79,44.39,0.0,52.4,,22.0,29.0,6.0,0.0,0.0,0.1999999999999957,52.2,52.0,47.1,52.26666666666668,53.09166666666667,2.408484399256699,0.2723498477719346,73.3,71.3,66.1
2026-06-29 23:00:00,Karachi,24.8607,67.0011,28.6,77.0,17.2,999.7,unknown,2.0,10.15,36.06,0.06,0.27,76.15,44.93,0.0,53.0,,23.0,29.0,6.0,0.0,0.0,0.6000000000000014,52.4,52.2,47.7,52.53333333333335,53.3125,2.118102616887488,0.2814753189129229,72.8,69.2,66.1
2026-06-30 00:00:00,Karachi,24.8607,67.0011,28.7,78.0,16.5,999.5,unknown,2.0,10.64,36.68,0.06,0.27,76.62,45.83,0.0,53.9,,0.0,30.0,6.0,1.0,0.0,0.8999999999999986,53.0,52.2,48.9,53.100000000000016,53.520833333333336,1.899880812436022,0.2900763358778626,71.9,67.3,65.9
2026-06-30 01:00:00,Karachi,24.8607,67.0011,28.7,79.0,16.3,999.7,unknown,2.0,11.14,37.4,0.07,0.27,77.03,46.98,0.0,54.8,,1.0,30.0,6.0,1.0,0.0,0.8999999999999986,53.9,52.4,51.1,53.90000000000001,53.675,1.8442036103789896,0.2978609625668449,71.2,65.6,65.7
2026-06-30 02:00:00,Karachi,24.8607,67.0011,29.2,76.0,19.0,1000.1,unknown,2.0,11.44,37.85,0.07,0.27,77.4,48.15,0.0,55.4,,2.0,30.0,6.0,1.0,0.0,0.6000000000000014,54.8,53.0,51.7,54.70000000000001,53.82916666666667,1.8264908542318927,0.3022457067371202,70.2,64.6,65.6
2026-06-30 03:00:00,Karachi,24.8607,67.0011,29.8,73.0,19.8,1000.2,unknown,2.0,11.46,37.86,0.07,0.26,77.71,49.28,0.0,55.4,,3.0,30.0,6.0,1.0,0.0,0.0,55.4,53.9,52.0,55.20000000000001,53.97083333333333,1.8102315889990503,0.3026941362916006,69.2,64.0,65.6
2026-06-30 04:00:00,Karachi,24.8607,67.0011,30.4,70.0,20.9,1000.5,unknown,2.0,11.35,38.19,0.05,0.26,77.68,50.02,0.0,55.2,,4.0,30.0,6.0,1.0,0.0,-0.1999999999999957,55.4,54.8,52.3,55.33333333333335,54.09166666666667,1.7905346946558878,0.2971982194291699,68.5,64.1,65.6
2026-06-30 05:00:00,Karachi,24.8607,67.0011,30.9,67.0,20.3,1000.9,unknown,2.0,11.36,39.63,0.05,0.26,77.17,50.0,0.0,55.2,,5.0,30.0,6.0,1.0,0.0,0.0,55.2,55.4,53.1,55.26666666666668,54.17916666666667,1.7912781850524069,0.2866515266212465,69.1,64.9,65.4
2026-06-30 06:00:00,Karachi,24.8607,67.0011,30.7,69.0,19.4,1000.7,unknown,2.0,11.38,41.34,0.04,0.27,76.57,49.31,0.0,55.2,,6.0,30.0,6.0,1.0,0.0,0.0,55.2,55.4,54.1,55.2,54.225,1.803197642839841,0.2752781809385582,70.1,66.0,65.3
2026-06-30 07:00:00,Karachi,24.8607,67.0011,31.3,66.0,18.9,1000.5,unknown,2.0,11.31,42.68,0.04,0.27,75.64,48.17,0.0,55.1,,7.0,30.0,6.0,1.0,0.0,-0.1000000000000014,55.2,55.2,55.2,55.166666666666686,54.22083333333333,1.8009608948947955,0.2649953139643861,71.2,67.0,65.3
2026-06-30 08:00:00,Karachi,24.8607,67.0011,32.3,61.0,18.9,1000.0,unknown,2.0,11.14,43.11,0.04,0.27,74.88,46.84,0.0,54.8,,8.0,30.0,6.0,1.0,0.0,-0.3000000000000042,55.1,55.2,56.3,55.03333333333335,54.15833333333333,1.751003852870233,0.2584087218742751,71.7,67.9,66.0
2026-06-30 09:00:00,Karachi,24.8607,67.0011,31.8,63.0,19.3,999.5,unknown,2.0,10.85,42.58,0.04,0.27,74.21,45.82,0.0,54.3,,9.0,30.0,6.0,1.0,0.0,-0.5,54.8,55.2,56.9,54.73333333333335,54.05,1.6516131771602531,0.2548144668858619,71.5,68.5,67.4
2026-06-30 10:00:00,Karachi,24.8607,67.0011,31.4,66.0,20.2,999.0,unknown,2.0,10.53,41.32,0.04,0.27,74.04,45.15,0.0,53.7,,10.0,30.0,6.0,1.0,0.0,-0.5999999999999943,54.3,55.1,57.1,54.26666666666668,53.90833333333333,1.5191292318961482,0.2548402710551791,70.9,68.4,69.1
2026-06-30 11:00:00,Karachi,24.8607,67.0011,31.1,68.0,19.0,998.4,unknown,2.0,10.48,40.8,0.04,0.28,73.67,44.52,0.0,53.6,,11.0,30.0,6.0,1.0,0.0,-0.1000000000000014,53.7,54.8,56.6,53.866666666666674,53.78333333333333,1.407330703906513,0.2568627450980392,70.4,67.5,70.7
2026-06-30 12:00:00,Karachi,24.8607,67.0011,31.6,61.0,18.9,998.4,unknown,2.0,10.84,41.91,0.04,0.29,73.22,43.91,0.0,54.2,,12.0,30.0,6.0,1.0,0.0,0.6000000000000014,53.6,54.3,55.9,53.83333333333335,53.712500000000006,1.3371977513068467,0.2586494869959437,70.2,66.2,71.4
2026-06-30 13:00:00,Karachi,24.8607,67.0011,30.8,65.0,18.6,998.4,unknown,2.0,11.56,44.74,0.05,0.31,73.07,43.47,0.0,55.6,,13.0,30.0,6.0,1.0,0.0,1.3999999999999986,54.2,53.7,54.9,54.46666666666668,53.74166666666667,1.371421562271202,0.2583817612874385,70.0,65.0,71.2
2026-06-30 14:00:00,Karachi,24.8607,67.0011,30.0,70.0,18.4,998.3,unknown,2.0,12.5,48.29,0.06,0.32,72.76,43.15,0.0,57.3,,14.0,30.0,6.0,1.0,0.0,1.6999999999999955,55.6,53.6,53.6,55.70000000000002,53.895833333333336,1.5510106569537176,0.2588527645475253,69.3,64.1,70.3
2026-06-30 15:00:00,Karachi,24.8607,67.0011,29.7,73.0,18.2,998.7,unknown,3.0,13.62,52.67,0.07,0.34,72.48,43.04,0.0,59.4,,15.0,30.0,6.0,1.0,0.0,2.1000000000000014,57.3,54.2,52.8,57.433333333333344,54.17083333333334,1.8951836360905845,0.2585912284032656,68.4,63.9,69.6
2026-06-30 16:00:00,Karachi,24.8607,67.0011,29.6,75.0,18.8,999.3,unknown,3.0,14.63,56.82,0.07,0.35,72.3,43.29,0.0,61.3,,16.0,30.0,6.0,1.0,0.0,1.8999999999999984,59.4,55.6,52.0,59.33333333333335,54.55833333333334,2.3323652235969297,0.2574797606476592,67.5,64.3,69.0
2026-06-30 17:00:00,Karachi,24.8607,67.0011,29.4,76.0,18.1,1000.2,unknown,3.0,15.64,60.85,0.07,0.36,72.65,44.07,0.0,63.2,,17.0,30.0,6.0,1.0,0.0,1.9000000000000057,61.3,57.3,51.5,61.30000000000001,55.04583333333334,2.8341058196746194,0.257025472473295,67.7,65.1,68.7
2026-06-30 18:00:00,Karachi,24.8607,67.0011,29.3,77.0,17.1,1000.1,unknown,3.0,16.86,66.08,0.07,0.37,73.25,45.31,0.0,65.5,,18.0,30.0,6.0,1.0,0.0,2.299999999999997,63.2,59.4,51.7,63.33333333333335,55.62083333333334,3.4571890022261007,0.2551452784503631,69.1,65.8,68.7
2026-06-30 19:00:00,Karachi,24.8607,67.0011,29.1,78.0,16.0,999.8,unknown,3.0,18.24,72.56,0.07,0.39,73.7,46.67,0.0,68.0,,19.0,30.0,6.0,1.0,0.0,2.5,65.5,61.3,52.0,65.56666666666668,56.2875,4.192987157666829,0.2513781697905181,71.0,65.7,68.5
2026-06-30 20:00:00,Karachi,24.8607,67.0011,28.9,79.0,15.3,999.7,unknown,3.0,19.6,79.63,0.08,0.4,74.04,47.66,0.0,70.6,,20.0,30.0,6.0,1.0,0.0,2.5999999999999943,68.0,63.2,52.2,68.03333333333335,57.05416666666667,5.014759014252333,0.2461383900539998,72.3,65.6,68.6
2026-06-30 21:00:00,Karachi,24.8607,67.0011,28.7,80.0,15.5,999.2,unknown,3.0,20.66,85.76,0.08,0.41,73.81,47.92,0.0,72.5,,21.0,30.0,6.0,1.0,0.0,1.9000000000000057,70.6,65.5,52.2,70.36666666666667,57.9,5.809437599062512,0.2409048507462686,72.4,65.8,69.3
2026-06-30 22:00:00,Karachi,24.8607,67.0011,28.7,80.0,15.3,999.0,unknown,3.0,21.08,87.76,0.08,0.41,73.04,47.33,0.0,73.3,,22.0,30.0,6.0,1.0,0.0,0.7999999999999972,72.5,68.0,52.4,72.13333333333334,58.770833333333336,6.4772162006647696,0.2402005469462169,71.3,66.1,70.0
2026-06-30 23:00:00,Karachi,24.8607,67.0011,28.5,82.0,15.3,998.7,unknown,3.0,20.79,86.17,0.08,0.41,72.08,46.44,0.0,72.8,,23.0,30.0,6.0,1.0,0.0,-0.5,73.3,70.6,53.0,72.86666666666667,59.59583333333334,6.953665231008474,0.2412672623883021,69.2,66.1,70.5
2026-07-01 00:00:00,Karachi,24.8607,67.0011,28.5,85.0,15.4,998.5,unknown,3.0,20.34,84.3,0.08,0.4,71.24,45.52,0.0,71.9,,0.0,1.0,7.0,2.0,0.0,-0.8999999999999915,72.8,72.5,53.9,72.66666666666669,60.34583333333333,7.275867147882183,0.2412811387900356,67.3,65.9,70.8
2026-07-01 01:00:00,Karachi,24.8607,67.0011,28.5,84.0,14.9,998.6,unknown,3.0,19.92,82.14,0.08,0.4,70.82,45.04,0.0,71.2,,1.0,1.0,7.0,2.0,0.0,-0.7000000000000028,71.9,73.3,54.8,71.96666666666668,61.02916666666667,7.499071198527669,0.2425127830533236,65.6,65.7,71.0
2026-07-01 02:00:00,Karachi,24.8607,67.0011,28.9,82.0,15.4,998.9,unknown,3.0,19.4,78.82,0.08,0.39,70.88,45.19,0.0,70.2,,2.0,1.0,7.0,2.0,0.0,-1.0,71.2,72.8,55.4,71.10000000000002,61.645833333333336,7.623532170433218,0.2461304237503171,64.6,65.6,71.6
2026-07-01 03:00:00,Karachi,24.8607,67.0011,29.8,77.0,17.0,999.1,unknown,3.0,18.89,75.09,0.07,0.38,71.23,45.66,0.0,69.2,,3.0,1.0,7.0,2.0,0.0,-1.0,70.2,71.9,55.4,70.20000000000002,62.22083333333334,7.652335771098244,0.2515647889199627,64.0,65.6,72.5
2026-07-01 04:00:00,Karachi,24.8607,67.0011,30.6,71.0,18.2,999.4,unknown,3.0,18.51,72.18,0.07,0.37,71.18,46.0,0.0,68.5,,4.0,1.0,7.0,2.0,0.0,-0.7000000000000028,69.2,71.2,55.2,69.30000000000001,62.775000000000006,7.603217282406469,0.2564422277639235,64.1,65.6,73.3
2026-07-01 05:00:00,Karachi,24.8607,67.0011,31.2,69.0,18.8,999.3,unknown,3.0,18.79,72.26,0.06,0.38,70.71,45.59,0.0,69.1,,5.0,1.0,7.0,2.0,0.0,0.5999999999999943,68.5,70.2,55.2,68.93333333333335,63.35416666666666,7.530169994424642,0.2600332133960697,64.9,65.4,73.9
2026-07-01 06:00:00,Karachi,24.8607,67.0011,31.1,69.0,18.0,999.4,unknown,3.0,19.36,74.67,0.06,0.39,69.76,44.62,0.0,70.1,,6.0,1.0,7.0,2.0,0.0,1.0,69.1,69.2,55.2,69.23333333333333,63.975,7.442372810030646,0.2592741395473416,66.0,65.3,74.3
2026-07-01 07:00:00,Karachi,24.8607,67.0011,31.3,68.0,18.0,999.2,unknown,3.0,19.96,76.82,0.05,0.4,68.86,43.5,0.0,71.2,,7.0,1.0,7.0,2.0,0.0,1.1000000000000083,70.1,68.5,55.1,70.13333333333334,64.64583333333333,7.332416362301693,0.2598281697474616,67.0,65.3,75.2
2026-07-01 08:00:00,Karachi,24.8607,67.0011,31.8,67.0,18.2,998.6,unknown,3.0,20.22,77.02,0.05,0.41,68.02,42.45,0.0,71.7,,8.0,1.0,7.0,2.0,0.0,0.5,71.2,69.1,54.8,71.00000000000001,65.35000000000001,7.155113707965594,0.2625292131913788,67.9,66.0,75.1
2026-07-01 09:00:00,Karachi,24.8607,67.0011,31.3,69.0,18.0,998.0,unknown,3.0,20.09,75.9,0.05,0.4,67.61,41.65,0.0,71.5,,9.0,1.0,7.0,2.0,0.0,-0.2000000000000028,71.7,70.1,54.3,71.46666666666668,66.06666666666666,6.855316354395625,0.2646903820816864,68.5,67.4,74.1
2026-07-01 10:00:00,Karachi,24.8607,67.0011,31.3,70.0,18.0,997.7,unknown,3.0,19.77,75.62,0.04,0.4,67.75,41.24,0.0,70.9,,10.0,1.0,7.0,2.0,0.0,-0.5999999999999943,71.5,71.2,53.7,71.36666666666669,66.78333333333335,6.38950679641647,0.2614387728114255,68.4,69.1,73.7
2026-07-01 11:00:00,Karachi,24.8607,67.0011,31.2,70.0,17.4,997.2,unknown,3.0,19.51,75.97,0.04,0.41,67.95,40.85,0.0,70.4,,11.0,1.0,7.0,2.0,0.0,-0.5,70.9,71.7,53.6,70.93333333333335,67.48333333333333,5.772925312756879,0.2568118994339871,67.5,70.7,74.5
2026-07-01 12:00:00,Karachi,24.8607,67.0011,31.4,69.0,16.4,997.1,unknown,3.0,19.41,76.35,0.05,0.41,67.93,40.37,0.0,70.2,,12.0,1.0,7.0,2.0,0.0,-0.2000000000000028,70.4,71.5,54.2,70.50000000000001,68.14999999999999,5.050957722357753,0.2542239685658153,66.2,71.4,76.0
2026-07-01 13:00:00,Karachi,24.8607,67.0011,30.4,74.0,16.4,997.1,unknown,3.0,19.3,77.13,0.06,0.42,67.96,39.95,0.0,70.0,,13.0,1.0,7.0,2.0,0.0,-0.2000000000000028,70.2,70.9,55.6,70.2,68.75,4.293878352299855,0.2502268896667963,65.0,71.2,77.3
2026-07-01 14:00:00,Karachi,24.8607,67.0011,29.9,78.0,17.8,997.3,unknown,3.0,18.91,76.72,0.07,0.42,67.85,39.52,0.0,69.3,,14.0,1.0,7.0,2.0,0.0,-0.7000000000000028,70.0,70.4,57.3,69.83333333333336,69.25,3.534057896723315,0.2464807090719499,64.1,70.3,78.1
2026-07-01 15:00:00,Karachi,24.8607,67.0011,29.6,80.0,17.2,997.9,unknown,3.0,18.45,75.5,0.08,0.43,67.82,39.17,0.0,68.4,,15.0,1.0,7.0,2.0,0.0,-0.8999999999999915,69.3,70.2,59.4,69.23333333333335,69.625,2.855848309210107,0.2443708609271523,63.9,69.6,78.6
2026-07-01 16:00:00,Karachi,24.8607,67.0011,29.4,81.0,16.3,998.9,unknown,3.0,17.98,73.56,0.08,0.43,67.86,39.11,0.0,67.5,,16.0,1.0,7.0,2.0,0.0,-0.9000000000000057,68.4,70.0,61.3,68.40000000000002,69.88333333333334,2.29549022265822,0.244426318651441,64.3,69.0,78.0
2026-07-01 17:00:00,Karachi,24.8607,67.0011,29.2,83.0,14.8,999.8,unknown,3.0,18.05,74.25,0.09,0.44,68.16,39.28,0.0,67.7,,17.0,1.0,7.0,2.0,0.0,0.2000000000000028,67.5,69.3,63.2,67.86666666666667,70.07083333333334,1.870242757241689,0.2430976430976431,65.1,68.7,78.1
2026-07-01 18:00:00,Karachi,24.8607,67.0011,29.6,80.0,14.0,999.5,unknown,3.0,18.79,79.17,0.09,0.45,68.18,39.14,0.0,69.1,,18.0,1.0,7.0,2.0,0.0,1.3999999999999917,67.7,68.4,65.5,68.10000000000002,70.22083333333333,1.6146016244874437,0.2373373752684097,65.8,68.7,79.4
2026-07-01 19:00:00,Karachi,24.8607,67.0011,29.3,81.0,13.3,999.5,unknown,3.0,19.81,85.89,0.09,0.47,67.68,38.63,0.0,71.0,,19.0,1.0,7.0,2.0,0.0,1.9000000000000057,69.1,67.5,68.0,69.2666666666667,70.34583333333333,1.5500292189860292,0.230643846780766,65.7,68.5,81.8
2026-07-01 20:00:00,Karachi,24.8607,67.0011,29.2,81.0,13.4,999.4,unknown,3.0,20.54,89.43,0.1,0.48,66.89,38.09,0.0,72.3,,20.0,1.0,7.0,2.0,0.0,1.2999999999999972,71.0,67.7,70.6,70.80000000000001,70.41666666666667,1.6001811491656714,0.2296768422229676,65.6,68.6,84.8
2026-07-01 21:00:00,Karachi,24.8607,67.0011,28.8,84.0,13.2,999.0,unknown,3.0,20.6,88.24,0.1,0.48,66.4,37.93,0.0,72.4,,21.0,1.0,7.0,2.0,0.0,0.1000000000000085,72.3,69.1,72.5,71.90000000000002,70.41250000000001,1.5946411617611196,0.2334542157751586,65.8,69.3,87.4
2026-07-01 22:00:00,Karachi,24.8607,67.0011,28.7,85.0,12.7,998.8,unknown,3.0,20.0,81.79,0.1,0.47,66.26,38.46,0.0,71.3,,22.0,1.0,7.0,2.0,0.0,-1.1000000000000083,72.4,71.0,73.3,72.00000000000001,70.32916666666667,1.485723119698319,0.2445286709866731,66.1,70.0,90.4
2026-07-01 23:00:00,Karachi,24.8607,67.0011,28.6,86.0,12.6,998.5,unknown,3.0,18.89,74.26,0.09,0.45,66.71,39.73,0.0,69.2,,23.0,1.0,7.0,2.0,0.0,-2.0999999999999943,71.3,72.3,72.8,70.96666666666668,70.17916666666666,1.4049537101045912,0.2543765149474818,66.1,70.5,92.5
2026-07-02 00:00:00,Karachi,24.8607,67.0011,28.6,87.0,12.1,998.4,unknown,3.0,17.85,68.91,0.09,0.44,67.38,41.2,0.0,67.3,,0.0,2.0,7.0,3.0,0.0,-1.9000000000000057,69.2,72.4,71.9,69.2666666666667,69.9875,1.472150896093921,0.2590335219851981,65.9,70.8,94.1
2026-07-02 01:00:00,Karachi,24.8607,67.0011,28.5,87.0,11.6,998.8,unknown,3.0,16.96,64.87,0.08,0.43,67.79,42.41,0.0,65.6,,1.0,2.0,7.0,3.0,0.0,-1.7000000000000028,67.3,71.3,71.2,67.36666666666667,69.75416666666666,1.6980754238043394,0.2614459688607985,65.7,71.0,95.5
2026-07-02 02:00:00,Karachi,24.8607,67.0011,29.0,84.0,11.8,999.3,unknown,3.0,16.39,61.15,0.09,0.41,68.07,43.26,0.0,64.6,,2.0,2.0,7.0,3.0,0.0,-1.0,65.6,69.2,70.2,65.83333333333336,69.52083333333333,1.993244932846882,0.2680294358135732,65.6,71.6,96.1
2026-07-02 03:00:00,Karachi,24.8607,67.0011,29.9,78.0,12.3,999.6,unknown,3.0,16.09,57.56,0.08,0.4,68.09,43.84,0.0,64.0,,3.0,2.0,7.0,3.0,0.0,-0.5999999999999943,64.6,67.3,69.2,64.73333333333335,69.30416666666666,2.290145081158554,0.2795343988881167,65.6,72.5,95.3
2026-07-02 04:00:00,Karachi,24.8607,67.0011,30.7,74.0,13.7,999.9,unknown,3.0,16.11,57.07,0.08,0.39,68.07,44.35,0.0,64.1,,4.0,2.0,7.0,3.0,0.0,0.0999999999999943,64.0,65.6,68.5,64.23333333333335,69.12083333333332,2.521728042204753,0.2822849132644121,65.6,73.3,94.5
2026-07-02 05:00:00,Karachi,24.8607,67.0011,31.2,72.0,14.0,1000.4,unknown,3.0,16.58,59.45,0.07,0.39,68.15,44.66,0.0,64.9,,5.0,2.0,7.0,3.0,0.0,0.8000000000000114,64.1,64.6,69.1,64.33333333333336,68.94583333333334,2.664905441942381,0.2788898233809924,65.4,73.9,94.6
2026-07-02 06:00:00,Karachi,24.8607,67.0011,32.0,68.0,15.1,1000.3,unknown,3.0,17.17,61.9,0.07,0.4,68.36,45.09,0.0,66.0,,6.0,2.0,7.0,3.0,0.0,1.0999999999999943,64.9,64.0,70.1,65.00000000000001,68.775,2.718575394193536,0.2773828756058158,65.3,74.3,95.0
2026-07-02 07:00:00,Karachi,24.8607,67.0011,32.1,67.0,15.7,1000.1,unknown,3.0,17.69,62.86,0.06,0.39,68.57,45.45,0.0,67.0,,7.0,2.0,7.0,3.0,0.0,1.0,66.0,64.1,71.2,65.96666666666668,68.60000000000001,2.690724809415044,0.2814190264078905,65.3,75.2,95.3
2026-07-02 08:00:00,Karachi,24.8607,67.0011,32.3,67.0,15.4,999.8,unknown,3.0,18.18,64.79,0.05,0.39,68.9,45.42,0.0,67.9,,8.0,2.0,7.0,3.0,0.0,0.9000000000000057,67.0,64.9,71.7,66.96666666666668,68.44166666666666,2.610999586476692,0.2805988578484333,66.0,75.1,95.1
2026-07-02 09:00:00,Karachi,24.8607,67.0011,32.4,66.0,15.9,999.4,unknown,3.0,18.49,67.34,0.05,0.4,69.05,45.13,0.0,68.5,,9.0,2.0,7.0,3.0,0.0,0.5999999999999943,67.9,66.0,71.5,67.80000000000001,68.31666666666666,2.52873342873958,0.2745767745767745,67.4,74.1,94.6
2026-07-02 10:00:00,Karachi,24.8607,67.0011,32.2,67.0,16.1,998.9,unknown,3.0,18.44,68.89,0.05,0.4,69.44,45.13,0.0,68.4,,10.0,2.0,7.0,3.0,0.0,-0.0999999999999943,68.5,67.0,70.9,68.2666666666667,68.21249999999999,2.4684641414031567,0.2676731020467412,69.1,73.7,93.8
2026-07-02 11:00:00,Karachi,24.8607,67.0011,31.8,68.0,16.5,998.3,unknown,3.0,17.93,68.38,0.05,0.4,69.83,45.36,0.0,67.5,,11.0,2.0,7.0,3.0,0.0,-0.9000000000000057,68.4,67.9,70.4,68.13333333333334,68.09166666666667,2.4273651248375008,0.2622111728575607,70.7,74.5,92.5
2026-07-02 12:00:00,Karachi,24.8607,67.0011,31.3,70.0,15.9,998.5,unknown,3.0,17.27,66.76,0.05,0.39,70.33,45.72,0.0,66.2,,12.0,2.0,7.0,3.0,0.0,-1.2999999999999972,67.5,68.5,70.2,67.36666666666669,67.925,2.4135937484611687,0.2586878370281605,71.4,76.0,91.2
2026-07-02 13:00:00,Karachi,24.8607,67.0011,30.6,73.0,13.8,999.0,unknown,3.0,16.62,64.6,0.06,0.39,70.78,46.15,0.0,65.0,,13.0,2.0,7.0,3.0,0.0,-1.2000000000000028,66.2,68.4,70.0,66.23333333333335,67.71666666666667,2.442320113382802,0.2572755417956657,71.2,77.3,90.2
2026-07-02 14:00:00,Karachi,24.8607,67.0011,30.1,75.0,12.9,999.8,unknown,3.0,16.12,63.38,0.07,0.39,71.2,46.39,0.0,64.1,,14.0,2.0,7.0,3.0,0.0,-0.9000000000000057,65.0,67.5,69.3,65.10000000000001,67.5,2.525005380967634,0.2543389081729252,70.3,78.1,89.1
2026-07-02 15:00:00,Karachi,24.8607,67.0011,29.6,79.0,13.6,1000.0,unknown,3.0,16.02,64.89,0.08,0.4,71.19,46.28,0.0,63.9,,15.0,2.0,7.0,3.0,0.0,-0.1999999999999957,64.1,66.2,68.4,64.33333333333334,67.3125,2.6205396888565087,0.246879334257975,69.6,78.6,88.6
2026-07-02 16:00:00,Karachi,24.8607,67.0011,29.4,81.0,12.5,1000.9,unknown,3.0,16.23,67.97,0.08,0.42,71.0,45.77,0.0,64.3,,16.0,2.0,7.0,3.0,0.0,0.3999999999999986,63.9,65.0,67.5,64.10000000000001,67.17916666666666,2.6910445954118734,0.2387818155068412,69.0,78.0,89.0
2026-07-02 17:00:00,Karachi,24.8607,67.0011,29.3,81.0,12.0,1001.7,unknown,3.0,16.66,71.73,0.08,0.43,70.93,45.34,0.0,65.1,,17.0,2.0,7.0,3.0,0.0,0.7999999999999972,64.3,64.1,67.7,64.43333333333335,67.07083333333333,2.721329465164737,0.2322598633765509,68.7,78.1,90.0
2026-07-02 18:00:00,Karachi,24.8607,67.0011,29.2,82.0,14.0,1001.9,unknown,3.0,17.03,74.18,0.08,0.43,71.24,45.23,0.0,65.8,,18.0,2.0,7.0,3.0,0.0,0.7000000000000028,65.1,63.9,69.1,65.06666666666668,66.93333333333334,2.697610321984671,0.2295767053114046,68.7,79.4,90.6
2026-07-02 19:00:00,Karachi,24.8607,67.0011,28.9,82.0,12.6,1001.3,unknown,3.0,17.0,75.17,0.08,0.43,71.51,45.49,0.0,65.7,,19.0,2.0,7.0,3.0,0.0,-0.0999999999999943,65.8,64.3,71.0,65.53333333333335,66.71249999999999,2.56384773678047,0.2261540508181455,68.5,81.8,90.4
2026-07-02 20:00:00,Karachi,24.8607,67.0011,28.8,83.0,12.9,1000.9,unknown,3.0,16.95,76.1,0.08,0.43,71.8,45.66,0.0,65.6,,20.0,2.0,7.0,3.0,0.0,-0.1000000000000085,65.7,65.1,72.3,65.7,66.43333333333334,2.2778072344043263,0.2227332457293035,68.6,84.8,89.6
2026-07-02 21:00:00,Karachi,24.8607,67.0011,28.7,84.0,13.4,1000.6,unknown,3.0,17.06,77.32,0.08,0.45,71.6,45.45,0.0,65.8,,21.0,2.0,7.0,3.0,0.0,0.2000000000000028,65.6,65.8,72.4,65.7,66.15833333333333,1.8918398375702752,0.2206414899120538,69.3,87.4,88.5
2026-07-02 22:00:00,Karachi,24.8607,67.0011,28.6,84.0,13.1,1000.3,unknown,3.0,17.23,76.34,0.08,0.46,71.04,44.93,0.0,66.1,,22.0,2.0,7.0,3.0,0.0,0.2999999999999971,65.8,65.7,71.3,65.83333333333333,65.94166666666666,1.5429831824919102,0.2257008121561435,70.0,90.4,87.7
2026-07-02 23:00:00,Karachi,24.8607,67.0011,28.5,84.0,12.7,1000.3,unknown,3.0,17.22,73.45,0.08,0.46,70.44,44.36,0.0,66.1,,23.0,2.0,7.0,3.0,0.0,0.0,66.1,65.6,69.2,66.0,65.8125,1.3794493230221567,0.2344452008168822,70.5,92.5,87.2
2026-07-03 00:00:00,Karachi,24.8607,67.0011,28.8,86.0,12.0,1000.2,unknown,3.0,17.12,70.56,0.08,0.46,69.93,44.04,0.0,65.9,,0.0,3.0,7.0,4.0,0.0,-0.1999999999999886,66.1,65.8,67.3,66.03333333333335,65.75416666666666,1.3429296872626115,0.2426303854875283,70.8,94.1,87.3
2026-07-03 01:00:00,Karachi,24.8607,67.0011,28.7,86.0,10.7,1000.6,unknown,3.0,16.99,68.78,0.08,0.45,69.77,44.1,0.0,65.7,,1.0,3.0,7.0,4.0,0.0,-0.2000000000000028,65.9,66.1,65.6,65.90000000000002,65.75833333333334,1.3425856516020775,0.2470194824076766,71.0,95.5,87.7
2026-07-03 02:00:00,Karachi,24.8607,67.0011,29.2,82.0,11.0,1001.5,unknown,3.0,16.94,68.61,0.09,0.45,69.57,44.43,0.0,65.6,,2.0,3.0,7.0,4.0,0.0,-0.1000000000000085,65.7,66.1,64.6,65.73333333333333,65.8,1.3204083689803137,0.2469027838507506,71.6,96.1,87.5
2026-07-03 03:00:00,Karachi,24.8607,67.0011,30.3,76.0,12.5,1001.7,unknown,3.0,16.95,68.61,0.09,0.45,69.48,44.78,0.0,65.6,,3.0,3.0,7.0,4.0,0.0,0.0,65.6,65.9,64.0,65.63333333333334,65.86666666666666,1.2647964836016807,0.2470485351989506,72.5,95.3,86.9
2026-07-03 04:00:00,Karachi,24.8607,67.0011,31.3,71.0,14.7,1001.8,unknown,3.0,16.93,68.86,0.08,0.44,69.53,45.39,0.0,65.6,,4.0,3.0,7.0,4.0,0.0,0.0,65.6,65.7,64.1,65.6,65.92916666666666,1.2095558533289965,0.2458611675864072,73.3,94.5,86.5
2026-07-03 05:00:00,Karachi,24.8607,67.0011,32.2,66.0,15.6,1002.1,unknown,3.0,16.84,69.12,0.07,0.43,69.86,46.4,0.0,65.4,,5.0,3.0,7.0,4.0,0.0,-0.1999999999999886,65.6,65.6,64.9,65.53333333333335,65.95,1.195280574667511,0.2436342592592592,73.9,94.6,86.1
2026-07-03 06:00:00,Karachi,24.8607,67.0011,32.9,60.0,15.5,1002.3,unknown,3.0,16.76,69.83,0.06,0.41,70.45,47.55,0.0,65.3,,6.0,3.0,7.0,4.0,0.0,-0.1000000000000085,65.4,65.6,66.0,65.43333333333334,65.92083333333333,1.2025260249089469,0.2400114563941,74.3,95.0,85.7
2026-07-03 07:00:00,Karachi,24.8607,67.0011,32.6,62.0,15.2,1001.9,unknown,3.0,16.77,71.61,0.05,0.4,70.9,48.21,0.0,65.3,,7.0,3.0,7.0,4.0,0.0,0.0,65.3,65.6,67.0,65.33333333333334,65.85,1.186151980878834,0.2341851696690406,75.2,95.3,85.4
2026-07-03 08:00:00,Karachi,24.8607,67.0011,32.8,62.0,15.7,1001.3,unknown,3.0,17.17,74.68,0.05,0.39,70.84,47.48,0.0,66.0,,8.0,3.0,7.0,4.0,0.0,0.7000000000000028,65.3,65.4,67.9,65.53333333333335,65.77083333333333,1.1039372881806242,0.2299143010176754,75.1,95.1,85.5
2026-07-03 09:00:00,Karachi,24.8607,67.0011,32.8,61.0,15.8,1000.8,unknown,3.0,17.88,79.12,0.04,0.4,70.19,45.69,0.0,67.4,,9.0,3.0,7.0,4.0,0.0,1.4000000000000057,66.0,65.3,68.5,66.23333333333333,65.72500000000001,1.0040136843014684,0.2259858442871587,74.1,94.6,85.6
2026-07-03 10:00:00,Karachi,24.8607,67.0011,32.5,64.0,15.8,1000.3,unknown,3.0,18.82,84.56,0.04,0.42,69.4,43.55,0.0,69.1,,10.0,3.0,7.0,4.0,0.0,1.6999999999999886,67.4,65.3,68.4,67.50000000000001,65.75416666666666,1.0914605956642565,0.2225638599810785,73.7,93.8,85.8
2026-07-03 11:00:00,Karachi,24.8607,67.0011,32.2,65.0,15.3,999.8,unknown,3.0,19.66,89.54,0.04,0.43,68.73,41.74,0.0,70.7,,11.0,3.0,7.0,4.0,0.0,1.6000000000000083,69.1,66.0,67.5,69.06666666666668,65.8875,1.4504309704372784,0.2195666741121286,74.5,92.5,85.4
2026-07-03 12:00:00,Karachi,24.8607,67.0011,31.7,66.0,14.7,999.4,unknown,3.0,20.05,91.55,0.05,0.44,68.52,40.98,0.0,71.4,,12.0,3.0,7.0,4.0,0.0,0.7000000000000028,70.7,67.4,66.2,70.40000000000002,66.10416666666667,1.836224663404844,0.219006007646095,76.0,91.2,85.7
2026-07-03 13:00:00,Karachi,24.8607,67.0011,30.7,71.0,15.7,999.4,unknown,3.0,19.93,90.42,0.06,0.43,69.15,41.45,0.0,71.2,,13.0,3.0,7.0,4.0,0.0,-0.2000000000000028,71.4,69.1,65.0,71.10000000000001,66.3625,2.0923904573693357,0.2204158372041583,77.3,90.2,86.4
2026-07-03 14:00:00,Karachi,24.8607,67.0011,30.1,74.0,14.5,999.9,unknown,3.0,19.48,87.42,0.07,0.42,69.9,42.67,0.0,70.3,,14.0,3.0,7.0,4.0,0.0,-0.9000000000000057,71.2,70.7,64.1,70.96666666666668,66.62083333333334,2.1817382712096984,0.222832303820636,78.1,89.1,87.1
2026-07-03 15:00:00,Karachi,24.8607,67.0011,29.9,75.0,15.8,1000.2,unknown,3.0,19.07,84.59,0.08,0.41,70.81,43.84,0.0,69.6,,15.0,3.0,7.0,4.0,0.0,-0.7000000000000028,70.3,71.4,63.9,70.36666666666667,66.85833333333333,2.182921191325782,0.2254403593805414,78.6,88.6,88.2
2026-07-03 16:00:00,Karachi,24.8607,67.0011,29.7,78.0,15.2,1001.0,unknown,3.0,18.76,82.07,0.08,0.41,70.95,44.41,0.0,69.0,,16.0,3.0,7.0,4.0,0.0,-0.5999999999999943,69.6,71.2,64.3,69.63333333333334,67.05416666666666,2.15406171779287,0.2285853539661265,78.0,89.0,89.2
2026-07-03 17:00:00,Karachi,24.8607,67.0011,29.5,79.0,17.0,1001.6,unknown,3.0,18.6,80.65,0.08,0.42,70.65,44.21,0.0,68.7,,17.0,3.0,7.0,4.0,0.0,-0.2999999999999971,69.0,70.3,65.1,69.10000000000001,67.20416666666667,2.137344790534714,0.2306261624302542,78.1,90.0,90.4
2026-07-03 18:00:00,Karachi,24.8607,67.0011,29.4,78.0,17.2,1001.6,unknown,3.0,18.6,80.48,0.09,0.44,70.06,43.39,0.0,68.7,,18.0,3.0,7.0,4.0,0.0,0.0,68.7,69.6,65.8,68.80000000000001,67.325,2.1364843124614583,0.2311133200795228,79.4,90.6,91.6
2026-07-03 19:00:00,Karachi,24.8607,67.0011,29.2,80.0,15.5,1001.6,unknown,3.0,18.5,78.31,0.09,0.45,69.26,42.68,0.0,68.5,,19.0,3.0,7.0,4.0,0.0,-0.2000000000000028,68.7,69.0,65.7,68.63333333333334,67.44166666666668,2.120278215269744,0.2362405823011109,81.8,90.4,92.8
2026-07-03 20:00:00,Karachi,24.8607,67.0011,29.0,81.0,15.7,1001.2,unknown,3.0,18.55,76.07,0.09,0.46,68.63,42.22,0.0,68.6,,20.0,3.0,7.0,4.0,0.0,0.0999999999999943,68.5,68.7,65.6,68.60000000000001,67.56666666666666,2.0952672687603986,0.2438543446825292,84.8,89.6,93.9
2026-07-03 21:00:00,Karachi,24.8607,67.0011,28.9,82.0,13.5,1000.2,unknown,3.0,18.93,75.97,0.1,0.47,68.31,41.91,0.0,69.3,,21.0,3.0,7.0,4.0,0.0,0.7000000000000028,68.6,68.7,65.8,68.80000000000001,67.71249999999999,2.088750926938138,0.249177306831644,87.4,88.5,95.1
2026-07-03 22:00:00,Karachi,24.8607,67.0011,28.7,82.0,14.6,999.7,unknown,3.0,19.32,79.12,0.1,0.48,67.99,41.77,0.0,70.0,,22.0,3.0,7.0,4.0,0.0,0.7000000000000028,69.3,68.5,66.1,69.30000000000001,67.875,2.109450783663334,0.2441860465116279,90.4,87.7,96.3
2026-07-03 23:00:00,Karachi,24.8607,67.0011,28.6,83.0,14.6,999.4,unknown,3.0,19.57,83.13,0.1,0.49,67.59,41.62,0.0,70.5,,23.0,3.0,7.0,4.0,0.0,0.5,70.0,68.6,66.1,69.93333333333334,68.05833333333332,2.1394669524397365,0.2354144111632383,92.5,87.2,97.1
2026-07-04 00:00:00,Karachi,24.8607,67.0011,29.0,80.0,13.5,999.2,unknown,3.0,19.73,85.65,0.1,0.5,67.28,41.51,0.0,70.8,,0.0,4.0,7.0,5.0,1.0,0.2999999999999971,70.5,69.3,65.9,70.43333333333334,68.2625,2.158262686998241,0.2303561004086398,94.1,87.3,97.6
2026-07-04 01:00:00,Karachi,24.8607,67.0011,29.0,81.0,14.9,999.8,unknown,3.0,19.83,84.22,0.1,0.49,67.11,41.85,0.0,71.0,,1.0,4.0,7.0,5.0,1.0,0.2000000000000028,70.8,70.0,65.7,70.76666666666667,68.48333333333333,2.1558145170412515,0.2354547613393493,95.5,87.7,97.8
2026-07-04 02:00:00,Karachi,24.8607,67.0011,29.4,79.0,15.3,1000.4,unknown,3.0,20.14,84.4,0.1,0.48,67.13,42.36,0.0,71.6,,2.0,4.0,7.0,5.0,1.0,0.5999999999999943,71.0,70.5,65.6,71.13333333333334,68.73333333333333,2.1548058858743304,0.2386255924170616,96.1,87.5,97.8
2026-07-04 03:00:00,Karachi,24.8607,67.0011,30.2,75.0,16.2,1000.6,unknown,3.0,20.63,87.5,0.1,0.48,67.17,42.68,0.0,72.5,,3.0,4.0,7.0,5.0,1.0,0.9000000000000057,71.6,70.8,65.6,71.7,69.02083333333333,2.178746980674544,0.2357714285714285,95.3,86.9,97.6
2026-07-04 04:00:00,Karachi,24.8607,67.0011,30.9,71.0,17.2,1000.4,unknown,3.0,21.07,93.47,0.09,0.48,67.26,43.03,0.0,73.3,,4.0,4.0,7.0,5.0,1.0,0.7999999999999972,72.5,71.0,65.6,72.46666666666667,69.34166666666667,2.219658545356044,0.2254199208302129,94.5,86.5,97.2
2026-07-04 05:00:00,Karachi,24.8607,67.0011,32.1,65.0,16.2,999.9,unknown,3.0,21.38,98.22,0.08,0.48,67.21,43.31,0.0,73.9,,5.0,4.0,7.0,5.0,1.0,0.6000000000000085,73.3,71.6,65.4,73.23333333333333,69.69583333333334,2.2414046773255984,0.2176746080228059,94.6,86.1,97.1
2026-07-04 06:00:00,Karachi,24.8607,67.0011,32.0,66.0,16.8,1000.4,unknown,4.0,21.63,101.48,0.07,0.47,67.34,43.41,0.0,74.3,,6.0,4.0,7.0,5.0,1.0,0.3999999999999915,73.9,72.5,65.3,73.83333333333336,70.07083333333334,2.22680882345846,0.2131454473787938,95.0,85.7,97.5
2026-07-04 07:00:00,Karachi,24.8607,67.0011,32.0,66.0,16.7,999.8,unknown,4.0,21.63,103.89,0.06,0.46,67.48,43.55,0.0,75.2,,7.0,4.0,7.0,5.0,1.0,0.9000000000000057,74.3,73.3,65.3,74.46666666666668,70.48333333333333,2.2215675364122607,0.2082009818076811,95.3,85.4,98.2
2026-07-04 08:00:00,Karachi,24.8607,67.0011,32.0,66.0,17.0,999.2,unknown,4.0,21.31,103.66,0.05,0.44,67.8,43.7,0.0,75.1,,8.0,4.0,7.0,5.0,1.0,-0.1000000000000085,75.2,73.9,66.0,74.86666666666667,70.8625,2.199567645262799,0.2055759212811113,95.1,85.5,98.4
2026-07-04 09:00:00,Karachi,24.8607,67.0011,32.1,67.0,17.5,998.3,unknown,4.0,20.86,101.76,0.05,0.42,68.1,43.75,0.0,74.1,,9.0,4.0,7.0,5.0,1.0,-1.0,75.1,74.3,67.4,74.8,71.14166666666667,2.1659251796998302,0.2049921383647798,94.6,85.6,98.4
2026-07-04 10:00:00,Karachi,24.8607,67.0011,32.3,67.0,17.6,997.8,unknown,4.0,20.64,100.96,0.05,0.42,68.41,43.37,0.0,73.7,,10.0,4.0,7.0,5.0,1.0,-0.3999999999999915,74.1,75.2,69.1,74.30000000000001,71.33333333333333,2.180878695401833,0.2044374009508716,93.8,85.8,98.6
2026-07-04 11:00:00,Karachi,24.8607,67.0011,31.9,69.0,16.8,997.2,unknown,4.0,20.83,102.5,0.05,0.43,68.15,42.17,0.0,74.5,,11.0,4.0,7.0,5.0,1.0,0.7999999999999972,73.7,75.1,70.7,74.10000000000001,71.49166666666666,2.269057775466573,0.2032195121951219,92.5,85.4,99.0
2026-07-04 12:00:00,Karachi,24.8607,67.0011,31.4,72.0,15.7,996.8,unknown,4.0,21.29,105.43,0.06,0.45,67.61,40.6,0.0,76.0,,12.0,4.0,7.0,5.0,1.0,1.5,74.5,74.1,71.4,74.73333333333335,71.68333333333332,2.4481877355311563,0.2019349331309873,91.2,85.7,99.2
2026-07-04 13:00:00,Karachi,24.8607,67.0011,30.7,75.0,14.7,996.8,unknown,4.0,21.69,108.09,0.07,0.47,67.35,39.38,0.0,77.3,,13.0,4.0,7.0,5.0,1.0,1.2999999999999972,76.0,73.7,71.2,75.93333333333335,71.93749999999999,2.699567195584774,0.2006661115736886,90.2,86.4,99.3
2026-07-04 14:00:00,Karachi,24.8607,67.0011,29.8,79.0,14.7,997.2,unknown,4.0,21.95,109.69,0.09,0.49,67.14,38.51,0.0,78.1,,14.0,4.0,7.0,5.0,1.0,0.7999999999999972,77.3,74.5,70.3,77.13333333333334,72.2625,2.951611571593416,0.2001093992159723,89.1,87.1,99.1
2026-07-04 15:00:00,Karachi,24.8607,67.0011,29.5,81.0,13.5,997.9,unknown,4.0,22.15,110.71,0.1,0.52,67.07,37.71,0.0,78.6,,15.0,4.0,7.0,5.0,1.0,0.5,78.1,76.0,69.6,78.00000000000001,72.6375,3.1628017986256998,0.2000722608617108,88.6,88.2,99.0
2026-07-04 16:00:00,Karachi,24.8607,67.0011,29.2,82.0,15.9,998.6,unknown,4.0,22.37,109.57,0.11,0.54,66.88,36.97,0.0,78.0,,16.0,4.0,7.0,5.0,1.0,-0.5999999999999943,78.6,77.3,69.0,78.23333333333333,73.0125,3.24523898764866,0.2041617230993885,89.0,89.2,99.0
2026-07-04 17:00:00,Karachi,24.8607,67.0011,29.2,83.0,15.4,998.9,unknown,4.0,22.71,109.77,0.11,0.54,66.83,36.78,0.0,78.1,,17.0,4.0,7.0,5.0,1.0,0.0999999999999943,78.0,78.1,68.7,78.23333333333333,73.40416666666665,3.269287805259927,0.2068871276305001,90.0,90.4,99.7
2026-07-04 18:00:00,Karachi,24.8607,67.0011,29.3,82.0,13.8,998.8,unknown,4.0,23.21,112.47,0.11,0.54,66.99,37.2,0.0,79.4,,18.0,4.0,7.0,5.0,1.0,1.3000000000000114,78.1,78.6,68.7,78.50000000000001,73.85,3.32892462071951,0.2063661420823331,90.6,91.6,101.9
2026-07-04 19:00:00,Karachi,24.8607,67.0011,29.0,84.0,13.4,998.7,unknown,4.0,23.92,117.28,0.11,0.54,67.24,38.1,0.0,81.8,,19.0,4.0,7.0,5.0,1.0,2.3999999999999915,79.4,78.0,68.5,79.76666666666667,74.40416666666665,3.5021085780927685,0.203956343792633,90.4,92.8,103.8
2026-07-04 20:00:00,Karachi,24.8607,67.0011,28.7,86.0,13.3,998.2,unknown,4.0,24.99,123.35,0.11,0.54,67.34,38.88,0.0,84.8,,20.0,4.0,7.0,5.0,1.0,3.0,81.8,78.1,68.6,82.00000000000001,75.07916666666667,3.876010854593206,0.2025942440210782,89.6,93.9,105.5
2026-07-04 21:00:00,Karachi,24.8607,67.0011,28.6,86.0,12.6,998.0,unknown,4.0,25.99,128.5,0.11,0.55,67.21,39.3,0.0,87.4,,21.0,4.0,7.0,5.0,1.0,2.6000000000000085,84.8,79.4,69.3,84.66666666666667,75.83333333333333,4.424700104469118,0.2022568093385214,88.5,95.1,106.7
2026-07-04 22:00:00,Karachi,24.8607,67.0011,28.6,85.0,12.1,997.9,unknown,4.0,26.75,134.54,0.11,0.56,67.39,39.85,0.0,90.4,,22.0,4.0,7.0,5.0,1.0,3.0,87.4,81.8,70.0,87.53333333333335,76.68333333333334,5.154623645576066,0.1988256280660026,87.7,96.3,107.2
2026-07-04 23:00:00,Karachi,24.8607,67.0011,28.6,84.0,12.8,997.7,unknown,4.0,27.12,138.86,0.11,0.57,67.32,40.31,0.0,92.5,,23.0,4.0,7.0,5.0,1.0,2.0999999999999943,90.4,84.8,70.5,90.10000000000002,77.60000000000001,5.908284529958888,0.1953046233616592,87.2,97.1,107.3
2026-07-05 00:00:00,Karachi,24.8607,67.0011,28.4,87.0,11.9,997.2,unknown,4.0,27.41,141.98,0.11,0.57,67.42,40.75,0.0,94.1,,0.0,5.0,7.0,6.0,1.0,1.5999999999999943,92.5,87.4,70.8,92.33333333333331,78.57083333333334,6.614442640863223,0.1930553599098464,87.3,97.6,107.5
2026-07-05 01:00:00,Karachi,24.8607,67.0011,28.5,86.0,12.5,997.8,unknown,4.0,27.71,144.92,0.11,0.58,67.46,41.15,0.0,95.5,,1.0,5.0,7.0,6.0,1.0,1.4000000000000057,94.1,90.4,71.0,94.03333333333336,79.59166666666667,7.25479851196909,0.191208942865029,87.7,97.8,108.2
2026-07-05 02:00:00,Karachi,24.8607,67.0011,28.9,83.0,13.7,997.9,unknown,4.0,27.8,146.06,0.11,0.59,67.38,41.24,0.0,96.1,,2.0,5.0,7.0,6.0,1.0,0.5999999999999943,95.5,92.5,71.6,95.23333333333336,80.6125,7.78567874229689,0.1903327399698754,87.5,97.8,108.5
2026-07-05 03:00:00,Karachi,24.8607,67.0011,29.9,77.0,15.5,997.9,unknown,4.0,27.63,144.55,0.1,0.59,67.41,41.19,0.0,95.3,,3.0,5.0,7.0,6.0,1.0,-0.7999999999999972,96.1,94.1,72.5,95.63333333333334,81.5625,8.13590071441231,0.1911449325492908,86.9,97.6,108.3
2026-07-05 04:00:00,Karachi,24.8607,67.0011,31.1,69.0,18.5,998.0,unknown,4.0,27.44,142.81,0.1,0.59,67.23,41.29,0.0,94.5,,4.0,5.0,7.0,6.0,1.0,-0.7999999999999972,95.3,95.5,73.3,95.3,82.44583333333334,8.347922374519662,0.192143407324417,86.5,97.2,107.4
2026-07-05 05:00:00,Karachi,24.8607,67.0011,32.1,64.0,15.9,997.7,unknown,4.0,27.44,143.13,0.08,0.58,66.98,41.43,0.0,94.6,,5.0,5.0,7.0,6.0,1.0,0.0999999999999943,94.5,96.1,73.9,94.8,83.30833333333332,8.494648784441024,0.1917138265912108,86.1,97.1,106.2
2026-07-05 06:00:00,Karachi,24.8607,67.0011,32.5,61.0,14.9,998.4,unknown,4.0,27.54,143.95,0.07,0.58,67.01,41.57,0.0,95.0,,6.0,5.0,7.0,6.0,1.0,0.4000000000000057,94.6,95.3,74.3,94.7,84.17083333333333,8.590565055396807,0.1913164293157346,85.7,97.5,105.0
2026-07-05 07:00:00,Karachi,24.8607,67.0011,32.9,60.0,14.7,998.2,unknown,4.0,27.7,144.53,0.06,0.57,67.01,41.75,0.0,95.3,,7.0,5.0,7.0,6.0,1.0,0.2999999999999971,95.0,94.5,75.2,94.96666666666664,85.00833333333333,8.657488172054583,0.1916557116169653,85.4,98.2,103.4
2026-07-05 08:00:00,Karachi,24.8607,67.0011,33.2,59.0,15.8,997.4,unknown,4.0,27.76,144.18,0.06,0.56,67.25,41.7,0.0,95.1,,8.0,5.0,7.0,6.0,1.0,-0.2000000000000028,95.3,94.6,75.1,95.13333333333334,85.84166666666665,8.624783131068288,0.1925371063947843,85.5,98.4,101.3
2026-07-05 09:00:00,Karachi,24.8607,67.0011,33.2,60.0,16.1,996.7,unknown,4.0,27.66,143.12,0.06,0.55,67.38,41.37,0.0,94.6,,9.0,5.0,7.0,6.0,1.0,-0.5,95.1,95.0,74.1,95.0,86.69583333333333,8.424161894406877,0.1932643935159307,85.6,98.4,98.5
2026-07-05 10:00:00,Karachi,24.8607,67.0011,32.8,63.0,16.4,996.5,unknown,4.0,27.5,141.51,0.06,0.54,67.41,40.74,0.0,93.8,,10.0,5.0,7.0,6.0,1.0,-0.7999999999999972,94.6,95.3,73.7,94.5,87.53333333333335,8.067576903967954,0.1943325560031093,85.8,98.6,97.0
2026-07-05 11:00:00,Karachi,24.8607,67.0011,32.0,67.0,16.8,995.8,unknown,4.0,27.21,138.76,0.06,0.56,67.04,39.98,0.0,92.5,,11.0,5.0,7.0,6.0,1.0,-1.2999999999999972,93.8,95.1,74.5,93.63333333333334,88.28333333333335,7.62796152988704,0.1960939752089939,85.4,99.0,96.4
2026-07-05 12:00:00,Karachi,24.8607,67.0011,31.9,68.0,15.4,995.7,unknown,4.0,27.03,136.21,0.07,0.58,66.65,39.41,0.0,91.2,,12.0,5.0,7.0,6.0,1.0,-1.2999999999999972,92.5,94.6,76.0,92.5,88.91666666666667,7.181719950628977,0.1984435797665369,85.7,99.2,97.4
2026-07-05 13:00:00,Karachi,24.8607,67.0011,31.0,72.0,15.7,996.1,unknown,4.0,26.99,134.13,0.08,0.61,66.48,39.19,0.0,90.2,,13.0,5.0,7.0,6.0,1.0,-1.0,91.2,93.8,77.3,91.3,89.45416666666665,6.743884776895622,0.2012226944009543,86.4,99.3,101.4
2026-07-05 14:00:00,Karachi,24.8607,67.0011,30.6,74.0,16.0,996.6,unknown,4.0,26.97,132.05,0.1,0.63,66.42,39.12,0.0,89.1,,14.0,5.0,7.0,6.0,1.0,-1.1000000000000083,90.2,92.5,78.1,90.16666666666669,89.91250000000001,6.297709210842784,0.2042408178720181,87.1,99.1,107.2
2026-07-05 15:00:00,Karachi,24.8607,67.0011,30.2,76.0,16.0,997.4,unknown,4.0,27.07,130.98,0.11,0.64,66.69,39.55,0.0,88.6,,15.0,5.0,7.0,6.0,1.0,-0.5,89.1,91.2,78.6,89.30000000000001,90.32916666666668,5.830167360313191,0.2066727744693846,88.2,99.0,112.8
2026-07-05 16:00:00,Karachi,24.8607,67.0011,29.8,80.0,12.9,997.9,unknown,4.0,27.35,131.69,0.12,0.64,67.5,40.77,0.0,89.0,,16.0,5.0,7.0,6.0,1.0,0.4000000000000057,88.6,90.2,78.0,88.90000000000002,90.7875,5.219138068100772,0.2076847141012985,89.2,99.0,115.7
2026-07-05 17:00:00,Karachi,24.8607,67.0011,29.6,82.0,11.5,998.5,unknown,4.0,27.87,133.71,0.12,0.63,68.67,42.36,0.0,90.0,,17.0,5.0,7.0,6.0,1.0,1.0,89.0,89.1,78.1,89.2,91.28333333333336,4.473367243222816,0.2084361678258918,90.4,99.7,115.0
2026-07-05 18:00:00,Karachi,24.8607,67.0011,29.8,80.0,11.0,998.3,unknown,4.0,28.24,135.09,0.11,0.62,69.69,43.77,0.0,90.6,,18.0,5.0,7.0,6.0,1.0,0.5999999999999943,90.0,88.6,79.4,89.86666666666667,91.75,3.6965318646093017,0.2090458213043156,91.6,101.9,111.3
2026-07-05 19:00:00,Karachi,24.8607,67.0011,29.4,83.0,10.6,997.9,unknown,4.0,28.3,134.7,0.11,0.61,70.02,44.51,0.0,90.4,,19.0,5.0,7.0,6.0,1.0,-0.1999999999999886,90.6,89.0,81.8,90.33333333333336,92.10833333333332,3.050433563859561,0.2100965107646622,92.8,103.8,105.7
2026-07-05 20:00:00,Karachi,24.8607,67.0011,29.0,86.0,9.2,997.3,unknown,4.0,28.15,132.98,0.11,0.62,69.94,44.56,0.0,89.6,,20.0,5.0,7.0,6.0,1.0,-0.8000000000000114,90.4,90.0,84.8,90.2,92.30833333333334,2.6860212480380925,0.211685967814709,93.9,105.5,99.4
2026-07-05 21:00:00,Karachi,24.8607,67.0011,29.0,87.0,9.0,997.0,unknown,4.0,27.92,130.8,0.11,0.63,69.52,44.32,0.0,88.5,,21.0,5.0,7.0,6.0,1.0,-1.0999999999999943,89.6,90.6,87.4,89.5,92.35416666666669,2.60684369649497,0.2134556574923547,95.1,106.7,95.6
2026-07-05 22:00:00,Karachi,24.8607,67.0011,28.7,89.0,10.0,996.8,unknown,4.0,27.88,129.15,0.11,0.64,69.4,44.33,0.0,87.7,,22.0,5.0,7.0,6.0,1.0,-0.7999999999999972,88.5,90.4,90.4,88.60000000000002,92.24166666666666,2.749215962012029,0.2158730158730158,96.3,107.2,92.5
2026-07-05 23:00:00,Karachi,24.8607,67.0011,28.6,90.0,9.6,996.8,unknown,4.0,27.88,128.16,0.11,0.64,69.37,44.51,0.0,87.2,,23.0,5.0,7.0,6.0,1.0,-0.5,87.7,89.6,92.5,87.80000000000001,92.02083333333331,2.934202975500169,0.2175405742821473,97.1,107.3,89.9
2026-07-06 00:00:00,Karachi,24.8607,67.0011,28.7,89.0,11.2,996.5,unknown,4.0,28.02,128.29,0.11,0.63,69.64,44.92,0.0,87.3,,0.0,6.0,7.0,0.0,0.0,0.0999999999999943,87.2,88.5,94.1,87.40000000000002,91.7375,3.050703767697846,0.2184114116454907,97.6,107.5,87.6
2026-07-06 01:00:00,Karachi,24.8607,67.0011,28.8,88.0,11.0,997.0,unknown,4.0,28.29,129.1,0.11,0.62,69.85,45.37,0.0,87.7,,1.0,6.0,7.0,0.0,0.0,0.4000000000000057,87.3,87.7,95.5,87.40000000000002,91.4125,3.047923384290839,0.219132455460883,97.8,108.2,85.4
2026-07-06 02:00:00,Karachi,24.8607,67.0011,29.2,86.0,10.3,997.7,unknown,4.0,28.36,128.66,0.11,0.63,69.81,45.12,0.0,87.5,,2.0,6.0,7.0,0.0,0.0,-0.2000000000000028,87.7,87.2,96.1,87.50000000000001,91.05416666666667,2.9775944721478,0.2204259288046012,97.8,108.5,84.7
2026-07-06 03:00:00,Karachi,24.8607,67.0011,30.3,80.0,10.5,998.0,unknown,4.0,28.33,127.52,0.11,0.64,69.48,44.39,0.0,86.9,,3.0,6.0,7.0,0.0,0.0,-0.5999999999999943,87.5,87.3,95.3,87.36666666666667,90.70416666666668,2.95038378736382,0.2221612296110414,97.6,108.3,84.3
2026-07-06 04:00:00,Karachi,24.8607,67.0011,31.6,72.0,12.0,998.1,unknown,4.0,28.16,126.29,0.1,0.65,69.17,43.59,0.0,86.5,,4.0,6.0,7.0,0.0,0.0,-0.4000000000000057,86.9,87.7,94.5,86.96666666666668,90.37083333333334,2.954801422982811,0.2229788581835458,97.2,107.4,83.5
2026-07-06 05:00:00,Karachi,24.8607,67.0011,32.6,67.0,12.6,997.9,unknown,4.0,27.95,125.38,0.09,0.65,68.99,43.2,0.0,86.1,,5.0,6.0,7.0,0.0,0.0,-0.4000000000000057,86.5,87.5,94.6,86.50000000000001,90.01666666666667,2.9351937446830845,0.222922316158877,97.1,106.2,83.0
2026-07-06 06:00:00,Karachi,24.8607,67.0011,33.1,62.0,11.4,998.2,unknown,4.0,27.72,124.59,0.07,0.63,68.81,42.94,0.0,85.7,,6.0,6.0,7.0,0.0,0.0,-0.3999999999999915,86.1,86.9,95.0,86.10000000000001,89.62916666666666,2.8616625095959463,0.2224897664339032,97.5,105.0,83.0
2026-07-06 07:00:00,Karachi,24.8607,67.0011,33.3,63.0,12.1,997.6,unknown,4.0,27.54,124.44,0.07,0.6,68.76,42.62,0.0,85.4,,7.0,6.0,7.0,0.0,0.0,-0.2999999999999971,85.7,86.5,95.3,85.73333333333335,89.21666666666665,2.718642031003767,0.221311475409836,98.2,103.4,83.4
2026-07-06 08:00:00,Karachi,24.8607,67.0011,33.3,64.0,13.1,996.8,unknown,4.0,27.39,124.61,0.06,0.58,68.49,42.04,0.0,85.5,,8.0,6.0,7.0,0.0,0.0,0.0999999999999943,85.4,86.1,95.1,85.53333333333335,88.81666666666666,2.513903368253137,0.2198057940775218,98.4,101.3,83.6
2026-07-06 09:00:00,Karachi,24.8607,67.0011,33.2,66.0,14.4,996.2,unknown,4.0,27.33,124.93,0.06,0.57,68.46,41.38,0.0,85.6,,9.0,6.0,7.0,0.0,0.0,0.0999999999999943,85.5,85.7,94.6,85.5,88.44166666666666,2.2734606194946445,0.2187625070039221,98.4,98.5,83.5
2026-07-06 10:00:00,Karachi,24.8607,67.0011,32.6,69.0,14.2,995.7,unknown,4.0,27.46,125.22,0.05,0.57,68.54,40.76,0.0,85.8,,10.0,6.0,7.0,0.0,0.0,0.2000000000000028,85.6,85.4,93.8,85.63333333333334,88.10833333333333,2.026759389561524,0.219294042485226,98.6,97.0,83.4
2026-07-06 11:00:00,Karachi,24.8607,67.0011,32.1,70.0,13.0,995.5,unknown,4.0,27.57,124.56,0.06,0.58,68.51,40.11,0.0,85.4,,11.0,6.0,7.0,0.0,0.0,-0.3999999999999915,85.8,85.5,92.5,85.60000000000001,87.8125,1.8699715180313468,0.2213391136801541,99.0,96.4,82.8
2026-07-06 12:00:00,Karachi,24.8607,67.0011,31.8,72.0,13.3,995.1,unknown,4.0,27.74,123.86,0.06,0.59,68.51,39.66,0.0,85.7,,12.0,6.0,7.0,0.0,0.0,0.2999999999999971,85.4,85.6,91.2,85.63333333333334,87.58333333333333,1.77118645242761,0.2239625383497497,99.2,97.4,81.8
2026-07-06 13:00:00,Karachi,24.8607,67.0011,30.9,76.0,13.4,995.4,unknown,4.0,28.08,123.99,0.08,0.6,68.8,39.54,0.0,86.4,,13.0,6.0,7.0,0.0,0.0,0.7000000000000028,85.7,85.8,90.2,85.83333333333333,87.425,1.6953260555923912,0.2264698766029518,99.3,101.4,81.5
2026-07-06 14:00:00,Karachi,24.8607,67.0011,30.0,81.0,13.9,995.5,unknown,4.0,28.5,124.68,0.1,0.62,69.11,39.75,0.0,87.1,,14.0,6.0,7.0,0.0,0.0,0.6999999999999886,86.4,85.4,89.1,86.40000000000002,87.34166666666665,1.6581594475837034,0.2285851780558229,99.1,107.2,82.3
2026-07-06 15:00:00,Karachi,24.8607,67.0011,29.8,81.0,12.8,995.9,unknown,4.0,29.09,126.41,0.12,0.63,69.66,40.35,0.0,88.2,,15.0,6.0,7.0,0.0,0.0,1.1000000000000083,87.1,85.7,88.6,87.23333333333335,87.32499999999999,1.646933910129894,0.2301241990348864,99.0,112.8,84.3
2026-07-06 16:00:00,Karachi,24.8607,67.0011,29.9,80.0,9.6,997.2,unknown,4.0,29.63,128.41,0.12,0.63,70.03,40.93,0.0,89.2,,16.0,6.0,7.0,0.0,0.0,1.0,88.2,86.4,89.0,88.16666666666667,87.33333333333333,1.6562573488999266,0.230745269060042,99.0,115.7,86.5
2026-07-06 17:00:00,Karachi,24.8607,67.0011,29.8,81.0,7.5,997.7,unknown,4.0,30.24,130.29,0.12,0.64,70.4,41.49,0.0,90.4,,17.0,6.0,7.0,0.0,0.0,1.2000000000000028,89.2,87.1,90.0,89.2666666666667,87.35000000000001,1.6860037650136124,0.2320976283674879,99.7,115.0,87.8
2026-07-06 18:00:00,Karachi,24.8607,67.0011,29.7,81.0,7.8,997.6,unknown,4.0,30.87,131.54,0.13,0.66,70.75,42.06,0.0,91.6,,18.0,6.0,7.0,0.0,0.0,1.1999999999999886,90.4,88.2,90.6,90.40000000000002,87.39166666666667,1.7795741226369,0.2346814657138513,101.9,111.3,87.7
2026-07-06 19:00:00,Karachi,24.8607,67.0011,29.3,83.0,6.2,997.4,unknown,4.0,31.51,132.11,0.13,0.67,70.81,42.59,0.0,92.8,,19.0,6.0,7.0,0.0,0.0,1.2000000000000028,91.6,89.2,90.4,91.6,87.49166666666666,2.0086587925567025,0.2385133600787222,103.8,105.7,86.2
2026-07-06 20:00:00,Karachi,24.8607,67.0011,29.1,85.0,5.7,997.1,unknown,4.0,32.14,132.57,0.13,0.67,70.94,43.07,0.0,93.9,,20.0,6.0,7.0,0.0,0.0,1.1000000000000083,92.8,90.4,89.6,92.76666666666668,87.67083333333333,2.3650497129902464,0.2424379573055744,105.5,99.4,84.6
2026-07-06 21:00:00,Karachi,24.8607,67.0011,28.8,87.0,2.9,996.9,unknown,4.0,32.79,133.42,0.14,0.68,71.01,43.37,0.0,95.1,,21.0,6.0,7.0,0.0,0.0,1.1999999999999886,93.9,91.6,88.5,93.93333333333334,87.94583333333333,2.8079048613036157,0.2457652525858192,106.7,95.6,83.6
2026-07-06 22:00:00,Karachi,24.8607,67.0011,28.5,88.0,5.6,996.3,unknown,4.0,33.42,134.91,0.14,0.68,71.1,43.79,0.0,96.3,,22.0,6.0,7.0,0.0,0.0,1.2000000000000028,95.1,92.8,87.7,95.1,88.30416666666667,3.2836193136672813,0.2477207026906827,107.2,92.5,83.0
2026-07-06 23:00:00,Karachi,24.8607,67.0011,28.4,89.0,7.3,995.8,unknown,4.0,33.87,136.38,0.14,0.67,71.39,44.49,0.0,97.1,,23.0,6.0,7.0,0.0,0.0,0.7999999999999972,96.3,93.9,87.2,96.16666666666669,88.71666666666665,3.730330054945228,0.2483501979762428,107.3,89.9,82.2
2026-07-07 00:00:00,Karachi,24.8607,67.0011,28.7,91.0,9.7,997.3,unknown,4.0,34.12,137.08,0.14,0.66,71.59,45.23,0.0,97.6,,0.0,7.0,7.0,1.0,0.0,0.5,97.1,95.1,87.3,97.0,89.14583333333333,4.131215124607278,0.2489057484680478,107.5,87.6,80.9
2026-07-07 01:00:00,Karachi,24.8607,67.0011,28.6,92.0,8.4,997.5,unknown,4.0,34.22,136.78,0.14,0.65,71.65,45.45,0.0,97.8,,1.0,7.0,7.0,1.0,0.0,0.2000000000000028,97.6,96.3,87.7,97.5,89.56666666666666,4.477447513022419,0.2501827752595408,108.2,85.4,80.76400000000001
2026-07-07 02:00:00,Karachi,24.8607,67.0011,29.4,87.0,9.6,997.8,unknown,4.0,34.22,135.33,0.15,0.64,71.49,44.84,0.0,97.8,,2.0,7.0,7.0,1.0,0.0,0.0,97.8,97.1,87.5,97.73333333333336,89.99583333333334,4.755726906139947,0.2528633710189906,108.5,84.7,80.628
2026-07-07 03:00:00,Karachi,24.8607,67.0011,30.2,83.0,11.2,997.6,unknown,4.0,34.09,134.33,0.15,0.64,70.98,43.85,0.0,97.6,,3.0,7.0,7.0,1.0,0.0,-0.2000000000000028,97.8,97.6,86.9,97.73333333333336,90.44166666666666,4.950442814330561,0.2537780093798853,108.3,84.3,80.492
2026-07-08 01:00:00,Karachi,24.8607,67.0011,28.5,89.0,10.6,995.7,unknown,4.0,38.41,149.69,0.12,0.62,77.44,50.95,0.0,108.2,,1.0,8.0,7.0,2.0,0.0,0.7000000000000028,107.5,107.2,97.8,107.66666666666669,100.96666666666668,3.888854382176961,0.2565969670652682,85.4,80.76400000000001,77.5
2026-07-08 02:00:00,Karachi,24.8607,67.0011,29.0,85.0,11.1,996.4,unknown,4.0,38.55,150.22,0.13,0.62,77.55,51.56,0.0,108.5,,2.0,8.0,7.0,2.0,0.0,0.2999999999999971,108.2,107.3,97.8,108.06666666666668,101.4125,4.116701138150441,0.2566236186925842,84.7,80.628,77.2
2026-07-08 03:00:00,Karachi,24.8607,67.0011,30.0,78.0,11.9,996.9,unknown,4.0,38.46,149.64,0.13,0.63,77.37,51.87,0.0,108.3,,3.0,8.0,7.0,2.0,0.0,-0.2000000000000028,108.5,107.5,97.6,108.33333333333331,101.85833333333332,4.262670796439701,0.2570168404170008,84.3,80.492,77.1
2026-07-09 01:00:00,Karachi,24.8607,67.0011,28.4,87.0,15.4,998.0,unknown,4.0,27.59,123.72,0.12,0.7,69.71,37.41,0.0,85.4,,1.0,9.0,7.0,3.0,0.0,-2.1999999999999886,87.6,92.5,108.2,87.63333333333334,102.0375,8.335717412591913,0.2230035564177174,80.76400000000001,77.5,83.7
2026-07-09 02:00:00,Karachi,24.8607,67.0011,28.9,84.0,17.3,998.5,unknown,4.0,26.72,123.13,0.12,0.69,69.08,38.35,0.0,84.7,,2.0,9.0,7.0,3.0,0.0,-0.7000000000000028,85.4,89.9,108.5,85.90000000000002,101.04583333333332,8.928117731743015,0.2170064159831072,80.628,77.2,83.6
2026-07-09 03:00:00,Karachi,24.8607,67.0011,29.7,78.0,18.2,998.9,unknown,4.0,26.0,122.24,0.11,0.69,68.42,38.48,0.0,84.3,,3.0,9.0,7.0,3.0,0.0,-0.4000000000000057,84.7,87.6,108.3,84.80000000000001,100.04583333333336,9.411278117082826,0.212696335078534,80.492,77.1,83.8
2026-07-10 01:00:00,Karachi,24.8607,67.0011,28.476,83.16,19.196,1000.872,unknown,4.0,23.3436,115.17,0.1192,0.6412,65.6344,35.5064,0.0,80.76400000000001,,1.0,10.0,7.0,4.0,0.0,-0.1359999999999956,80.9,83.0,85.4,81.28800000000001,83.68183333333333,1.8778129662516791,0.2026882000520969,77.5,83.7,75.4
2026-07-10 02:00:00,Karachi,24.8607,67.0011,28.452,83.32,19.292,1000.844,unknown,4.0,23.2772,114.89,0.1183999999999999,0.6424,65.63879999999999,35.8328,0.0,80.628,,2.0,10.0,7.0,4.0,0.0,-0.1360000000000099,80.76400000000001,82.2,84.7,80.76400000000001,83.51216666666667,1.963808714375666,0.2026042301331708,77.2,83.6,75.1
2026-07-10 03:00:00,Karachi,24.8607,67.0011,28.428,83.48,19.388,1000.816,unknown,4.0,23.2108,114.61,0.1176,0.6436000000000001,65.6432,36.1592,0.0,80.492,,3.0,10.0,7.0,4.0,0.0,-0.1359999999999956,80.628,80.9,84.3,80.62800000000001,83.35350000000001,2.0493588605028794,0.2025198499258354,77.1,83.8,74.6
2026-07-12 01:00:00,Karachi,24.8607,67.0011,28.4,85.0,18.3,995.4,unknown,4.0,25.66,121.02,0.11,0.7,68.06,42.77,0.0,83.7,,1.0,12.0,7.0,6.0,1.0,-0.3999999999999915,84.1,83.0,77.5,83.93333333333334,81.19583333333334,3.0047034385469127,0.2120310692447529,75.4,65.8,60.8
2026-07-12 02:00:00,Karachi,24.8607,67.0011,28.9,83.0,15.9,995.6,unknown,4.0,25.74,120.88,0.12,0.7,68.06,43.71,0.0,83.6,,2.0,12.0,7.0,6.0,1.0,-0.1000000000000085,83.7,84.0,77.2,83.8,81.46249999999999,2.9173860396492177,0.2129384513567174,75.1,64.5,59.7
2026-07-12 03:00:00,Karachi,24.8607,67.0011,29.9,78.0,19.0,995.7,unknown,4.0,26.05,121.23,0.1,0.7,68.19,44.75,0.0,83.8,,3.0,12.0,7.0,6.0,1.0,0.2000000000000028,83.6,84.1,77.1,83.7,81.74166666666666,2.7999870600101118,0.2148808050812505,74.6,63.6,58.9
2026-07-12 04:00:00,Karachi,24.8607,67.0011,30.8,74.0,19.7,995.8,unknown,4.0,26.46,121.26,0.11,0.7,68.38,45.64,0.0,83.8,,4.0,12.0,7.0,6.0,1.0,0.0,83.8,83.7,77.5,83.73333333333333,82.00416666666666,2.6776821850342927,0.2182088075210292,74.1,62.9,58.4
2026-07-12 05:00:00,Karachi,24.8607,67.0011,31.6,71.0,19.7,995.4,unknown,4.0,26.92,121.1,0.1,0.7,68.71,46.52,0.0,84.2,,5.0,12.0,7.0,6.0,1.0,0.4000000000000057,83.8,83.6,77.9,83.93333333333334,82.26666666666667,2.5642469301595168,0.2222956234516928,73.9,62.3,58.2
2026-07-12 06:00:00,Karachi,24.8607,67.0011,31.5,71.0,22.6,995.6,unknown,4.0,27.32,121.15,0.09,0.7,69.27,47.52,0.0,84.9,,6.0,12.0,7.0,6.0,1.0,0.7000000000000028,84.2,83.8,77.6,84.30000000000001,82.57083333333334,2.4152557100479664,0.2255055716054478,74.2,61.6,58.0
2026-07-12 07:00:00,Karachi,24.8607,67.0011,32.2,67.0,20.3,995.2,unknown,4.0,27.7,121.88,0.08,0.68,69.93,48.35,0.0,85.7,,7.0,12.0,7.0,6.0,1.0,0.7999999999999972,84.9,83.8,76.7,84.93333333333335,82.94583333333334,2.1479978881572035,0.2272727272727272,74.8,60.7,57.9
2026-07-12 08:00:00,Karachi,24.8607,67.0011,32.8,66.0,20.1,994.8,unknown,4.0,27.92,122.15,0.07,0.66,70.3,48.33,0.0,86.1,,8.0,12.0,7.0,6.0,1.0,0.3999999999999915,85.7,84.2,76.5,85.56666666666668,83.34583333333333,1.753004666939084,0.2285714285714285,75.4,60.4,57.8
2026-07-12 09:00:00,Karachi,24.8607,67.0011,32.8,66.0,20.4,994.3,unknown,4.0,28.05,121.83,0.07,0.66,70.55,47.57,0.0,86.3,,9.0,12.0,7.0,6.0,1.0,0.2000000000000028,86.1,84.9,77.7,86.03333333333335,83.70416666666667,1.3901764563181662,0.2302388574242797,75.5,60.7,57.6
2026-07-12 10:00:00,Karachi,24.8607,67.0011,32.6,65.0,21.1,993.8,unknown,4.0,28.1,120.97,0.07,0.67,70.76,46.46,0.0,86.4,,10.0,12.0,7.0,6.0,1.0,0.1000000000000085,86.3,85.7,80.2,86.26666666666667,83.96249999999999,1.2825967206480569,0.2322889972720509,74.9,61.1,57.1
2026-07-12 11:00:00,Karachi,24.8607,67.0011,32.2,67.0,19.7,993.4,unknown,4.0,27.98,119.58,0.08,0.68,70.89,45.51,0.0,86.2,,11.0,12.0,7.0,6.0,1.0,-0.2000000000000028,86.4,86.1,82.3,86.30000000000001,84.125,1.3095800853674375,0.2339856163237999,74.8,61.3,56.6
2026-07-12 12:00:00,Karachi,24.8607,67.0011,31.3,71.0,17.8,993.9,unknown,4.0,27.88,118.7,0.08,0.69,71.28,45.02,0.0,86.0,,12.0,12.0,7.0,6.0,1.0,-0.2000000000000028,86.2,86.3,83.4,86.2,84.23333333333333,1.353792311685711,0.2348778433024431,75.5,61.4,56.6
2026-07-12 13:00:00,Karachi,24.8607,67.0011,30.4,74.0,16.6,994.2,unknown,4.0,27.84,118.41,0.09,0.7,71.55,45.02,0.0,85.9,,13.0,12.0,7.0,6.0,1.0,-0.0999999999999943,86.0,86.4,84.3,86.03333333333335,84.3,1.3959568948090109,0.235115277425893,76.3,61.5,57.2
2026-07-12 14:00:00,Karachi,24.8607,67.0011,29.7,77.0,13.8,994.8,unknown,4.0,27.53,117.02,0.11,0.71,71.53,44.8,0.0,85.3,,14.0,12.0,7.0,6.0,1.0,-0.6000000000000085,85.9,86.2,84.5,85.73333333333335,84.33333333333333,1.4104167335612996,0.2352589300974192,76.6,61.5,57.6
2026-07-12 15:00:00,Karachi,24.8607,67.0011,29.4,79.0,13.4,995.5,unknown,4.0,26.82,114.05,0.12,0.72,71.16,43.76,0.0,84.0,,15.0,12.0,7.0,6.0,1.0,-1.2999999999999972,85.3,86.0,84.5,85.06666666666668,84.3125,1.4115401702271206,0.2351600175361683,76.4,61.7,57.7
2026-07-12 16:00:00,Karachi,24.8607,67.0011,29.1,80.0,15.7,996.2,unknown,4.0,25.84,110.26,0.12,0.73,70.51,42.48,0.0,82.2,,16.0,12.0,7.0,6.0,1.0,-1.7999999999999972,84.0,85.9,84.1,83.83333333333334,84.23333333333333,1.4757950448770618,0.2343551605296571,75.7,62.2,57.4
2026-07-12 17:00:00,Karachi,24.8607,67.0011,29.0,80.0,15.1,996.6,unknown,4.0,25.0,107.13,0.12,0.72,70.45,42.13,0.0,80.6,,17.0,12.0,7.0,6.0,1.0,-1.6000000000000083,82.2,85.3,83.6,82.26666666666668,84.10833333333333,1.648692938599575,0.2333613366937366,74.8,63.0,57.1
2026-07-12 18:00:00,Karachi,24.8607,67.0011,29.4,78.0,15.8,996.9,unknown,4.0,24.33,104.54,0.12,0.7,70.64,42.49,0.0,79.4,,18.0,12.0,7.0,6.0,1.0,-1.1999999999999886,80.6,84.0,82.7,80.73333333333333,83.97083333333333,1.8910496663416263,0.2327338817677443,73.6,64.1,57.1
2026-07-12 19:00:00,Karachi,24.8607,67.0011,29.1,80.0,14.9,996.8,unknown,4.0,23.76,102.3,0.12,0.68,70.69,42.89,0.0,78.3,,19.0,12.0,7.0,6.0,1.0,-1.1000000000000083,79.4,82.2,82.1,79.43333333333334,83.8125,2.1899597971274782,0.232258064516129,72.5,65.0,57.2
2026-07-12 20:00:00,Karachi,24.8607,67.0011,29.0,80.0,14.2,996.9,unknown,4.0,23.37,100.75,0.12,0.68,70.25,42.92,0.0,77.6,,20.0,12.0,7.0,6.0,1.0,-0.7000000000000028,78.3,80.6,81.9,78.43333333333334,83.63333333333334,2.506281962460241,0.2319602977667494,70.7,65.1,57.6
2026-07-12 21:00:00,Karachi,24.8607,67.0011,28.9,79.0,16.3,996.2,unknown,3.0,23.0,99.71,0.12,0.68,69.8,42.67,0.0,76.9,,21.0,12.0,7.0,6.0,1.0,-0.6999999999999886,77.6,79.4,82.1,77.60000000000001,83.41666666666667,2.846304494489944,0.2306689399257848,68.8,64.4,58.4
2026-07-12 22:00:00,Karachi,24.8607,67.0011,28.8,79.0,16.7,995.9,unknown,3.0,22.74,99.4,0.12,0.68,69.34,42.55,0.0,76.4,,22.0,12.0,7.0,6.0,1.0,-0.5,76.9,78.3,83.0,76.96666666666668,83.14166666666667,3.186782030534313,0.2287726358148893,67.5,63.3,59.4
2026-07-12 23:00:00,Karachi,24.8607,67.0011,28.8,79.0,17.6,995.8,unknown,3.0,22.58,99.69,0.11,0.67,69.2,42.59,0.0,76.1,,23.0,12.0,7.0,6.0,1.0,-0.3000000000000113,76.4,77.6,84.0,76.46666666666668,82.8125,3.488030776189312,0.2265021566857257,66.9,62.1,60.1
2026-07-13 00:00:00,Karachi,24.8607,67.0011,28.8,80.0,15.5,996.3,unknown,3.0,22.42,99.76,0.11,0.67,69.03,42.45,0.0,75.8,,0.0,13.0,7.0,0.0,0.0,-0.2999999999999971,76.1,76.9,84.1,76.10000000000001,82.46666666666667,3.756000030867396,0.2247393744987971,66.7,61.5,60.4
2026-07-13 01:00:00,Karachi,24.8607,67.0011,28.7,81.0,15.5,996.6,unknown,3.0,22.22,99.99,0.12,0.69,68.58,41.94,0.0,75.4,,1.0,13.0,7.0,0.0,0.0,-0.3999999999999915,75.8,76.4,83.7,75.76666666666668,82.12083333333332,4.010960978494616,0.2222222222222222,65.8,60.8,60.1
2026-07-13 02:00:00,Karachi,24.8607,67.0011,29.1,79.0,14.2,997.3,unknown,4.0,22.05,100.35,0.12,0.69,68.32,41.44,0.0,75.1,,2.0,13.0,7.0,0.0,0.0,-0.3000000000000113,75.4,76.1,83.6,75.43333333333335,81.76666666666667,4.243221363094796,0.2197309417040359,64.5,59.7,59.5
2026-07-13 03:00:00,Karachi,24.8607,67.0011,30.0,73.0,17.3,997.8,unknown,3.0,21.79,99.97,0.1,0.7,68.23,41.19,0.0,74.6,,3.0,13.0,7.0,0.0,0.0,-0.5,75.1,75.8,83.8,75.03333333333335,81.38333333333334,4.461493868226679,0.217965389616885,63.6,58.9,58.9
2026-07-13 04:00:00,Karachi,24.8607,67.0011,30.7,70.0,18.7,998.2,unknown,3.0,21.48,98.99,0.1,0.7,68.18,41.09,0.0,74.1,,4.0,13.0,7.0,0.0,0.0,-0.5,74.6,75.4,83.8,74.60000000000001,80.97916666666667,4.667648059332415,0.2169916153146782,62.9,58.4,58.3
2026-07-13 05:00:00,Karachi,24.8607,67.0011,31.3,67.0,19.4,998.4,unknown,3.0,21.39,98.58,0.09,0.7,68.11,41.06,0.0,73.9,,5.0,13.0,7.0,0.0,0.0,-0.1999999999999886,74.1,75.1,84.2,74.2,80.55,4.829348682342676,0.2169811320754717,62.3,58.2,57.8
2026-07-13 06:00:00,Karachi,24.8607,67.0011,31.9,66.0,19.5,999.1,unknown,3.0,21.55,99.12,0.08,0.7,67.86,40.66,0.0,74.2,,6.0,13.0,7.0,0.0,0.0,0.2999999999999971,73.9,74.6,84.9,74.06666666666668,80.10416666666667,4.90363478023843,0.217413236481033,61.6,58.0,57.4
2026-07-13 07:00:00,Karachi,24.8607,67.0011,31.9,66.0,20.4,999.2,unknown,4.0,21.88,100.58,0.07,0.71,67.17,39.71,0.0,74.8,,7.0,13.0,7.0,0.0,0.0,0.5999999999999943,74.2,74.1,85.7,74.30000000000001,79.64999999999999,4.867460725371769,0.2175382779876715,60.7,57.9,57.0
2026-07-13 08:00:00,Karachi,24.8607,67.0011,31.7,67.0,22.4,999.1,unknown,4.0,22.19,102.28,0.07,0.71,66.41,38.65,0.0,75.4,,8.0,13.0,7.0,0.0,0.0,0.6000000000000085,74.8,73.9,86.1,74.80000000000001,79.20416666666667,4.739333943907884,0.2169534610872115,60.4,57.8,57.0
2026-07-13 09:00:00,Karachi,24.8607,67.0011,31.4,68.0,22.4,998.8,unknown,4.0,22.23,103.24,0.07,0.71,65.98,37.97,0.0,75.5,,9.0,13.0,7.0,0.0,0.0,0.0999999999999943,75.4,74.2,86.3,75.23333333333335,78.75416666666668,4.545038304392979,0.2153235180162727,60.7,57.6,57.3
2026-07-13 10:00:00,Karachi,24.8607,67.0011,31.1,69.0,22.7,998.5,unknown,4.0,21.95,103.21,0.08,0.71,66.0,37.81,0.0,74.9,,10.0,13.0,7.0,0.0,0.0,-0.5999999999999943,75.5,74.8,86.4,75.26666666666668,78.27499999999999,4.303714270456736,0.2126731905823079,61.1,57.1,57.9
2026-07-13 11:00:00,Karachi,24.8607,67.0011,30.6,71.0,22.1,998.1,unknown,4.0,21.65,103.12,0.08,0.7,66.25,37.77,0.0,74.8,,11.0,13.0,7.0,0.0,0.0,-0.1000000000000085,74.9,75.4,86.2,75.06666666666668,77.8,4.010095954613984,0.2099495733126454,61.3,56.6,58.5
2026-07-13 12:00:00,Karachi,24.8607,67.0011,30.2,73.0,21.6,998.2,unknown,4.0,21.69,104.46,0.08,0.7,66.15,37.38,0.0,75.5,,12.0,13.0,7.0,0.0,0.0,0.7000000000000028,74.8,75.5,86.0,75.06666666666668,77.3625,3.631482210265185,0.2076392877656519,61.4,56.6,58.8
2026-07-13 13:00:00,Karachi,24.8607,67.0011,29.5,76.0,21.0,998.5,unknown,4.0,21.88,106.16,0.09,0.7,65.97,36.95,0.0,76.3,,13.0,13.0,7.0,0.0,0.0,0.7999999999999972,75.5,74.9,85.9,75.53333333333335,76.9625,3.146538816180973,0.2061039939713639,61.5,57.2,58.9
2026-07-13 14:00:00,Karachi,24.8607,67.0011,28.9,78.0,21.8,999.2,unknown,4.0,21.9,106.8,0.1,0.7,65.78,36.73,0.0,76.6,,14.0,13.0,7.0,0.0,0.0,0.2999999999999971,76.3,74.8,85.3,76.13333333333334,76.6,2.597490427650066,0.2050561797752809,61.5,57.6,58.7
2026-07-13 15:00:00,Karachi,24.8607,67.0011,28.4,81.0,21.1,999.9,unknown,4.0,21.7,106.22,0.1,0.69,65.78,36.68,0.0,76.4,,15.0,13.0,7.0,0.0,0.0,-0.1999999999999886,76.6,75.5,84.0,76.43333333333335,76.28333333333333,2.064748993411022,0.2042929768405196,61.7,57.7,58.6
2026-07-13 16:00:00,Karachi,24.8607,67.0011,28.3,81.0,20.6,1000.6,unknown,4.0,21.36,104.85,0.1,0.68,65.87,36.77,0.0,75.7,,16.0,13.0,7.0,0.0,0.0,-0.7000000000000028,76.4,76.3,82.2,76.23333333333335,76.0125,1.6368879539870418,0.2037195994277539,62.2,57.4,58.8
2026-07-13 17:00:00,Karachi,24.8607,67.0011,28.0,83.0,19.3,1001.2,unknown,4.0,20.96,102.99,0.1,0.67,65.79,36.82,0.0,74.8,,17.0,13.0,7.0,0.0,0.0,-0.9000000000000057,75.7,76.6,80.6,75.63333333333334,75.77083333333333,1.3294258867649376,0.2035149043596466,63.0,57.1,59.1
2026-07-13 18:00:00,Karachi,24.8607,67.0011,28.3,84.0,16.8,1000.9,unknown,4.0,20.48,100.76,0.1,0.67,65.45,36.81,0.0,73.6,,18.0,13.0,7.0,0.0,0.0,-1.2000000000000028,74.8,76.4,79.4,74.7,75.52916666666667,1.1570123319251728,0.2032552600238189,64.1,57.1,59.6
2026-07-13 19:00:00,Karachi,24.8607,67.0011,28.0,86.0,15.6,1000.9,unknown,3.0,20.08,98.52,0.1,0.67,64.95,36.76,0.0,72.5,,19.0,13.0,7.0,0.0,0.0,-1.0999999999999943,73.6,75.7,78.3,73.63333333333334,75.2875,1.158827180720987,0.2038164839626471,65.0,57.2,59.8
2026-07-13 20:00:00,Karachi,24.8607,67.0011,27.9,87.0,16.9,1000.4,unknown,3.0,19.51,94.83,0.1,0.65,64.61,36.94,0.0,70.7,,20.0,13.0,7.0,0.0,0.0,-1.7999999999999972,72.5,74.8,77.6,72.26666666666667,75.0,1.39252663700838,0.2057365812506591,65.1,57.6,60.1
2026-07-13 21:00:00,Karachi,24.8607,67.0011,27.7,88.0,17.1,1000.0,unknown,3.0,18.68,90.82,0.1,0.63,64.32,37.07,0.0,68.8,,21.0,13.0,7.0,0.0,0.0,-1.9000000000000057,70.7,73.6,76.9,70.66666666666667,74.6625,1.826094073483836,0.2056815679365778,64.4,58.4,60.1
2026-07-13 22:00:00,Karachi,24.8607,67.0011,27.7,87.0,18.1,999.5,unknown,3.0,17.93,87.55,0.1,0.61,64.12,37.4,0.0,67.5,,22.0,13.0,7.0,0.0,0.0,-1.2999999999999972,68.8,72.5,76.4,69.00000000000001,74.29166666666667,2.3000787636157445,0.2047972587093089,63.3,59.4,60.0
2026-07-13 23:00:00,Karachi,24.8607,67.0011,27.5,88.0,17.5,999.5,unknown,3.0,17.64,86.33,0.1,0.6,63.93,37.89,0.0,66.9,,23.0,13.0,7.0,0.0,0.0,-0.5999999999999943,67.5,70.7,76.1,67.73333333333333,73.90833333333333,2.7148411222088664,0.2043322135989806,62.1,60.1,59.7
2026-07-14 00:00:00,Karachi,24.8607,67.0011,27.8,88.0,16.7,999.6,unknown,3.0,17.5,84.45,0.1,0.6,64.01,38.64,0.0,66.7,,0.0,14.0,7.0,1.0,0.0,-0.2000000000000028,66.9,68.8,75.8,67.03333333333335,73.52916666666667,3.05350535082749,0.2072232089994079,61.5,60.4,59.5
2026-07-14 01:00:00,Karachi,24.8607,67.0011,27.8,87.0,17.2,999.9,unknown,3.0,17.02,79.93,0.09,0.58,64.28,39.58,0.0,65.8,,1.0,14.0,7.0,1.0,0.0,-0.9000000000000057,66.7,67.5,75.4,66.46666666666668,73.12916666666668,3.4061937403937432,0.2129363192793694,60.8,60.1,59.3
2026-07-14 02:00:00,Karachi,24.8607,67.0011,28.1,84.0,18.6,1000.3,unknown,3.0,16.36,74.27,0.1,0.55,64.81,40.56,0.0,64.5,,2.0,14.0,7.0,1.0,0.0,-1.2999999999999972,65.8,66.9,75.1,65.66666666666667,72.6875,3.8035809786128976,0.220277366365962,59.7,59.5,59.0
2026-07-14 03:00:00,Karachi,24.8607,67.0011,28.7,81.0,19.7,1000.7,unknown,3.0,15.88,71.75,0.08,0.53,65.38,41.53,0.0,63.6,,3.0,14.0,7.0,1.0,0.0,-0.8999999999999986,64.5,66.7,74.6,64.63333333333334,72.22916666666667,4.204705352512323,0.2213240418118467,58.9,58.9,58.6
2026-07-14 04:00:00,Karachi,24.8607,67.0011,29.4,77.0,19.2,1001.0,unknown,3.0,15.51,69.34,0.09,0.51,65.75,42.32,0.0,62.9,,4.0,14.0,7.0,1.0,0.0,-0.7000000000000028,63.6,65.8,74.1,63.66666666666668,71.7625,4.591751820667732,0.2236804153446784,58.4,58.3,58.2
2026-07-14 05:00:00,Karachi,24.8607,67.0011,29.6,77.0,19.9,1001.5,unknown,3.0,15.18,67.34,0.08,0.5,66.17,42.91,0.0,62.3,,5.0,14.0,7.0,1.0,0.0,-0.6000000000000014,62.9,64.5,73.9,62.93333333333334,71.27916666666667,4.953257967514976,0.2254232254232254,58.2,57.8,57.9
2026-07-14 06:00:00,Karachi,24.8607,67.0011,30.3,72.0,19.7,1001.6,unknown,3.0,14.78,65.98,0.08,0.49,66.45,43.2,0.0,61.6,,6.0,14.0,7.0,1.0,0.0,-0.6999999999999957,62.3,63.6,74.2,62.26666666666668,70.75416666666666,5.286733121829254,0.2240072749317974,58.0,57.4,57.7
2026-07-14 07:00:00,Karachi,24.8607,67.0011,30.7,71.0,19.6,1001.5,unknown,3.0,14.31,64.44,0.07,0.48,66.57,43.14,0.0,60.7,,7.0,14.0,7.0,1.0,0.0,-0.8999999999999986,61.6,62.9,74.8,61.53333333333334,70.16666666666667,5.592204719355856,0.2220670391061452,57.9,57.0,57.6
2026-07-14 08:00:00,Karachi,24.8607,67.0011,30.8,71.0,19.2,1001.3,unknown,3.0,14.16,64.17,0.06,0.48,66.87,42.96,0.0,60.4,,8.0,14.0,7.0,1.0,0.0,-0.3000000000000042,60.7,62.3,75.4,60.90000000000001,69.54166666666667,5.8156398329559975,0.2206638616175783,57.8,57.0,57.6
2026-07-14 09:00:00,Karachi,24.8607,67.0011,30.5,73.0,19.4,1000.9,unknown,3.0,14.32,65.41,0.06,0.48,67.08,42.67,0.0,60.7,,9.0,14.0,7.0,1.0,0.0,0.3000000000000042,60.4,61.6,75.5,60.600000000000016,68.925,5.9397152618035856,0.2189267696070937,57.6,57.3,57.6
2026-07-14 10:00:00,Karachi,24.8607,67.0011,30.2,73.0,19.7,1000.6,unknown,3.0,14.54,65.11,0.06,0.49,67.47,42.64,0.0,61.1,,10.0,14.0,7.0,1.0,0.0,0.3999999999999986,60.7,60.7,74.9,60.73333333333334,68.35000000000001,6.003766933459585,0.2233143910305636,57.1,57.9,57.5
2026-07-14 11:00:00,Karachi,24.8607,67.0011,29.7,74.0,20.4,1000.5,unknown,3.0,14.65,64.42,0.06,0.48,67.65,42.63,0.0,61.3,,11.0,14.0,7.0,1.0,0.0,0.1999999999999957,61.1,60.4,74.8,61.03333333333334,67.7875,6.005599741979829,0.2274138466314809,56.6,58.5,57.4
2026-07-14 12:00:00,Karachi,24.8607,67.0011,30.0,72.0,19.0,1000.2,unknown,3.0,14.7,64.51,0.07,0.48,67.66,42.46,0.0,61.4,,12.0,14.0,7.0,1.0,0.0,0.1000000000000014,61.3,60.7,75.5,61.26666666666667,67.2,5.907180597264193,0.2278716478065416,56.6,58.8,57.6
2026-07-14 13:00:00,Karachi,24.8607,67.0011,29.1,77.0,17.0,1000.4,unknown,3.0,14.75,67.64,0.09,0.49,67.45,41.98,0.0,61.5,,13.0,14.0,7.0,1.0,0.0,0.1000000000000014,61.4,61.1,76.3,61.40000000000001,66.58333333333333,5.684201344739241,0.2180662329982259,57.2,58.9,58.1
2026-07-14 14:00:00,Karachi,24.8607,67.0011,28.7,79.0,16.4,1000.7,unknown,3.0,14.73,70.29,0.1,0.5,67.43,41.37,0.0,61.5,,14.0,14.0,7.0,1.0,0.0,0.0,61.5,61.3,76.6,61.46666666666668,65.95416666666667,5.353339402057621,0.2095603926589841,57.6,58.7,58.7
2026-07-14 15:00:00,Karachi,24.8607,67.0011,28.3,84.0,18.5,1000.8,unknown,3.0,14.82,71.84,0.1,0.5,67.48,40.76,0.0,61.7,,15.0,14.0,7.0,1.0,0.0,0.2000000000000028,61.5,61.4,76.4,61.56666666666669,65.34166666666667,4.9304657745108535,0.2062917594654788,57.7,58.6,59.6
2026-07-14 16:00:00,Karachi,24.8607,67.0011,28.1,84.0,16.3,1001.7,unknown,3.0,15.12,73.58,0.1,0.51,67.7,40.28,0.0,62.2,,16.0,14.0,7.0,1.0,0.0,0.5,61.7,61.5,75.7,61.80000000000001,64.77916666666665,4.443361356555137,0.2054906224517531,57.4,58.8,60.8
2026-07-14 17:00:00,Karachi,24.8607,67.0011,28.2,81.0,15.3,1002.4,unknown,3.0,15.53,75.9,0.1,0.51,67.87,39.98,0.0,63.0,,17.0,14.0,7.0,1.0,0.0,0.7999999999999972,62.2,61.5,74.8,62.30000000000001,64.2875,3.9067736605519903,0.2046113306982871,57.1,59.1,62.5
2026-07-14 18:00:00,Karachi,24.8607,67.0011,28.4,80.0,14.8,1002.0,unknown,3.0,16.13,78.83,0.1,0.52,67.9,39.69,0.0,64.1,,18.0,14.0,7.0,1.0,0.0,1.0999999999999943,63.0,61.7,73.6,63.1,63.89166666666667,3.366060355792948,0.2046175313966763,57.1,59.6,64.2
2026-07-14 19:00:00,Karachi,24.8607,67.0011,28.2,80.0,14.8,1002.1,unknown,3.0,16.64,78.83,0.1,0.52,67.56,39.27,0.0,65.0,,19.0,14.0,7.0,1.0,0.0,0.9000000000000057,64.1,62.2,72.5,64.03333333333335,63.57916666666667,2.839010722779764,0.2110871495623493,57.2,59.8,65.3
2026-07-14 20:00:00,Karachi,24.8607,67.0011,27.9,81.0,15.0,1001.9,unknown,3.0,16.66,77.69,0.1,0.51,67.06,38.87,0.0,65.1,,20.0,14.0,7.0,1.0,0.0,0.0999999999999943,65.0,63.0,70.7,64.73333333333333,63.34583333333333,2.4288088271498816,0.2144420131291028,57.6,60.1,65.7
2026-07-14 21:00:00,Karachi,24.8607,67.0011,27.6,85.0,16.1,1001.3,unknown,3.0,16.31,75.94,0.1,0.51,66.56,38.65,0.0,64.4,,21.0,14.0,7.0,1.0,0.0,-0.6999999999999886,65.1,64.1,68.8,64.83333333333334,63.1625,2.149178306075379,0.2147748222280747,58.4,60.1,65.6
2026-07-14 22:00:00,Karachi,24.8607,67.0011,27.6,86.0,15.7,1001.1,unknown,3.0,15.68,71.3,0.11,0.51,66.22,38.71,0.0,63.3,,22.0,14.0,7.0,1.0,0.0,-1.1000000000000083,64.4,65.0,67.5,64.26666666666667,62.9875,1.9416067976092648,0.2199158485273492,59.4,60.0,65.0
2026-07-14 23:00:00,Karachi,24.8607,67.0011,27.4,87.0,14.0,1000.8,unknown,3.0,15.08,65.84,0.11,0.49,66.34,39.18,0.0,62.1,,23.0,14.0,7.0,1.0,0.0,-1.1999999999999955,63.3,65.1,66.9,63.26666666666668,62.7875,1.759770859589884,0.2290400972053463,60.1,59.7,63.9
2026-07-15 00:00:00,Karachi,24.8607,67.0011,28.0,84.0,13.0,1001.1,unknown,3.0,14.76,61.28,0.1,0.48,66.49,39.72,0.0,61.5,,0.0,15.0,7.0,2.0,0.0,-0.6000000000000014,62.1,64.4,66.7,62.30000000000001,62.570833333333326,1.5666300489094005,0.2408616187989556,60.4,59.5,62.6
2026-07-15 01:00:00,Karachi,24.8607,67.0011,28.0,81.0,13.2,1000.9,unknown,3.0,14.35,56.92,0.1,0.46,66.88,40.48,0.0,60.8,,1.0,15.0,7.0,2.0,0.0,-0.7000000000000028,61.5,63.3,65.8,61.46666666666668,62.3625,1.4463785360569517,0.2521082220660576,60.1,59.3,61.1
2026-07-15 02:00:00,Karachi,24.8607,67.0011,28.3,79.0,13.8,1001.5,unknown,3.0,13.79,51.54,0.1,0.43,67.31,41.47,0.0,59.7,,2.0,15.0,7.0,2.0,0.0,-1.0999999999999943,60.8,62.1,64.5,60.66666666666668,62.1625,1.4696383761057887,0.2675591773379899,59.5,59.0,59.8
2026-07-15 03:00:00,Karachi,24.8607,67.0011,29.0,74.0,15.9,1001.7,unknown,2.0,13.34,46.6,0.11,0.4,67.59,42.31,0.0,58.9,,3.0,15.0,7.0,2.0,0.0,-0.8000000000000043,59.7,61.5,63.6,59.80000000000001,61.96666666666667,1.5788456616115494,0.2862660944206008,58.9,58.6,59.0
2026-07-15 04:00:00,Karachi,24.8607,67.0011,29.7,71.0,15.9,1002.1,unknown,2.0,13.07,43.8,0.1,0.38,67.86,42.88,0.0,58.4,,4.0,15.0,7.0,2.0,0.0,-0.5,58.9,60.8,62.9,59.00000000000001,61.77916666666667,1.723741927286491,0.2984018264840183,58.3,58.2,58.8
2026-07-15 05:00:00,Karachi,24.8607,67.0011,30.4,68.0,15.7,1002.3,unknown,2.0,12.98,42.88,0.09,0.37,68.12,43.44,0.0,58.2,,5.0,15.0,7.0,2.0,0.0,-0.1999999999999957,58.4,59.7,62.3,58.50000000000001,61.60833333333333,1.8670871679584176,0.302705223880597,57.8,57.9,59.3
2026-07-15 06:00:00,Karachi,24.8607,67.0011,30.9,66.0,16.4,1002.5,unknown,2.0,12.88,42.34,0.08,0.35,68.5,43.91,0.0,58.0,,6.0,15.0,7.0,2.0,0.0,-0.2000000000000028,58.2,58.9,61.6,58.20000000000001,61.458333333333336,2.007143041341903,0.3042040623523854,57.4,57.7,60.1
2026-07-15 07:00:00,Karachi,24.8607,67.0011,30.7,68.0,16.5,1002.3,unknown,2.0,12.8,42.12,0.07,0.34,68.77,44.11,0.0,57.9,,7.0,15.0,7.0,2.0,0.0,-0.1000000000000014,58.0,58.4,60.7,58.03333333333334,61.34166666666667,2.130710570733004,0.3038936372269706,57.0,57.6,61.0
2026-07-15 08:00:00,Karachi,24.8607,67.0011,30.9,68.0,17.1,1002.0,unknown,2.0,12.74,43.09,0.07,0.35,68.82,43.78,0.0,57.8,,8.0,15.0,7.0,2.0,0.0,-0.1000000000000014,57.9,58.2,60.4,57.90000000000001,61.23333333333333,2.243767535558156,0.2956602459967509,57.0,57.6,61.5
2026-07-15 09:00:00,Karachi,24.8607,67.0011,31.0,67.0,16.2,1001.5,unknown,2.0,12.62,44.31,0.07,0.35,68.73,43.24,0.0,57.6,,9.0,15.0,7.0,2.0,0.0,-0.1999999999999957,57.8,58.0,60.7,57.76666666666668,61.10416666666666,2.3619224238389944,0.284811554953735,57.3,57.6,61.4
2026-07-15 10:00:00,Karachi,24.8607,67.0011,30.7,67.0,15.9,1001.5,unknown,2.0,12.37,45.29,0.07,0.36,68.97,42.85,0.0,57.1,,10.0,15.0,7.0,2.0,0.0,-0.5,57.6,57.9,61.1,57.50000000000001,60.9375,2.499358613377146,0.2731287259880768,57.9,57.5,61.0
2026-07-15 11:00:00,Karachi,24.8607,67.0011,30.2,69.0,15.5,1001.2,unknown,2.0,12.09,46.33,0.07,0.36,69.19,42.39,0.0,56.6,,11.0,15.0,7.0,2.0,0.0,-0.5,57.1,57.8,61.3,57.100000000000016,60.74166666666667,2.649350480970051,0.2609540254694582,58.5,57.4,60.4
2026-07-15 12:00:00,Karachi,24.8607,67.0011,30.5,68.0,15.5,1001.4,unknown,2.0,12.09,48.47,0.08,0.37,69.21,41.54,0.0,56.6,,12.0,15.0,7.0,2.0,0.0,0.0,56.6,57.6,61.4,56.76666666666668,60.54166666666666,2.7756576450132817,0.2494326387456158,58.8,57.6,59.9
2026-07-15 13:00:00,Karachi,24.8607,67.0011,29.7,72.0,13.8,1001.4,unknown,3.0,12.42,51.44,0.09,0.39,68.93,40.35,0.0,57.2,,13.0,15.0,7.0,2.0,0.0,0.6000000000000014,56.6,57.1,61.5,56.80000000000001,60.3625,2.848922374452152,0.2414463452566096,58.9,58.1,59.6
2026-07-15 14:00:00,Karachi,24.8607,67.0011,29.1,76.0,13.7,1001.5,unknown,3.0,12.64,53.01,0.1,0.39,68.94,39.33,0.0,57.6,,14.0,15.0,7.0,2.0,0.0,0.3999999999999986,57.2,56.6,61.5,57.13333333333335,60.2,2.892118224777289,0.2384455763063573,58.7,58.7,60.1
2026-07-15 15:00:00,Karachi,24.8607,67.0011,28.6,79.0,13.6,1001.9,unknown,3.0,12.67,52.86,0.1,0.39,69.2,38.58,0.0,57.7,,15.0,15.0,7.0,2.0,0.0,0.1000000000000014,57.6,56.6,61.7,57.50000000000001,60.03333333333333,2.9170662252202804,0.2396897465001891,58.6,59.6,61.7
2026-07-15 16:00:00,Karachi,24.8607,67.0011,28.2,82.0,12.5,1002.4,unknown,3.0,12.54,51.72,0.1,0.38,69.35,38.02,0.0,57.4,,16.0,15.0,7.0,2.0,0.0,-0.3000000000000042,57.7,57.2,62.2,57.56666666666669,59.833333333333336,2.9265897451187155,0.2424593967517401,58.8,60.8,64.4
2026-07-15 17:00:00,Karachi,24.8607,67.0011,28.0,83.0,13.1,1002.9,unknown,3.0,12.4,50.45,0.1,0.37,69.57,37.65,0.0,57.1,,17.0,15.0,7.0,2.0,0.0,-0.2999999999999971,57.4,57.6,63.0,57.40000000000001,59.587500000000006,2.896671628221153,0.2457879088206144,59.1,62.5,67.2
2026-07-15 18:00:00,Karachi,24.8607,67.0011,28.1,83.0,11.2,1003.2,unknown,2.0,12.38,49.88,0.1,0.37,69.71,37.26,0.0,57.1,,18.0,15.0,7.0,2.0,0.0,0.0,57.1,57.7,64.1,57.20000000000001,59.29583333333333,2.7722976135280635,0.2481956696070569,59.6,64.2,69.4
2026-07-15 19:00:00,Karachi,24.8607,67.0011,27.9,84.0,9.9,1003.1,unknown,3.0,12.41,50.41,0.1,0.36,69.75,36.97,0.0,57.2,,19.0,15.0,7.0,2.0,0.0,0.1000000000000014,57.1,57.4,65.0,57.13333333333335,58.97083333333333,2.5202620924211985,0.2461813132315017,59.8,65.3,69.6
2026-07-15 20:00:00,Karachi,24.8607,67.0011,27.7,85.0,9.2,1003.0,unknown,3.0,12.62,53.08,0.1,0.36,69.58,36.66,0.0,57.6,,20.0,15.0,7.0,2.0,0.0,0.3999999999999986,57.2,57.1,65.1,57.30000000000001,58.65833333333333,2.167530485552572,0.2377543330821401,60.1,65.7,68.4
2026-07-15 21:00:00,Karachi,24.8607,67.0011,27.5,85.0,9.2,1002.6,unknown,3.0,13.06,57.63,0.11,0.37,69.21,36.09,0.0,58.4,,21.0,15.0,7.0,2.0,0.0,0.7999999999999972,57.6,57.1,64.4,57.73333333333335,58.40833333333333,1.789563139955344,0.2266180808606628,60.1,65.6,67.1
2026-07-15 22:00:00,Karachi,24.8607,67.0011,27.2,87.0,9.5,1002.4,unknown,3.0,13.61,60.06,0.11,0.37,68.62,35.23,0.0,59.4,,22.0,15.0,7.0,2.0,0.0,1.0,58.4,57.2,63.3,58.46666666666668,58.24583333333334,1.4755924872432231,0.2266067266067266,60.0,65.0,66.5
2026-07-15 23:00:00,Karachi,24.8607,67.0011,27.3,87.0,10.0,1002.1,unknown,3.0,14.0,59.99,0.11,0.37,68.1,34.52,0.0,60.1,,23.0,15.0,7.0,2.0,0.0,0.7000000000000028,59.4,57.6,62.1,59.30000000000001,58.1625,1.2937349032946752,0.2333722287047841,59.7,63.9,66.0
2026-07-16 00:00:00,Karachi,24.8607,67.0011,27.5,89.0,9.6,1002.3,unknown,3.0,14.13,58.41,0.11,0.35,67.78,34.15,0.0,60.4,,0.0,16.0,7.0,3.0,0.0,0.2999999999999971,60.1,58.4,61.5,59.96666666666668,58.116666666666674,1.18529639172436,0.2419106317411402,59.5,62.6,65.1
2026-07-16 01:00:00,Karachi,24.8607,67.0011,27.3,90.0,9.2,1002.8,unknown,3.0,13.96,56.17,0.11,0.34,68.0,34.36,0.0,60.1,,1.0,16.0,7.0,3.0,0.0,-0.2999999999999971,60.4,59.4,60.8,60.20000000000001,58.0875,1.123392571440694,0.2485312444365319,59.3,61.1,64.5
2026-07-16 02:00:00,Karachi,24.8607,67.0011,27.3,90.0,11.3,1003.3,unknown,3.0,13.66,53.82,0.12,0.32,68.28,35.17,0.0,59.5,,2.0,16.0,7.0,3.0,0.0,-0.6000000000000014,60.1,60.1,59.7,60.00000000000001,58.07916666666667,1.111590778107634,0.2538089929394277,59.0,59.8,64.3
2026-07-16 03:00:00,Karachi,24.8607,67.0011,28.6,82.0,12.9,1003.6,unknown,3.0,13.35,51.34,0.11,0.31,68.64,36.08,0.0,58.9,,3.0,16.0,7.0,3.0,0.0,-0.6000000000000014,59.5,60.4,58.9,59.50000000000001,58.07916666666667,1.111590778107634,0.2600311647837943,58.6,59.0,64.4
2026-07-16 04:00:00,Karachi,24.8607,67.0011,29.6,75.0,13.2,1003.8,unknown,2.0,13.0,49.01,0.09,0.29,68.74,36.93,0.0,58.3,,4.0,16.0,7.0,3.0,0.0,-0.6000000000000014,58.9,60.1,58.4,58.900000000000006,58.075,1.110522791107026,0.2652519893899204,58.2,58.8,64.6
2026-07-16 05:00:00,Karachi,24.8607,67.0011,30.2,71.0,14.4,1003.9,unknown,2.0,12.77,47.24,0.07,0.29,69.05,37.67,0.0,57.8,,5.0,16.0,7.0,3.0,0.0,-0.5,58.3,59.5,58.2,58.33333333333334,58.05833333333334,1.1115663318704183,0.2703217612193057,57.9,59.3,64.9
2026-07-16 06:00:00,Karachi,24.8607,67.0011,31.1,66.0,13.3,1004.0,unknown,2.0,12.51,45.42,0.06,0.28,69.41,38.43,0.0,57.4,,6.0,16.0,7.0,3.0,0.0,-0.3999999999999986,57.8,58.9,58.0,57.833333333333336,58.03333333333334,1.119653155405163,0.2754293262879788,57.7,60.1,65.5
2026-07-16 07:00:00,Karachi,24.8607,67.0011,31.2,66.0,12.9,1003.6,unknown,2.0,12.3,44.29,0.05,0.27,69.68,38.81,0.0,57.0,,7.0,16.0,7.0,3.0,0.0,-0.3999999999999986,57.4,58.3,57.9,57.40000000000001,57.99583333333334,1.1392137512413771,0.2777150598329194,57.6,61.0,66.0
2026-07-16 08:00:00,Karachi,24.8607,67.0011,31.6,65.0,13.4,1003.0,unknown,2.0,12.31,44.43,0.05,0.27,69.71,38.51,0.0,57.0,,8.0,16.0,7.0,3.0,0.0,0.0,57.0,57.8,57.8,57.13333333333335,57.962500000000006,1.1567617845044538,0.2770650461399955,57.6,61.5,66.5
2026-07-16 09:00:00,Karachi,24.8607,67.0011,31.1,67.0,13.7,1002.7,unknown,2.0,12.5,45.5,0.05,0.28,69.5,37.73,0.0,57.3,,9.0,16.0,7.0,3.0,0.0,0.2999999999999971,57.0,57.4,57.6,57.1,57.95,1.1624561702830196,0.2747252747252747,57.6,61.4,66.7
2026-07-16 10:00:00,Karachi,24.8607,67.0011,31.0,68.0,14.0,1002.2,unknown,2.0,12.81,46.81,0.05,0.28,69.37,36.95,0.0,57.9,,10.0,16.0,7.0,3.0,0.0,0.6000000000000014,57.3,57.0,57.1,57.400000000000006,57.98333333333333,1.1484078455466542,0.2736594744712668,57.5,61.0,67.1
2026-07-16 11:00:00,Karachi,24.8607,67.0011,30.6,69.0,13.6,1002.1,unknown,2.0,13.11,47.99,0.05,0.28,69.02,36.39,0.0,58.5,,11.0,16.0,7.0,3.0,0.0,0.6000000000000014,57.9,57.0,56.6,57.900000000000006,58.0625,1.113870065017486,0.2731819128985205,57.4,60.4,67.4
2026-07-16 12:00:00,Karachi,24.8607,67.0011,30.2,70.0,12.9,1002.4,unknown,2.0,13.31,48.75,0.05,0.28,68.84,36.18,0.0,58.8,,12.0,16.0,7.0,3.0,0.0,0.2999999999999971,58.5,57.3,56.6,58.400000000000006,58.15416666666667,1.07823493716028,0.273025641025641,57.6,59.9,67.7
2026-07-16 13:00:00,Karachi,24.8607,67.0011,29.6,72.0,11.2,1002.3,unknown,2.0,13.34,47.57,0.06,0.28,68.86,36.3,0.0,58.9,,13.0,16.0,7.0,3.0,0.0,0.1000000000000014,58.8,57.9,57.2,58.73333333333334,58.225,1.0686236576746688,0.2804288417069581,58.1,59.6,68.1
2026-07-16 14:00:00,Karachi,24.8607,67.0011,29.2,74.0,10.4,1002.5,unknown,2.0,13.21,45.32,0.08,0.27,68.83,36.49,0.0,58.7,,14.0,16.0,7.0,3.0,0.0,-0.1999999999999957,58.9,58.5,57.6,58.80000000000001,58.270833333333336,1.064232389900337,0.2914827890556046,58.7,60.1,68.8
2026-07-16 15:00:00,Karachi,24.8607,67.0011,28.7,77.0,11.2,1002.6,unknown,2.0,13.2,44.07,0.08,0.27,68.66,36.47,0.0,58.6,,15.0,16.0,7.0,3.0,0.0,-0.1000000000000014,58.7,58.8,57.7,58.73333333333335,58.30833333333333,1.0590876576891497,0.2995234853641933,59.6,61.7,69.4
2026-07-16 16:00:00,Karachi,24.8607,67.0011,28.5,79.0,12.0,1002.9,unknown,2.0,13.3,43.87,0.08,0.27,68.49,36.31,0.0,58.8,,16.0,16.0,7.0,3.0,0.0,0.1999999999999957,58.6,58.9,57.4,58.70000000000001,58.366666666666674,1.0453485654035226,0.3031684522452701,60.8,64.4,69.8
2026-07-16 17:00:00,Karachi,24.8607,67.0011,28.3,80.0,11.8,1003.4,unknown,2.0,13.46,44.45,0.08,0.27,68.47,36.29,0.0,59.1,,17.0,16.0,7.0,3.0,0.0,0.3000000000000042,58.8,58.7,57.1,58.83333333333334,58.45,1.0193774741406492,0.3028121484814398,62.5,67.2,70.4
2026-07-16 18:00:00,Karachi,24.8607,67.0011,28.4,81.0,11.0,1003.4,unknown,2.0,13.69,45.63,0.09,0.28,68.57,36.34,0.0,59.6,,18.0,16.0,7.0,3.0,0.0,0.5,59.1,58.6,57.1,59.16666666666668,58.55416666666667,1.0030298303552223,0.3000219154065308,64.2,69.4,71.2
2026-07-16 19:00:00,Karachi,24.8607,67.0011,28.0,82.0,11.5,1003.0,unknown,2.0,13.84,46.62,0.09,0.28,68.52,36.36,0.0,59.8,,19.0,16.0,7.0,3.0,0.0,0.1999999999999957,59.6,58.8,57.2,59.50000000000001,58.6625,0.9907452179845178,0.2968682968682968,65.3,69.6,72.2
2026-07-16 20:00:00,Karachi,24.8607,67.0011,27.7,84.0,11.7,1002.8,unknown,2.0,13.96,47.34,0.09,0.29,68.71,36.44,0.0,60.1,,20.0,16.0,7.0,3.0,0.0,0.3000000000000042,59.8,59.1,57.6,59.83333333333334,58.76666666666667,1.0054921644429882,0.2948880439374736,65.7,68.4,73.5
2026-07-16 21:00:00,Karachi,24.8607,67.0011,27.8,83.0,11.2,1002.4,unknown,2.0,13.97,47.9,0.09,0.3,68.87,36.51,0.0,60.1,,21.0,16.0,7.0,3.0,0.0,0.0,60.1,59.6,58.4,60.00000000000001,58.8375,1.0378960742156007,0.2916492693110647,65.6,67.1,74.9
2026-07-16 22:00:00,Karachi,24.8607,67.0011,27.4,85.0,12.1,1002.0,unknown,2.0,13.91,48.34,0.09,0.3,68.91,36.46,0.0,60.0,,22.0,16.0,7.0,3.0,0.0,-0.1000000000000014,60.1,59.8,59.4,60.06666666666667,58.86249999999999,1.0590448937411017,0.2877534133223003,65.0,66.5,77.9
2026-07-16 23:00:00,Karachi,24.8607,67.0011,27.3,86.0,12.7,1001.8,unknown,2.0,13.79,48.22,0.09,0.31,69.05,36.43,0.0,59.7,,23.0,16.0,7.0,3.0,0.0,-0.2999999999999971,60.0,60.1,60.1,59.933333333333344,58.84583333333333,1.0417289836444534,0.2859809207797594,63.9,66.0,79.8
2026-07-17 00:00:00,Karachi,24.8607,67.0011,27.7,86.0,12.4,1001.9,unknown,2.0,13.66,48.04,0.09,0.31,68.86,36.33,0.0,59.5,,0.0,17.0,7.0,4.0,0.0,-0.2000000000000028,59.7,60.1,60.4,59.73333333333335,58.80833333333333,0.9986585205075428,0.2843463780183181,62.6,65.1,80.0
2026-07-17 01:00:00,Karachi,24.8607,67.0011,27.5,87.0,11.4,1002.5,unknown,2.0,13.54,48.09,0.09,0.31,68.87,36.4,0.0,59.3,,1.0,17.0,7.0,4.0,0.0,-0.2000000000000028,59.5,60.0,60.1,59.50000000000001,58.775,0.9665042342303664,0.2815554169265959,61.1,64.5,77.8
2026-07-17 02:00:00,Karachi,24.8607,67.0011,27.9,85.0,13.6,1002.9,unknown,2.0,13.39,47.51,0.1,0.3,68.93,36.66,0.0,59.0,,2.0,17.0,7.0,4.0,0.0,-0.2999999999999971,59.3,59.7,59.5,59.26666666666667,58.75416666666666,0.9555236063653624,0.2818354030730373,59.8,64.3,75.5
2026-07-17 03:00:00,Karachi,24.8607,67.0011,28.7,79.0,14.6,1003.2,unknown,2.0,13.2,46.77,0.1,0.3,69.05,37.34,0.0,58.6,,3.0,17.0,7.0,4.0,0.0,-0.3999999999999986,59.0,59.5,58.9,58.96666666666668,58.74166666666667,0.9554951671753168,0.2822322001282873,59.0,64.4,74.7
2026-07-17 04:00:00,Karachi,24.8607,67.0011,29.7,73.0,14.2,1003.5,unknown,2.0,12.95,46.68,0.08,0.29,69.3,38.33,0.0,58.2,,4.0,17.0,7.0,4.0,0.0,-0.3999999999999986,58.6,59.3,58.3,58.600000000000016,58.7375,0.9577203458589568,0.277420736932305,58.8,64.6,74.1
2026-07-17 05:00:00,Karachi,24.8607,67.0011,30.5,69.0,15.0,1003.5,unknown,2.0,12.81,47.42,0.06,0.28,69.51,39.3,0.0,57.9,,5.0,17.0,7.0,4.0,0.0,-0.3000000000000042,58.2,59.0,57.8,58.23333333333335,58.74166666666667,0.9536732950155524,0.2701391817798397,59.3,64.9,73.8
2026-07-17 06:00:00,Karachi,24.8607,67.0011,31.2,64.0,15.1,1003.6,unknown,2.0,12.71,48.13,0.05,0.28,69.69,40.03,0.0,57.7,,6.0,17.0,7.0,4.0,0.0,-0.1999999999999957,57.9,58.6,57.4,57.933333333333344,58.75416666666666,0.9371460684577484,0.2640764595886142,60.1,65.5,73.6
2026-07-17 07:00:00,Karachi,24.8607,67.0011,31.0,65.0,14.7,1003.5,unknown,2.0,12.64,48.05,0.05,0.28,69.61,40.31,0.0,57.6,,7.0,17.0,7.0,4.0,0.0,-0.1000000000000014,57.7,58.2,57.0,57.73333333333335,58.77916666666666,0.8953887504851562,0.2630593132154006,61.0,66.0,73.6
2026-07-17 08:00:00,Karachi,24.8607,67.0011,31.0,66.0,15.1,1002.8,unknown,2.0,12.66,47.29,0.05,0.28,69.58,40.19,0.0,57.6,,8.0,17.0,7.0,4.0,0.0,0.0,57.6,57.9,57.0,57.63333333333335,58.80416666666667,0.8508201499370103,0.2677098752378938,61.5,66.5,73.5
2026-07-17 09:00:00,Karachi,24.8607,67.0011,30.6,69.0,16.9,1002.2,unknown,2.0,12.66,45.82,0.04,0.28,69.6,40.07,0.0,57.6,,9.0,17.0,7.0,4.0,0.0,0.0,57.6,57.7,57.3,57.6,58.81666666666666,0.8297022339996729,0.276298559580969,61.4,66.7,73.7
2026-07-17 10:00:00,Karachi,24.8607,67.0011,30.4,72.0,18.8,1001.5,unknown,2.0,12.6,43.98,0.04,0.28,69.65,40.08,0.0,57.5,,10.0,17.0,7.0,4.0,0.0,-0.1000000000000014,57.6,57.6,57.9,57.56666666666669,58.8,0.8526174533410257,0.286493860845839,61.0,67.1,74.3
2026-07-17 11:00:00,Karachi,24.8607,67.0011,30.3,71.0,17.4,1001.5,unknown,2.0,12.54,42.59,0.04,0.29,69.81,40.1,0.0,57.4,,11.0,17.0,7.0,4.0,0.0,-0.1000000000000014,57.5,57.6,58.5,57.50000000000001,58.75416666666667,0.8978133662306077,0.2944353134538623,60.4,67.4,74.7
2026-07-17 12:00:00,Karachi,24.8607,67.0011,30.3,68.0,16.8,1001.4,unknown,2.0,12.62,42.2,0.05,0.3,69.92,40.06,0.0,57.6,,12.0,17.0,7.0,4.0,0.0,0.2000000000000028,57.4,57.6,58.8,57.50000000000001,58.70416666666666,0.928055080200903,0.2990521327014218,59.9,67.7,74.9
2026-07-17 13:00:00,Karachi,24.8607,67.0011,29.5,71.0,16.6,1001.3,unknown,2.0,12.92,42.49,0.06,0.31,70.32,39.88,0.0,58.1,,13.0,17.0,7.0,4.0,0.0,0.5,57.6,57.5,58.9,57.70000000000001,58.67083333333334,0.9350559930547412,0.3040715462461755,59.6,68.1,75.6
2026-07-17 14:00:00,Karachi,24.8607,67.0011,28.9,74.0,16.5,1001.7,unknown,2.0,13.25,42.54,0.07,0.32,70.43,39.41,0.0,58.7,,14.0,17.0,7.0,4.0,0.0,0.6000000000000014,58.1,57.4,58.7,58.13333333333335,58.67083333333333,0.9350559930547412,0.3114715561824165,60.1,68.8,76.6
2026-07-17 15:00:00,Karachi,24.8607,67.0011,28.7,75.0,16.7,1002.2,unknown,2.0,13.72,43.53,0.08,0.34,70.65,38.8,0.0,59.6,,15.0,17.0,7.0,4.0,0.0,0.8999999999999986,58.7,57.6,58.6,58.80000000000001,58.712500000000006,0.9538537395871456,0.3151849299333792,61.7,69.4,77.7
2026-07-17 16:00:00,Karachi,24.8607,67.0011,28.5,77.0,16.8,1002.7,unknown,2.0,14.38,46.37,0.09,0.36,70.74,38.26,0.0,60.8,,16.0,17.0,7.0,4.0,0.0,1.1999999999999955,59.6,58.1,58.8,59.70000000000001,58.79583333333333,1.0448545422667015,0.3101142980375242,64.4,69.8,78.7
2026-07-17 17:00:00,Karachi,24.8607,67.0011,28.3,78.0,16.6,1003.3,unknown,3.0,15.26,51.42,0.09,0.38,70.86,37.77,0.0,62.5,,17.0,17.0,7.0,4.0,0.0,1.7000000000000028,60.8,58.7,59.1,60.96666666666668,58.9375,1.2896957848244082,0.2967716841695838,67.2,70.4,80.0
2026-07-17 18:00:00,Karachi,24.8607,67.0011,28.2,78.0,16.1,1003.1,unknown,3.0,16.17,57.9,0.09,0.4,70.83,37.3,0.0,64.2,,18.0,17.0,7.0,4.0,0.0,1.7000000000000028,62.5,59.6,59.6,62.50000000000001,59.12916666666667,1.6763000578835603,0.2792746113989637,69.4,71.2,81.1
2026-07-17 19:00:00,Karachi,24.8607,67.0011,28.1,79.0,15.5,1002.8,unknown,3.0,16.8,63.29,0.09,0.4,70.46,36.79,0.0,65.3,,19.0,17.0,7.0,4.0,0.0,1.0999999999999943,64.2,60.8,59.8,64.00000000000001,59.35833333333333,2.095526636447344,0.2654447780060041,69.6,72.2,81.3
2026-07-17 20:00:00,Karachi,24.8607,67.0011,27.8,81.0,14.9,1002.4,unknown,3.0,16.99,65.62,0.09,0.4,70.01,36.56,0.0,65.7,,20.0,17.0,7.0,4.0,0.0,0.4000000000000057,65.3,62.5,60.1,65.06666666666668,59.59166666666667,2.461515381023798,0.2589149649497104,68.4,73.5,81.5
2026-07-17 21:00:00,Karachi,24.8607,67.0011,27.7,82.0,15.7,1001.7,unknown,3.0,16.91,66.16,0.1,0.4,69.56,36.33,0.0,65.6,,21.0,17.0,7.0,4.0,0.0,-0.1000000000000085,65.7,64.2,60.1,65.53333333333335,59.82083333333333,2.750016468989282,0.2555925030229746,67.1,74.9,81.6
2026-07-17 22:00:00,Karachi,24.8607,67.0011,27.5,83.0,16.3,1001.4,unknown,3.0,16.6,64.82,0.1,0.4,69.11,36.16,0.0,65.0,,22.0,17.0,7.0,4.0,0.0,-0.5999999999999943,65.6,65.3,60.0,65.43333333333334,60.02916666666667,2.946549812425286,0.2560937982104289,66.5,77.9,81.8
2026-07-17 23:00:00,Karachi,24.8607,67.0011,27.5,83.0,14.8,1001.4,unknown,3.0,16.05,60.08,0.1,0.39,68.67,36.03,0.0,63.9,,23.0,17.0,7.0,4.0,0.0,-1.1000000000000014,65.0,65.7,59.7,64.83333333333334,60.20416666666667,3.049088126932224,0.2671438082556591,66.0,79.8,81.9
2026-07-18 00:00:00,Karachi,24.8607,67.0011,27.6,85.0,15.4,1001.6,unknown,3.0,15.32,54.71,0.1,0.38,68.45,36.14,0.0,62.6,,0.0,18.0,7.0,5.0,1.0,-1.2999999999999972,63.9,65.6,59.5,63.83333333333335,60.333333333333336,3.0834292973710222,0.2800219338329373,65.1,80.0,81.5
2026-07-18 01:00:00,Karachi,24.8607,67.0011,27.6,83.0,15.0,1002.0,unknown,3.0,14.52,50.53,0.1,0.37,68.52,36.54,0.0,61.1,,1.0,18.0,7.0,5.0,1.0,-1.5,62.6,65.0,59.3,62.53333333333334,60.40833333333334,3.0790903042053084,0.2873540471007322,64.5,77.8,78.7
2026-07-18 02:00:00,Karachi,24.8607,67.0011,27.9,80.0,16.9,1002.2,unknown,2.0,13.83,49.17,0.1,0.36,68.61,37.3,0.0,59.8,,2.0,18.0,7.0,5.0,1.0,-1.3000000000000045,61.1,63.9,59.0,61.16666666666668,60.44166666666667,3.06748965012517,0.2812690665039658,64.3,75.5,77.5
2026-07-18 03:00:00,Karachi,24.8607,67.0011,28.6,76.0,17.6,1002.4,unknown,2.0,13.42,49.75,0.09,0.36,68.84,38.16,0.0,59.0,,3.0,18.0,7.0,5.0,1.0,-0.7999999999999972,59.8,62.6,58.6,59.96666666666668,60.458333333333336,3.058120574679357,0.269748743718593,64.4,74.7,76.8
2026-07-18 04:00:00,Karachi,24.8607,67.0011,29.6,70.0,17.4,1002.5,unknown,3.0,13.29,50.98,0.08,0.36,68.67,38.73,0.0,58.8,,4.0,18.0,7.0,5.0,1.0,-0.2000000000000028,59.0,61.1,58.2,59.20000000000001,60.48333333333333,3.0412621331152416,0.260690466849745,64.6,74.1,76.5
2026-07-18 05:00:00,Karachi,24.8607,67.0011,30.4,64.0,18.1,1002.4,unknown,3.0,13.56,52.55,0.06,0.37,68.36,38.6,0.0,59.3,,5.0,18.0,7.0,5.0,1.0,0.5,58.8,59.8,57.9,59.03333333333334,60.54166666666666,3.002740294358492,0.2580399619410086,64.9,73.8,77.1
2026-07-18 06:00:00,Karachi,24.8607,67.0011,30.6,65.0,20.5,1002.2,unknown,3.0,14.0,53.57,0.06,0.38,67.76,37.87,0.0,60.1,,6.0,18.0,7.0,5.0,1.0,0.8000000000000043,59.3,59.0,57.7,59.400000000000006,60.64166666666667,2.943366405513117,0.2613403024080642,65.5,73.6,77.5
2026-07-18 07:00:00,Karachi,24.8607,67.0011,30.8,65.0,20.6,1001.8,unknown,3.0,14.46,53.19,0.05,0.38,67.21,36.93,0.0,61.0,,7.0,18.0,7.0,5.0,1.0,0.8999999999999986,60.1,58.8,57.6,60.13333333333335,60.78333333333334,2.8715495993367366,0.2718556119571348,66.0,73.6,77.9
2026-07-18 08:00:00,Karachi,24.8607,67.0011,31.0,64.0,20.0,1001.3,unknown,3.0,14.71,52.01,0.05,0.38,66.74,36.21,0.0,61.5,,8.0,18.0,7.0,5.0,1.0,0.5,61.0,59.3,57.6,60.866666666666674,60.94583333333333,2.7928447654783106,0.2828302249567391,66.5,73.5,77.9
2026-07-18 09:00:00,Karachi,24.8607,67.0011,31.1,63.0,20.0,1000.9,unknown,3.0,14.68,50.94,0.05,0.38,66.6,36.18,0.0,61.4,,9.0,18.0,7.0,5.0,1.0,-0.1000000000000014,61.5,60.1,57.6,61.30000000000001,61.10416666666666,2.7011236255642337,0.2881821751079702,66.7,73.7,77.5
2026-07-18 10:00:00,Karachi,24.8607,67.0011,30.0,70.0,20.6,1000.6,unknown,2.0,14.48,49.94,0.06,0.38,66.98,36.74,0.0,61.0,,10.0,18.0,7.0,5.0,1.0,-0.3999999999999986,61.4,61.0,57.5,61.30000000000001,61.25,2.5902828450562696,0.28994793752503,67.1,74.3,76.4
2026-07-18 11:00:00,Karachi,24.8607,67.0011,30.1,70.0,20.4,1000.4,unknown,2.0,14.17,48.7,0.06,0.37,67.41,37.62,0.0,60.4,,11.0,18.0,7.0,5.0,1.0,-0.6000000000000014,61.0,61.5,57.4,60.93333333333334,61.375,2.465809682701768,0.290965092402464,67.4,74.7,75.2
2026-07-18 12:00:00,Karachi,24.8607,67.0011,29.8,70.0,19.8,1000.3,unknown,2.0,13.88,46.99,0.06,0.37,67.87,38.85,0.0,59.9,,12.0,18.0,7.0,5.0,1.0,-0.5,60.4,61.4,57.6,60.43333333333334,61.47083333333333,2.354916995983599,0.2953819961693977,67.7,74.9,75.7
2026-07-18 13:00:00,Karachi,24.8607,67.0011,29.2,72.0,18.9,1000.2,unknown,2.0,13.73,44.74,0.07,0.37,68.54,40.25,0.0,59.6,,13.0,18.0,7.0,5.0,1.0,-0.2999999999999971,59.9,61.0,58.1,59.96666666666668,61.53333333333333,2.2802872943839585,0.3068842199374161,68.1,75.6,77.6
2026-07-18 14:00:00,Karachi,24.8607,67.0011,28.7,73.0,19.8,1000.3,unknown,2.0,13.96,44.48,0.08,0.37,68.98,41.38,0.0,60.1,,14.0,18.0,7.0,5.0,1.0,0.5,59.6,60.4,58.7,59.866666666666674,61.59166666666667,2.2218121602339997,0.3138489208633094,68.8,76.6,79.2
2026-07-18 15:00:00,Karachi,24.8607,67.0011,28.6,75.0,18.2,1000.9,unknown,2.0,14.86,48.01,0.09,0.39,68.95,41.77,0.0,61.7,,15.0,18.0,7.0,5.0,1.0,1.6000000000000014,60.1,59.9,59.6,60.46666666666668,61.67916666666667,2.180940994889527,0.3095188502395334,69.4,77.7,80.7
2026-07-18 16:00:00,Karachi,24.8607,67.0011,28.5,77.0,18.0,1001.8,unknown,3.0,16.27,55.39,0.09,0.4,68.58,41.68,0.0,64.4,,16.0,18.0,7.0,5.0,1.0,2.700000000000003,61.7,59.6,60.8,62.06666666666669,61.82916666666667,2.240822668549501,0.2937353312872359,69.8,78.7,82.1
2026-07-18 17:00:00,Karachi,24.8607,67.0011,28.4,79.0,16.1,1002.0,unknown,3.0,17.79,65.78,0.09,0.42,68.06,41.42,0.0,67.2,,17.0,18.0,7.0,5.0,1.0,2.799999999999997,64.4,60.1,62.5,64.43333333333335,62.025,2.493164568418731,0.2704469443599878,70.4,80.0,83.2
2026-07-18 18:00:00,Karachi,24.8607,67.0011,28.5,78.0,17.2,1001.8,unknown,3.0,19.0,77.31,0.09,0.44,67.71,41.28,0.0,69.4,,18.0,18.0,7.0,5.0,1.0,2.200000000000003,67.2,61.7,64.2,67.00000000000001,62.24166666666667,2.885483407118241,0.2457638080455309,71.2,81.1,83.7
2026-07-18 19:00:00,Karachi,24.8607,67.0011,28.2,80.0,16.5,1001.3,unknown,3.0,19.08,77.58,0.09,0.45,67.43,41.3,0.0,69.6,,19.0,18.0,7.0,5.0,1.0,0.1999999999999886,69.4,64.4,65.3,68.73333333333335,62.42083333333333,3.1999971693829603,0.2459396751740139,72.2,81.3,83.3
2026-07-18 20:00:00,Karachi,24.8607,67.0011,28.0,81.0,15.5,1000.8,unknown,3.0,18.44,73.58,0.09,0.44,66.97,41.35,0.0,68.4,,20.0,18.0,7.0,5.0,1.0,-1.1999999999999886,69.6,67.2,65.7,69.13333333333334,62.53333333333333,3.3635729794976554,0.2506115792334873,73.5,81.5,83.2
2026-07-18 21:00:00,Karachi,24.8607,67.0011,27.7,82.0,14.5,1000.4,unknown,3.0,17.74,71.54,0.09,0.45,66.51,41.18,0.0,67.1,,21.0,18.0,7.0,5.0,1.0,-1.3000000000000114,68.4,69.4,65.6,68.36666666666667,62.59583333333333,3.4361858489328987,0.2479731618674866,74.9,81.6,82.8
2026-07-18 22:00:00,Karachi,24.8607,67.0011,27.7,82.0,13.4,1000.1,unknown,3.0,17.4,74.36,0.1,0.47,66.06,41.03,0.0,66.5,,22.0,18.0,7.0,5.0,1.0,-0.5999999999999943,67.1,69.6,65.0,67.33333333333336,62.65833333333333,3.494954956065731,0.2339967724583109,77.9,81.8,82.7
2026-07-18 23:00:00,Karachi,24.8607,67.0011,27.6,82.0,14.1,1000.1,unknown,3.0,17.13,76.53,0.1,0.49,65.84,40.94,0.0,66.0,,23.0,18.0,7.0,5.0,1.0,-0.5,66.5,68.4,63.9,66.53333333333335,62.74583333333333,3.5531956427085687,0.2238337906703253,79.8,81.9,83.2
2026-07-19 00:00:00,Karachi,24.8607,67.0011,27.5,88.0,13.9,1000.2,unknown,3.0,16.68,73.29,0.1,0.48,65.71,41.05,0.0,65.1,,0.0,19.0,7.0,6.0,1.0,-0.9000000000000057,66.0,67.1,62.6,65.86666666666667,62.85,3.585235423717535,0.2275890298812934,80.0,81.5,83.5
2026-07-19 01:00:00,Karachi,24.8607,67.0011,27.6,88.0,13.5,1000.3,unknown,3.0,16.34,71.65,0.1,0.47,65.89,41.25,0.0,64.5,,1.0,19.0,7.0,6.0,1.0,-0.5999999999999943,65.1,66.5,61.1,65.2,62.99166666666667,3.580249768633165,0.228053035589672,77.8,78.7,80.6
2026-07-19 02:00:00,Karachi,24.8607,67.0011,27.9,85.0,14.5,1000.6,unknown,3.0,16.24,71.37,0.1,0.47,65.95,41.33,0.0,64.3,,2.0,19.0,7.0,6.0,1.0,-0.2000000000000028,64.5,66.0,59.8,64.63333333333334,63.17916666666667,3.5232123640676964,0.2275465882023258,75.5,77.5,79.6
2026-07-19 03:00:00,Karachi,24.8607,67.0011,28.7,80.0,15.2,1000.7,unknown,3.0,16.31,70.51,0.09,0.46,65.91,41.27,0.0,64.4,,3.0,19.0,7.0,6.0,1.0,0.1000000000000085,64.3,65.1,59.0,64.4,63.40416666666667,3.4154990935398537,0.2313147071337398,74.7,76.8,78.8
2026-07-19 04:00:00,Karachi,24.8607,67.0011,29.4,75.0,17.2,1000.9,unknown,3.0,16.38,69.08,0.08,0.45,65.77,41.18,0.0,64.6,,4.0,19.0,7.0,6.0,1.0,0.1999999999999886,64.4,64.5,58.8,64.43333333333335,63.645833333333336,3.2779870767534693,0.2371163867979154,74.1,76.5,78.1
2026-07-19 05:00:00,Karachi,24.8607,67.0011,28.9,77.0,16.7,1001.3,unknown,3.0,16.57,69.32,0.07,0.44,65.82,41.14,0.0,64.9,,5.0,19.0,7.0,6.0,1.0,0.3000000000000113,64.6,64.3,59.3,64.63333333333334,63.87916666666667,3.1520840816785567,0.2390363531448355,73.8,77.1,77.3
2026-07-19 06:00:00,Karachi,24.8607,67.0011,29.4,75.0,16.4,1001.1,unknown,3.0,16.88,71.67,0.06,0.44,65.92,41.01,0.0,65.5,,6.0,19.0,7.0,6.0,1.0,0.5999999999999943,64.9,64.4,60.1,65.00000000000001,64.10416666666667,3.0620367144402345,0.2355239291195758,73.6,77.5,76.4
2026-07-19 07:00:00,Karachi,24.8607,67.0011,29.8,73.0,15.7,1000.9,unknown,3.0,17.16,72.8,0.06,0.43,66.24,40.77,0.0,66.0,,7.0,19.0,7.0,6.0,1.0,0.5,65.5,64.6,61.0,65.46666666666668,64.3125,3.0113282494751545,0.2357142857142857,73.6,77.9,75.6
2026-07-19 08:00:00,Karachi,24.8607,67.0011,29.9,73.0,16.6,1000.3,unknown,3.0,17.4,71.61,0.05,0.42,66.52,40.35,0.0,66.5,,8.0,19.0,7.0,6.0,1.0,0.5,66.0,64.9,61.5,66.00000000000001,64.52083333333333,2.9810968460949323,0.2429828236279849,73.5,77.9,75.1
2026-07-19 09:00:00,Karachi,24.8607,67.0011,29.9,74.0,17.3,1000.0,unknown,3.0,17.54,70.16,0.05,0.41,66.74,39.88,0.0,66.7,,9.0,19.0,7.0,6.0,1.0,0.2000000000000028,66.5,65.5,61.4,66.40000000000002,64.74166666666666,2.9358232186244537,0.25,73.7,77.5,74.9
2026-07-19 10:00:00,Karachi,24.8607,67.0011,29.6,75.0,17.1,999.7,unknown,3.0,17.76,73.75,0.05,0.41,67.25,39.67,0.0,67.1,,10.0,19.0,7.0,6.0,1.0,0.3999999999999915,66.7,66.0,61.0,66.76666666666667,64.99583333333334,2.860902740876289,0.2408135593220339,74.3,76.4,74.7
2026-07-19 11:00:00,Karachi,24.8607,67.0011,29.5,77.0,16.5,999.4,unknown,3.0,17.9,79.29,0.06,0.42,67.82,39.85,0.0,67.4,,11.0,19.0,7.0,6.0,1.0,0.3000000000000113,67.1,66.5,60.4,67.06666666666668,65.2875,2.725613213811539,0.2257535628704754,74.7,75.2,74.6
2026-07-19 12:00:00,Karachi,24.8607,67.0011,29.9,73.0,14.8,999.1,unknown,3.0,18.04,83.24,0.07,0.43,68.44,40.22,0.0,67.7,,12.0,19.0,7.0,6.0,1.0,0.2999999999999971,67.4,66.7,59.9,67.40000000000002,65.6125,2.511938883914439,0.2167227294569918,74.9,75.7,74.6
2026-07-19 13:00:00,Karachi,24.8607,67.0011,29.2,75.0,13.0,999.2,unknown,3.0,18.26,84.36,0.08,0.44,69.09,40.6,0.0,68.1,,13.0,19.0,7.0,6.0,1.0,0.3999999999999915,67.7,67.1,59.6,67.73333333333333,65.96666666666667,2.2082191657662498,0.2164532954006638,75.6,77.6,75.0
2026-07-19 14:00:00,Karachi,24.8607,67.0011,28.8,76.0,14.0,999.6,unknown,3.0,18.68,84.99,0.09,0.46,69.4,40.53,0.0,68.8,,14.0,19.0,7.0,6.0,1.0,0.7000000000000028,68.1,67.4,60.1,68.2,66.32916666666667,1.8951836360870185,0.2197905635957171,76.6,79.2,75.7
2026-07-19 15:00:00,Karachi,24.8607,67.0011,28.4,81.0,12.7,1000.2,unknown,3.0,19.0,85.95,0.1,0.48,69.41,40.33,0.0,69.4,,15.0,19.0,7.0,6.0,1.0,0.6000000000000085,68.8,67.7,61.7,68.76666666666667,66.64999999999999,1.7212230232167156,0.2210587550901687,77.7,80.7,76.7
2026-07-19 16:00:00,Karachi,24.8607,67.0011,28.2,83.0,11.3,1000.9,unknown,3.0,19.19,86.38,0.11,0.49,69.58,40.21,0.0,69.8,,16.0,19.0,7.0,6.0,1.0,0.3999999999999915,69.4,68.1,64.4,69.33333333333334,66.875,1.766659830448622,0.2221579069228988,78.7,82.1,77.8
2026-07-19 17:00:00,Karachi,24.8607,67.0011,27.9,85.0,11.6,1001.5,unknown,3.0,19.49,88.5,0.11,0.49,69.71,40.51,0.0,70.4,,17.0,19.0,7.0,6.0,1.0,0.6000000000000085,69.8,68.8,67.2,69.86666666666669,67.00833333333334,1.907403577063873,0.2202259887005649,80.0,83.2,79.2
2026-07-19 18:00:00,Karachi,24.8607,67.0011,28.2,83.0,12.2,1001.2,unknown,3.0,19.96,92.06,0.11,0.49,70.14,41.04,0.0,71.2,,18.0,19.0,7.0,6.0,1.0,0.7999999999999972,70.4,69.4,69.4,70.46666666666668,67.08333333333333,2.036550080867884,0.216815120573539,81.1,83.7,80.7
2026-07-19 19:00:00,Karachi,24.8607,67.0011,28.3,82.0,11.5,1000.8,unknown,3.0,20.46,95.13,0.11,0.49,70.09,41.5,0.0,72.2,,19.0,19.0,7.0,6.0,1.0,1.0,71.2,69.8,69.6,71.26666666666668,67.19166666666668,2.2356628560218965,0.2150741091138442,81.3,83.3,80.5
2026-07-19 20:00:00,Karachi,24.8607,67.0011,27.9,84.0,10.1,1000.3,unknown,3.0,21.16,99.09,0.11,0.51,70.01,41.78,0.0,73.5,,20.0,19.0,7.0,6.0,1.0,1.2999999999999972,72.2,70.4,68.4,72.30000000000001,67.40416666666667,2.5725100526554368,0.2135432435159955,81.5,83.2,80.1
2026-07-19 21:00:00,Karachi,24.8607,67.0011,27.6,87.0,10.7,999.7,unknown,4.0,21.91,103.11,0.11,0.54,69.81,41.8,0.0,74.9,,21.0,19.0,7.0,6.0,1.0,1.4000000000000057,73.5,71.2,67.1,73.53333333333335,67.72916666666667,2.9910706483109117,0.2124915139171758,81.6,82.8,80.1
2026-07-19 22:00:00,Karachi,24.8607,67.0011,27.4,88.0,10.6,999.5,unknown,4.0,22.59,109.32,0.11,0.56,69.91,41.82,0.0,77.9,,22.0,19.0,7.0,6.0,1.0,3.0,74.9,72.2,66.5,75.43333333333335,68.20416666666667,3.625331069339364,0.2066410537870472,81.8,82.7,80.6
2026-07-19 23:00:00,Karachi,24.8607,67.0011,27.5,87.0,8.8,999.6,unknown,4.0,22.96,113.24,0.11,0.58,70.35,42.1,0.0,79.8,,23.0,19.0,7.0,6.0,1.0,1.8999999999999917,77.9,73.5,66.0,77.53333333333335,68.77916666666667,4.2933699307556825,0.2027552101730837,81.9,83.2,81.8
2026-07-20 00:00:00,Karachi,24.8607,67.0011,27.7,89.0,8.9,999.4,unknown,4.0,23.0,113.54,0.11,0.58,71.0,42.55,0.0,80.0,,0.0,20.0,7.0,0.0,0.0,0.2000000000000028,79.8,74.9,65.1,79.23333333333335,69.39999999999999,4.7871204015700695,0.2025717808701779,81.5,83.5,82.8
2026-07-20 01:00:00,Karachi,24.8607,67.0011,27.5,90.0,10.5,999.5,unknown,4.0,22.74,109.14,0.11,0.57,71.58,42.86,0.0,77.8,,1.0,20.0,7.0,0.0,0.0,-2.200000000000003,80.0,77.9,64.5,79.2,69.95416666666667,4.961852666500255,0.2083562396921385,78.7,80.6,82.9
2026-07-20 02:00:00,Karachi,24.8607,67.0011,28.0,87.0,11.6,1000.1,unknown,4.0,22.26,102.05,0.11,0.56,72.08,42.94,0.0,75.5,,2.0,20.0,7.0,0.0,0.0,-2.299999999999997,77.8,79.8,64.3,77.76666666666667,70.42083333333333,4.933556717425623,0.2181283684468398,77.5,79.6,83.2
2026-07-20 03:00:00,Karachi,24.8607,67.0011,28.6,82.0,12.9,1000.3,unknown,3.0,21.82,98.32,0.1,0.55,72.52,43.05,0.0,74.7,,3.0,20.0,7.0,0.0,0.0,-0.7999999999999972,75.5,80.0,64.4,76.0,70.85,4.834027936095723,0.2219283970707893,76.8,78.8,84.0
2026-07-20 04:00:00,Karachi,24.8607,67.0011,28.9,80.0,13.9,1000.7,unknown,3.0,21.52,98.58,0.1,0.54,72.85,43.48,0.0,74.1,,4.0,20.0,7.0,0.0,0.0,-0.6000000000000085,74.7,77.8,64.6,74.76666666666667,71.24583333333334,4.686704521874566,0.2182998579833637,76.5,78.1,83.9
2026-07-20 05:00:00,Karachi,24.8607,67.0011,29.4,77.0,14.0,1000.7,unknown,3.0,21.33,99.28,0.09,0.54,73.18,43.94,0.0,73.8,,5.0,20.0,7.0,0.0,0.0,-0.2999999999999971,74.1,75.5,64.9,74.2,71.61666666666666,4.511595366787698,0.2148468976631748,77.1,77.3,81.9
2026-07-20 06:00:00,Karachi,24.8607,67.0011,29.9,74.0,14.8,1000.6,unknown,3.0,21.25,98.79,0.09,0.54,73.38,43.86,0.0,73.6,,6.0,20.0,7.0,0.0,0.0,-0.2000000000000028,73.8,74.7,65.5,73.83333333333334,71.95416666666667,4.333587645825898,0.2151027431926308,77.5,76.4,80.1
2026-07-20 07:00:00,Karachi,24.8607,67.0011,30.5,71.0,14.4,1000.4,unknown,3.0,21.22,98.36,0.08,0.54,73.28,43.39,0.0,73.6,,7.0,20.0,7.0,0.0,0.0,0.0,73.6,74.1,66.0,73.66666666666667,72.27083333333333,4.153519112089109,0.2157381049206994,77.9,75.6,78.9
2026-07-20 08:00:00,Karachi,24.8607,67.0011,31.2,68.0,14.4,999.8,unknown,3.0,21.2,98.56,0.07,0.54,73.39,42.91,0.0,73.5,,8.0,20.0,7.0,0.0,0.0,-0.0999999999999943,73.6,73.8,66.5,73.56666666666668,72.5625,3.972493740930972,0.2150974025974026,77.9,75.1,77.9
2026-07-20 09:00:00,Karachi,24.8607,67.0011,31.1,68.0,14.8,999.3,unknown,3.0,21.28,99.52,0.07,0.54,73.47,42.58,0.0,73.7,,9.0,20.0,7.0,0.0,0.0,0.2000000000000028,73.5,73.6,66.7,73.60000000000001,72.85416666666667,3.775433078142524,0.2138263665594855,77.5,74.9,77.0
2026-07-20 10:00:00,Karachi,24.8607,67.0011,30.7,70.0,15.2,999.0,unknown,4.0,21.63,101.33,0.07,0.55,73.87,42.3,0.0,74.3,,10.0,20.0,7.0,0.0,0.0,0.5999999999999943,73.7,73.6,67.1,73.83333333333334,73.15416666666667,3.5792857153181314,0.213460969110826,76.4,74.7,76.6
2026-07-20 11:00:00,Karachi,24.8607,67.0011,30.4,70.0,15.7,998.5,unknown,4.0,21.83,101.82,0.07,0.56,73.92,41.93,0.0,74.7,,11.0,20.0,7.0,0.0,0.0,0.4000000000000057,74.3,73.5,67.4,74.23333333333335,73.45833333333333,3.3732859308114898,0.214397957179336,75.2,74.6,76.3
2026-07-20 12:00:00,Karachi,24.8607,67.0011,30.3,72.0,13.0,998.5,unknown,4.0,21.91,101.87,0.08,0.56,74.0,41.89,0.0,74.9,,12.0,20.0,7.0,0.0,0.0,0.2000000000000028,74.7,73.7,67.7,74.63333333333334,73.75833333333334,3.1517995779722847,0.2150780406400314,75.7,74.6,76.2
2026-07-20 13:00:00,Karachi,24.8607,67.0011,29.4,76.0,13.3,998.7,unknown,4.0,22.31,103.5,0.09,0.57,74.52,42.16,0.0,75.6,,13.0,20.0,7.0,0.0,0.0,0.6999999999999886,74.9,74.3,68.1,75.06666666666668,74.07083333333333,2.930422015410374,0.2155555555555555,77.6,75.0,76.2
2026-07-20 14:00:00,Karachi,24.8607,67.0011,29.0,78.0,12.9,999.1,unknown,4.0,22.85,106.33,0.11,0.58,74.94,42.51,0.0,76.6,,14.0,20.0,7.0,0.0,0.0,1.0,75.6,74.7,68.8,75.7,74.39583333333333,2.747248293911867,0.2148970187153202,79.2,75.7,76.3
2026-07-20 15:00:00,Karachi,24.8607,67.0011,28.5,81.0,13.6,999.7,unknown,4.0,23.25,108.94,0.12,0.59,75.28,42.84,0.0,77.7,,15.0,20.0,7.0,0.0,0.0,1.1000000000000083,76.6,74.9,69.4,76.63333333333334,74.74166666666667,2.6100002776381253,0.2134202313199926,80.7,76.7,76.2
2026-07-20 16:00:00,Karachi,24.8607,67.0011,28.3,83.0,14.2,1000.3,unknown,4.0,23.49,111.01,0.12,0.6,75.39,42.9,0.0,78.7,,16.0,20.0,7.0,0.0,0.0,1.0,77.7,75.6,69.8,77.66666666666667,75.1125,2.507607988917434,0.2116025583280785,82.1,77.8,76.2
2026-07-20 17:00:00,Karachi,24.8607,67.0011,28.2,84.0,13.8,1000.9,unknown,4.0,23.9,113.68,0.12,0.61,75.54,42.86,0.0,80.0,,17.0,20.0,7.0,0.0,0.0,1.2999999999999972,78.7,76.6,70.4,78.80000000000001,75.5125,2.4888119219025198,0.2102392681210415,83.2,79.2,76.4
2026-07-20 18:00:00,Karachi,24.8607,67.0011,28.3,82.0,12.1,1001.1,unknown,4.0,24.32,115.82,0.13,0.63,75.37,42.62,0.0,81.1,,18.0,20.0,7.0,0.0,0.0,1.0999999999999943,80.0,77.7,71.2,79.93333333333334,75.925,2.562310438374697,0.2099810050077707,83.7,80.7,77.1
2026-07-20 19:00:00,Karachi,24.8607,67.0011,28.2,83.0,12.0,1000.6,unknown,4.0,24.43,116.15,0.13,0.64,75.03,42.38,0.0,81.3,,19.0,20.0,7.0,0.0,0.0,0.2000000000000028,81.1,78.7,72.2,80.80000000000001,76.30416666666666,2.658616699266417,0.2103314679294016,83.3,80.5,78.1
2026-07-20 20:00:00,Karachi,24.8607,67.0011,28.1,84.0,12.1,1000.3,unknown,4.0,24.56,116.56,0.13,0.63,74.74,42.44,0.0,81.5,,20.0,20.0,7.0,0.0,0.0,0.2000000000000028,81.3,80.0,73.5,81.30000000000001,76.6375,2.790015193973614,0.2107069320521619,83.2,80.1,79.7
2026-07-20 21:00:00,Karachi,24.8607,67.0011,27.9,85.0,9.8,999.6,unknown,4.0,24.63,116.87,0.12,0.63,74.39,42.61,0.0,81.6,,21.0,20.0,7.0,0.0,0.0,0.0999999999999943,81.5,81.1,74.9,81.46666666666667,76.91666666666667,2.939782107669634,0.2107469838281851,82.8,80.1,80.6
2026-07-20 22:00:00,Karachi,24.8607,67.0011,27.8,87.0,9.2,999.3,unknown,4.0,24.64,117.21,0.12,0.62,73.96,42.76,0.0,81.8,,22.0,20.0,7.0,0.0,0.0,0.2000000000000028,81.6,81.3,77.9,81.63333333333334,77.07916666666667,3.0999269509851377,0.2102209709069192,82.7,80.6,81.4
2026-07-20 23:00:00,Karachi,24.8607,67.0011,27.6,88.0,10.6,999.0,unknown,4.0,24.69,117.5,0.12,0.63,72.9,42.48,0.0,81.9,,23.0,20.0,7.0,0.0,0.0,0.1000000000000085,81.8,81.5,79.8,81.76666666666667,77.16666666666667,3.2078255762324326,0.2101276595744681,83.2,81.8,82.7
2026-07-21 00:00:00,Karachi,24.8607,67.0011,28.0,86.0,9.8,998.8,unknown,4.0,24.5,116.61,0.12,0.64,71.41,42.04,0.0,81.5,,0.0,21.0,7.0,1.0,0.0,-0.4000000000000057,81.9,81.6,80.0,81.73333333333335,77.22916666666667,3.279246886851037,0.2101020495669325,83.5,82.8,84.1
2026-07-21 01:00:00,Karachi,24.8607,67.0011,27.8,87.0,9.4,999.1,unknown,4.0,23.95,110.31,0.12,0.64,70.09,41.95,0.0,78.7,,1.0,21.0,7.0,1.0,0.0,-2.799999999999997,81.5,81.8,77.8,80.7,77.26666666666667,3.291182774925404,0.2171154020487716,80.6,82.9,85.2
2026-07-21 02:00:00,Karachi,24.8607,67.0011,28.1,86.0,7.9,999.7,unknown,4.0,23.35,104.96,0.12,0.62,69.4,42.24,0.0,77.5,,2.0,21.0,7.0,1.0,0.0,-1.2000000000000028,78.7,81.9,75.5,79.23333333333335,77.35000000000001,3.2697560073835352,0.2224657012195122,79.6,83.2,85.6
2026-07-21 03:00:00,Karachi,24.8607,67.0011,28.7,81.0,9.4,999.8,unknown,4.0,22.94,102.66,0.11,0.61,68.79,42.61,0.0,76.8,,3.0,21.0,7.0,1.0,0.0,-0.7000000000000028,77.5,81.5,74.7,77.66666666666669,77.4375,3.2235293242566327,0.2234560685758815,78.8,84.0,85.4
2026-07-21 04:00:00,Karachi,24.8607,67.0011,29.1,79.0,10.7,1000.0,unknown,4.0,22.76,105.0,0.11,0.6,68.09,42.77,0.0,76.5,,4.0,21.0,7.0,1.0,0.0,-0.2999999999999971,76.8,78.7,74.1,76.93333333333334,77.5375,3.1519231534432977,0.2167619047619047,78.1,83.9,85.0
2026-07-21 05:00:00,Karachi,24.8607,67.0011,29.2,79.0,10.6,1000.2,unknown,4.0,22.63,107.73,0.12,0.61,67.1,42.68,0.0,77.1,,5.0,21.0,7.0,1.0,0.0,0.5999999999999943,76.5,77.5,73.8,76.80000000000001,77.675,3.0521909450773044,0.2100621925183328,77.3,81.9,84.9
2026-07-21 06:00:00,Karachi,24.8607,67.0011,30.3,72.0,11.0,1000.5,unknown,4.0,22.5,108.55,0.12,0.63,66.05,42.53,0.0,77.5,,6.0,21.0,7.0,1.0,0.0,0.4000000000000057,77.1,76.8,73.6,77.03333333333335,77.8375,2.9270570618750646,0.2072777521879318,76.4,80.1,85.2
2026-07-21 07:00:00,Karachi,24.8607,67.0011,30.1,72.0,11.1,1000.4,unknown,4.0,22.46,109.41,0.11,0.63,65.19,42.57,0.0,77.9,,7.0,21.0,7.0,1.0,0.0,0.4000000000000057,77.5,76.5,73.6,77.5,78.01666666666667,2.784532849222674,0.2052828809066813,75.6,78.9,85.6
2026-07-21 08:00:00,Karachi,24.8607,67.0011,30.1,73.0,9.8,999.9,unknown,4.0,22.29,109.39,0.11,0.62,64.86,42.88,0.0,77.9,,8.0,21.0,7.0,1.0,0.0,0.0,77.9,77.1,73.5,77.7666666666667,78.2,2.613842748337732,0.203766340616144,75.1,77.9,85.4
2026-07-21 09:00:00,Karachi,24.8607,67.0011,30.4,73.0,11.5,999.1,unknown,4.0,22.01,108.47,0.1,0.62,64.68,43.12,0.0,77.5,,9.0,21.0,7.0,1.0,0.0,-0.4000000000000057,77.9,77.5,73.7,77.7666666666667,78.35833333333333,2.4386233940412416,0.2029132479026459,74.9,77.0,84.6
2026-07-21 10:00:00,Karachi,24.8607,67.0011,30.3,74.0,13.3,998.5,unknown,4.0,21.62,106.33,0.1,0.62,64.65,43.06,0.0,76.4,,10.0,21.0,7.0,1.0,0.0,-1.0999999999999943,77.5,77.9,74.3,77.26666666666667,78.44583333333333,2.3215398125906543,0.2033292579704693,74.7,76.6,83.6
2026-07-21 11:00:00,Karachi,24.8607,67.0011,29.7,78.0,13.6,998.1,unknown,4.0,21.32,103.95,0.1,0.63,64.57,42.77,0.0,75.2,,11.0,21.0,7.0,1.0,0.0,-1.2000000000000028,76.4,77.9,74.7,76.36666666666669,78.46666666666667,2.2884714219910043,0.205098605098605,74.6,76.3,82.2
2026-07-21 12:00:00,Karachi,24.8607,67.0011,30.1,75.0,13.0,998.2,unknown,4.0,21.68,104.85,0.1,0.64,64.59,42.43,0.0,75.7,,12.0,21.0,7.0,1.0,0.0,0.5,75.2,77.5,74.9,75.76666666666667,78.5,2.23956517518629,0.2067715784453982,74.6,76.2,81.4
2026-07-21 13:00:00,Karachi,24.8607,67.0011,29.5,77.0,13.5,998.5,unknown,4.0,22.61,108.76,0.11,0.65,64.87,42.23,0.0,77.6,,13.0,21.0,7.0,1.0,0.0,1.8999999999999917,75.7,76.4,75.6,76.16666666666669,78.58333333333333,2.1628617649972166,0.2078889297535858,75.0,76.2,80.8
2026-07-21 14:00:00,Karachi,24.8607,67.0011,28.7,83.0,13.8,998.7,unknown,4.0,23.39,112.06,0.14,0.66,64.87,41.81,0.0,79.2,,14.0,21.0,7.0,1.0,0.0,1.6000000000000083,77.6,75.2,76.6,77.50000000000001,78.69166666666666,2.1239660741292576,0.2087274674281634,75.7,76.3,80.2
2026-07-21 15:00:00,Karachi,24.8607,67.0011,28.5,84.0,11.8,999.3,unknown,4.0,24.0,115.09,0.15,0.67,64.63,41.21,0.0,80.7,,15.0,21.0,7.0,1.0,0.0,1.5,79.2,75.7,77.7,79.16666666666667,78.81666666666666,2.1511708978781976,0.2085324528629768,76.7,76.2,79.5
2026-07-21 16:00:00,Karachi,24.8607,67.0011,28.4,84.0,12.4,999.8,unknown,4.0,24.54,117.82,0.15,0.68,64.43,40.77,0.0,82.1,,16.0,21.0,7.0,1.0,0.0,1.3999999999999917,80.7,77.6,78.7,80.66666666666669,78.95833333333333,2.252711731429814,0.2082838227805126,77.8,76.2,78.7
2026-07-21 17:00:00,Karachi,24.8607,67.0011,28.1,85.0,10.6,1000.2,unknown,4.0,24.98,120.12,0.15,0.68,64.32,40.52,0.0,83.2,,17.0,21.0,7.0,1.0,0.0,1.1000000000000083,82.1,79.2,80.0,82.00000000000001,79.09166666666667,2.40649784625956,0.2079587079587079,79.2,76.4,78.1
2026-07-21 18:00:00,Karachi,24.8607,67.0011,28.6,83.0,9.9,1000.4,unknown,4.0,25.2,120.97,0.15,0.69,64.28,40.32,0.0,83.7,,18.0,21.0,7.0,1.0,0.0,0.5,83.2,80.7,81.1,83.0,79.2,2.554790895892072,0.2083161114325865,80.7,77.1,77.6
2026-07-21 19:00:00,Karachi,24.8607,67.0011,28.5,82.0,10.6,999.9,unknown,4.0,25.15,120.2,0.14,0.68,64.18,40.16,0.0,83.3,,19.0,21.0,7.0,1.0,0.0,-0.4000000000000057,83.7,82.1,81.3,83.40000000000002,79.28333333333333,2.6568478653667773,0.2092346089850249,80.5,78.1,77.3
2026-07-21 20:00:00,Karachi,24.8607,67.0011,28.1,84.0,10.6,999.7,unknown,4.0,25.05,120.06,0.14,0.67,64.07,40.08,0.0,83.2,,20.0,21.0,7.0,1.0,0.0,-0.0999999999999943,83.3,83.2,81.5,83.40000000000002,79.35416666666667,2.7398792684698594,0.2086456771614193,80.1,79.7,77.1
2026-07-21 21:00:00,Karachi,24.8607,67.0011,28.0,85.0,9.8,999.0,unknown,4.0,24.91,119.29,0.13,0.67,63.87,40.11,0.0,82.8,,21.0,21.0,7.0,1.0,0.0,-0.4000000000000057,83.2,83.7,81.6,83.10000000000001,79.40416666666667,2.793078271706304,0.2088188448319222,80.1,80.6,77.1
2026-07-21 22:00:00,Karachi,24.8607,67.0011,27.8,86.0,8.8,998.7,unknown,4.0,24.84,119.08,0.13,0.66,63.64,40.32,0.0,82.7,,22.0,21.0,7.0,1.0,0.0,-0.0999999999999943,82.8,83.3,81.8,82.90000000000002,79.44166666666666,2.8324082036101115,0.2085992610010077,80.6,81.4,77.0
2026-07-21 23:00:00,Karachi,24.8607,67.0011,27.6,87.0,8.5,998.5,unknown,4.0,24.97,119.96,0.12,0.66,63.46,40.72,0.0,83.2,,23.0,21.0,7.0,1.0,0.0,0.5,82.7,83.2,81.9,82.90000000000002,79.49583333333334,2.8932423765162056,0.2081527175725241,81.8,82.7,77.0
2026-07-22 00:00:00,Karachi,24.8607,67.0011,28.1,86.0,4.4,998.4,unknown,4.0,25.03,120.74,0.12,0.67,63.43,41.36,0.0,83.5,,0.0,22.0,7.0,2.0,0.0,0.2999999999999971,83.2,82.8,81.5,83.13333333333334,79.57916666666667,2.980950996003365,0.2073049527911214,82.8,84.1,77.1
2026-07-22 01:00:00,Karachi,24.8607,67.0011,28.0,87.0,4.1,998.7,unknown,4.0,24.82,114.9,0.12,0.66,63.68,41.96,0.0,80.6,,1.0,22.0,7.0,2.0,0.0,-2.9000000000000057,83.5,82.7,78.7,82.43333333333335,79.65833333333333,2.981816876344302,0.2160139251523063,82.9,85.2,77.1
2026-07-22 02:00:00,Karachi,24.8607,67.0011,28.4,85.0,4.8,999.3,unknown,4.0,24.44,108.91,0.12,0.65,63.81,42.32,0.0,79.6,,2.0,22.0,7.0,2.0,0.0,-1.0,80.6,83.2,77.5,81.23333333333333,79.74583333333334,2.9463284693443543,0.2244054724084106,83.2,85.6,77.6
2026-07-22 03:00:00,Karachi,24.8607,67.0011,29.2,80.0,4.9,999.4,unknown,4.0,24.01,103.5,0.11,0.63,63.82,42.48,0.0,78.8,,3.0,22.0,7.0,2.0,0.0,-0.7999999999999972,79.6,83.5,76.8,79.66666666666667,79.82916666666667,2.887074518497223,0.2319806763285024,84.0,85.4,77.6
2026-07-22 04:00:00,Karachi,24.8607,67.0011,30.3,74.0,8.0,999.5,unknown,4.0,23.62,101.25,0.11,0.62,63.68,42.48,0.0,78.1,,4.0,22.0,7.0,2.0,0.0,-0.7000000000000028,78.8,80.6,76.5,78.83333333333333,79.89583333333333,2.8246552951157624,0.2332839506172839,83.9,85.0,77.2
2026-07-22 05:00:00,Karachi,24.8607,67.0011,31.2,70.0,9.8,999.5,unknown,4.0,23.19,100.38,0.1,0.63,63.35,42.24,0.0,77.3,,5.0,22.0,7.0,2.0,0.0,-0.7999999999999972,78.1,79.6,77.1,78.06666666666668,79.90416666666665,2.8163311265698816,0.2310221159593544,81.9,84.9,77.0
2026-07-22 06:00:00,Karachi,24.8607,67.0011,31.4,69.0,11.5,999.3,unknown,3.0,22.72,98.08,0.09,0.65,63.0,41.99,0.0,76.4,,6.0,22.0,7.0,2.0,0.0,-0.8999999999999915,77.3,78.8,77.5,77.26666666666668,79.85833333333333,2.865676438342089,0.231647634584013,80.1,85.2,77.3
2026-07-22 07:00:00,Karachi,24.8607,67.0011,31.2,70.0,11.8,999.1,unknown,3.0,22.31,97.15,0.08,0.66,62.72,41.54,0.0,75.6,,7.0,22.0,7.0,2.0,0.0,-0.8000000000000114,76.4,78.1,77.9,76.43333333333335,79.7625,2.970552942231862,0.2296448790530108,78.9,85.6,77.8
2026-07-22 08:00:00,Karachi,24.8607,67.0011,31.3,70.0,12.1,998.4,unknown,3.0,22.05,97.15,0.07,0.66,62.69,41.21,0.0,75.1,,8.0,22.0,7.0,2.0,0.0,-0.5,75.6,77.3,77.9,75.7,79.64583333333333,3.0990853021720204,0.2269686052496139,77.9,85.4,78.0
2026-07-22 09:00:00,Karachi,24.8607,67.0011,31.1,72.0,13.4,997.9,unknown,3.0,21.91,98.37,0.07,0.66,62.87,40.89,0.0,74.9,,9.0,22.0,7.0,2.0,0.0,-0.1999999999999886,75.1,76.4,77.5,75.2,79.5375,3.2204256402440925,0.2227305072684761,77.0,84.6,77.4
2026-07-22 10:00:00,Karachi,24.8607,67.0011,30.5,75.0,12.9,997.4,unknown,3.0,21.81,96.71,0.07,0.65,63.16,40.53,0.0,74.7,,10.0,22.0,7.0,2.0,0.0,-0.2000000000000028,74.9,75.6,76.4,74.90000000000002,79.46666666666667,3.309888565923988,0.2255195946644607,76.6,83.6,76.5
2026-07-22 11:00:00,Karachi,24.8607,67.0011,30.5,74.0,12.1,996.9,unknown,3.0,21.75,94.48,0.07,0.64,63.2,40.03,0.0,74.6,,11.0,22.0,7.0,2.0,0.0,-0.1000000000000085,74.7,75.1,75.2,74.73333333333335,79.44166666666668,3.3455897857457857,0.230207451312447,76.3,82.2,75.9
2026-07-22 12:00:00,Karachi,24.8607,67.0011,31.1,72.0,11.6,996.6,unknown,3.0,21.79,93.62,0.08,0.63,63.27,39.59,0.0,74.6,,12.0,22.0,7.0,2.0,0.0,0.0,74.6,74.9,75.7,74.63333333333334,79.39583333333333,3.40606609329265,0.2327494125186925,76.2,81.4,75.6
2026-07-22 13:00:00,Karachi,24.8607,67.0011,30.2,77.0,11.6,997.5,unknown,3.0,21.97,92.4,0.09,0.62,63.58,39.39,0.0,75.0,,13.0,22.0,7.0,2.0,0.0,0.4000000000000057,74.6,74.7,77.6,74.73333333333335,79.28750000000001,3.505562350222597,0.2377705627705627,76.2,80.8,75.4
2026-07-22 14:00:00,Karachi,24.8607,67.0011,29.2,82.0,12.2,997.8,unknown,3.0,22.37,94.26,0.11,0.61,63.92,39.32,0.0,75.7,,14.0,22.0,7.0,2.0,0.0,0.7000000000000028,75.0,74.6,79.2,75.10000000000001,79.14166666666667,3.5813425545104587,0.2373223000212179,76.3,80.2,75.1
2026-07-22 15:00:00,Karachi,24.8607,67.0011,28.5,84.0,11.4,998.1,unknown,3.0,22.92,97.98,0.12,0.61,64.38,39.28,0.0,76.7,,15.0,22.0,7.0,2.0,0.0,1.0,75.7,74.6,80.7,75.80000000000001,78.97500000000001,3.5987014566238984,0.2339252908756889,76.2,79.5,75.2
2026-07-22 16:00:00,Karachi,24.8607,67.0011,28.9,81.0,14.2,998.5,unknown,4.0,23.48,105.46,0.12,0.62,64.73,39.24,0.0,77.8,,16.0,22.0,7.0,2.0,0.0,1.0999999999999943,76.7,75.0,82.1,76.73333333333335,78.79583333333333,3.5429635306765617,0.2226436563626019,76.2,78.7,75.2
2026-07-22 17:00:00,Karachi,24.8607,67.0011,28.8,81.0,12.2,999.2,unknown,4.0,24.02,111.95,0.12,0.65,64.88,38.82,0.0,79.2,,17.0,22.0,7.0,2.0,0.0,1.4000000000000057,77.8,75.7,83.2,77.90000000000002,78.62916666666668,3.418680035978773,0.2145600714604734,76.4,78.1,75.3
2026-07-22 18:00:00,Karachi,24.8607,67.0011,29.0,79.0,11.8,999.3,unknown,4.0,24.45,115.01,0.13,0.67,64.84,38.3,0.0,80.7,,18.0,22.0,7.0,2.0,0.0,1.5,79.2,76.7,83.7,79.23333333333335,78.50416666666666,3.2771248223775884,0.2125902095469959,77.1,77.6,75.8
2026-07-22 19:00:00,Karachi,24.8607,67.0011,28.7,80.0,12.2,998.9,unknown,4.0,24.7,114.51,0.13,0.68,64.6,37.81,0.0,80.5,,19.0,22.0,7.0,2.0,0.0,-0.2000000000000028,80.7,77.8,83.3,80.13333333333334,78.3875,3.14619335208276,0.2157016854423194,78.1,77.3,76.5
2026-07-22 20:00:00,Karachi,24.8607,67.0011,28.6,81.0,11.3,998.6,unknown,4.0,24.74,113.34,0.13,0.67,64.45,37.47,0.0,80.1,,20.0,22.0,7.0,2.0,0.0,-0.4000000000000057,80.5,79.2,83.2,80.43333333333335,78.25833333333334,3.0002777649179087,0.2182812775719075,79.7,77.1,76.6
2026-07-22 21:00:00,Karachi,24.8607,67.0011,28.3,83.0,10.1,997.9,unknown,4.0,24.7,112.62,0.13,0.67,64.31,37.34,0.0,80.1,,21.0,22.0,7.0,2.0,0.0,0.0,80.1,80.7,82.8,80.23333333333333,78.14583333333333,2.870385395523525,0.2193216125022198,80.6,77.1,77.0
2026-07-22 22:00:00,Karachi,24.8607,67.0011,28.1,84.0,8.6,997.7,unknown,4.0,24.78,114.76,0.13,0.66,64.28,37.45,0.0,80.6,,22.0,22.0,7.0,2.0,0.0,0.5,80.1,80.5,82.7,80.26666666666667,78.05833333333334,2.755219026511713,0.2159288950853956,81.4,77.0,77.5
2026-07-22 23:00:00,Karachi,24.8607,67.0011,28.1,84.0,5.6,997.5,unknown,4.0,24.91,117.29,0.13,0.65,64.28,37.63,0.0,81.8,,23.0,22.0,7.0,2.0,0.0,1.2000000000000028,80.6,80.1,83.2,80.83333333333333,78.0,2.6546104274889992,0.2123795720010231,82.7,77.0,77.9
2026-07-23 00:00:00,Karachi,24.8607,67.0011,28.5,82.0,2.8,997.8,unknown,4.0,25.11,119.26,0.13,0.64,64.36,37.83,0.0,82.8,,0.0,23.0,7.0,3.0,0.0,1.0,81.8,80.1,83.5,81.73333333333333,77.97083333333333,2.5947236037205097,0.2105483816870702,84.1,77.1,77.9
2026-07-23 01:00:00,Karachi,24.8607,67.0011,28.2,84.0,2.8,997.8,unknown,4.0,25.47,119.51,0.12,0.62,64.68,38.08,0.0,82.9,,1.0,23.0,7.0,3.0,0.0,0.1000000000000085,82.8,80.6,80.6,82.50000000000001,78.06666666666666,2.734746894998571,0.213120240984018,85.2,77.1,77.6
2026-07-23 02:00:00,Karachi,24.8607,67.0011,28.7,81.0,2.6,998.5,unknown,4.0,25.79,120.12,0.13,0.59,64.97,38.23,0.0,83.2,,2.0,23.0,7.0,3.0,0.0,0.2999999999999971,82.9,81.8,79.6,82.96666666666668,78.21666666666665,2.915277101701362,0.2147019647019646,85.6,77.6,77.6
2026-07-23 03:00:00,Karachi,24.8607,67.0011,29.5,77.0,5.7,998.0,unknown,4.0,25.95,121.72,0.12,0.56,65.29,38.47,0.0,84.0,,3.0,23.0,7.0,3.0,0.0,0.7999999999999972,83.2,82.8,78.8,83.36666666666667,78.43333333333332,3.144721825903356,0.2131942162339796,85.4,77.6,77.7
2026-07-23 04:00:00,Karachi,24.8607,67.0011,30.4,73.0,4.7,998.6,unknown,4.0,25.89,121.48,0.11,0.54,65.47,38.63,0.0,83.9,,4.0,23.0,7.0,3.0,0.0,-0.0999999999999943,84.0,82.9,78.1,83.7,78.675,3.3350901167660467,0.2131215014817253,85.0,77.2,77.3
2026-07-23 05:00:00,Karachi,24.8607,67.0011,30.7,72.0,7.7,998.5,unknown,4.0,25.43,117.39,0.1,0.52,65.57,38.66,0.0,81.9,,5.0,23.0,7.0,3.0,0.0,-2.0,83.9,83.2,77.3,83.2666666666667,78.86666666666667,3.384448663167634,0.2166283329074026,84.9,77.0,76.7
2026-07-23 06:00:00,Karachi,24.8607,67.0011,31.9,65.0,5.3,998.4,unknown,4.0,24.73,111.73,0.09,0.51,65.53,38.53,0.0,80.1,,6.0,23.0,7.0,3.0,0.0,-1.8000000000000114,81.9,84.0,76.4,81.96666666666668,79.02083333333333,3.3513111213192404,0.221337152063009,85.2,77.3,75.7
2026-07-23 07:00:00,Karachi,24.8607,67.0011,32.8,61.0,8.6,997.9,unknown,4.0,24.08,107.25,0.08,0.51,65.45,38.21,0.0,78.9,,7.0,23.0,7.0,3.0,0.0,-1.1999999999999886,80.1,83.9,75.6,80.30000000000001,79.15833333333335,3.271605996616246,0.2245221445221445,85.6,77.8,75.1
2026-07-23 08:00:00,Karachi,24.8607,67.0011,32.0,64.0,15.5,997.5,unknown,4.0,23.53,103.16,0.07,0.52,65.23,37.63,0.0,77.9,,8.0,23.0,7.0,3.0,0.0,-1.0,78.9,81.9,75.1,78.96666666666668,79.27499999999999,3.1689046249032224,0.2280922838309422,85.4,78.0,74.7
2026-07-23 09:00:00,Karachi,24.8607,67.0011,32.1,63.0,14.8,996.7,unknown,3.0,23.08,99.64,0.07,0.52,65.08,37.08,0.0,77.0,,9.0,23.0,7.0,3.0,0.0,-0.9000000000000057,77.9,80.1,74.9,77.93333333333334,79.3625,3.0703083685934143,0.2316338819751103,84.6,77.4,74.2
2026-07-23 10:00:00,Karachi,24.8607,67.0011,32.1,66.0,13.2,996.2,unknown,3.0,22.82,98.21,0.07,0.53,65.1,36.74,0.0,76.6,,10.0,23.0,7.0,3.0,0.0,-0.4000000000000057,77.0,78.9,74.7,77.16666666666669,79.44166666666668,2.967639475739073,0.2323592302209551,83.6,76.5,73.6
2026-07-23 11:00:00,Karachi,24.8607,67.0011,31.9,66.0,11.4,995.8,unknown,3.0,22.7,98.31,0.07,0.53,65.09,36.49,0.0,76.3,,11.0,23.0,7.0,3.0,0.0,-0.2999999999999971,76.6,77.9,74.6,76.63333333333334,79.5125,2.8655847722498757,0.2309022479910487,82.2,75.9,72.6
2026-07-23 12:00:00,Karachi,24.8607,67.0011,31.2,71.0,12.1,995.6,unknown,3.0,22.65,97.79,0.08,0.54,65.05,36.31,0.0,76.2,,12.0,23.0,7.0,3.0,0.0,-0.0999999999999943,76.3,77.0,74.6,76.36666666666667,79.57916666666667,2.7631077598869447,0.2316187749258615,81.4,75.6,71.7
2026-07-23 13:00:00,Karachi,24.8607,67.0011,30.5,75.0,12.1,995.8,unknown,3.0,22.65,97.48,0.09,0.55,65.07,36.32,0.0,76.2,,13.0,23.0,7.0,3.0,0.0,0.0,76.2,76.6,75.0,76.23333333333333,79.62916666666666,2.6864360044101017,0.232355354944604,80.8,75.4,70.7
2026-07-23 14:00:00,Karachi,24.8607,67.0011,29.7,78.0,8.0,996.7,unknown,3.0,22.67,97.84,0.11,0.57,65.05,36.3,0.0,76.3,,14.0,23.0,7.0,3.0,0.0,0.0999999999999943,76.2,76.3,75.7,76.23333333333335,79.65416666666667,2.650837302776409,0.23170482420278,80.2,75.1,69.7
2026-07-23 15:00:00,Karachi,24.8607,67.0011,29.3,82.0,12.0,996.4,unknown,3.0,22.64,98.53,0.12,0.59,65.01,36.37,0.0,76.2,,15.0,23.0,7.0,3.0,0.0,-0.0999999999999943,76.3,76.2,76.7,76.23333333333335,79.63333333333333,2.6769006521429004,0.2297777326702527,79.5,75.2,68.9
2026-07-23 16:00:00,Karachi,24.8607,67.0011,29.3,82.0,11.6,997.2,unknown,3.0,22.61,99.57,0.12,0.59,65.07,36.53,0.0,76.2,,16.0,23.0,7.0,3.0,0.0,0.0,76.2,76.2,77.8,76.23333333333335,79.56666666666666,2.7436355865671898,0.2270764286431656,78.7,75.2,68.5
2026-07-23 17:00:00,Karachi,24.8607,67.0011,29.1,83.0,11.6,998.1,unknown,4.0,22.74,101.99,0.12,0.6,65.46,37.06,0.0,76.4,,17.0,23.0,7.0,3.0,0.0,0.2000000000000028,76.2,76.3,79.2,76.26666666666667,79.45,2.8184176874380107,0.2229630355917246,78.1,75.3,69.0
2026-07-23 18:00:00,Karachi,24.8607,67.0011,29.4,82.0,10.5,999.1,unknown,4.0,23.1,105.32,0.12,0.6,65.95,37.86,0.0,77.1,,18.0,23.0,7.0,3.0,0.0,0.6999999999999886,76.4,76.2,80.7,76.56666666666668,79.3,2.8446746585571745,0.2193315609570832,77.6,75.8,70.5
2026-07-23 19:00:00,Karachi,24.8607,67.0011,29.0,84.0,9.9,998.6,unknown,4.0,23.65,109.28,0.12,0.6,66.29,38.79,0.0,78.1,,19.0,23.0,7.0,3.0,0.0,1.0,77.1,76.2,80.5,77.2,79.2,2.842839976226011,0.2164165446559297,77.3,76.5,72.0
2026-07-23 20:00:00,Karachi,24.8607,67.0011,28.8,84.0,8.5,998.4,unknown,4.0,24.32,112.91,0.12,0.6,66.61,39.63,0.0,79.7,,20.0,23.0,7.0,3.0,0.0,1.6000000000000083,78.1,76.4,80.1,78.3,79.18333333333332,2.8385033819372656,0.2153927907182712,77.1,76.6,72.8
2026-07-23 21:00:00,Karachi,24.8607,67.0011,28.6,85.0,7.5,997.7,unknown,4.0,24.75,114.72,0.12,0.6,66.83,40.11,0.0,80.6,,21.0,23.0,7.0,3.0,0.0,0.8999999999999915,79.7,77.1,80.1,79.46666666666667,79.20416666666667,2.8473449366734127,0.2157426778242678,77.1,77.0,73.1
2026-07-23 22:00:00,Karachi,24.8607,67.0011,28.6,84.0,6.4,997.6,unknown,4.0,25.21,116.5,0.12,0.59,67.0,40.47,0.0,81.4,,22.0,23.0,7.0,3.0,0.0,0.8000000000000114,80.6,78.1,80.6,80.56666666666668,79.2375,2.868996567502608,0.2163948497854077,77.0,77.5,73.3
2026-07-23 23:00:00,Karachi,24.8607,67.0011,28.4,85.0,4.3,997.5,unknown,4.0,25.75,118.98,0.12,0.58,67.35,40.78,0.0,82.7,,23.0,23.0,7.0,3.0,0.0,1.2999999999999972,81.4,79.7,81.8,81.56666666666668,79.27499999999999,2.9095420228280955,0.2164229282232307,77.0,77.9,73.8
2026-07-24 00:00:00,Karachi,24.8607,67.0011,28.8,85.0,5.6,997.3,unknown,4.0,26.28,121.87,0.12,0.57,67.58,41.26,0.0,84.1,,0.0,24.0,7.0,4.0,0.0,1.3999999999999917,82.7,80.6,82.8,82.73333333333335,79.32916666666667,2.98903491283371,0.2156396159842455,77.1,77.9,74.6
2026-07-24 01:00:00,Karachi,24.8607,67.0011,28.6,86.0,5.4,997.8,unknown,4.0,26.8,124.1,0.12,0.56,67.88,41.61,0.0,85.2,,1.0,24.0,7.0,4.0,0.0,1.1000000000000083,84.1,81.4,82.9,84.00000000000001,79.425,3.1414826186805707,0.2159548751007252,77.1,77.6,75.3
2026-07-24 02:00:00,Karachi,24.8607,67.0011,28.9,85.0,5.6,998.5,unknown,4.0,27.19,124.86,0.12,0.55,67.86,41.79,0.0,85.6,,2.0,24.0,7.0,4.0,0.0,0.3999999999999915,85.2,82.7,83.2,84.96666666666667,79.525,3.3010209224463622,0.2177638955630306,77.6,77.6,75.5
2026-07-24 03:00:00,Karachi,24.8607,67.0011,29.9,79.0,5.2,998.5,unknown,4.0,27.36,124.41,0.13,0.53,67.87,41.93,0.0,85.4,,3.0,24.0,7.0,4.0,0.0,-0.1999999999999886,85.6,84.1,84.0,85.40000000000002,79.58333333333333,3.39458221373278,0.2199180130214613,77.6,77.7,75.4
2026-07-24 04:00:00,Karachi,24.8607,67.0011,30.9,74.0,5.6,999.0,unknown,4.0,27.33,123.28,0.13,0.52,67.6,42.14,0.0,85.0,,4.0,24.0,7.0,4.0,0.0,-0.4000000000000057,85.4,85.2,83.9,85.33333333333333,79.62916666666666,3.4621530328947374,0.2216904607397793,77.2,77.3,75.2
2026-07-24 05:00:00,Karachi,24.8607,67.0011,31.9,69.0,8.1,999.3,unknown,4.0,27.28,123.22,0.12,0.51,67.66,42.34,0.0,84.9,,5.0,24.0,7.0,4.0,0.0,-0.0999999999999943,85.0,85.6,81.9,85.10000000000001,79.75416666666666,3.599151973386235,0.2213926310663853,77.0,76.7,75.2
2026-07-24 06:00:00,Karachi,24.8607,67.0011,33.1,63.0,8.9,999.4,unknown,4.0,27.25,124.01,0.1,0.5,67.58,42.71,0.0,85.2,,6.0,24.0,7.0,4.0,0.0,0.2999999999999971,84.9,85.4,80.1,85.03333333333335,79.96666666666667,3.767096294594469,0.2197403435206838,77.3,75.7,75.0
2026-07-24 07:00:00,Karachi,24.8607,67.0011,32.6,66.0,13.9,999.0,unknown,4.0,27.14,124.82,0.1,0.5,67.68,42.99,0.0,85.6,,7.0,24.0,7.0,4.0,0.0,0.3999999999999915,85.2,85.0,78.9,85.23333333333335,80.24583333333332,3.929374235683291,0.2174331036692837,77.8,75.1,74.5
2026-07-24 08:00:00,Karachi,24.8607,67.0011,32.4,65.0,15.1,998.5,unknown,4.0,26.91,124.43,0.1,0.51,67.5,42.87,0.0,85.4,,8.0,24.0,7.0,4.0,0.0,-0.1999999999999886,85.6,84.9,77.9,85.40000000000002,80.55833333333334,4.031605211290381,0.2162661737523105,78.0,74.7,73.5
2026-07-24 09:00:00,Karachi,24.8607,67.0011,32.5,64.0,13.0,997.8,unknown,4.0,26.59,122.9,0.1,0.53,67.41,42.22,0.0,84.6,,9.0,24.0,7.0,4.0,0.0,-0.8000000000000114,85.4,85.2,77.0,85.2,80.875,4.038429526867071,0.2163547599674532,77.4,74.2,72.2
2026-07-24 10:00:00,Karachi,24.8607,67.0011,32.0,67.0,13.0,997.2,unknown,4.0,26.24,120.88,0.11,0.55,67.15,41.44,0.0,83.6,,10.0,24.0,7.0,4.0,0.0,-1.0,84.6,85.6,76.6,84.53333333333335,81.16666666666667,3.968426110827176,0.2170747849106551,76.5,73.6,70.8
2026-07-24 11:00:00,Karachi,24.8607,67.0011,31.4,69.0,12.5,997.1,unknown,4.0,25.82,118.1,0.12,0.57,66.75,40.35,0.0,82.2,,11.0,24.0,7.0,4.0,0.0,-1.3999999999999917,83.6,85.4,76.3,83.46666666666668,81.4125,3.834320131334708,0.2186282811176969,75.9,72.6,69.5
2026-07-24 12:00:00,Karachi,24.8607,67.0011,31.0,72.0,12.5,996.7,unknown,4.0,25.43,115.21,0.13,0.59,66.38,39.41,0.0,81.4,,12.0,24.0,7.0,4.0,0.0,-0.7999999999999972,82.2,84.6,76.2,82.4,81.62916666666666,3.67038431427638,0.2207273674160229,75.6,71.7,68.5
2026-07-24 13:00:00,Karachi,24.8607,67.0011,30.3,75.0,12.1,996.4,unknown,4.0,25.07,112.79,0.14,0.61,66.18,38.72,0.0,80.8,,13.0,24.0,7.0,4.0,0.0,-0.6000000000000085,81.4,83.6,76.2,81.46666666666668,81.82083333333334,3.490232229305959,0.2222714779679049,75.4,70.7,68.1
2026-07-24 14:00:00,Karachi,24.8607,67.0011,29.8,78.0,12.1,996.9,unknown,4.0,24.75,110.36,0.15,0.62,66.01,38.18,0.0,80.2,,14.0,24.0,7.0,4.0,0.0,-0.5999999999999943,80.8,82.2,76.3,80.80000000000001,81.98333333333333,3.308049033159929,0.2242660384197173,75.1,69.7,68.4
2026-07-24 15:00:00,Karachi,24.8607,67.0011,29.8,79.0,11.3,997.6,unknown,4.0,24.38,108.03,0.16,0.62,65.98,37.76,0.0,79.5,,15.0,24.0,7.0,4.0,0.0,-0.7000000000000028,80.2,81.4,76.2,80.16666666666667,82.12083333333334,3.1204764361230164,0.2256780523928538,75.2,68.9,69.3
2026-07-24 16:00:00,Karachi,24.8607,67.0011,29.7,80.0,9.2,998.6,unknown,4.0,23.97,105.69,0.15,0.62,65.87,37.55,0.0,78.7,,16.0,24.0,7.0,4.0,0.0,-0.7999999999999972,79.5,80.8,76.2,79.46666666666668,82.22500000000001,2.9513814009555297,0.2267953448765257,75.2,68.5,70.5
2026-07-24 17:00:00,Karachi,24.8607,67.0011,29.5,82.0,9.3,999.4,unknown,4.0,23.65,103.8,0.15,0.61,66.0,37.54,0.0,78.1,,17.0,24.0,7.0,4.0,0.0,-0.6000000000000085,78.7,80.2,76.4,78.76666666666667,82.29583333333333,2.82311563419764,0.2278420038535645,75.3,69.0,72.1
2026-07-24 18:00:00,Karachi,24.8607,67.0011,29.1,79.0,8.3,998.9,unknown,4.0,23.4,101.98,0.15,0.6,66.29,37.7,0.0,77.6,,18.0,24.0,7.0,4.0,0.0,-0.5,78.1,79.5,77.1,78.13333333333334,82.31666666666668,2.7846889868738223,0.2294567562267111,75.8,70.5,73.7
2026-07-24 19:00:00,Karachi,24.8607,67.0011,28.9,80.0,10.0,998.6,unknown,4.0,23.2,100.64,0.15,0.6,66.36,37.87,0.0,77.3,,19.0,24.0,7.0,4.0,0.0,-0.2999999999999971,77.6,78.7,78.1,77.66666666666667,82.28333333333333,2.8415651943280067,0.2305246422893481,76.5,72.0,75.1
2026-07-24 20:00:00,Karachi,24.8607,67.0011,28.6,82.0,11.0,998.7,unknown,4.0,23.12,100.46,0.15,0.6,66.44,38.16,0.0,77.1,,20.0,24.0,7.0,4.0,0.0,-0.2000000000000028,77.3,78.1,79.7,77.33333333333334,82.175,2.9900196305873243,0.2301413497909616,76.6,72.8,76.8
2026-07-24 21:00:00,Karachi,24.8607,67.0011,28.5,82.0,10.6,998.4,unknown,4.0,23.09,101.23,0.15,0.59,66.42,38.5,0.0,77.1,,21.0,24.0,7.0,4.0,0.0,0.0,77.1,77.6,80.6,77.16666666666667,82.02916666666665,3.1511873768551477,0.2280944384075866,77.0,73.1,79.3
2026-07-24 22:00:00,Karachi,24.8607,67.0011,28.4,82.0,7.0,998.7,unknown,4.0,23.08,102.42,0.15,0.59,66.5,38.8,0.0,77.0,,22.0,24.0,7.0,4.0,0.0,-0.0999999999999943,77.1,77.3,81.4,77.06666666666668,81.84583333333335,3.313211914200343,0.2253466119898457,77.5,73.3,81.3
2026-07-24 23:00:00,Karachi,24.8607,67.0011,28.4,83.0,7.1,998.4,unknown,4.0,23.08,103.72,0.14,0.59,66.53,38.96,0.0,77.0,,23.0,24.0,7.0,4.0,0.0,0.0,77.0,77.1,82.7,77.03333333333335,81.60833333333333,3.450761310664906,0.222522175086772,77.9,73.8,82.7
2026-07-25 00:00:00,Karachi,24.8607,67.0011,28.4,83.0,8.8,998.5,unknown,4.0,23.13,104.72,0.14,0.59,66.52,38.83,0.0,77.1,,0.0,25.0,7.0,5.0,1.0,0.0999999999999943,77.0,77.1,84.1,77.03333333333335,81.31666666666666,3.526011007240601,0.2208747135217723,77.9,74.6,83.4
2026-07-25 01:00:00,Karachi,24.8607,67.0011,28.2,84.0,9.0,998.8,unknown,4.0,23.11,105.32,0.14,0.6,66.51,38.76,0.0,77.1,,1.0,25.0,7.0,5.0,1.0,0.0,77.1,77.0,85.2,77.06666666666668,80.97916666666667,3.5258029201697645,0.2194265096847702,77.6,75.3,83.8
2026-07-25 02:00:00,Karachi,24.8607,67.0011,28.4,84.0,9.3,999.4,unknown,4.0,23.38,107.05,0.14,0.6,66.4,38.72,0.0,77.6,,2.0,25.0,7.0,5.0,1.0,0.5,77.1,77.0,85.6,77.26666666666667,80.64583333333333,3.447239496310233,0.2184026156001868,77.6,75.5,84.0
2026-07-25 03:00:00,Karachi,24.8607,67.0011,29.2,79.0,10.3,1000.1,unknown,4.0,23.38,107.57,0.14,0.6,66.24,38.75,0.0,77.6,,3.0,25.0,7.0,5.0,1.0,0.0,77.6,77.1,85.4,77.43333333333334,80.32083333333334,3.345727862144505,0.2173468439155898,77.7,75.4,83.9
2026-07-25 04:00:00,Karachi,24.8607,67.0011,30.1,74.0,10.4,1000.6,unknown,4.0,23.18,107.22,0.14,0.58,65.97,38.87,0.0,77.2,,4.0,25.0,7.0,5.0,1.0,-0.3999999999999915,77.6,77.1,85.0,77.46666666666668,79.99583333333334,3.2488766174412094,0.2161910091400858,77.3,75.2,84.0
2026-07-25 05:00:00,Karachi,24.8607,67.0011,30.4,73.0,10.3,1001.1,unknown,4.0,23.02,107.46,0.13,0.56,65.97,39.47,0.0,77.0,,5.0,25.0,7.0,5.0,1.0,-0.2000000000000028,77.2,77.6,84.9,77.26666666666667,79.66666666666667,3.1283648551057293,0.2142192443699981,76.7,75.2,84.3
2026-07-25 06:00:00,Karachi,24.8607,67.0011,30.7,70.0,11.8,1001.2,unknown,4.0,22.88,108.14,0.12,0.53,66.13,40.2,0.0,77.3,,6.0,25.0,7.0,5.0,1.0,0.2999999999999971,77.0,77.6,85.2,77.16666666666667,79.33749999999999,2.93017472397767,0.2115775846125392,75.7,75.0,84.2
2026-07-25 07:00:00,Karachi,24.8607,67.0011,31.0,69.0,10.6,1000.9,unknown,4.0,22.76,109.1,0.11,0.5,66.3,40.93,0.0,77.8,,7.0,25.0,7.0,5.0,1.0,0.5,77.3,77.2,85.6,77.36666666666667,79.0125,2.6217008253013065,0.2086159486709441,75.1,74.5,83.6
2026-07-25 08:00:00,Karachi,24.8607,67.0011,31.6,66.0,9.7,1000.6,unknown,4.0,22.58,109.48,0.11,0.48,66.39,41.4,0.0,78.0,,8.0,25.0,7.0,5.0,1.0,0.2000000000000028,77.8,77.0,85.4,77.7,78.70416666666667,2.246055318274234,0.2062477164778954,74.7,73.5,82.7
2026-07-25 09:00:00,Karachi,24.8607,67.0011,31.5,66.0,10.1,1000.0,unknown,4.0,22.27,108.4,0.1,0.47,66.29,41.41,0.0,77.4,,9.0,25.0,7.0,5.0,1.0,-0.5999999999999943,78.0,77.3,84.6,77.73333333333335,78.40416666666667,1.874422616413383,0.2054428044280442,74.2,72.2,82.0
2026-07-25 10:00:00,Karachi,24.8607,67.0011,31.3,67.0,12.5,999.6,unknown,4.0,21.94,106.47,0.1,0.47,66.19,41.26,0.0,76.5,,10.0,25.0,7.0,5.0,1.0,-0.9000000000000057,77.4,77.8,83.6,77.30000000000001,78.10833333333333,1.5511332930306752,0.2060674368366676,73.6,70.8,81.2
2026-07-25 11:00:00,Karachi,24.8607,67.0011,31.0,69.0,14.4,999.2,unknown,4.0,21.78,105.21,0.11,0.47,66.04,41.1,0.0,75.9,,11.0,25.0,7.0,5.0,1.0,-0.5999999999999943,76.5,78.0,82.2,76.60000000000001,77.84583333333333,1.348422320201591,0.2070145423438837,72.6,69.5,80.6
2026-07-25 12:00:00,Karachi,24.8607,67.0011,30.5,71.0,11.9,998.8,unknown,4.0,21.81,104.74,0.11,0.48,65.97,40.83,0.0,75.6,,12.0,25.0,7.0,5.0,1.0,-0.3000000000000113,75.9,77.4,81.4,76.00000000000001,77.60416666666667,1.194727244353511,0.2082299026160015,71.7,68.5,80.2
2026-07-25 13:00:00,Karachi,24.8607,67.0011,29.6,75.0,10.5,999.1,unknown,4.0,21.89,104.3,0.12,0.5,66.0,40.45,0.0,75.4,,13.0,25.0,7.0,5.0,1.0,-0.1999999999999886,75.6,76.5,80.8,75.63333333333334,77.37916666666666,1.068513460134016,0.209875359539789,70.7,68.1,80.3
2026-07-25 14:00:00,Karachi,24.8607,67.0011,29.2,78.0,10.8,999.8,unknown,4.0,22.02,103.72,0.13,0.51,66.0,39.74,0.0,75.1,,14.0,25.0,7.0,5.0,1.0,-0.3000000000000113,75.4,75.9,80.2,75.36666666666667,77.16666666666667,0.9871639953007176,0.2123023524874662,69.7,68.4,80.3
2026-07-25 15:00:00,Karachi,24.8607,67.0011,28.9,80.0,12.3,999.9,unknown,4.0,22.11,102.97,0.13,0.52,66.14,39.09,0.0,75.2,,15.0,25.0,7.0,5.0,1.0,0.1000000000000085,75.1,75.6,79.5,75.23333333333335,76.9875,0.9340479924333968,0.2147227347771195,68.9,69.3,80.5
2026-07-25 16:00:00,Karachi,24.8607,67.0011,28.9,80.0,12.0,1000.8,unknown,4.0,22.1,101.77,0.13,0.52,66.31,38.52,0.0,75.2,,16.0,25.0,7.0,5.0,1.0,0.0,75.2,75.4,78.7,75.16666666666667,76.84166666666665,0.9282600210402572,0.2171563329075366,68.5,70.5,80.8
2026-07-25 17:00:00,Karachi,24.8607,67.0011,28.9,80.0,14.5,1001.1,unknown,4.0,22.12,101.09,0.13,0.52,66.46,38.18,0.0,75.3,,17.0,25.0,7.0,5.0,1.0,0.0999999999999943,75.2,75.1,78.1,75.23333333333335,76.72500000000001,0.9391254025603626,0.2188149174003363,69.0,72.1,80.8
2026-07-25 18:00:00,Karachi,24.8607,67.0011,28.4,79.0,9.2,1001.3,unknown,4.0,22.43,102.09,0.12,0.53,66.64,37.83,0.0,75.8,,18.0,25.0,7.0,5.0,1.0,0.5,75.3,75.2,77.6,75.43333333333334,76.64999999999999,0.9380831519620524,0.2197081006954648,70.5,73.7,80.8
2026-07-25 19:00:00,Karachi,24.8607,67.0011,28.2,80.0,9.0,1000.7,unknown,4.0,22.81,103.92,0.12,0.55,66.68,37.41,0.0,76.5,,19.0,25.0,7.0,5.0,1.0,0.7000000000000028,75.8,75.2,77.3,75.86666666666667,76.61666666666666,0.9281429175280008,0.219495765973826,72.0,75.1,80.8
2026-07-25 20:00:00,Karachi,24.8607,67.0011,28.2,79.0,6.4,1000.4,unknown,4.0,22.86,104.36,0.12,0.55,66.84,37.16,0.0,76.6,,20.0,25.0,7.0,5.0,1.0,0.0999999999999943,76.5,75.3,77.1,76.30000000000001,76.59583333333333,0.9224160933496548,0.2190494442315063,72.8,76.8,81.1
2026-07-25 21:00:00,Karachi,24.8607,67.0011,28.1,80.0,6.7,1000.1,unknown,4.0,23.05,105.53,0.12,0.55,66.93,36.95,0.0,77.0,,21.0,25.0,7.0,5.0,1.0,0.4000000000000057,76.6,75.8,77.1,76.7,76.59166666666665,0.920263037379038,0.2184213019994314,73.1,79.3,81.8
2026-07-25 22:00:00,Karachi,24.8607,67.0011,28.1,80.0,5.8,1000.3,unknown,4.0,23.34,107.07,0.13,0.55,67.04,36.74,0.0,77.5,,22.0,25.0,7.0,5.0,1.0,0.5,77.0,76.5,77.0,77.03333333333335,76.6125,0.9354433963747668,0.2179882319977585,73.3,81.3,82.7
2026-07-25 23:00:00,Karachi,24.8607,67.0011,28.2,80.0,6.1,1000.2,unknown,4.0,23.53,108.25,0.13,0.55,67.11,36.62,0.0,77.9,,23.0,25.0,7.0,5.0,1.0,0.4000000000000057,77.5,76.6,77.0,77.46666666666668,76.64999999999999,0.9690874237021498,0.2173672055427251,73.8,82.7,83.4
2026-07-26 00:00:00,Karachi,24.8607,67.0011,28.5,79.0,9.1,1000.0,unknown,4.0,23.54,108.39,0.13,0.54,67.11,36.56,0.0,77.9,,0.0,26.0,7.0,6.0,1.0,0.0,77.9,77.0,77.1,77.7666666666667,76.68333333333332,0.9985496729108744,0.2171787065227419,74.6,83.4,83.8
2026-07-26 01:00:00,Karachi,24.8607,67.0011,28.4,79.0,9.4,1000.5,unknown,4.0,23.37,108.29,0.12,0.52,67.43,37.04,0.0,77.6,,1.0,26.0,7.0,6.0,1.0,-0.3000000000000113,77.9,77.5,77.1,77.80000000000001,76.70416666666667,1.012735927063941,0.2158094006833502,75.3,83.8,83.7
2026-07-26 02:00:00,Karachi,24.8607,67.0011,28.6,77.0,11.0,1001.2,unknown,4.0,23.18,108.77,0.12,0.49,67.8,37.91,0.0,77.6,,2.0,26.0,7.0,6.0,1.0,0.0,77.6,77.9,77.6,77.7,76.70416666666667,1.012735927063941,0.2131102326009009,75.5,84.0,83.5
2026-07-26 03:00:00,Karachi,24.8607,67.0011,29.3,74.0,9.9,1001.6,unknown,4.0,23.01,108.96,0.13,0.47,68.21,38.5,0.0,77.7,,3.0,26.0,7.0,6.0,1.0,0.1000000000000085,77.6,77.9,77.6,77.63333333333334,76.70833333333333,1.016779513810733,0.2111784140969163,75.4,83.9,83.2
2026-07-26 04:00:00,Karachi,24.8607,67.0011,29.9,70.0,10.1,1001.8,unknown,4.0,22.78,108.17,0.13,0.46,68.12,38.62,0.0,77.3,,4.0,26.0,7.0,6.0,1.0,-0.4000000000000057,77.7,77.6,77.2,77.53333333333335,76.71249999999999,1.0190842009817915,0.2105944346861422,75.2,84.0,82.9
2026-07-26 05:00:00,Karachi,24.8607,67.0011,30.4,68.0,10.4,1002.3,unknown,4.0,22.57,106.85,0.12,0.46,67.93,38.59,0.0,76.7,,5.0,26.0,7.0,6.0,1.0,-0.5999999999999943,77.3,77.6,77.0,77.23333333333335,76.7,1.0172426498582825,0.2112306972391202,75.2,84.3,82.7
2026-07-26 06:00:00,Karachi,24.8607,67.0011,31.2,65.0,11.0,1002.6,unknown,4.0,22.28,104.92,0.11,0.47,67.91,38.36,0.0,75.7,,6.0,26.0,7.0,6.0,1.0,-1.0,76.7,77.7,77.3,76.56666666666668,76.63333333333334,1.0285771796456602,0.2123522683949676,75.0,84.2,82.3
2026-07-26 07:00:00,Karachi,24.8607,67.0011,32.5,60.0,10.3,1002.2,unknown,4.0,22.01,103.18,0.1,0.47,67.51,38.23,0.0,75.1,,7.0,26.0,7.0,6.0,1.0,-0.6000000000000085,75.7,77.3,77.8,75.83333333333333,76.52083333333333,1.0429803310751322,0.2133165342120566,74.5,83.6,81.9
2026-07-26 08:00:00,Karachi,24.8607,67.0011,32.5,61.0,12.5,1001.6,unknown,4.0,21.8,102.01,0.1,0.46,67.44,38.21,0.0,74.7,,8.0,26.0,7.0,6.0,1.0,-0.3999999999999915,75.1,76.7,78.0,75.16666666666667,76.38333333333334,1.0569302007561807,0.2137045387707087,73.5,82.7,82.0
2026-07-26 09:00:00,Karachi,24.8607,67.0011,32.0,63.0,15.6,1001.2,unknown,4.0,21.55,100.97,0.09,0.45,67.45,38.49,0.0,74.2,,9.0,26.0,7.0,6.0,1.0,-0.5,74.7,75.7,77.4,74.66666666666667,76.25,1.122884484358282,0.2134297316034465,72.2,82.0,82.2
2026-07-26 10:00:00,Karachi,24.8607,67.0011,31.8,64.0,14.8,1000.3,unknown,3.0,21.21,99.88,0.08,0.42,67.95,39.23,0.0,73.6,,10.0,26.0,7.0,6.0,1.0,-0.6000000000000085,74.2,75.1,76.5,74.16666666666669,76.12916666666666,1.2442840325337277,0.2123548257909491,70.8,81.2,82.6
2026-07-26 11:00:00,Karachi,24.8607,67.0011,31.2,66.0,13.6,999.8,unknown,3.0,20.72,98.17,0.08,0.39,68.36,40.14,0.0,72.6,,11.0,26.0,7.0,6.0,1.0,-1.0,73.6,74.7,75.9,73.46666666666668,75.99166666666667,1.4379685751725069,0.2110624427014362,69.5,80.6,82.7
2026-07-26 12:00:00,Karachi,24.8607,67.0011,31.1,67.0,13.3,999.8,unknown,3.0,20.19,95.84,0.08,0.37,68.74,41.24,0.0,71.7,,12.0,26.0,7.0,6.0,1.0,-0.8999999999999915,72.6,74.2,75.6,72.63333333333334,75.82916666666667,1.683546765058878,0.2106636060100167,68.5,80.2,82.6
2026-07-26 13:00:00,Karachi,24.8607,67.0011,30.2,70.0,11.8,1000.1,unknown,3.0,19.67,93.06,0.09,0.37,68.83,42.31,0.0,70.7,,13.0,26.0,7.0,6.0,1.0,-1.0,71.7,73.6,75.4,71.66666666666667,75.63333333333334,1.982459312957411,0.2113690092413497,68.1,80.3,82.2
2026-07-26 14:00:00,Karachi,24.8607,67.0011,29.4,74.0,11.3,1000.7,unknown,3.0,19.13,89.45,0.11,0.37,68.54,43.16,0.0,69.7,,14.0,26.0,7.0,6.0,1.0,-1.0,70.7,72.6,75.1,70.70000000000002,75.40833333333333,2.322838718064672,0.2138624930128563,68.4,80.3,81.5
2026-07-26 15:00:00,Karachi,24.8607,67.0011,28.9,77.0,11.8,1001.1,unknown,3.0,18.7,85.81,0.11,0.37,67.92,43.89,0.0,68.9,,15.0,26.0,7.0,6.0,1.0,-0.7999999999999972,69.7,71.7,75.2,69.76666666666668,75.14583333333333,2.6764641123921336,0.2179233189604941,69.3,80.5,81.5
2026-07-26 16:00:00,Karachi,24.8607,67.0011,28.7,79.0,11.2,1001.5,unknown,3.0,18.48,83.06,0.11,0.38,67.33,44.38,0.0,68.5,,16.0,26.0,7.0,6.0,1.0,-0.4000000000000057,68.9,70.7,75.2,69.03333333333335,74.86666666666667,3.0003864485387988,0.2224897664339032,70.5,80.8,81.6
2026-07-26 17:00:00,Karachi,24.8607,67.0011,28.4,81.0,11.0,1001.6,unknown,3.0,18.77,82.48,0.11,0.4,66.46,44.48,0.0,69.0,,17.0,26.0,7.0,6.0,1.0,0.5,68.5,69.7,75.3,68.80000000000001,74.60416666666667,3.227797629379437,0.2275703200775945,72.1,80.8,82.1
2026-07-26 18:00:00,Karachi,24.8607,67.0011,28.7,79.0,9.1,1001.3,unknown,3.0,19.54,84.35,0.11,0.43,65.33,43.9,0.0,70.5,,18.0,26.0,7.0,6.0,1.0,1.5,69.0,68.9,75.8,69.33333333333334,74.38333333333334,3.322344204697708,0.2316538233550681,73.7,80.8,82.7
2026-07-26 19:00:00,Karachi,24.8607,67.0011,28.5,80.0,9.5,1001.6,unknown,3.0,20.37,87.06,0.11,0.47,64.27,43.08,0.0,72.0,,19.0,26.0,7.0,6.0,1.0,1.5,70.5,68.5,76.5,70.50000000000001,74.19583333333334,3.324674441945148,0.2339765678842177,75.1,80.8,83.3
2026-07-26 20:00:00,Karachi,24.8607,67.0011,28.4,81.0,11.4,1001.4,unknown,3.0,20.81,88.95,0.11,0.48,63.85,42.55,0.0,72.8,,20.0,26.0,7.0,6.0,1.0,0.7999999999999972,72.0,69.0,76.6,71.76666666666667,74.03750000000001,3.2955586054165265,0.2339516582349634,76.8,81.1,83.7
2026-07-26 21:00:00,Karachi,24.8607,67.0011,28.3,81.0,11.7,1000.8,unknown,3.0,20.95,90.7,0.11,0.48,63.86,42.37,0.0,73.1,,21.0,26.0,7.0,6.0,1.0,0.2999999999999971,72.8,70.5,77.0,72.63333333333334,73.875,3.238793387774449,0.2309812568908489,79.3,81.8,84.1
2026-07-26 22:00:00,Karachi,24.8607,67.0011,28.2,81.0,11.5,1000.6,unknown,3.0,21.05,92.45,0.11,0.47,64.56,42.67,0.0,73.3,,22.0,26.0,7.0,6.0,1.0,0.2000000000000028,73.1,72.0,77.5,73.06666666666668,73.7,3.1465647244595623,0.2276906435911303,81.3,82.7,84.8
2026-07-26 23:00:00,Karachi,24.8607,67.0011,28.1,82.0,11.6,1000.5,unknown,3.0,21.32,95.25,0.1,0.45,65.62,43.25,0.0,73.8,,23.0,26.0,7.0,6.0,1.0,0.5,73.3,72.8,77.9,73.40000000000002,73.52916666666667,3.01726613468752,0.2238320209973753,82.7,83.4,85.7
2026-07-27 00:00:00,Karachi,24.8607,67.0011,28.5,81.0,11.9,1000.2,unknown,3.0,21.76,99.0,0.1,0.45,66.17,43.63,0.0,74.6,,0.0,27.0,7.0,0.0,0.0,0.7999999999999972,73.8,73.1,77.9,73.89999999999999,73.39166666666667,2.881563082269312,0.2197979797979798,83.4,83.8,86.5
2026-07-27 01:00:00,Karachi,24.8607,67.0011,28.3,81.0,10.2,1000.3,unknown,4.0,22.12,101.98,0.1,0.44,66.47,43.98,0.0,75.3,,1.0,27.0,7.0,0.0,0.0,0.7000000000000028,74.6,73.3,77.6,74.56666666666668,73.29583333333333,2.77167021795477,0.2169052755442243,83.8,83.7,87.5
2026-07-27 02:00:00,Karachi,24.8607,67.0011,28.8,79.0,11.6,1000.9,unknown,4.0,22.26,102.73,0.1,0.43,66.34,44.25,0.0,75.5,,2.0,27.0,7.0,0.0,0.0,0.2000000000000028,75.3,73.8,77.6,75.13333333333334,73.20833333333333,2.6608133223185546,0.2166845128005451,84.0,83.5,88.3
2026-07-27 03:00:00,Karachi,24.8607,67.0011,29.7,74.0,13.0,1001.2,unknown,4.0,22.19,100.89,0.11,0.42,66.06,44.48,0.0,75.4,,3.0,27.0,7.0,0.0,0.0,-0.0999999999999943,75.5,74.6,77.7,75.4,73.1125,2.530219529914601,0.2199425116463475,83.9,83.2,89.0
2026-07-27 04:00:00,Karachi,24.8607,67.0011,30.7,68.0,13.0,1001.2,unknown,3.0,22.09,98.0,0.1,0.41,65.58,44.63,0.0,75.2,,4.0,27.0,7.0,0.0,0.0,-0.2000000000000028,75.4,75.3,77.3,75.36666666666667,73.025,2.412692884831762,0.2254081632653061,84.0,82.9,89.4
2026-07-27 05:00:00,Karachi,24.8607,67.0011,31.9,62.0,13.9,1000.9,unknown,3.0,22.11,96.13,0.1,0.41,64.98,44.75,0.0,75.2,,5.0,27.0,7.0,0.0,0.0,0.0,75.2,75.5,76.7,75.26666666666668,72.96249999999999,2.331413547706813,0.2300010402579839,84.3,82.7,89.5
2026-07-27 06:00:00,Karachi,24.8607,67.0011,31.5,65.0,15.0,1000.8,unknown,3.0,22.0,95.03,0.08,0.4,64.48,44.87,0.0,75.0,,6.0,27.0,7.0,0.0,0.0,-0.2000000000000028,75.2,75.4,75.7,75.13333333333334,72.93333333333332,2.299842464673381,0.2315058402609702,84.2,82.3,89.2
2026-07-27 07:00:00,Karachi,24.8607,67.0011,32.2,62.0,15.7,1000.6,unknown,3.0,21.72,94.92,0.07,0.41,63.97,45.17,0.0,74.5,,7.0,27.0,7.0,0.0,0.0,-0.5,75.0,75.2,75.1,74.90000000000002,72.90833333333333,2.2784275024793024,0.2288242730720606,83.6,81.9,88.7
2026-07-27 08:00:00,Karachi,24.8607,67.0011,32.1,62.0,16.9,1000.2,unknown,3.0,21.19,94.8,0.07,0.41,63.52,45.41,0.0,73.5,,8.0,27.0,7.0,0.0,0.0,-1.0,74.5,75.2,74.7,74.33333333333334,72.85833333333333,2.250394490376066,0.2235232067510548,82.7,82.0,88.0
2026-07-27 09:00:00,Karachi,24.8607,67.0011,31.7,64.0,17.2,999.7,unknown,3.0,20.49,94.19,0.06,0.42,63.17,45.6,0.0,72.2,,9.0,27.0,7.0,0.0,0.0,-1.2999999999999972,73.5,75.0,74.2,73.40000000000002,72.77499999999999,2.2355332016430234,0.2175390168807729,82.0,82.2,87.4
2026-07-27 10:00:00,Karachi,24.8607,67.0011,31.6,64.0,17.2,998.8,unknown,3.0,19.75,92.35,0.06,0.42,63.1,45.86,0.0,70.8,,10.0,27.0,7.0,0.0,0.0,-1.4000000000000057,72.2,74.5,73.6,72.16666666666667,72.65833333333333,2.2634941566298803,0.2138603140227395,81.2,82.6,86.8
2026-07-27 11:00:00,Karachi,24.8607,67.0011,31.4,65.0,17.3,998.0,unknown,3.0,19.02,89.68,0.05,0.42,63.15,45.88,0.0,69.5,,11.0,27.0,7.0,0.0,0.0,-1.2999999999999972,70.8,73.5,72.6,70.83333333333334,72.52916666666665,2.3536242481427387,0.2120874219446922,80.6,82.7,86.1
2026-07-27 12:00:00,Karachi,24.8607,67.0011,31.3,64.0,16.7,998.0,unknown,3.0,18.47,87.77,0.05,0.43,63.27,45.71,0.0,68.5,,12.0,27.0,7.0,0.0,0.0,-1.0,69.5,72.2,71.7,69.60000000000001,72.39583333333333,2.489365060772192,0.2104363677794234,80.2,82.6,85.5
2026-07-27 13:00:00,Karachi,24.8607,67.0011,30.4,68.0,16.9,998.0,unknown,3.0,18.29,86.37,0.06,0.43,63.64,45.63,0.0,68.1,,13.0,27.0,7.0,0.0,0.0,-0.4000000000000057,68.5,70.8,70.7,68.7,72.28750000000001,2.6195440193975528,0.2117633437536181,80.3,82.2,85.3
2026-07-27 14:00:00,Karachi,24.8607,67.0011,29.5,73.0,16.9,998.2,unknown,3.0,18.45,86.45,0.08,0.44,63.88,45.29,0.0,68.4,,14.0,27.0,7.0,0.0,0.0,0.3000000000000113,68.1,69.5,69.7,68.33333333333334,72.23333333333333,2.687922531664217,0.2134181607865818,80.3,81.5,85.0
2026-07-27 15:00:00,Karachi,24.8607,67.0011,29.1,77.0,16.8,998.9,unknown,3.0,18.9,88.0,0.09,0.45,64.01,44.64,0.0,69.3,,15.0,27.0,7.0,0.0,0.0,0.8999999999999915,68.4,68.5,68.9,68.60000000000001,72.25,2.6675179800536166,0.2147727272727272,80.5,81.5,85.0
2026-07-27 16:00:00,Karachi,24.8607,67.0011,28.6,80.0,15.8,999.5,unknown,3.0,19.59,90.98,0.09,0.47,64.26,43.72,0.0,70.5,,16.0,27.0,7.0,0.0,0.0,1.2000000000000028,69.3,68.1,68.5,69.40000000000002,72.33333333333333,2.574906780357784,0.2153220488019344,80.8,81.6,85.3
2026-07-27 17:00:00,Karachi,24.8607,67.0011,28.4,82.0,15.6,999.6,unknown,3.0,20.43,94.18,0.1,0.5,64.43,42.74,0.0,72.1,,17.0,27.0,7.0,0.0,0.0,1.5999999999999943,70.5,68.4,69.0,70.63333333333334,72.46249999999999,2.4762897386132825,0.2169250371628795,80.8,82.1,85.8
2026-07-27 18:00:00,Karachi,24.8607,67.0011,28.7,79.0,15.0,999.2,unknown,3.0,21.28,96.91,0.1,0.53,64.98,41.93,0.0,73.7,,18.0,27.0,7.0,0.0,0.0,1.6000000000000083,72.1,69.3,70.5,72.10000000000001,72.59583333333333,2.452058437253551,0.2195851821277474,80.8,82.7,86.8
2026-07-27 19:00:00,Karachi,24.8607,67.0011,28.4,79.0,14.0,999.1,unknown,4.0,22.04,100.21,0.11,0.53,65.86,41.68,0.0,75.1,,19.0,27.0,7.0,0.0,0.0,1.3999999999999917,73.7,70.5,72.0,73.63333333333334,72.725,2.500478215130852,0.2199381299271529,80.8,83.3,88.0
2026-07-27 20:00:00,Karachi,24.8607,67.0011,28.3,79.0,13.4,998.6,unknown,4.0,22.97,105.48,0.11,0.52,66.95,41.77,0.0,76.8,,20.0,27.0,7.0,0.0,0.0,1.7000000000000028,75.1,72.1,72.8,75.2,72.89166666666667,2.635364287443451,0.2177664012135001,81.1,83.7,89.1
2026-07-27 21:00:00,Karachi,24.8607,67.0011,28.0,81.0,14.4,998.0,unknown,4.0,24.16,112.13,0.11,0.53,67.4,41.62,0.0,79.3,,21.0,27.0,7.0,0.0,0.0,2.5,76.8,73.7,73.1,77.06666666666668,73.14999999999999,2.942640045057945,0.2154641933470079,81.8,84.1,89.7
2026-07-27 22:00:00,Karachi,24.8607,67.0011,27.9,80.0,14.9,997.5,unknown,4.0,25.35,116.1,0.11,0.55,67.29,40.86,0.0,81.3,,22.0,27.0,7.0,0.0,0.0,2.0,79.3,75.1,73.3,79.13333333333334,73.48333333333333,3.3808497345389585,0.2183462532299742,82.7,84.8,90.3
2026-07-27 23:00:00,Karachi,24.8607,67.0011,27.9,80.0,15.1,997.3,unknown,4.0,26.12,117.19,0.12,0.58,67.14,39.71,0.0,82.7,,23.0,27.0,7.0,0.0,0.0,1.4000000000000057,81.3,76.8,73.8,81.10000000000001,73.85416666666667,3.869836438141388,0.2228859117672156,83.4,85.7,90.8
2026-07-28 00:00:00,Karachi,24.8607,67.0011,27.9,86.0,15.6,997.3,unknown,4.0,26.48,117.02,0.13,0.6,67.56,38.86,0.0,83.4,,0.0,28.0,7.0,1.0,0.0,0.7000000000000028,82.7,79.3,74.6,82.46666666666668,74.22083333333333,4.332784943003121,0.2262861049393266,83.8,86.5,91.3
2026-07-28 01:00:00,Karachi,24.8607,67.0011,27.7,87.0,14.5,997.4,unknown,4.0,26.69,119.3,0.13,0.61,68.74,38.82,0.0,83.8,,1.0,28.0,7.0,1.0,0.0,0.3999999999999915,83.4,81.3,75.3,83.30000000000001,74.575,4.751956118959576,0.2237217099748533,83.7,87.5,91.7
2026-07-28 02:00:00,Karachi,24.8607,67.0011,28.1,84.0,14.6,997.9,unknown,4.0,26.82,121.26,0.13,0.61,70.46,39.24,0.0,84.0,,2.0,28.0,7.0,1.0,0.0,0.2000000000000028,83.8,82.7,75.5,83.73333333333335,74.92916666666666,5.125933990538489,0.2211776348342404,83.5,88.3,91.9
2026-07-28 03:00:00,Karachi,24.8607,67.0011,29.0,78.0,15.3,998.2,unknown,4.0,26.74,121.17,0.13,0.61,72.12,39.68,0.0,83.9,,3.0,28.0,7.0,1.0,0.0,-0.0999999999999943,84.0,83.4,75.4,83.90000000000002,75.28333333333333,5.443677358955178,0.2206816868861929,83.2,89.0,91.6
2026-07-28 04:00:00,Karachi,24.8607,67.0011,30.1,71.0,15.8,998.5,unknown,4.0,26.66,121.62,0.11,0.6,73.44,40.2,0.0,84.0,,4.0,28.0,7.0,1.0,0.0,0.0999999999999943,83.9,83.8,75.2,83.96666666666668,75.64999999999999,5.726824751913206,0.2192073672093405,82.9,89.4,90.9
2026-07-28 05:00:00,Karachi,24.8607,67.0011,30.9,66.0,16.7,998.3,unknown,4.0,26.61,122.29,0.1,0.6,74.16,40.75,0.0,84.3,,5.0,28.0,7.0,1.0,0.0,0.2999999999999971,84.0,84.0,75.2,84.06666666666668,76.02916666666667,5.990897382635642,0.217597514105814,82.7,89.5,90.3
2026-07-28 06:00:00,Karachi,24.8607,67.0011,31.1,65.0,16.9,998.5,unknown,4.0,26.52,122.01,0.08,0.59,74.62,41.14,0.0,84.2,,6.0,28.0,7.0,1.0,0.0,-0.0999999999999943,84.3,83.9,75.0,84.16666666666667,76.41250000000001,6.212421812997231,0.2173592328497664,82.3,89.2,89.7
2026-07-28 07:00:00,Karachi,24.8607,67.0011,31.4,64.0,17.3,998.4,unknown,4.0,26.39,120.77,0.07,0.59,74.68,41.46,0.0,83.6,,7.0,28.0,7.0,1.0,0.0,-0.6000000000000085,84.2,84.0,74.5,84.03333333333335,76.79166666666667,6.366414366348845,0.2185145317545748,81.9,88.7,89.2
2026-07-28 08:00:00,Karachi,24.8607,67.0011,31.3,65.0,16.6,998.0,unknown,4.0,26.12,118.42,0.07,0.59,74.43,41.35,0.0,82.7,,8.0,28.0,7.0,1.0,0.0,-0.8999999999999915,83.6,84.3,73.5,83.50000000000001,77.175,6.436191825713882,0.2205708495186624,82.0,88.0,88.6
2026-07-28 09:00:00,Karachi,24.8607,67.0011,31.7,63.0,17.6,997.5,unknown,4.0,25.72,115.61,0.06,0.59,73.86,40.99,0.0,82.0,,9.0,28.0,7.0,1.0,0.0,-0.7000000000000028,82.7,84.2,72.2,82.76666666666667,77.58333333333333,6.417683902052317,0.222472104489231,82.2,87.4,88.1
2026-07-28 10:00:00,Karachi,24.8607,67.0011,31.8,62.0,17.8,996.8,unknown,4.0,25.3,113.15,0.06,0.6,73.57,40.67,0.0,81.2,,10.0,28.0,7.0,1.0,0.0,-0.7999999999999972,82.0,83.6,70.8,81.96666666666668,78.01666666666667,6.289581908179971,0.2235969951391957,82.6,86.8,87.7
2026-07-28 11:00:00,Karachi,24.8607,67.0011,31.1,68.0,17.6,996.3,unknown,4.0,24.97,110.81,0.06,0.61,73.4,40.38,0.0,80.6,,11.0,28.0,7.0,1.0,0.0,-0.6000000000000085,81.2,82.7,69.5,81.26666666666667,78.47916666666667,6.039218144519703,0.2253406732244382,82.7,86.1,87.1
2026-07-28 12:00:00,Karachi,24.8607,67.0011,30.7,71.0,18.4,996.1,unknown,4.0,24.79,108.78,0.07,0.63,73.46,40.25,0.0,80.2,,12.0,28.0,7.0,1.0,0.0,-0.3999999999999915,80.6,82.0,68.5,80.66666666666667,78.96666666666667,5.658903463197753,0.227891156462585,82.6,85.5,86.1
2026-07-28 13:00:00,Karachi,24.8607,67.0011,29.7,76.0,19.0,996.2,unknown,4.0,24.82,107.7,0.08,0.65,74.15,40.47,0.0,80.3,,13.0,28.0,7.0,1.0,0.0,0.0999999999999943,80.2,81.2,68.1,80.36666666666667,79.475,5.166888728280207,0.2304549675023212,82.2,85.3,85.5
2026-07-28 14:00:00,Karachi,24.8607,67.0011,28.9,81.0,16.9,996.7,unknown,4.0,24.85,107.12,0.11,0.65,75.13,41.04,0.0,80.3,,14.0,28.0,7.0,1.0,0.0,0.0,80.3,80.6,68.4,80.26666666666668,79.97083333333335,4.597492621613574,0.2319828230022405,81.5,85.0,85.5
2026-07-28 15:00:00,Karachi,24.8607,67.0011,28.6,82.0,15.9,996.9,unknown,4.0,24.95,106.72,0.12,0.65,76.54,41.92,0.0,80.5,,15.0,28.0,7.0,1.0,0.0,0.2000000000000028,80.3,80.2,69.3,80.36666666666667,80.4375,3.996391034964153,0.2337893553223388,81.5,85.0,86.6
2026-07-28 16:00:00,Karachi,24.8607,67.0011,28.8,79.0,14.0,997.9,unknown,4.0,25.07,106.24,0.12,0.65,77.5,42.59,0.0,80.8,,16.0,28.0,7.0,1.0,0.0,0.2999999999999971,80.5,80.3,70.5,80.53333333333335,80.86666666666666,3.3898398919045625,0.2359751506024096,81.6,85.3,88.5
2026-07-28 17:00:00,Karachi,24.8607,67.0011,28.6,82.0,12.2,998.6,unknown,4.0,25.11,105.53,0.12,0.65,78.01,42.96,0.0,80.8,,17.0,28.0,7.0,1.0,0.0,0.0,80.8,80.3,72.1,80.7,81.22916666666667,2.830651970784108,0.2379418174926561,82.1,85.8,90.5
2026-07-28 18:00:00,Karachi,24.8607,67.0011,28.9,82.0,10.4,998.5,unknown,4.0,25.11,104.7,0.13,0.65,78.11,43.01,0.0,80.8,,18.0,28.0,7.0,1.0,0.0,0.0,80.8,80.5,73.7,80.8,81.52499999999999,2.337640951340695,0.2398280802292263,82.7,86.8,92.4
2026-07-28 19:00:00,Karachi,24.8607,67.0011,28.6,85.0,11.4,998.4,unknown,4.0,25.08,104.42,0.13,0.65,77.75,42.73,0.0,80.8,,19.0,28.0,7.0,1.0,0.0,0.0,80.8,80.8,75.1,80.8,81.7625,1.9062397540691611,0.2401838728212985,83.3,88.0,93.9
2026-07-28 20:00:00,Karachi,24.8607,67.0011,28.3,87.0,12.0,998.2,unknown,4.0,25.27,105.54,0.13,0.65,77.39,42.47,0.0,81.1,,20.0,28.0,7.0,1.0,0.0,0.2999999999999971,80.8,80.8,76.8,80.9,81.94166666666668,1.59644078762709,0.2394352851999241,83.7,89.1,95.1
2026-07-28 21:00:00,Karachi,24.8607,67.0011,28.2,86.0,12.4,997.8,unknown,4.0,25.63,108.02,0.13,0.66,77.15,42.3,0.0,81.8,,21.0,28.0,7.0,1.0,0.0,0.7000000000000028,81.1,80.8,79.3,81.23333333333335,82.04583333333333,1.494912871289561,0.2372708757637474,84.1,89.7,95.6
2026-07-28 22:00:00,Karachi,24.8607,67.0011,27.7,91.0,12.9,997.4,unknown,4.0,26.09,111.23,0.13,0.66,77.25,42.31,0.0,82.7,,22.0,28.0,7.0,1.0,0.0,0.9000000000000057,81.8,80.8,81.3,81.86666666666667,82.10416666666667,1.4918559105907565,0.2345590218466241,84.8,90.3,95.3
2026-07-28 23:00:00,Karachi,24.8607,67.0011,27.7,92.0,12.8,997.3,unknown,4.0,26.48,113.56,0.13,0.66,77.26,42.35,0.0,83.4,,23.0,28.0,7.0,1.0,0.0,0.7000000000000028,82.7,81.1,82.7,82.63333333333334,82.13333333333334,1.510734536764571,0.233180697428672,85.7,90.8,94.3
2026-07-29 00:00:00,Karachi,24.8607,67.0011,28.0,91.0,11.9,997.2,unknown,4.0,26.68,114.51,0.13,0.67,77.37,42.34,0.0,83.8,,0.0,29.0,7.0,2.0,0.0,0.3999999999999915,83.4,81.8,83.4,83.30000000000001,82.14999999999999,1.5274303513595693,0.2329927517247401,86.5,91.3,93.0
2026-07-29 01:00:00,Karachi,24.8607,67.0011,28.0,91.0,12.4,997.6,unknown,4.0,26.66,115.0,0.13,0.67,77.5,42.56,0.0,83.7,,1.0,29.0,7.0,2.0,0.0,-0.0999999999999943,83.8,82.7,83.8,83.63333333333334,82.14583333333333,1.5228631976753948,0.2318260869565217,87.5,91.7,91.7
2026-07-29 02:00:00,Karachi,24.8607,67.0011,28.4,87.0,15.1,997.9,unknown,4.0,26.54,116.29,0.13,0.66,77.74,43.15,0.0,83.5,,2.0,29.0,7.0,2.0,0.0,-0.2000000000000028,83.7,83.4,84.0,83.66666666666667,82.125,1.4996376373883846,0.2282225470805744,88.3,91.9,90.3
2026-07-29 03:00:00,Karachi,24.8607,67.0011,29.3,81.0,16.5,998.2,unknown,4.0,26.36,118.27,0.12,0.65,78.25,44.01,0.0,83.2,,3.0,29.0,7.0,2.0,0.0,-0.2999999999999971,83.5,83.8,83.9,83.46666666666668,82.09583333333333,1.470131365517252,0.2228798511879597,89.0,91.6,88.7
2026-07-29 04:00:00,Karachi,24.8607,67.0011,30.4,75.0,16.6,998.5,unknown,4.0,26.07,119.44,0.11,0.64,78.53,44.65,0.0,82.9,,4.0,29.0,7.0,2.0,0.0,-0.2999999999999971,83.2,83.7,84.0,83.2,82.05,1.4246280979206043,0.2182685867381112,89.4,90.9,87.1
2026-07-29 05:00:00,Karachi,24.8607,67.0011,31.8,66.0,15.9,998.6,unknown,4.0,25.7,119.07,0.09,0.63,78.73,45.1,0.0,82.7,,5.0,29.0,7.0,2.0,0.0,-0.2000000000000028,82.9,83.5,84.3,82.93333333333335,81.98333333333333,1.3502549410354687,0.2158394221886285,89.5,90.3,85.6
2026-07-29 06:00:00,Karachi,24.8607,67.0011,32.2,64.0,16.1,998.8,unknown,4.0,25.34,118.18,0.07,0.62,78.99,45.24,0.0,82.3,,6.0,29.0,7.0,2.0,0.0,-0.4000000000000057,82.7,83.2,84.2,82.63333333333334,81.90416666666667,1.2678222227108245,0.2144186833643594,89.2,89.7,84.2
2026-07-29 07:00:00,Karachi,24.8607,67.0011,32.8,61.0,14.9,998.7,unknown,4.0,25.12,117.52,0.06,0.62,79.32,45.1,0.0,81.9,,7.0,29.0,7.0,2.0,0.0,-0.3999999999999915,82.3,82.9,83.6,82.30000000000001,81.83333333333333,1.215360625192787,0.2137508509189925,88.7,89.2,83.1
2026-07-29 08:00:00,Karachi,24.8607,67.0011,33.2,59.0,14.9,998.3,unknown,4.0,25.07,117.69,0.06,0.62,79.56,44.61,0.0,82.0,,8.0,29.0,7.0,2.0,0.0,0.0999999999999943,81.9,82.7,82.7,82.06666666666668,81.80416666666666,1.2019835659222935,0.2130172487042229,88.0,88.6,82.2
2026-07-29 09:00:00,Karachi,24.8607,67.0011,32.5,64.0,16.3,997.8,unknown,4.0,25.12,118.05,0.06,0.63,79.65,43.93,0.0,82.2,,9.0,29.0,7.0,2.0,0.0,0.2000000000000028,82.0,82.3,82.0,82.03333333333335,81.8125,1.2040917558539244,0.2127911901736552,87.4,88.1,81.8
2026-07-29 10:00:00,Karachi,24.8607,67.0011,31.6,68.0,18.1,997.3,unknown,4.0,25.25,118.75,0.06,0.65,80.13,43.52,0.0,82.6,,10.0,29.0,7.0,2.0,0.0,0.3999999999999915,82.2,81.9,81.2,82.26666666666668,81.87083333333334,1.207037035799122,0.2126315789473684,86.8,87.7,81.6
2026-07-29 11:00:00,Karachi,24.8607,67.0011,31.0,71.0,17.1,996.9,unknown,4.0,25.35,119.1,0.06,0.65,80.61,43.56,0.0,82.7,,11.0,29.0,7.0,2.0,0.0,0.1000000000000085,82.6,82.0,80.6,82.5,81.95833333333333,1.1868543248433652,0.2128463476070529,86.1,87.1,81.5
2026-07-29 12:00:00,Karachi,24.8607,67.0011,31.0,72.0,14.9,997.1,unknown,4.0,25.46,118.87,0.07,0.66,81.35,43.82,0.0,82.6,,12.0,29.0,7.0,2.0,0.0,-0.1000000000000085,82.7,82.2,80.2,82.63333333333334,82.05833333333334,1.132107179846609,0.2141835618743164,85.5,86.1,81.7
2026-07-29 13:00:00,Karachi,24.8607,67.0011,29.9,77.0,14.3,997.2,unknown,4.0,25.54,118.05,0.09,0.66,82.41,44.19,0.0,82.2,,13.0,29.0,7.0,2.0,0.0,-0.3999999999999915,82.6,82.6,80.3,82.50000000000001,82.1375,1.0684456406154106,0.2163490046590427,85.3,85.5,82.4
2026-07-29 14:00:00,Karachi,24.8607,67.0011,28.9,83.0,14.1,997.3,unknown,4.0,25.48,116.32,0.11,0.65,83.41,44.23,0.0,81.5,,14.0,29.0,7.0,2.0,0.0,-0.7000000000000028,82.2,82.7,80.3,82.10000000000001,82.1875,1.0049064416726954,0.219050894085282,85.0,85.5,83.2
2026-07-29 15:00:00,Karachi,24.8607,67.0011,28.4,85.0,11.6,997.9,unknown,4.0,25.47,114.59,0.12,0.65,84.7,44.07,0.0,81.5,,15.0,29.0,7.0,2.0,0.0,0.0,81.5,82.6,80.5,81.73333333333335,82.22916666666667,0.95119109160418,0.2222707042499345,85.0,86.6,84.1
2026-07-29 16:00:00,Karachi,24.8607,67.0011,28.6,84.0,10.7,998.9,unknown,4.0,25.54,113.7,0.12,0.64,85.95,43.88,0.0,81.6,,16.0,29.0,7.0,2.0,0.0,0.0999999999999943,81.5,82.2,80.8,81.53333333333335,82.2625,0.9121462983308856,0.2246262093227792,85.3,88.5,84.7
2026-07-29 17:00:00,Karachi,24.8607,67.0011,28.6,83.0,8.6,999.2,unknown,4.0,25.79,113.23,0.12,0.65,87.43,43.74,0.0,82.1,,17.0,29.0,7.0,2.0,0.0,0.5,81.6,81.5,80.8,81.73333333333333,82.31666666666666,0.8585461253007136,0.2277664929788925,85.8,90.5,85.8
2026-07-29 18:00:00,Karachi,24.8607,67.0011,28.8,84.0,8.9,998.6,unknown,4.0,26.14,112.98,0.13,0.65,88.91,43.65,0.0,82.7,,18.0,29.0,7.0,2.0,0.0,0.6000000000000085,82.1,81.5,80.8,82.13333333333334,82.39583333333333,0.7980842097113477,0.2313683837847406,86.8,92.4,86.6
2026-07-29 19:00:00,Karachi,24.8607,67.0011,28.4,87.0,9.7,998.1,unknown,4.0,26.46,113.16,0.13,0.65,90.38,43.67,0.0,83.3,,19.0,29.0,7.0,2.0,0.0,0.5999999999999943,82.7,81.6,80.8,82.7,82.5,0.7419129211721232,0.2338282078472958,88.0,93.9,86.3
2026-07-29 20:00:00,Karachi,24.8607,67.0011,28.4,87.0,9.0,998.0,unknown,4.0,26.65,113.34,0.13,0.65,91.69,43.76,0.0,83.7,,20.0,29.0,7.0,2.0,0.0,0.4000000000000057,83.3,82.1,81.1,83.23333333333335,82.60833333333333,0.7180387943129222,0.2351332274572083,89.1,95.1,85.6
2026-07-29 21:00:00,Karachi,24.8607,67.0011,28.1,89.0,8.9,997.8,unknown,4.0,26.86,114.25,0.13,0.63,92.83,43.88,0.0,84.1,,21.0,29.0,7.0,2.0,0.0,0.3999999999999915,83.7,82.7,81.8,83.7,82.70416666666667,0.7578454394784786,0.2350984682713348,89.7,95.6,85.2
2026-07-29 22:00:00,Karachi,24.8607,67.0011,28.0,90.0,9.7,997.1,unknown,4.0,27.22,116.46,0.13,0.62,93.79,43.98,0.0,84.8,,22.0,29.0,7.0,2.0,0.0,0.7000000000000028,84.1,83.3,82.7,84.2,82.79166666666667,0.8702406796818271,0.2337283187360467,90.3,95.3,85.2
2026-07-29 23:00:00,Karachi,24.8607,67.0011,27.8,90.0,10.5,996.7,unknown,4.0,27.71,118.52,0.13,0.62,94.6,43.74,0.0,85.7,,23.0,29.0,7.0,2.0,0.0,0.9000000000000057,84.8,83.7,83.4,84.86666666666667,82.8875,1.0485238070289098,0.2338002024974688,90.8,94.3,84.8
2026-07-30 00:00:00,Karachi,24.8607,67.0011,28.0,91.0,8.9,996.9,unknown,4.0,28.18,119.95,0.14,0.64,94.95,43.25,0.0,86.5,,0.0,30.0,7.0,3.0,0.0,0.7999999999999972,85.7,84.1,83.8,85.66666666666667,83.0,1.2717670008068125,0.2349312213422259,91.3,93.0,83.4
2026-07-30 01:00:00,Karachi,24.8607,67.0011,27.9,91.0,9.0,996.8,unknown,4.0,28.68,121.83,0.14,0.65,95.42,42.81,0.0,87.5,,1.0,30.0,7.0,3.0,0.0,1.0,86.5,84.8,83.7,86.56666666666668,83.15833333333333,1.5653633184771742,0.2354099975375523,91.7,91.7,82.1
2026-07-30 02:00:00,Karachi,24.8607,67.0011,28.4,88.0,8.7,997.1,unknown,4.0,29.11,124.67,0.15,0.65,95.63,42.51,0.0,88.3,,2.0,30.0,7.0,3.0,0.0,0.7999999999999972,87.5,85.7,83.5,87.43333333333335,83.35833333333333,1.8849326286331816,0.2334964305767225,91.9,90.3,80.8
2026-07-30 03:00:00,Karachi,24.8607,67.0011,29.4,81.0,9.2,997.3,unknown,4.0,29.5,127.89,0.15,0.64,95.73,42.51,0.0,89.0,,3.0,30.0,7.0,3.0,0.0,0.7000000000000028,88.3,86.5,83.2,88.2666666666667,83.60000000000001,2.207890986595316,0.2306669794354523,91.6,88.7,79.8
2026-07-30 04:00:00,Karachi,24.8607,67.0011,30.9,73.0,9.1,997.6,unknown,4.0,29.69,129.46,0.13,0.63,95.26,42.72,0.0,89.4,,4.0,30.0,7.0,3.0,0.0,0.4000000000000057,89.0,87.5,82.9,88.90000000000002,83.87083333333332,2.497908545452054,0.2293372470261084,90.9,87.1,79.3
2026-07-30 05:00:00,Karachi,24.8607,67.0011,32.1,67.0,8.5,997.5,unknown,4.0,29.74,129.43,0.1,0.62,94.59,43.02,0.0,89.5,,5.0,30.0,7.0,3.0,0.0,0.0999999999999943,89.4,88.3,82.7,89.30000000000001,84.15416666666665,2.7338425206162267,0.2297767132813103,90.3,85.6,79.4
2026-07-30 06:00:00,Karachi,24.8607,67.0011,32.1,68.0,9.9,997.8,unknown,4.0,29.61,127.98,0.09,0.61,93.58,43.43,0.0,89.2,,6.0,30.0,7.0,3.0,0.0,-0.2999999999999971,89.5,89.0,82.3,89.36666666666667,84.44166666666666,2.888796449653249,0.2313642756680731,89.7,84.2,79.3
2026-07-30 07:00:00,Karachi,24.8607,67.0011,32.8,66.0,10.6,997.3,unknown,4.0,29.31,125.9,0.08,0.6,92.28,43.78,0.0,88.7,,7.0,30.0,7.0,3.0,0.0,-0.5,89.2,89.4,81.9,89.13333333333334,84.72500000000001,2.9612350537353813,0.2328038125496425,89.2,83.1,79.6
2026-07-30 08:00:00,Karachi,24.8607,67.0011,32.9,66.0,11.2,997.1,unknown,4.0,28.97,123.7,0.07,0.59,90.79,43.96,0.0,88.0,,8.0,30.0,7.0,3.0,0.0,-0.7000000000000028,88.7,89.5,82.0,88.63333333333334,84.97500000000001,2.97441992883257,0.2341956345998383,88.6,82.2,79.6
2026-07-30 09:00:00,Karachi,24.8607,67.0011,32.9,67.0,12.9,996.4,unknown,4.0,28.64,121.17,0.06,0.59,89.04,43.88,0.0,87.4,,9.0,30.0,7.0,3.0,0.0,-0.5999999999999943,88.0,89.2,82.2,88.03333333333335,85.19166666666666,2.9528051021033064,0.2363621358422051,88.1,81.8,79.1
2026-07-30 10:00:00,Karachi,24.8607,67.0011,32.3,69.0,13.0,995.9,unknown,4.0,28.32,118.87,0.06,0.59,87.18,43.79,0.0,86.8,,10.0,30.0,7.0,3.0,0.0,-0.6000000000000085,87.4,88.7,82.6,87.40000000000002,85.36666666666667,2.9167681141765183,0.2382434592411878,87.7,81.6,78.2
2026-07-30 11:00:00,Karachi,24.8607,67.0011,31.8,70.0,12.2,995.3,unknown,4.0,27.96,116.73,0.06,0.59,85.18,43.82,0.0,86.1,,11.0,30.0,7.0,3.0,0.0,-0.7000000000000028,86.8,88.0,82.7,86.76666666666667,85.50833333333334,2.86370338922208,0.23952711385248,87.1,81.5,77.1
2026-07-30 12:00:00,Karachi,24.8607,67.0011,31.4,72.0,13.5,995.2,unknown,4.0,27.64,115.52,0.07,0.6,83.45,43.96,0.0,85.5,,12.0,30.0,7.0,3.0,0.0,-0.5999999999999943,86.1,87.4,82.6,86.13333333333334,85.62916666666666,2.796034329368511,0.2392659279778393,86.1,81.7,76.4
2026-07-30 13:00:00,Karachi,24.8607,67.0011,30.4,77.0,13.2,995.2,unknown,4.0,27.51,115.67,0.09,0.61,82.38,44.39,0.0,85.3,,13.0,30.0,7.0,3.0,0.0,-0.2000000000000028,85.5,86.8,82.2,85.63333333333333,85.75833333333334,2.700711124815619,0.2378317627734071,85.5,82.4,76.3
2026-07-30 14:00:00,Karachi,24.8607,67.0011,29.7,81.0,10.7,995.6,unknown,4.0,27.37,115.81,0.11,0.62,81.94,44.75,0.0,85.0,,14.0,30.0,7.0,3.0,0.0,-0.2999999999999971,85.3,86.1,81.5,85.26666666666668,85.90416666666668,2.5511257816140427,0.2363353769104567,85.5,83.2,76.7
2026-07-30 15:00:00,Karachi,24.8607,67.0011,29.2,84.0,9.6,996.1,unknown,4.0,27.37,116.68,0.12,0.63,82.13,45.39,0.0,85.0,,15.0,30.0,7.0,3.0,0.0,0.0,85.0,85.5,81.5,85.10000000000001,86.05000000000001,2.382910168167877,0.2345731916352416,86.6,84.1,77.6
2026-07-30 16:00:00,Karachi,24.8607,67.0011,29.1,84.0,8.3,996.6,unknown,4.0,27.49,118.13,0.12,0.63,82.7,46.15,0.0,85.3,,16.0,30.0,7.0,3.0,0.0,0.2999999999999971,85.0,85.3,81.6,85.10000000000001,86.20416666666667,2.194752470277619,0.2327097265724202,88.5,84.7,79.2
2026-07-30 17:00:00,Karachi,24.8607,67.0011,29.2,83.0,9.0,997.5,unknown,4.0,27.76,118.44,0.12,0.64,83.31,46.81,0.0,85.8,,17.0,30.0,7.0,3.0,0.0,0.5,85.3,85.0,82.1,85.36666666666667,86.35833333333333,2.0166516947563324,0.2343802769334684,90.5,85.8,80.9
2026-07-30 18:00:00,Karachi,24.8607,67.0011,29.4,84.0,8.5,997.6,unknown,4.0,28.3,118.6,0.13,0.65,84.09,47.12,0.0,86.8,,18.0,30.0,7.0,3.0,0.0,1.0,85.8,85.0,82.7,85.96666666666668,86.52916666666665,1.860920568512096,0.2386172006745362,92.4,86.6,82.1
2026-07-30 19:00:00,Karachi,24.8607,67.0011,28.8,87.0,7.6,997.0,unknown,4.0,28.97,119.49,0.13,0.66,84.72,47.14,0.0,88.0,,19.0,30.0,7.0,3.0,0.0,1.2000000000000028,86.8,85.3,83.3,86.86666666666667,86.72500000000001,1.750341581568129,0.2424470667001422,93.9,86.3,82.4
2026-07-30 20:00:00,Karachi,24.8607,67.0011,28.5,88.0,5.7,996.4,unknown,4.0,29.54,119.98,0.13,0.67,85.48,46.99,0.0,89.1,,20.0,30.0,7.0,3.0,0.0,1.0999999999999943,88.0,85.8,83.7,87.96666666666668,86.95,1.6906391896432802,0.2462077012835472,95.1,85.6,81.5
2026-07-30 21:00:00,Karachi,24.8607,67.0011,28.2,91.0,5.6,995.7,unknown,4.0,29.88,119.76,0.14,0.66,86.0,46.68,0.0,89.7,,21.0,30.0,7.0,3.0,0.0,0.6000000000000085,89.1,86.8,84.1,88.93333333333334,87.18333333333334,1.666463755761821,0.2494989979959919,95.6,85.2,81.1
2026-07-30 22:00:00,Karachi,24.8607,67.0011,28.0,92.0,8.1,995.8,unknown,4.0,30.18,120.23,0.14,0.65,86.41,46.57,0.0,90.3,,22.0,30.0,7.0,3.0,0.0,0.5999999999999943,89.7,88.0,84.8,89.7,87.41250000000001,1.7022523442400228,0.2510188804790818,95.3,85.2,81.3
2026-07-30 23:00:00,Karachi,24.8607,67.0011,27.8,93.0,9.1,995.8,unknown,4.0,30.44,121.57,0.14,0.64,86.37,46.27,0.0,90.8,,23.0,30.0,7.0,3.0,0.0,0.5,90.3,89.1,85.7,90.2666666666667,87.625,1.7949809251720434,0.250390721395081,94.3,84.8,80.7
2026-07-31 00:00:00,Karachi,24.8607,67.0011,28.2,91.0,7.8,995.8,unknown,4.0,30.71,122.97,0.14,0.64,85.9,45.58,0.0,91.3,,0.0,31.0,7.0,4.0,0.0,0.5,90.8,89.7,86.5,90.8,87.825,1.9267566801078293,0.2497357078962348,93.0,83.4,80.5
2026-07-31 01:00:00,Karachi,24.8607,67.0011,27.9,93.0,6.3,995.9,unknown,4.0,30.94,124.49,0.15,0.64,85.07,44.8,0.0,91.7,,1.0,31.0,7.0,4.0,0.0,0.4000000000000057,91.3,90.3,87.5,91.26666666666668,88.0,2.080551766278888,0.2485340187966905,91.7,82.1,80.4
2026-07-31 02:00:00,Karachi,24.8607,67.0011,28.3,90.0,5.2,996.3,unknown,4.0,31.03,125.76,0.15,0.64,84.06,43.91,0.0,91.9,,2.0,31.0,7.0,4.0,0.0,0.2000000000000028,91.7,90.8,88.3,91.63333333333334,88.14999999999999,2.2276913376059166,0.2467398218829516,90.3,80.8,80.1
2026-07-31 03:00:00,Karachi,24.8607,67.0011,29.4,82.0,6.3,996.4,unknown,4.0,30.89,126.49,0.15,0.63,82.73,43.11,0.0,91.6,,3.0,31.0,7.0,4.0,0.0,-0.3000000000000113,91.9,91.3,89.0,91.73333333333336,88.25833333333333,2.3316194533745347,0.2442090283816902,88.7,79.8,79.6
2026-07-31 04:00:00,Karachi,24.8607,67.0011,30.8,74.0,7.3,996.4,unknown,4.0,30.53,126.34,0.14,0.63,81.14,42.27,0.0,90.9,,4.0,31.0,7.0,4.0,0.0,-0.6999999999999886,91.6,91.7,89.4,91.46666666666668,88.32083333333333,2.383088818913977,0.2416495171758746,87.1,79.3,78.7
2026-07-31 05:00:00,Karachi,24.8607,67.0011,31.8,70.0,7.3,996.6,unknown,4.0,30.19,125.86,0.12,0.62,79.65,41.55,0.0,90.3,,5.0,31.0,7.0,4.0,0.0,-0.6000000000000085,90.9,91.9,89.5,90.93333333333334,88.35416666666667,2.4057863519038265,0.2398696964881614,85.6,79.4,77.5
2026-07-31 06:00:00,Karachi,24.8607,67.0011,33.0,64.0,9.2,996.6,unknown,4.0,29.87,125.29,0.1,0.61,78.21,40.93,0.0,89.7,,6.0,31.0,7.0,4.0,0.0,-0.5999999999999943,90.3,91.6,89.2,90.3,88.375,2.4155744658346228,0.238406896001277,84.2,79.3,75.7
2026-07-31 07:00:00,Karachi,24.8607,67.0011,33.2,64.0,10.9,996.2,unknown,4.0,29.58,124.68,0.09,0.6,76.98,40.16,0.0,89.2,,7.0,31.0,7.0,4.0,0.0,-0.5,89.7,90.9,88.7,89.73333333333335,88.39583333333333,2.4206501402394967,0.237247353224254,83.1,79.6,74.5
2026-07-31 08:00:00,Karachi,24.8607,67.0011,33.2,64.0,12.2,995.8,unknown,4.0,29.28,123.44,0.08,0.59,75.52,39.21,0.0,88.6,,8.0,31.0,7.0,4.0,0.0,-0.6000000000000085,89.2,90.3,88.0,89.16666666666667,88.42083333333333,2.4194823676828987,0.237200259235256,82.2,79.6,73.4
2026-07-31 09:00:00,Karachi,24.8607,67.0011,33.3,63.0,11.6,995.0,unknown,4.0,29.01,122.02,0.08,0.58,74.13,38.34,0.0,88.1,,9.0,31.0,7.0,4.0,0.0,-0.5,88.6,89.7,87.4,88.63333333333334,88.44999999999999,2.410845062013668,0.2377479101786592,81.8,79.1,72.8
2026-07-31 10:00:00,Karachi,24.8607,67.0011,33.0,65.0,11.8,994.1,unknown,4.0,28.78,121.16,0.08,0.58,73.08,37.76,0.0,87.7,,10.0,31.0,7.0,4.0,0.0,-0.3999999999999915,88.1,89.2,86.8,88.13333333333334,88.4875,2.3909816975989315,0.2375371409706173,81.6,78.2,73.2
2026-07-31 11:00:00,Karachi,24.8607,67.0011,32.2,70.0,12.5,993.8,unknown,4.0,28.45,120.07,0.08,0.58,72.11,37.47,0.0,87.1,,11.0,31.0,7.0,4.0,0.0,-0.6000000000000085,87.7,88.6,86.1,87.63333333333333,88.52916666666665,2.356024500990504,0.2369451153493795,81.5,77.1,73.6
2026-07-31 12:00:00,Karachi,24.8607,67.0011,31.9,72.0,11.6,993.8,unknown,4.0,27.96,118.97,0.09,0.59,71.36,37.4,0.0,86.1,,12.0,31.0,7.0,4.0,0.0,-1.0,87.1,88.1,85.5,86.96666666666668,88.55416666666667,2.325469408744539,0.2350172312347651,81.7,76.4,73.9
2026-07-31 13:00:00,Karachi,24.8607,67.0011,31.0,76.0,10.8,993.8,unknown,4.0,27.6,119.05,0.11,0.59,71.36,37.66,0.0,85.5,,13.0,31.0,7.0,4.0,0.0,-0.5999999999999943,86.1,87.7,85.3,86.23333333333335,88.5625,2.313629277731156,0.2318353632927341,82.4,76.3,74.2
2026-07-31 14:00:00,Karachi,24.8607,67.0011,30.2,82.0,9.7,994.8,unknown,4.0,27.63,120.69,0.13,0.61,71.65,37.99,0.0,85.5,,14.0,31.0,7.0,4.0,0.0,0.0,85.5,87.1,85.0,85.7,88.58333333333333,2.282193198897417,0.2289336316181953,83.2,76.7,74.0
2026-07-31 15:00:00,Karachi,24.8607,67.0011,29.7,86.0,9.2,995.6,unknown,4.0,28.21,123.23,0.14,0.63,72.29,38.35,0.0,86.6,,15.0,31.0,7.0,4.0,0.0,1.0999999999999943,85.5,86.1,85.0,85.86666666666667,88.64999999999999,2.194657544839877,0.2289215288484946,84.1,77.6,74.2
2026-07-31 16:00:00,Karachi,24.8607,67.0011,29.6,87.0,7.5,996.3,unknown,4.0,29.21,126.29,0.14,0.64,72.73,38.64,0.0,88.5,,16.0,31.0,7.0,4.0,0.0,1.9000000000000057,86.6,85.5,85.3,86.86666666666667,88.78333333333335,2.0762982668070005,0.2312930556655317,84.7,79.2,74.8
2026-07-31 17:00:00,Karachi,24.8607,67.0011,29.5,87.0,4.0,997.0,unknown,4.0,30.29,129.28,0.14,0.64,73.34,39.05,0.0,90.5,,17.0,31.0,7.0,4.0,0.0,2.0,88.5,85.5,85.8,88.53333333333335,88.97916666666667,2.0030366439717304,0.2342976485148514,85.8,80.9,75.2
2026-07-31 18:00:00,Karachi,24.8607,67.0011,29.5,86.0,4.6,997.1,unknown,4.0,31.31,132.05,0.14,0.62,73.95,39.66,0.0,92.4,,18.0,31.0,7.0,4.0,0.0,1.9000000000000057,90.5,86.6,86.8,90.46666666666668,89.21250000000002,2.0634105368225413,0.237107156380159,86.6,82.1,75.3
2026-07-31 19:00:00,Karachi,24.8607,67.0011,29.2,87.0,4.8,996.6,unknown,4.0,32.12,135.12,0.14,0.6,74.31,40.14,0.0,93.9,,19.0,31.0,7.0,4.0,0.0,1.5,92.4,88.5,88.0,92.2666666666667,89.45833333333333,2.2552193890496754,0.2377146240378922,86.3,82.4,75.6
2026-07-31 20:00:00,Karachi,24.8607,67.0011,29.1,87.0,2.5,996.5,unknown,4.0,32.77,137.86,0.14,0.59,74.31,40.34,0.0,95.1,,20.0,31.0,7.0,4.0,0.0,1.1999999999999886,93.9,90.5,89.1,93.8,89.70833333333333,2.529635936455361,0.2377049180327868,85.6,81.5,75.3
2026-07-31 21:00:00,Karachi,24.8607,67.0011,28.9,88.0,2.2,996.3,unknown,4.0,33.02,138.79,0.14,0.58,73.99,40.09,0.0,95.6,,21.0,31.0,7.0,4.0,0.0,0.5,95.1,92.4,89.7,94.86666666666667,89.95416666666667,2.800928288149154,0.2379133943367678,85.2,81.1,74.6
2026-07-31 22:00:00,Karachi,24.8607,67.0011,28.7,90.0,4.2,996.2,unknown,4.0,32.86,138.04,0.14,0.58,73.5,39.76,0.0,95.3,,22.0,31.0,7.0,4.0,0.0,-0.2999999999999971,95.6,93.9,90.3,95.33333333333331,90.16249999999998,3.0061983069753304,0.2380469429150971,85.2,81.3,73.6
2026-07-31 23:00:00,Karachi,24.8607,67.0011,28.3,93.0,7.4,996.0,unknown,4.0,32.35,136.13,0.14,0.59,73.05,39.34,0.0,94.3,,23.0,31.0,7.0,4.0,0.0,-1.0,95.3,95.1,90.8,95.06666666666668,90.30833333333334,3.121164312665772,0.237640490707412,84.8,80.7,73.0
2026-08-01 00:00:00,Karachi,24.8607,67.0011,28.9,90.0,5.4,996.5,unknown,4.0,31.66,133.37,0.14,0.6,72.45,38.64,0.0,93.0,,0.0,1.0,8.0,5.0,1.0,-1.2999999999999972,94.3,95.6,91.3,94.2,90.37916666666666,3.16364940159677,0.2373847192022193,83.4,80.5,72.7
2026-08-01 01:00:00,Karachi,24.8607,67.0011,28.8,91.0,5.7,997.1,unknown,4.0,30.96,130.45,0.14,0.62,71.77,37.81,0.0,91.7,,1.0,1.0,8.0,5.0,1.0,-1.2999999999999972,93.0,95.3,91.7,93.0,90.37916666666666,3.16364940159677,0.2373323112303564,82.1,80.4,72.2
2026-08-01 02:00:00,Karachi,24.8607,67.0011,29.2,88.0,6.4,997.8,unknown,4.0,30.19,126.63,0.15,0.64,71.2,36.64,0.0,90.3,,2.0,1.0,8.0,5.0,1.0,-1.4000000000000057,91.7,94.3,91.9,91.66666666666669,90.3125,3.147022402206844,0.2384111190081339,80.8,80.1,71.2
2026-08-01 03:00:00,Karachi,24.8607,67.0011,30.1,83.0,5.6,997.9,unknown,4.0,29.32,123.04,0.16,0.65,70.5,35.7,0.0,88.7,,3.0,1.0,8.0,5.0,1.0,-1.5999999999999943,90.3,93.0,91.6,90.23333333333336,90.19166666666666,3.151109765402493,0.2382964889466839,79.8,79.6,70.4
2026-08-01 04:00:00,Karachi,24.8607,67.0011,31.0,77.0,5.3,997.9,unknown,4.0,28.47,120.23,0.16,0.65,69.92,34.96,0.0,87.1,,4.0,1.0,8.0,5.0,1.0,-1.6000000000000083,88.7,91.7,90.9,88.7,90.03333333333335,3.20890969789852,0.2367961407302669,79.3,78.7,69.8
2026-08-01 05:00:00,Karachi,24.8607,67.0011,32.3,72.0,6.3,998.0,unknown,4.0,27.66,118.06,0.16,0.65,69.39,34.36,0.0,85.6,,5.0,1.0,8.0,5.0,1.0,-1.5,87.1,90.3,90.3,87.13333333333334,89.83749999999999,3.3329465355279124,0.234287650347281,79.4,77.5,69.5
2026-08-01 06:00:00,Karachi,24.8607,67.0011,32.2,71.0,11.3,998.7,unknown,4.0,26.94,116.18,0.15,0.66,68.71,33.83,0.0,84.2,,6.0,1.0,8.0,5.0,1.0,-1.3999999999999917,85.6,88.7,89.7,85.63333333333334,89.60833333333333,3.5262884375671044,0.2318815630917541,79.3,75.7,69.4
2026-08-01 07:00:00,Karachi,24.8607,67.0011,32.4,69.0,12.9,998.5,unknown,4.0,26.32,114.62,0.14,0.68,67.94,33.4,0.0,83.1,,7.0,1.0,8.0,5.0,1.0,-1.1000000000000083,84.2,87.1,89.2,84.3,89.35416666666667,3.768517084276617,0.2296283371139417,79.6,74.5,69.3
2026-08-01 08:00:00,Karachi,24.8607,67.0011,32.6,66.0,13.8,998.0,unknown,4.0,25.84,113.64,0.14,0.69,67.55,33.35,0.0,82.2,,8.0,1.0,8.0,5.0,1.0,-0.8999999999999915,83.1,85.6,88.6,83.16666666666667,89.08749999999999,4.040804106372764,0.2273847236888419,79.6,73.4,69.5
2026-08-01 09:00:00,Karachi,24.8607,67.0011,32.5,66.0,15.8,997.7,unknown,4.0,25.62,113.64,0.13,0.7,67.43,33.66,0.0,81.8,,9.0,1.0,8.0,5.0,1.0,-0.4000000000000057,82.2,84.2,88.1,82.36666666666667,88.82499999999999,4.303815294241684,0.2254487856388595,79.1,72.8,70.1
2026-08-01 10:00:00,Karachi,24.8607,67.0011,32.3,67.0,15.9,996.9,unknown,4.0,25.51,113.85,0.12,0.7,67.64,34.23,0.0,81.6,,10.0,1.0,8.0,5.0,1.0,-0.2000000000000028,81.8,83.1,87.7,81.86666666666667,88.57083333333333,4.546425176339114,0.2240667545015371,78.2,73.2,71.1
2026-08-01 11:00:00,Karachi,24.8607,67.0011,31.1,73.0,16.3,997.0,unknown,4.0,25.46,113.8,0.12,0.69,67.99,34.79,0.0,81.5,,11.0,1.0,8.0,5.0,1.0,-0.0999999999999943,81.6,82.2,87.1,81.63333333333334,88.33749999999999,4.763704486507831,0.223725834797891,77.1,73.6,72.4
2026-08-01 12:00:00,Karachi,24.8607,67.0011,30.8,72.0,14.9,997.0,unknown,4.0,25.59,114.26,0.13,0.68,68.23,35.2,0.0,81.7,,12.0,1.0,8.0,5.0,1.0,0.2000000000000028,81.5,81.8,86.1,81.60000000000001,88.15416666666665,4.935142759633535,0.2239628916506214,76.4,73.9,73.5
2026-08-01 13:00:00,Karachi,24.8607,67.0011,30.1,75.0,13.8,997.0,unknown,4.0,25.97,115.71,0.13,0.67,68.72,35.31,0.0,82.4,,13.0,1.0,8.0,5.0,1.0,0.7000000000000028,81.7,81.6,85.5,81.86666666666667,88.02499999999999,5.046931913462153,0.2244404113732607,76.3,74.2,74.5
2026-08-01 14:00:00,Karachi,24.8607,67.0011,29.5,78.0,12.0,997.4,unknown,4.0,26.4,117.67,0.14,0.67,68.51,34.97,0.0,83.2,,14.0,1.0,8.0,5.0,1.0,0.7999999999999972,82.4,81.5,85.5,82.43333333333335,87.92916666666667,5.118294482128733,0.2243562505311464,76.7,74.0,75.3
2026-08-01 15:00:00,Karachi,24.8607,67.0011,29.2,79.0,11.9,998.0,unknown,4.0,26.86,120.13,0.14,0.67,68.18,34.39,0.0,84.1,,15.0,1.0,8.0,5.0,1.0,0.8999999999999915,83.2,81.7,86.6,83.23333333333333,87.825,5.171682931872222,0.2235911096312328,77.6,74.2,75.9
2026-08-01 16:00:00,Karachi,24.8607,67.0011,29.0,80.0,11.5,998.5,unknown,4.0,27.19,122.8,0.14,0.67,67.94,33.98,0.0,84.7,,16.0,1.0,8.0,5.0,1.0,0.6000000000000085,84.1,82.4,88.5,84.0,87.66666666666667,5.208159707250181,0.2214169381107492,79.2,74.8,76.6
2026-08-01 17:00:00,Karachi,24.8607,67.0011,28.8,81.0,12.2,998.6,unknown,4.0,27.41,125.4,0.14,0.66,67.82,33.77,0.0,85.8,,17.0,1.0,8.0,5.0,1.0,1.0999999999999943,84.7,83.2,90.5,84.86666666666667,87.47083333333335,5.185303577265102,0.2185805422647528,80.9,75.2,76.9
2026-08-01 18:00:00,Karachi,24.8607,67.0011,29.0,77.0,11.5,999.5,unknown,4.0,27.49,126.89,0.14,0.66,67.66,33.45,0.0,86.6,,18.0,1.0,8.0,5.0,1.0,0.7999999999999972,85.8,84.1,92.4,85.7,87.22916666666667,5.079667839761904,0.2166443376152573,82.1,75.3,76.7
2026-08-01 19:00:00,Karachi,24.8607,67.0011,28.9,78.0,10.7,999.4,unknown,4.0,27.35,126.35,0.15,0.66,67.15,32.8,0.0,86.3,,19.0,1.0,8.0,5.0,1.0,-0.2999999999999971,86.6,84.7,93.9,86.23333333333335,86.91250000000001,4.878641337948553,0.2164622081519588,82.4,75.6,76.4
2026-08-01 20:00:00,Karachi,24.8607,67.0011,28.7,79.0,10.6,999.0,unknown,4.0,27.06,124.9,0.15,0.66,66.83,32.38,0.0,85.6,,20.0,1.0,8.0,5.0,1.0,-0.7000000000000028,86.3,85.8,95.1,86.16666666666667,86.51666666666667,4.560479252719551,0.2166533226581264,81.5,75.3,75.6
2026-08-01 21:00:00,Karachi,24.8607,67.0011,28.6,80.0,9.0,998.8,unknown,4.0,26.88,124.08,0.15,0.66,66.73,32.22,0.0,85.2,,21.0,1.0,8.0,5.0,1.0,-0.3999999999999915,85.6,86.6,95.6,85.7,86.08333333333333,4.134022850387872,0.2166344294003868,81.1,74.6,74.6
2026-08-01 22:00:00,Karachi,24.8607,67.0011,28.5,80.0,10.4,998.9,unknown,4.0,26.82,124.12,0.15,0.66,66.96,32.47,0.0,85.2,,22.0,1.0,8.0,5.0,1.0,0.0,85.2,86.3,95.3,85.33333333333333,85.66250000000001,3.639495007969708,0.2160812117305833,81.3,73.6,74.9
2026-08-01 23:00:00,Karachi,24.8607,67.0011,28.5,80.0,11.4,999.0,unknown,4.0,26.65,123.25,0.14,0.65,67.55,33.24,0.0,84.8,,23.0,1.0,8.0,5.0,1.0,-0.4000000000000057,85.2,85.6,94.3,85.06666666666668,85.26666666666667,3.141817068631888,0.2162271805273833,80.7,73.0,75.2
2026-08-02 00:00:00,Karachi,24.8607,67.0011,28.5,80.0,11.1,999.4,unknown,4.0,26.39,120.52,0.14,0.64,68.26,33.92,0.0,83.4,,0.0,2.0,8.0,6.0,1.0,-1.3999999999999917,84.8,85.2,93.0,84.46666666666668,84.86666666666666,2.693577977121459,0.2189678061732492,80.5,72.7,75.0
2026-08-02 01:00:00,Karachi,24.8607,67.0011,28.3,81.0,11.4,999.5,unknown,4.0,25.81,112.01,0.14,0.62,68.81,34.23,0.0,82.1,,1.0,2.0,8.0,6.0,1.0,-1.3000000000000114,83.4,85.2,91.7,83.43333333333335,84.46666666666665,2.321855829449123,0.2304258548343897,80.4,72.2,74.4
2026-08-02 02:00:00,Karachi,24.8607,67.0011,28.2,82.0,11.3,999.6,unknown,4.0,25.09,104.77,0.14,0.59,68.9,34.23,0.0,80.8,,2.0,2.0,8.0,6.0,1.0,-1.2999999999999972,82.1,84.8,90.3,82.10000000000001,84.07083333333334,2.081487588169454,0.239476949508447,80.1,71.2,75.7
2026-08-02 03:00:00,Karachi,24.8607,67.0011,28.4,81.0,10.7,1000.2,unknown,4.0,24.57,102.13,0.14,0.56,68.73,34.08,0.0,79.8,,3.0,2.0,8.0,6.0,1.0,-1.0,80.8,83.4,88.7,80.9,83.7,2.0125691994567845,0.2405757368060315,79.6,70.4,78.1
2026-08-02 04:00:00,Karachi,24.8607,67.0011,28.6,79.0,11.6,1000.6,unknown,4.0,24.3,104.85,0.13,0.54,68.56,34.07,0.0,79.3,,4.0,2.0,8.0,6.0,1.0,-0.5,79.8,82.1,87.1,79.96666666666668,83.375,2.068658460471533,0.2317596566523605,78.7,69.8,79.1
2026-08-02 05:00:00,Karachi,24.8607,67.0011,29.2,76.0,11.3,1000.7,unknown,4.0,24.34,109.48,0.13,0.54,68.51,33.94,0.0,79.4,,5.0,2.0,8.0,6.0,1.0,0.1000000000000085,79.3,80.8,85.6,79.5,83.11666666666667,2.1636657032351065,0.222323712093533,77.5,69.5,78.6
2026-08-02 06:00:00,Karachi,24.8607,67.0011,28.9,74.0,10.5,1001.6,unknown,4.0,24.29,112.01,0.12,0.54,68.66,34.07,0.0,79.3,,6.0,2.0,8.0,6.0,1.0,-0.1000000000000085,79.4,79.8,84.2,79.33333333333334,82.91250000000001,2.2847913994769904,0.2168556378894741,75.7,69.4,78.0
2026-08-02 07:00:00,Karachi,24.8607,67.0011,28.9,75.0,12.2,1001.4,unknown,4.0,24.03,112.81,0.11,0.53,69.0,34.73,0.0,79.6,,7.0,2.0,8.0,6.0,1.0,0.2999999999999971,79.3,79.3,83.1,79.43333333333335,82.76666666666667,2.3819368565097223,0.2130130307596844,74.5,69.3,77.8
2026-08-02 08:00:00,Karachi,24.8607,67.0011,29.0,75.0,12.3,1001.2,unknown,4.0,23.72,112.73,0.1,0.51,69.33,35.46,0.0,79.6,,8.0,2.0,8.0,6.0,1.0,0.0,79.6,79.4,82.2,79.50000000000001,82.65833333333335,2.4664561210560976,0.2104142641710281,73.4,69.5,78.1
2026-08-02 09:00:00,Karachi,24.8607,67.0011,29.2,74.0,12.6,1001.0,unknown,4.0,23.45,111.8,0.1,0.51,69.28,35.54,0.0,79.1,,9.0,2.0,8.0,6.0,1.0,-0.5,79.6,79.3,81.8,79.43333333333334,82.54583333333333,2.566841938301919,0.2097495527728085,72.8,70.1,78.7
2026-08-02 10:00:00,Karachi,24.8607,67.0011,29.3,73.0,15.0,999.9,unknown,4.0,23.21,109.89,0.1,0.53,68.6,34.81,0.0,78.2,,10.0,2.0,8.0,6.0,1.0,-0.8999999999999915,79.1,79.6,81.6,78.96666666666668,82.40416666666667,2.7110850012590286,0.2112112112112112,73.2,71.1,79.4
2026-08-02 11:00:00,Karachi,24.8607,67.0011,29.3,71.0,12.2,999.9,unknown,4.0,22.96,107.7,0.11,0.55,67.86,33.91,0.0,77.1,,11.0,2.0,8.0,6.0,1.0,-1.1000000000000083,78.2,79.6,81.5,78.13333333333334,82.22083333333333,2.915920194330408,0.2131847725162488,73.6,72.4,79.9
2026-08-02 12:00:00,Karachi,24.8607,67.0011,29.6,71.0,12.6,999.7,unknown,4.0,22.74,106.08,0.12,0.56,67.62,33.78,0.0,76.4,,12.0,2.0,8.0,6.0,1.0,-0.6999999999999886,77.1,79.1,81.7,77.23333333333335,82.0,3.1484986069958247,0.214366515837104,73.9,73.5,80.0
2026-08-02 13:00:00,Karachi,24.8607,67.0011,29.2,72.0,11.8,999.7,unknown,4.0,22.56,106.21,0.14,0.55,68.22,34.63,0.0,76.3,,13.0,2.0,8.0,6.0,1.0,-0.1000000000000085,76.4,78.2,82.4,76.60000000000001,81.74583333333334,3.354293700897089,0.2124093776480557,74.2,74.5,80.4
2026-08-02 14:00:00,Karachi,24.8607,67.0011,28.7,77.0,11.0,1000.2,unknown,4.0,22.48,106.93,0.15,0.54,68.67,35.57,0.0,76.7,,14.0,2.0,8.0,6.0,1.0,0.4000000000000057,76.3,77.1,83.2,76.46666666666668,81.47500000000001,3.49138691764312,0.2102309922379126,74.0,75.3,81.2
2026-08-02 15:00:00,Karachi,24.8607,67.0011,28.5,79.0,10.4,1000.7,unknown,4.0,22.64,108.82,0.15,0.54,68.45,35.57,0.0,77.6,,15.0,2.0,8.0,6.0,1.0,0.8999999999999915,76.7,76.4,84.1,76.86666666666667,81.20416666666667,3.530793625119192,0.2080499908105127,74.2,75.9,81.8
2026-08-02 16:00:00,Karachi,24.8607,67.0011,28.5,79.0,11.0,1001.2,unknown,4.0,23.05,111.91,0.15,0.54,67.75,35.06,0.0,79.2,,16.0,2.0,8.0,6.0,1.0,1.6000000000000083,77.6,76.3,84.7,77.83333333333334,80.97500000000001,3.4720311058505726,0.2059690822982754,74.8,76.6,81.4
2026-08-02 17:00:00,Karachi,24.8607,67.0011,28.3,80.0,12.4,1001.6,unknown,4.0,23.49,115.45,0.15,0.54,67.33,34.58,0.0,80.9,,17.0,2.0,8.0,6.0,1.0,1.7000000000000028,79.2,76.7,85.8,79.23333333333333,80.77083333333333,3.316556512626199,0.2034647033347769,75.2,76.9,80.0
2026-08-02 18:00:00,Karachi,24.8607,67.0011,28.2,81.0,11.0,1002.0,unknown,4.0,23.79,117.92,0.15,0.54,67.14,34.36,0.0,82.1,,18.0,2.0,8.0,6.0,1.0,1.1999999999999886,80.9,77.6,86.6,80.73333333333333,80.58333333333333,3.0922999273313896,0.2017469470827679,75.3,76.7,78.4
2026-08-02 19:00:00,Karachi,24.8607,67.0011,27.9,83.0,11.6,1001.6,unknown,4.0,23.84,118.42,0.15,0.54,67.23,34.55,0.0,82.4,,19.0,2.0,8.0,6.0,1.0,0.3000000000000113,82.1,79.2,86.3,81.80000000000001,80.42083333333333,2.873564543976667,0.201317345043067,75.6,76.4,77.3
2026-08-02 20:00:00,Karachi,24.8607,67.0011,27.5,84.0,11.0,1001.4,unknown,4.0,23.58,116.61,0.15,0.52,67.55,35.04,0.0,81.5,,20.0,2.0,8.0,6.0,1.0,-0.9000000000000057,82.4,80.9,85.6,82.00000000000001,80.25,2.666702898303473,0.2022125032158477,75.3,75.6,77.0
2026-08-02 21:00:00,Karachi,24.8607,67.0011,27.3,85.0,9.4,1000.9,unknown,4.0,23.63,115.87,0.14,0.52,67.95,35.62,0.0,81.1,,21.0,2.0,8.0,6.0,1.0,-0.4000000000000057,81.5,82.1,85.2,81.66666666666667,80.07916666666667,2.4590523389694603,0.2039354448951411,74.6,74.6,77.2
2026-08-02 22:00:00,Karachi,24.8607,67.0011,27.2,86.0,9.5,1000.9,unknown,4.0,23.99,116.31,0.14,0.51,68.44,36.38,0.0,81.3,,22.0,2.0,8.0,6.0,1.0,0.2000000000000028,81.1,82.4,85.2,81.30000000000001,79.91666666666667,2.2235237734300446,0.2062591350700713,73.6,74.9,77.3
2026-08-02 23:00:00,Karachi,24.8607,67.0011,27.3,85.0,8.9,1001.0,unknown,4.0,24.11,115.1,0.13,0.5,68.9,37.22,0.0,80.7,,23.0,2.0,8.0,6.0,1.0,-0.5999999999999943,81.3,81.5,84.8,81.03333333333335,79.74583333333334,1.9757176278308723,0.2094700260642919,73.0,75.2,77.6
2026-08-03 00:00:00,Karachi,24.8607,67.0011,28.1,82.0,11.3,1000.5,unknown,4.0,24.31,114.53,0.12,0.49,69.51,38.13,0.0,80.5,,0.0,3.0,8.0,0.0,0.0,-0.2000000000000028,80.7,81.1,83.4,80.83333333333334,79.625,1.8254838548565568,0.2122587968217934,72.7,75.0,77.9
2026-08-03 01:00:00,Karachi,24.8607,67.0011,27.9,83.0,11.4,1000.6,unknown,4.0,24.42,114.38,0.12,0.48,70.17,39.32,0.0,80.4,,1.0,3.0,8.0,0.0,0.0,-0.0999999999999943,80.5,81.3,82.1,80.53333333333335,79.55416666666667,1.75696852726258,0.2134988634376639,72.2,74.4,77.4
2026-08-03 02:00:00,Karachi,24.8607,67.0011,28.1,82.0,12.9,1001.1,unknown,4.0,24.31,113.82,0.11,0.46,70.91,40.54,0.0,80.1,,2.0,3.0,8.0,0.0,0.0,-0.3000000000000113,80.4,80.7,80.8,80.33333333333334,79.52499999999999,1.7411265718277278,0.2135828501142154,71.2,75.7,77.3
2026-08-03 03:00:00,Karachi,24.8607,67.0011,28.4,79.0,12.8,1001.6,unknown,4.0,24.02,112.81,0.12,0.45,71.47,41.66,0.0,79.6,,3.0,3.0,8.0,0.0,0.0,-0.5,80.1,80.5,79.8,80.03333333333335,79.51666666666667,1.7402315354847442,0.2129243861359808,70.4,78.1,77.1
2026-08-03 04:00:00,Karachi,24.8607,67.0011,28.6,78.0,12.7,1001.8,unknown,4.0,23.56,110.99,0.12,0.45,71.64,42.29,0.0,78.7,,4.0,3.0,8.0,0.0,0.0,-0.8999999999999915,79.6,80.4,79.3,79.46666666666668,79.49166666666666,1.7477729099976578,0.2122713757996215,69.8,79.1,76.8
2026-08-03 05:00:00,Karachi,24.8607,67.0011,29.2,74.0,13.5,1002.1,unknown,4.0,22.97,108.53,0.11,0.46,71.81,42.68,0.0,77.5,,5.0,3.0,8.0,0.0,0.0,-1.2000000000000028,78.7,80.1,79.4,78.60000000000001,79.4125,1.79451156004206,0.2116465493411959,69.5,78.6,76.3
2026-08-03 06:00:00,Karachi,24.8607,67.0011,30.2,69.0,14.3,1002.7,unknown,4.0,22.15,104.88,0.1,0.46,72.16,43.0,0.0,75.7,,6.0,3.0,8.0,0.0,0.0,-1.7999999999999972,77.5,79.6,79.3,77.30000000000001,79.2625,1.9482015117612832,0.2111937452326468,69.4,78.0,76.0
2026-08-03 07:00:00,Karachi,24.8607,67.0011,30.0,70.0,15.3,1002.5,unknown,4.0,21.56,102.41,0.09,0.46,72.76,43.28,0.0,74.5,,7.0,3.0,8.0,0.0,0.0,-1.2000000000000028,75.7,78.7,79.6,75.90000000000002,79.05,2.17475635816647,0.2105263157894736,69.3,77.8,76.1
2026-08-03 08:00:00,Karachi,24.8607,67.0011,30.8,68.0,15.4,1002.2,unknown,4.0,21.05,100.34,0.08,0.46,73.49,43.42,0.0,73.4,,8.0,3.0,8.0,0.0,0.0,-1.0999999999999943,74.5,77.5,79.6,74.53333333333335,78.79166666666667,2.4565647039965666,0.2097867251345425,69.5,78.1,76.1
2026-08-03 09:00:00,Karachi,24.8607,67.0011,31.0,68.0,15.6,1001.6,unknown,3.0,20.73,99.02,0.08,0.46,74.2,43.48,0.0,72.8,,9.0,3.0,8.0,0.0,0.0,-0.6000000000000085,73.4,75.7,79.1,73.56666666666668,78.52916666666667,2.7421792613619376,0.2093516461320945,70.1,78.7,75.9
2026-08-03 10:00:00,Karachi,24.8607,67.0011,30.8,67.0,15.7,1001.0,unknown,3.0,20.93,99.83,0.07,0.46,74.9,43.33,0.0,73.2,,10.0,3.0,8.0,0.0,0.0,0.4000000000000057,72.8,74.5,78.2,73.13333333333334,78.32083333333333,2.9503101040634983,0.2096564159070419,71.1,79.4,75.8
2026-08-03 11:00:00,Karachi,24.8607,67.0011,30.3,70.0,17.0,1000.5,unknown,4.0,21.23,100.57,0.08,0.48,75.17,42.86,0.0,73.6,,11.0,3.0,8.0,0.0,0.0,0.3999999999999915,73.2,73.4,77.1,73.2,78.175,3.0961757617778,0.2110967485333598,72.4,79.9,75.8
2026-08-03 12:00:00,Karachi,24.8607,67.0011,30.1,68.0,16.7,1000.6,unknown,4.0,21.39,100.21,0.09,0.5,75.29,42.27,0.0,73.9,,12.0,3.0,8.0,0.0,0.0,0.3000000000000113,73.6,72.8,76.4,73.56666666666668,78.07083333333333,3.198842068578004,0.2134517513222233,73.5,80.0,76.0
2026-08-03 13:00:00,Karachi,24.8607,67.0011,29.3,72.0,14.9,1000.6,unknown,3.0,21.53,99.91,0.1,0.51,75.78,42.13,0.0,74.2,,13.0,3.0,8.0,0.0,0.0,0.2999999999999971,73.9,73.2,76.3,73.90000000000002,77.98333333333333,3.277149698277728,0.2154939445500951,74.5,80.4,76.7
2026-08-03 14:00:00,Karachi,24.8607,67.0011,28.8,74.0,13.9,1000.5,unknown,3.0,21.46,98.87,0.11,0.51,76.72,42.52,0.0,74.0,,14.0,3.0,8.0,0.0,0.0,-0.2000000000000028,74.2,73.6,76.7,74.03333333333335,77.87083333333332,3.3681989983888863,0.2170526954586831,75.3,81.2,77.9
2026-08-03 15:00:00,Karachi,24.8607,67.0011,28.6,75.0,14.4,1001.2,unknown,3.0,21.57,99.4,0.11,0.5,77.61,42.97,0.0,74.2,,15.0,3.0,8.0,0.0,0.0,0.2000000000000028,74.0,73.9,77.6,74.13333333333334,77.72916666666667,3.4505801864588928,0.2170020120724346,75.9,81.8,79.2
2026-08-03 16:00:00,Karachi,24.8607,67.0011,28.4,77.0,14.5,1001.6,unknown,3.0,21.88,98.89,0.11,0.5,78.42,43.28,0.0,74.8,,16.0,3.0,8.0,0.0,0.0,0.5999999999999943,74.2,74.2,79.2,74.33333333333336,77.54583333333333,3.4857447793349645,0.2212559409444837,76.6,81.4,79.6
2026-08-03 17:00:00,Karachi,24.8607,67.0011,28.2,79.0,14.1,1002.2,unknown,4.0,22.09,100.23,0.11,0.51,78.93,43.44,0.0,75.2,,17.0,3.0,8.0,0.0,0.0,0.4000000000000057,74.8,74.0,80.9,74.73333333333335,77.30833333333332,3.441172280874785,0.2203930958794772,76.9,80.0,79.5
2026-08-03 18:00:00,Karachi,24.8607,67.0011,28.1,78.0,12.1,1002.3,unknown,4.0,22.16,103.88,0.11,0.52,79.46,43.61,0.0,75.3,,18.0,3.0,8.0,0.0,0.0,0.0999999999999943,75.2,74.2,82.1,75.10000000000001,77.02499999999999,3.306811152756433,0.2133230650750866,76.7,78.4,79.1
2026-08-03 19:00:00,Karachi,24.8607,67.0011,27.8,80.0,11.7,1002.4,unknown,4.0,21.99,104.71,0.11,0.52,79.86,43.74,0.0,75.6,,19.0,3.0,8.0,0.0,0.0,0.2999999999999971,75.3,74.8,82.4,75.36666666666667,76.74166666666666,3.111817121409258,0.2100085951676057,76.4,77.3,78.5
2026-08-03 20:00:00,Karachi,24.8607,67.0011,27.6,82.0,11.8,1002.1,unknown,4.0,21.64,104.0,0.11,0.52,80.54,44.04,0.0,75.3,,20.0,3.0,8.0,0.0,0.0,-0.2999999999999971,75.6,75.2,81.5,75.4,76.48333333333333,2.9529155329812444,0.208076923076923,75.6,77.0,77.9
2026-08-03 21:00:00,Karachi,24.8607,67.0011,27.5,82.0,11.5,1001.8,unknown,4.0,21.25,102.63,0.11,0.5,81.35,44.43,0.0,74.6,,21.0,3.0,8.0,0.0,0.0,-0.7000000000000028,75.3,75.3,81.1,75.16666666666667,76.21249999999999,2.8054779488945423,0.2070544675046282,74.6,77.2,77.6
2026-08-03 22:00:00,Karachi,24.8607,67.0011,27.4,83.0,11.0,1001.6,unknown,4.0,20.82,100.57,0.11,0.49,81.93,44.8,0.0,73.6,,22.0,3.0,8.0,0.0,0.0,-1.0,74.6,75.6,81.3,74.50000000000001,75.89166666666667,2.633383782307842,0.2070199860793477,74.9,77.3,77.5
2026-08-03 23:00:00,Karachi,24.8607,67.0011,27.4,83.0,10.0,1001.7,unknown,3.0,20.74,99.41,0.1,0.48,82.36,45.1,0.0,73.0,,23.0,3.0,8.0,0.0,0.0,-0.5999999999999943,73.6,75.3,80.7,73.73333333333333,75.57083333333334,2.4870934960241144,0.2086309224424102,75.2,77.6,77.3
2026-08-04 00:00:00,Karachi,24.8607,67.0011,28.0,81.0,9.9,1001.9,unknown,3.0,20.77,97.84,0.1,0.47,82.5,45.3,0.0,72.7,,0.0,4.0,8.0,1.0,0.0,-0.2999999999999971,73.0,74.6,80.5,73.10000000000001,75.24583333333332,2.3189163823648875,0.2122853638593622,75.0,77.9,77.0
2026-08-04 01:00:00,Karachi,24.8607,67.0011,27.8,81.0,10.0,1002.1,unknown,3.0,20.46,94.42,0.1,0.47,82.45,45.55,0.0,72.2,,1.0,4.0,8.0,1.0,0.0,-0.5,72.7,73.6,80.4,72.63333333333334,74.90416666666667,2.1222381882179744,0.2166913789451387,74.4,77.4,76.2
2026-08-04 02:00:00,Karachi,24.8607,67.0011,28.3,77.0,10.8,1002.4,unknown,3.0,19.95,90.44,0.1,0.45,82.52,45.77,0.0,71.2,,2.0,4.0,8.0,1.0,0.0,-1.0,72.2,73.0,80.1,72.03333333333335,74.53333333333333,1.945042006176629,0.2205882352941176,75.7,77.3,75.2
2026-08-04 03:00:00,Karachi,24.8607,67.0011,29.3,71.0,13.3,1003.0,unknown,3.0,19.52,87.04,0.1,0.44,82.46,46.1,0.0,70.4,,3.0,4.0,8.0,1.0,0.0,-0.7999999999999972,71.2,72.7,79.6,71.2666666666667,74.15,1.8045835362002387,0.2242647058823529,78.1,77.1,74.4
2026-08-04 04:00:00,Karachi,24.8607,67.0011,30.0,67.0,14.4,1003.2,unknown,3.0,19.2,84.36,0.1,0.43,82.12,46.17,0.0,69.8,,4.0,4.0,8.0,1.0,0.0,-0.6000000000000085,70.4,72.2,78.7,70.46666666666668,73.77916666666667,1.7423071078215662,0.2275960170697012,79.1,76.8,73.7
2026-08-04 05:00:00,Karachi,24.8607,67.0011,30.3,67.0,14.1,1003.5,unknown,3.0,19.04,83.05,0.09,0.43,81.79,46.07,0.0,69.5,,5.0,4.0,8.0,1.0,0.0,-0.2999999999999971,69.8,71.2,77.5,69.90000000000002,73.44583333333334,1.7646231687050873,0.2292594822396146,78.6,76.3,73.1
2026-08-04 06:00:00,Karachi,24.8607,67.0011,31.0,63.0,15.4,1003.4,unknown,3.0,18.97,82.94,0.07,0.44,81.45,45.63,0.0,69.4,,6.0,4.0,8.0,1.0,0.0,-0.0999999999999943,69.5,70.4,75.7,69.56666666666668,73.18333333333334,1.8795620828222104,0.2287195563057631,78.0,76.0,72.3
2026-08-04 07:00:00,Karachi,24.8607,67.0011,31.3,62.0,15.2,1003.2,unknown,3.0,18.94,83.53,0.06,0.44,81.09,45.07,0.0,69.3,,7.0,4.0,8.0,1.0,0.0,-0.1000000000000085,69.4,69.8,74.5,69.40000000000002,72.96666666666667,2.015950885068647,0.2267448820782952,77.8,76.1,71.5
2026-08-04 08:00:00,Karachi,24.8607,67.0011,31.4,62.0,14.9,1002.7,unknown,3.0,19.01,84.85,0.06,0.45,80.98,44.36,0.0,69.5,,8.0,4.0,8.0,1.0,0.0,0.2000000000000028,69.3,69.5,73.4,69.40000000000002,72.80416666666667,2.1332724742212226,0.224042427813789,78.1,76.1,70.8
2026-08-04 09:00:00,Karachi,24.8607,67.0011,31.3,63.0,14.1,1002.2,unknown,3.0,19.33,87.18,0.06,0.45,80.81,43.65,0.0,70.1,,9.0,4.0,8.0,1.0,0.0,0.5999999999999943,69.5,69.4,72.8,69.63333333333334,72.69166666666666,2.203537998342554,0.221725166322551,78.7,75.9,70.5
2026-08-04 10:00:00,Karachi,24.8607,67.0011,31.2,63.0,13.8,1001.5,unknown,3.0,19.91,90.7,0.06,0.46,80.78,43.03,0.0,71.1,,10.0,4.0,8.0,1.0,0.0,1.0,70.1,69.3,73.2,70.23333333333333,72.60416666666667,2.2240736550714755,0.2195148842337375,79.4,75.8,70.4
2026-08-04 11:00:00,Karachi,24.8607,67.0011,30.6,66.0,13.7,1000.8,unknown,3.0,20.56,94.39,0.06,0.47,80.85,42.44,0.0,72.4,,11.0,4.0,8.0,1.0,0.0,1.3000000000000114,71.1,69.5,73.6,71.2,72.55416666666666,2.214179437106382,0.2178196842885899,79.9,75.8,70.3
2026-08-04 12:00:00,Karachi,24.8607,67.0011,30.5,67.0,13.0,1001.0,unknown,3.0,21.16,97.7,0.07,0.48,80.77,42.19,0.0,73.5,,12.0,4.0,8.0,1.0,0.0,1.0999999999999943,72.4,70.1,73.9,72.33333333333336,72.53750000000001,2.205095383916193,0.2165813715455476,80.0,76.0,70.1
2026-08-04 13:00:00,Karachi,24.8607,67.0011,29.5,72.0,13.7,1000.9,unknown,4.0,21.7,100.54,0.08,0.49,81.03,42.17,0.0,74.5,,13.0,4.0,8.0,1.0,0.0,1.0,73.5,71.1,74.2,73.46666666666668,72.55,2.215753871120593,0.2158344937338372,80.4,76.7,70.1
2026-08-04 14:00:00,Karachi,24.8607,67.0011,29.1,76.0,13.8,1001.3,unknown,4.0,22.13,102.89,0.09,0.5,81.21,42.47,0.0,75.3,,14.0,4.0,8.0,1.0,0.0,0.7999999999999972,74.5,72.4,74.0,74.43333333333335,72.60416666666667,2.268015636526965,0.2150840703664107,81.2,77.9,70.3
2026-08-04 15:00:00,Karachi,24.8607,67.0011,28.7,77.0,14.6,1002.0,unknown,4.0,22.47,105.09,0.1,0.51,81.52,42.95,0.0,75.9,,15.0,4.0,8.0,1.0,0.0,0.6000000000000085,75.3,73.5,74.2,75.23333333333333,72.675,2.3452542274344004,0.2138167285184127,81.8,79.2,70.9
2026-08-04 16:00:00,Karachi,24.8607,67.0011,28.4,78.0,12.4,1002.8,unknown,4.0,22.65,106.66,0.1,0.51,81.92,43.68,0.0,76.6,,16.0,4.0,8.0,1.0,0.0,0.6999999999999886,75.9,74.5,74.8,75.93333333333335,72.75,2.4429134423779924,0.2123570223138946,81.4,79.6,71.7
2026-08-04 17:00:00,Karachi,24.8607,67.0011,28.2,79.0,12.4,1003.0,unknown,4.0,22.67,107.28,0.1,0.52,82.21,44.43,0.0,76.9,,17.0,4.0,8.0,1.0,0.0,0.3000000000000113,76.6,75.3,75.2,76.46666666666668,72.82083333333334,2.5397670496841305,0.2113161819537658,80.0,79.5,72.5
2026-08-04 18:00:00,Karachi,24.8607,67.0011,28.4,80.0,11.7,1002.6,unknown,4.0,22.56,106.98,0.1,0.53,82.24,44.85,0.0,76.7,,18.0,4.0,8.0,1.0,0.0,-0.2000000000000028,76.9,75.9,75.3,76.73333333333335,72.87916666666668,2.6141719391675053,0.2108805384183959,78.4,79.1,73.6
2026-08-04 19:00:00,Karachi,24.8607,67.0011,28.1,83.0,12.1,1002.1,unknown,4.0,22.46,106.35,0.1,0.55,81.93,44.75,0.0,76.4,,19.0,4.0,8.0,1.0,0.0,-0.2999999999999971,76.7,76.6,75.6,76.66666666666669,72.9125,2.6551529064286115,0.2111894687353079,77.3,78.5,72.9
2026-08-04 20:00:00,Karachi,24.8607,67.0011,27.9,85.0,14.0,1001.8,unknown,4.0,22.15,104.71,0.1,0.56,81.66,44.6,0.0,75.6,,20.0,4.0,8.0,1.0,0.0,-0.8000000000000114,76.4,76.9,75.3,76.23333333333335,72.925,2.6675587276031907,0.2115366249641868,77.0,77.9,72.7
2026-08-04 21:00:00,Karachi,24.8607,67.0011,27.7,86.0,13.8,1001.6,unknown,4.0,21.71,102.68,0.11,0.55,81.71,44.73,0.0,74.6,,21.0,4.0,8.0,1.0,0.0,-1.0,75.6,76.7,74.6,75.53333333333335,72.925,2.6675587276031907,0.2114335800545383,77.2,77.6,73.0
2026-08-04 22:00:00,Karachi,24.8607,67.0011,27.6,87.0,13.7,1001.3,unknown,4.0,21.8,103.35,0.11,0.54,81.86,45.03,0.0,74.9,,22.0,4.0,8.0,1.0,0.0,0.3000000000000113,74.6,76.4,73.6,75.03333333333335,72.97916666666667,2.694919401337395,0.2109337203676826,77.3,77.5,73.3
2026-08-04 23:00:00,Karachi,24.8607,67.0011,27.5,87.0,13.3,1000.8,unknown,4.0,21.92,103.89,0.11,0.53,81.74,45.18,0.0,75.2,,23.0,4.0,8.0,1.0,0.0,0.2999999999999971,74.9,75.6,73.0,74.90000000000002,73.07083333333333,2.732808583420679,0.2109923958032534,77.6,77.3,73.2
2026-08-05 00:00:00,Karachi,24.8607,67.0011,28.0,83.0,11.7,1000.6,unknown,4.0,21.84,103.43,0.11,0.53,81.25,45.38,0.0,75.0,,0.0,5.0,8.0,2.0,0.0,-0.2000000000000028,75.2,74.6,72.7,75.03333333333335,73.16666666666667,2.759437035632037,0.2111573044571207,77.9,77.0,73.1
2026-08-05 01:00:00,Karachi,24.8607,67.0011,27.8,85.0,12.1,1000.8,unknown,4.0,21.58,102.23,0.1,0.52,80.86,45.84,0.0,74.4,,1.0,5.0,8.0,2.0,0.0,-0.5999999999999943,75.0,74.9,72.2,74.86666666666669,73.25833333333334,2.762468440372216,0.2110926342560891,77.4,76.2,72.5
2026-08-05 02:00:00,Karachi,24.8607,67.0011,28.0,83.0,12.7,1001.1,unknown,4.0,22.03,104.89,0.11,0.52,80.36,46.46,0.0,75.7,,2.0,5.0,8.0,2.0,0.0,1.2999999999999972,74.4,75.2,71.2,75.03333333333335,73.44583333333334,2.769394717522908,0.2100295547716655,77.3,75.2,72.1
2026-08-05 03:00:00,Karachi,24.8607,67.0011,29.0,77.0,14.0,1001.2,unknown,4.0,22.86,109.68,0.11,0.52,79.64,46.96,0.0,78.1,,3.0,5.0,8.0,2.0,0.0,2.3999999999999915,75.7,75.0,70.4,76.06666666666668,73.76666666666667,2.84615173701955,0.2084245076586433,77.1,74.4,71.6
2026-08-05 04:00:00,Karachi,24.8607,67.0011,30.1,70.0,13.8,1001.4,unknown,4.0,23.12,111.75,0.1,0.51,78.74,47.47,0.0,79.1,,4.0,5.0,8.0,2.0,0.0,1.0,78.1,74.4,69.8,77.63333333333334,74.15416666666667,2.9148762620706274,0.2068903803131991,76.8,73.7,70.5
2026-08-05 05:00:00,Karachi,24.8607,67.0011,31.2,64.0,14.9,1001.3,unknown,4.0,22.89,110.85,0.08,0.5,77.91,48.02,0.0,78.6,,5.0,5.0,8.0,2.0,0.0,-0.5,79.1,75.7,69.5,78.60000000000001,74.53333333333333,2.8747274603010404,0.2064952638700947,76.3,73.1,69.3
2026-08-05 06:00:00,Karachi,24.8607,67.0011,31.1,64.0,16.3,1001.0,unknown,4.0,22.66,109.5,0.07,0.49,77.22,48.04,0.0,78.0,,6.0,5.0,8.0,2.0,0.0,-0.5999999999999943,78.6,78.1,69.4,78.56666666666666,74.89166666666667,2.73986935052848,0.2069406392694064,76.0,72.3,67.9
2026-08-05 07:00:00,Karachi,24.8607,67.0011,31.3,63.0,16.7,1000.8,unknown,4.0,22.62,109.11,0.06,0.49,76.47,47.33,0.0,77.8,,7.0,5.0,8.0,2.0,0.0,-0.2000000000000028,78.0,79.1,69.3,78.13333333333334,75.24583333333332,2.526723117031073,0.2073137200989827,76.1,71.5,66.5
2026-08-05 08:00:00,Karachi,24.8607,67.0011,31.5,61.0,16.7,1000.1,unknown,4.0,22.71,109.77,0.06,0.5,75.6,45.92,0.0,78.1,,8.0,5.0,8.0,2.0,0.0,0.2999999999999971,77.8,78.6,69.5,77.96666666666667,75.60416666666667,2.273568190935744,0.2068871276305001,76.1,70.8,65.6
2026-08-05 09:00:00,Karachi,24.8607,67.0011,31.7,62.0,17.7,999.7,unknown,4.0,22.9,110.94,0.06,0.51,74.73,44.25,0.0,78.7,,9.0,5.0,8.0,2.0,0.0,0.6000000000000085,78.1,78.0,70.1,78.2,75.96249999999999,2.033376395361076,0.2064178835406526,75.9,70.5,65.6
2026-08-05 10:00:00,Karachi,24.8607,67.0011,31.4,63.0,17.9,998.9,unknown,4.0,23.2,112.45,0.06,0.52,73.95,42.5,0.0,79.4,,10.0,5.0,8.0,2.0,0.0,0.7000000000000028,78.7,77.8,71.1,78.73333333333335,76.30833333333334,1.869646947992884,0.2063139172965762,75.8,70.4,66.2
2026-08-05 11:00:00,Karachi,24.8607,67.0011,31.0,66.0,18.5,998.3,unknown,4.0,23.55,113.35,0.07,0.55,72.73,40.65,0.0,79.9,,11.0,5.0,8.0,2.0,0.0,0.5,79.4,78.1,72.4,79.33333333333336,76.62083333333334,1.81395056896841,0.207763564181738,75.8,70.3,66.4
2026-08-05 12:00:00,Karachi,24.8607,67.0011,30.3,70.0,18.2,998.4,unknown,4.0,23.75,113.58,0.08,0.58,72.14,39.66,0.0,80.0,,12.0,5.0,8.0,2.0,0.0,0.0999999999999943,79.9,78.7,73.5,79.7666666666667,76.89166666666667,1.8129765740254733,0.2091037154428596,76.0,70.1,66.3
2026-08-05 13:00:00,Karachi,24.8607,67.0011,29.5,74.0,18.5,998.5,unknown,4.0,23.92,114.38,0.09,0.58,72.94,39.98,0.0,80.4,,13.0,5.0,8.0,2.0,0.0,0.4000000000000057,80.0,79.4,74.5,80.10000000000001,77.1375,1.8735719199231564,0.2091274698373841,76.7,70.1,66.4
2026-08-05 14:00:00,Karachi,24.8607,67.0011,28.7,78.0,17.4,998.9,unknown,4.0,24.13,115.98,0.1,0.59,74.22,41.05,0.0,81.2,,14.0,5.0,8.0,2.0,0.0,0.7999999999999972,80.4,79.9,75.3,80.53333333333335,77.38333333333334,2.004487718716889,0.2080531126056216,77.9,70.3,66.4
2026-08-05 15:00:00,Karachi,24.8607,67.0011,28.3,80.0,16.0,999.2,unknown,4.0,24.3,117.3,0.11,0.59,75.21,41.94,0.0,81.8,,15.0,5.0,8.0,2.0,0.0,0.5999999999999943,81.2,80.0,75.9,81.13333333333334,77.62916666666666,2.169648171570649,0.2071611253196931,79.2,70.9,66.5
2026-08-05 16:00:00,Karachi,24.8607,67.0011,28.4,80.0,14.0,1000.1,unknown,4.0,24.13,116.4,0.11,0.6,75.62,42.18,0.0,81.4,,16.0,5.0,8.0,2.0,0.0,-0.3999999999999915,81.8,80.4,76.6,81.46666666666668,77.82916666666667,2.2886257822126663,0.2073024054982817,79.6,71.7,66.4
2026-08-05 17:00:00,Karachi,24.8607,67.0011,28.4,80.0,13.0,1000.5,unknown,4.0,23.7,113.52,0.12,0.61,75.75,42.16,0.0,80.0,,17.0,5.0,8.0,2.0,0.0,-1.4000000000000057,81.4,81.2,76.9,81.06666666666668,77.95833333333333,2.321153511334922,0.2087737843551797,79.5,72.5,66.0
2026-08-05 18:00:00,Karachi,24.8607,67.0011,28.5,81.0,14.7,1000.1,unknown,4.0,23.27,110.39,0.12,0.6,75.76,41.99,0.0,78.4,,18.0,5.0,8.0,2.0,0.0,-1.5999999999999943,80.0,81.8,76.7,79.93333333333334,78.02916666666667,2.30697979988891,0.2107980795361898,79.1,73.6,65.5
2026-08-05 19:00:00,Karachi,24.8607,67.0011,28.1,83.0,13.8,999.8,unknown,4.0,23.04,108.14,0.12,0.6,75.49,41.63,0.0,77.3,,19.0,5.0,8.0,2.0,0.0,-1.1000000000000083,78.4,81.4,76.4,78.56666666666668,78.06666666666668,2.2865707505116637,0.2130571481412983,78.5,72.9,65.2
2026-08-05 20:00:00,Karachi,24.8607,67.0011,27.8,85.0,12.6,999.3,unknown,4.0,23.06,107.22,0.12,0.61,75.31,41.18,0.0,77.0,,20.0,5.0,8.0,2.0,0.0,-0.2999999999999971,77.3,80.0,75.6,77.56666666666668,78.125,2.2382543663957555,0.2150718149598955,77.9,72.7,65.4
2026-08-05 21:00:00,Karachi,24.8607,67.0011,27.8,86.0,11.9,998.8,unknown,4.0,23.17,107.27,0.12,0.61,75.04,40.87,0.0,77.2,,21.0,5.0,8.0,2.0,0.0,0.2000000000000028,77.0,78.4,74.6,77.16666666666667,78.23333333333333,2.1200218757402443,0.2159970168733103,77.6,73.0,65.9
2026-08-05 22:00:00,Karachi,24.8607,67.0011,27.6,87.0,13.0,998.5,unknown,4.0,23.24,107.9,0.12,0.6,74.91,40.94,0.0,77.3,,22.0,5.0,8.0,2.0,0.0,0.0999999999999943,77.2,77.3,74.9,77.16666666666667,78.33333333333333,2.009686686950015,0.2153846153846153,77.5,73.3,66.8
2026-08-05 23:00:00,Karachi,24.8607,67.0011,27.5,88.0,13.9,998.3,unknown,4.0,23.27,108.74,0.12,0.6,74.74,40.99,0.0,77.6,,23.0,5.0,8.0,2.0,0.0,0.2999999999999971,77.3,77.0,75.2,77.36666666666667,78.43333333333334,1.903924246451484,0.2139966893507449,77.3,73.2,68.2
2026-08-06 00:00:00,Karachi,24.8607,67.0011,27.5,87.0,13.8,998.5,unknown,4.0,23.29,109.27,0.12,0.61,74.4,40.97,0.0,77.9,,0.0,6.0,8.0,3.0,0.0,0.3000000000000113,77.6,77.2,75.0,77.60000000000001,78.55416666666667,1.763390796574378,0.2131417589457307,77.0,73.1,70.0
2026-08-06 01:00:00,Karachi,24.8607,67.0011,27.4,88.0,13.5,998.9,unknown,4.0,23.27,108.24,0.12,0.61,73.86,40.84,0.0,77.4,,1.0,6.0,8.0,3.0,0.0,-0.5,77.9,77.3,74.4,77.63333333333334,78.67916666666666,1.549468118184199,0.2149852180339985,76.2,72.5,71.2
2026-08-06 02:00:00,Karachi,24.8607,67.0011,27.8,85.0,15.9,999.2,unknown,4.0,23.21,106.01,0.13,0.61,73.26,40.72,0.0,77.3,,2.0,6.0,8.0,3.0,0.0,-0.1000000000000085,77.4,77.6,75.7,77.53333333333335,78.74583333333334,1.4467291945325322,0.2189416092821431,75.2,72.1,71.7
2026-08-06 03:00:00,Karachi,24.8607,67.0011,28.7,79.0,16.5,999.6,unknown,4.0,23.11,104.21,0.12,0.61,72.78,40.83,0.0,77.1,,3.0,6.0,8.0,3.0,0.0,-0.2000000000000028,77.3,77.9,78.1,77.26666666666667,78.70416666666667,1.4801525087872804,0.2217637462815468,74.4,71.6,71.8
2026-08-06 04:00:00,Karachi,24.8607,67.0011,29.6,73.0,17.1,999.9,unknown,4.0,22.93,104.25,0.11,0.6,72.4,41.28,0.0,76.8,,4.0,6.0,8.0,3.0,0.0,-0.2999999999999971,77.1,77.4,79.1,77.06666666666668,78.60833333333333,1.527121949704509,0.2199520383693045,73.7,70.5,71.9
2026-08-06 05:00:00,Karachi,24.8607,67.0011,30.0,71.0,17.1,1000.0,unknown,4.0,22.66,105.05,0.09,0.61,72.36,41.61,0.0,76.3,,5.0,6.0,8.0,3.0,0.0,-0.5,76.8,77.3,78.6,76.73333333333335,78.5125,1.598181711384114,0.2157068062827225,73.1,69.3,71.9
2026-08-06 06:00:00,Karachi,24.8607,67.0011,30.4,70.0,17.7,999.8,unknown,4.0,22.43,105.6,0.08,0.61,72.48,41.91,0.0,76.0,,6.0,6.0,8.0,3.0,0.0,-0.2999999999999971,76.3,77.1,78.0,76.36666666666667,78.42916666666666,1.6763000578810314,0.212405303030303,72.3,67.9,71.3
2026-08-06 07:00:00,Karachi,24.8607,67.0011,30.9,68.0,17.9,999.5,unknown,4.0,22.28,105.73,0.07,0.61,72.6,41.8,0.0,76.1,,7.0,6.0,8.0,3.0,0.0,0.0999999999999943,76.0,76.8,77.8,76.13333333333334,78.35833333333333,1.7387943515825686,0.2107254327059491,71.5,66.5,70.5
2026-08-06 08:00:00,Karachi,24.8607,67.0011,30.9,69.0,18.1,999.0,unknown,4.0,22.27,105.67,0.07,0.61,72.18,41.29,0.0,76.1,,8.0,6.0,8.0,3.0,0.0,0.0,76.1,76.3,78.1,76.06666666666666,78.27499999999999,1.7986105748588317,0.2107504495126336,70.8,65.6,69.6
2026-08-06 09:00:00,Karachi,24.8607,67.0011,30.6,70.0,18.7,998.9,unknown,4.0,22.33,105.36,0.06,0.62,71.88,40.68,0.0,75.9,,9.0,6.0,8.0,3.0,0.0,-0.1999999999999886,76.1,76.0,78.7,76.03333333333335,78.15833333333335,1.8596205004761448,0.2119400151860288,70.5,65.6,68.8
2026-08-06 10:00:00,Karachi,24.8607,67.0011,30.5,71.0,18.9,998.4,unknown,4.0,22.39,104.66,0.06,0.62,72.14,40.54,0.0,75.8,,10.0,6.0,8.0,3.0,0.0,-0.1000000000000085,75.9,76.1,79.4,75.93333333333335,78.00833333333334,1.8998665094204048,0.2139308236193388,70.4,66.2,68.0
2026-08-06 11:00:00,Karachi,24.8607,67.0011,30.4,71.0,19.5,997.7,unknown,4.0,22.39,104.08,0.07,0.62,73.15,40.96,0.0,75.8,,11.0,6.0,8.0,3.0,0.0,0.0,75.8,76.1,79.9,75.83333333333336,77.83749999999999,1.9066958673131165,0.2151229823212913,70.3,66.4,67.5
2026-08-06 12:00:00,Karachi,24.8607,67.0011,30.1,72.0,17.9,997.9,unknown,4.0,22.52,104.54,0.08,0.62,74.5,41.83,0.0,76.0,,12.0,6.0,8.0,3.0,0.0,0.2000000000000028,75.8,75.9,80.0,75.86666666666667,77.67083333333333,1.8841395606621485,0.2154199349531279,70.1,66.3,67.2
2026-08-06 13:00:00,Karachi,24.8607,67.0011,29.4,73.0,17.1,997.9,unknown,4.0,22.89,106.56,0.09,0.63,75.4,42.7,0.0,76.7,,13.0,6.0,8.0,3.0,0.0,0.7000000000000028,76.0,75.8,80.4,76.16666666666667,77.51666666666667,1.800644007174638,0.2148085585585585,70.1,66.4,67.4
2026-08-06 14:00:00,Karachi,24.8607,67.0011,28.8,77.0,16.7,998.4,unknown,4.0,23.44,109.34,0.1,0.64,75.2,43.0,0.0,77.9,,14.0,6.0,8.0,3.0,0.0,1.2000000000000028,76.7,75.8,81.2,76.86666666666669,77.37916666666666,1.6245344929655532,0.214377172123651,70.3,66.4,67.4
2026-08-06 15:00:00,Karachi,24.8607,67.0011,28.5,78.0,15.7,998.9,unknown,4.0,23.99,111.94,0.11,0.65,74.48,42.73,0.0,79.2,,15.0,6.0,8.0,3.0,0.0,1.2999999999999972,77.9,76.0,81.8,77.93333333333334,77.27083333333333,1.386104697300445,0.2143112381633017,70.9,66.5,67.2
2026-08-06 16:00:00,Karachi,24.8607,67.0011,28.2,79.0,16.2,999.8,unknown,4.0,24.22,112.76,0.11,0.66,73.94,42.16,0.0,79.6,,16.0,6.0,8.0,3.0,0.0,0.3999999999999915,79.2,76.7,81.4,78.90000000000002,77.19583333333334,1.1874265804892064,0.2147924796026959,71.7,66.4,66.9
2026-08-06 17:00:00,Karachi,24.8607,67.0011,27.8,85.0,15.0,1000.7,unknown,4.0,24.25,112.51,0.12,0.66,73.81,41.58,0.0,79.5,,17.0,6.0,8.0,3.0,0.0,-0.0999999999999943,79.6,77.9,80.0,79.43333333333334,77.175,1.139507902940515,0.215536396764732,72.5,66.0,66.6
2026-08-06 18:00:00,Karachi,24.8607,67.0011,27.9,84.0,13.8,1000.4,unknown,4.0,24.08,111.69,0.12,0.66,73.3,40.83,0.0,79.1,,18.0,6.0,8.0,3.0,0.0,-0.4000000000000057,79.5,79.2,78.4,79.40000000000002,77.20416666666667,1.1804491284768912,0.2155967409794968,73.6,65.5,66.1
2026-08-06 19:00:00,Karachi,24.8607,67.0011,27.6,85.0,13.0,1000.3,unknown,4.0,23.71,110.56,0.12,0.65,72.34,39.86,0.0,78.5,,19.0,6.0,8.0,3.0,0.0,-0.5999999999999943,79.1,79.6,77.3,79.03333333333335,77.25416666666666,1.209735568180848,0.2144536903039073,72.9,65.2,65.8
2026-08-06 20:00:00,Karachi,24.8607,67.0011,27.5,86.0,11.8,999.9,unknown,4.0,23.33,109.3,0.12,0.64,71.23,38.97,0.0,77.9,,20.0,6.0,8.0,3.0,0.0,-0.5999999999999943,78.5,79.5,77.0,78.5,77.29166666666667,1.2154500567995394,0.2134492223238792,72.7,65.4,65.9
2026-08-06 21:00:00,Karachi,24.8607,67.0011,27.3,87.0,10.1,999.7,unknown,4.0,23.22,108.84,0.13,0.64,70.42,38.23,0.0,77.6,,21.0,6.0,8.0,3.0,0.0,-0.3000000000000113,77.9,79.1,77.2,78.00000000000001,77.30833333333332,1.2168800686360035,0.213340683572216,73.0,65.9,66.6
2026-08-06 22:00:00,Karachi,24.8607,67.0011,27.4,85.0,12.6,999.1,unknown,4.0,23.26,108.52,0.13,0.63,70.03,38.02,0.0,77.5,,22.0,6.0,8.0,3.0,0.0,-0.0999999999999943,77.6,78.5,77.3,77.66666666666669,77.31666666666666,1.2175051706559594,0.2143383708072245,73.3,66.8,67.6
2026-08-06 23:00:00,Karachi,24.8607,67.0011,27.3,85.0,13.2,998.9,unknown,4.0,23.22,107.18,0.13,0.63,69.72,37.76,0.0,77.3,,23.0,6.0,8.0,3.0,0.0,-0.2000000000000028,77.5,77.9,77.6,77.46666666666667,77.30416666666666,1.2160088553239137,0.2166448964359022,73.2,68.2,68.1
2026-08-07 00:00:00,Karachi,24.8607,67.0011,27.5,84.0,12.1,999.2,unknown,4.0,23.05,104.92,0.13,0.64,69.04,37.22,0.0,77.0,,0.0,7.0,8.0,4.0,0.0,-0.2999999999999971,77.3,77.6,77.9,77.26666666666667,77.26666666666667,1.210701078484518,0.2196911932901258,73.1,70.0,68.0
2026-08-07 01:00:00,Karachi,24.8607,67.0011,27.4,85.0,11.2,999.5,unknown,4.0,22.61,100.62,0.13,0.63,68.74,36.95,0.0,76.2,,1.0,7.0,8.0,4.0,0.0,-0.7999999999999972,77.0,77.5,77.4,76.83333333333333,77.21666666666667,1.229586946077961,0.2247068177300735,72.5,71.2,67.2
2026-08-07 02:00:00,Karachi,24.8607,67.0011,27.9,83.0,11.3,1000.0,unknown,3.0,22.08,96.59,0.13,0.62,68.37,36.78,0.0,75.2,,2.0,7.0,8.0,4.0,0.0,-1.0,76.2,77.3,77.3,76.13333333333334,77.12916666666666,1.2963088623707697,0.2285950926596956,72.1,71.7,66.0
2026-08-07 03:00:00,Karachi,24.8607,67.0011,28.8,77.0,14.2,1000.4,unknown,3.0,21.68,94.6,0.12,0.61,68.18,36.54,0.0,74.4,,3.0,7.0,8.0,4.0,0.0,-0.7999999999999972,75.2,77.0,77.1,75.26666666666668,77.01666666666667,1.411033129571372,0.2291754756871036,71.6,71.8,64.6
2026-08-07 04:00:00,Karachi,24.8607,67.0011,29.5,72.0,14.8,1000.8,unknown,3.0,21.3,94.26,0.11,0.6,67.87,36.18,0.0,73.7,,4.0,7.0,8.0,4.0,0.0,-0.7000000000000028,74.4,76.2,76.8,74.43333333333334,76.8875,1.565195501052863,0.2259707192870783,70.5,71.9,63.2
2026-08-07 05:00:00,Karachi,24.8607,67.0011,30.5,67.0,15.0,1001.1,unknown,3.0,20.95,94.18,0.1,0.59,67.97,35.94,0.0,73.1,,5.0,7.0,8.0,4.0,0.0,-0.6000000000000085,73.7,75.2,76.3,73.73333333333335,76.75416666666668,1.7435543823042583,0.2224463792737311,69.3,71.9,62.3
2026-08-07 06:00:00,Karachi,24.8607,67.0011,30.7,65.0,16.1,1001.3,unknown,3.0,20.54,92.66,0.09,0.57,68.17,35.67,0.0,72.3,,6.0,7.0,8.0,4.0,0.0,-0.7999999999999972,73.1,74.4,76.0,73.03333333333335,76.60000000000001,1.962917083897156,0.2216706237858838,67.9,71.3,61.7
2026-08-07 07:00:00,Karachi,24.8607,67.0011,30.9,65.0,15.3,1000.9,unknown,3.0,20.09,92.3,0.07,0.56,68.62,35.4,0.0,71.5,,7.0,7.0,8.0,4.0,0.0,-0.7999999999999972,72.3,73.7,76.1,72.30000000000001,76.40833333333333,2.221420749187784,0.2176598049837486,66.5,70.5,61.2
2026-08-07 08:00:00,Karachi,24.8607,67.0011,31.7,61.0,15.4,1000.3,unknown,3.0,19.74,91.79,0.07,0.55,69.05,35.19,0.0,70.8,,8.0,7.0,8.0,4.0,0.0,-0.7000000000000028,71.5,73.1,76.1,71.53333333333335,76.1875,2.499445590698882,0.2150561063296655,65.6,69.6,60.5
2026-08-07 09:00:00,Karachi,24.8607,67.0011,31.1,65.0,16.8,1000.1,unknown,3.0,19.57,91.08,0.06,0.53,69.12,34.89,0.0,70.5,,9.0,7.0,8.0,4.0,0.0,-0.2999999999999971,70.8,72.3,75.9,70.93333333333334,75.96249999999999,2.7563069968463463,0.2148660518225735,65.6,68.8,59.6
2026-08-07 10:00:00,Karachi,24.8607,67.0011,30.2,70.0,16.4,999.7,unknown,3.0,19.52,90.31,0.06,0.52,69.26,34.66,0.0,70.4,,10.0,7.0,8.0,4.0,0.0,-0.0999999999999943,70.5,71.5,75.8,70.56666666666668,75.7375,2.981364219395251,0.2161443915402502,66.2,68.0,59.0
2026-08-07 11:00:00,Karachi,24.8607,67.0011,30.3,68.0,16.2,999.0,unknown,3.0,19.44,89.47,0.06,0.51,69.14,34.44,0.0,70.3,,11.0,7.0,8.0,4.0,0.0,-0.1000000000000085,70.4,70.8,75.8,70.4,75.50833333333334,3.1810466785335203,0.2172795350396781,66.4,67.5,59.0
2026-08-07 12:00:00,Karachi,24.8607,67.0011,30.0,69.0,15.3,999.0,unknown,3.0,19.35,88.63,0.07,0.51,69.16,34.34,0.0,70.1,,12.0,7.0,8.0,4.0,0.0,-0.2000000000000028,70.3,70.5,76.0,70.26666666666668,75.2625,3.364108836061085,0.2183233668058219,66.3,67.2,59.6
2026-08-07 13:00:00,Karachi,24.8607,67.0011,29.2,72.0,12.9,999.4,unknown,3.0,19.35,88.43,0.08,0.51,69.41,34.46,0.0,70.1,,13.0,7.0,8.0,4.0,0.0,0.0,70.1,70.4,76.7,70.16666666666667,74.9875,3.5081659397560325,0.2188171435033359,66.4,67.4,60.5
2026-08-07 14:00:00,Karachi,24.8607,67.0011,28.7,74.0,13.4,999.7,unknown,3.0,19.47,89.54,0.09,0.51,69.63,34.55,0.0,70.3,,14.0,7.0,8.0,4.0,0.0,0.2000000000000028,70.1,70.3,77.9,70.16666666666667,74.67083333333333,3.57618684059368,0.2174447174447174,66.4,67.4,61.0
2026-08-07 15:00:00,Karachi,24.8607,67.0011,28.4,77.0,14.5,1000.0,unknown,3.0,19.8,92.14,0.1,0.51,69.85,34.51,0.0,70.9,,15.0,7.0,8.0,4.0,0.0,0.6000000000000085,70.3,70.1,79.2,70.43333333333334,74.325,3.5200358199751234,0.2148903841979596,66.5,67.2,61.2
2026-08-07 16:00:00,Karachi,24.8607,67.0011,28.1,79.0,12.1,1000.8,unknown,3.0,20.2,95.23,0.1,0.52,69.91,34.39,0.0,71.7,,16.0,7.0,8.0,4.0,0.0,0.7999999999999972,70.9,70.1,79.6,70.96666666666668,73.99583333333332,3.371553527441136,0.2121180300325527,66.4,66.9,61.2
2026-08-07 17:00:00,Karachi,24.8607,67.0011,27.8,81.0,12.9,1000.9,unknown,3.0,20.59,98.39,0.11,0.52,69.89,34.3,0.0,72.5,,17.0,7.0,8.0,4.0,0.0,0.7999999999999972,71.7,70.3,79.5,71.7,73.70416666666667,3.1715418231874097,0.2092692346783209,66.0,66.6,61.5
2026-08-07 18:00:00,Karachi,24.8607,67.0011,28.1,81.0,12.0,1001.3,unknown,4.0,20.83,100.57,0.11,0.51,69.81,34.19,0.0,73.6,,18.0,7.0,8.0,4.0,0.0,1.0999999999999943,72.5,70.9,79.1,72.60000000000001,73.47500000000001,2.9560917206447868,0.2071194193099333,65.5,66.1,62.5
2026-08-07 19:00:00,Karachi,24.8607,67.0011,28.0,81.0,11.1,1001.0,unknown,3.0,20.79,99.15,0.11,0.5,69.45,34.06,0.0,72.9,,19.0,7.0,8.0,4.0,0.0,-0.6999999999999886,73.6,71.7,78.5,73.00000000000001,73.24166666666666,2.7564811636926243,0.2096822995461421,65.2,65.8,63.6
2026-08-07 20:00:00,Karachi,24.8607,67.0011,27.9,81.0,11.5,1000.7,unknown,3.0,20.76,97.55,0.11,0.49,69.17,34.13,0.0,72.7,,20.0,7.0,8.0,4.0,0.0,-0.2000000000000028,72.9,72.5,77.9,73.06666666666668,73.02499999999999,2.5726403287021595,0.2128139415684264,65.4,65.9,64.6
2026-08-07 21:00:00,Karachi,24.8607,67.0011,27.7,83.0,12.4,1000.4,unknown,3.0,20.89,97.22,0.11,0.48,68.91,34.17,0.0,73.0,,21.0,7.0,8.0,4.0,0.0,0.2999999999999971,72.7,73.6,77.6,72.86666666666667,72.83333333333333,2.3812066116848123,0.2148734828224645,65.9,66.6,65.6
2026-08-07 22:00:00,Karachi,24.8607,67.0011,27.5,84.0,12.0,1000.2,unknown,3.0,21.06,97.18,0.11,0.47,68.68,34.28,0.0,73.3,,22.0,7.0,8.0,4.0,0.0,0.2999999999999971,73.0,72.9,77.5,73.00000000000001,72.65833333333333,2.1681321688136426,0.2167112574603827,66.8,67.6,65.5
2026-08-07 23:00:00,Karachi,24.8607,67.0011,27.3,85.0,10.8,1000.0,unknown,3.0,21.04,95.66,0.11,0.47,68.56,34.5,0.0,73.2,,23.0,7.0,8.0,4.0,0.0,-0.0999999999999943,73.3,72.7,77.3,73.16666666666667,72.4875,1.9355512640195012,0.2199456408112063,68.2,68.1,65.8
2026-08-08 00:00:00,Karachi,24.8607,67.0011,27.3,86.0,10.8,1000.6,unknown,3.0,20.95,92.51,0.11,0.46,68.56,34.89,0.0,73.1,,0.0,8.0,8.0,5.0,1.0,-0.1000000000000085,73.2,73.0,77.0,73.2,72.325,1.6881299146366089,0.226462004107664,70.0,68.0,66.7
2026-08-08 01:00:00,Karachi,24.8607,67.0011,27.0,87.0,9.6,1000.5,unknown,3.0,20.66,91.2,0.11,0.45,68.8,35.44,0.0,72.5,,1.0,8.0,8.0,5.0,1.0,-0.5999999999999943,73.1,73.3,76.2,72.93333333333334,72.17083333333333,1.4742659681763397,0.2265350877192982,71.2,67.2,66.8
2026-08-08 02:00:00,Karachi,24.8607,67.0011,27.5,84.0,10.5,1001.0,unknown,3.0,20.43,90.27,0.11,0.45,68.9,35.79,0.0,72.1,,2.0,8.0,8.0,5.0,1.0,-0.4000000000000057,72.5,73.2,75.2,72.56666666666668,72.04166666666667,1.325639031024329,0.226321036889332,71.7,66.0,65.7
2026-08-08 03:00:00,Karachi,24.8607,67.0011,28.3,79.0,12.2,1001.3,unknown,3.0,20.16,88.37,0.12,0.45,68.67,36.01,0.0,71.6,,3.0,8.0,8.0,5.0,1.0,-0.5,72.1,73.1,74.4,72.06666666666666,71.925,1.2287321142914296,0.228131718909132,71.8,64.6,64.8
2026-08-08 04:00:00,Karachi,24.8607,67.0011,29.2,73.0,13.1,1001.7,unknown,3.0,19.59,84.75,0.12,0.45,68.4,36.13,0.0,70.5,,4.0,8.0,8.0,5.0,1.0,-1.0999999999999943,71.6,72.5,73.7,71.39999999999999,71.79166666666667,1.2010562983805204,0.2311504424778761,71.9,63.2,64.8
2026-08-08 05:00:00,Karachi,24.8607,67.0011,30.2,67.0,13.8,1002.0,unknown,3.0,18.91,80.7,0.11,0.45,68.11,36.17,0.0,69.3,,5.0,8.0,8.0,5.0,1.0,-1.2000000000000028,70.5,72.1,73.1,70.46666666666668,71.63333333333333,1.2695999598166765,0.2343246592317224,71.9,62.3,65.5
2026-08-08 06:00:00,Karachi,24.8607,67.0011,30.3,67.0,14.6,1002.5,unknown,3.0,18.17,76.77,0.1,0.45,67.85,36.21,0.0,67.9,,6.0,8.0,8.0,5.0,1.0,-1.3999999999999917,69.3,71.6,72.3,69.23333333333333,71.45,1.4708766980495305,0.236680995180409,71.3,61.7,66.0
2026-08-08 07:00:00,Karachi,24.8607,67.0011,29.9,70.0,15.4,1002.3,unknown,3.0,17.44,74.01,0.09,0.45,67.56,36.39,0.0,66.5,,7.0,8.0,8.0,5.0,1.0,-1.4000000000000057,67.9,70.5,71.5,67.90000000000002,71.24166666666666,1.7842101325508184,0.2356438319146061,70.5,61.2,66.2
2026-08-08 08:00:00,Karachi,24.8607,67.0011,30.8,66.0,15.0,1001.9,unknown,3.0,16.95,73.22,0.08,0.44,67.83,36.78,0.0,65.6,,8.0,8.0,8.0,5.0,1.0,-0.9000000000000057,66.5,69.3,70.8,66.66666666666667,71.02499999999999,2.1236248747580757,0.2314941272876263,69.6,60.5,66.2
2026-08-08 09:00:00,Karachi,24.8607,67.0011,30.9,65.0,14.4,1001.3,unknown,3.0,16.96,74.81,0.08,0.43,68.05,37.05,0.0,65.6,,9.0,8.0,8.0,5.0,1.0,0.0,65.6,67.9,70.5,65.9,70.82083333333334,2.3945552671700576,0.226707659403823,68.8,59.6,66.1
2026-08-08 10:00:00,Karachi,24.8607,67.0011,30.5,66.0,13.2,1000.6,unknown,3.0,17.26,76.56,0.08,0.43,68.35,37.33,0.0,66.2,,10.0,8.0,8.0,5.0,1.0,0.6000000000000085,65.6,66.5,70.4,65.80000000000001,70.64583333333333,2.573439445509804,0.2254440961337513,68.0,59.0,65.6
2026-08-08 11:00:00,Karachi,24.8607,67.0011,30.6,64.0,11.6,1000.1,unknown,3.0,17.38,75.21,0.08,0.41,68.82,37.54,0.0,66.4,,11.0,8.0,8.0,5.0,1.0,0.2000000000000028,66.2,65.6,70.3,66.06666666666668,70.48333333333333,2.7154416194058544,0.231086291716527,67.5,59.0,65.0
2026-08-08 12:00:00,Karachi,24.8607,67.0011,30.6,65.0,11.7,1000.1,unknown,3.0,17.32,74.0,0.08,0.4,69.38,37.81,0.0,66.3,,12.0,8.0,8.0,5.0,1.0,-0.1000000000000085,66.4,65.6,70.1,66.30000000000001,70.325,2.846393599229532,0.234054054054054,67.2,59.6,65.0
2026-08-08 13:00:00,Karachi,24.8607,67.0011,29.7,68.0,11.7,1000.3,unknown,3.0,17.34,74.62,0.09,0.4,70.08,38.13,0.0,66.4,,13.0,8.0,8.0,5.0,1.0,0.1000000000000085,66.3,66.2,70.1,66.36666666666669,70.17083333333333,2.95715479688659,0.2323773787188421,67.4,60.5,65.7
2026-08-08 14:00:00,Karachi,24.8607,67.0011,29.0,72.0,12.1,1000.8,unknown,3.0,17.36,75.36,0.1,0.4,70.55,38.19,0.0,66.4,,14.0,8.0,8.0,5.0,1.0,0.0,66.4,66.4,70.3,66.36666666666669,70.00833333333334,3.055275788684765,0.2303609341825902,67.4,61.0,67.0
2026-08-08 15:00:00,Karachi,24.8607,67.0011,28.4,77.0,11.9,1001.6,unknown,3.0,17.4,74.47,0.1,0.4,70.64,37.97,0.0,66.5,,15.0,8.0,8.0,5.0,1.0,0.0999999999999943,66.4,66.3,70.9,66.43333333333335,69.825,3.1305298898589293,0.2336511346851081,67.2,61.2,68.3
2026-08-08 16:00:00,Karachi,24.8607,67.0011,28.2,79.0,11.5,1002.2,unknown,3.0,17.34,72.14,0.1,0.4,70.42,37.58,0.0,66.4,,16.0,8.0,8.0,5.0,1.0,-0.0999999999999943,66.5,66.4,71.7,66.43333333333335,69.60416666666667,3.179072761542941,0.2403659550873302,66.9,61.2,69.2
2026-08-08 17:00:00,Karachi,24.8607,67.0011,28.0,80.0,11.5,1003.0,unknown,3.0,17.14,68.81,0.1,0.4,70.43,37.33,0.0,66.0,,17.0,8.0,8.0,5.0,1.0,-0.4000000000000057,66.4,66.4,72.5,66.30000000000001,69.33333333333333,3.198459774255749,0.2490917017875308,66.6,61.5,69.6
2026-08-08 18:00:00,Karachi,24.8607,67.0011,27.9,80.0,10.5,1003.3,unknown,3.0,16.86,67.05,0.1,0.39,70.36,37.31,0.0,65.5,,18.0,8.0,8.0,5.0,1.0,-0.5,66.0,66.5,73.6,65.96666666666668,68.99583333333332,3.155737241315865,0.2514541387024608,66.1,62.5,69.9
2026-08-08 19:00:00,Karachi,24.8607,67.0011,27.6,82.0,9.9,1003.4,unknown,3.0,16.7,65.45,0.1,0.38,70.15,37.25,0.0,65.2,,19.0,8.0,8.0,5.0,1.0,-0.2999999999999971,65.5,66.4,72.9,65.56666666666668,68.675,3.1328900395634776,0.2551566080977845,65.8,63.6,70.2
2026-08-08 20:00:00,Karachi,24.8607,67.0011,27.4,83.0,9.7,1003.2,unknown,3.0,16.82,64.05,0.11,0.37,70.19,37.32,0.0,65.4,,20.0,8.0,8.0,5.0,1.0,0.2000000000000028,65.2,66.0,72.7,65.36666666666667,68.37083333333334,3.079028526445116,0.2626073380171741,65.9,64.6,70.7
2026-08-08 21:00:00,Karachi,24.8607,67.0011,27.2,84.0,8.7,1002.6,unknown,3.0,17.12,63.64,0.11,0.36,70.17,37.51,0.0,65.9,,21.0,8.0,8.0,5.0,1.0,0.5,65.4,65.5,73.0,65.50000000000001,68.075,2.9534430901835065,0.2690131992457574,66.6,65.6,71.1
2026-08-08 22:00:00,Karachi,24.8607,67.0011,27.0,85.0,7.6,1002.6,unknown,3.0,17.58,64.8,0.11,0.34,70.31,37.68,0.0,66.8,,22.0,8.0,8.0,5.0,1.0,0.8999999999999915,65.9,65.2,73.3,66.03333333333335,67.80416666666667,2.7440812458916386,0.2712962962962962,67.6,65.5,71.6
2026-08-08 23:00:00,Karachi,24.8607,67.0011,26.7,87.0,8.5,1002.3,unknown,3.0,18.35,68.04,0.11,0.34,70.34,37.79,0.0,68.2,,23.0,8.0,8.0,5.0,1.0,1.4000000000000057,66.8,65.4,73.2,66.96666666666668,67.59583333333333,2.495122052719525,0.2696942974720752,68.1,65.8,71.9
2026-08-09 00:00:00,Karachi,24.8607,67.0011,27.1,84.0,8.5,1002.3,unknown,3.0,19.28,72.0,0.11,0.34,70.42,37.82,0.0,70.0,,0.0,9.0,8.0,6.0,1.0,1.7999999999999972,68.2,65.9,73.1,68.33333333333333,67.46666666666667,2.267668150452359,0.2677777777777778,68.0,66.7,72.1
2026-08-09 01:00:00,Karachi,24.8607,67.0011,27.0,85.0,7.9,1002.9,unknown,3.0,19.95,74.12,0.1,0.34,70.49,37.98,0.0,71.2,,1.0,9.0,8.0,6.0,1.0,1.2000000000000028,70.0,66.8,72.5,69.80000000000001,67.41250000000001,2.154936193950143,0.269158121964382,67.2,66.8,71.8
2026-08-09 02:00:00,Karachi,24.8607,67.0011,27.5,83.0,8.9,1003.3,unknown,3.0,20.21,74.18,0.11,0.33,70.74,38.34,0.0,71.7,,2.0,9.0,8.0,6.0,1.0,0.5,71.2,68.2,72.1,70.96666666666668,67.39583333333333,2.1183420848394934,0.2724454030736047,66.0,65.7,71.0
2026-08-09 03:00:00,Karachi,24.8607,67.0011,28.5,77.0,10.7,1003.6,unknown,3.0,20.25,73.32,0.11,0.32,71.0,38.95,0.0,71.8,,3.0,9.0,8.0,6.0,1.0,0.0999999999999943,71.7,70.0,71.6,71.56666666666668,67.40416666666667,2.135920363004619,0.2761865793780688,64.6,64.8,70.5
2026-08-09 04:00:00,Karachi,24.8607,67.0011,29.6,71.0,10.4,1003.7,unknown,3.0,20.33,74.07,0.09,0.31,71.18,39.71,0.0,71.9,,4.0,9.0,8.0,6.0,1.0,0.1000000000000085,71.8,71.2,70.5,71.80000000000001,67.4625,2.240693312735023,0.274470095855272,63.2,64.8,70.9
2026-08-09 05:00:00,Karachi,24.8607,67.0011,30.8,65.0,10.2,1003.7,unknown,3.0,20.31,74.37,0.08,0.31,71.56,40.65,0.0,71.9,,5.0,9.0,8.0,6.0,1.0,0.0,71.9,71.7,69.3,71.86666666666669,67.57083333333334,2.3911938380254303,0.2730939895118999,62.3,65.5,71.7
2026-08-09 06:00:00,Karachi,24.8607,67.0011,31.1,64.0,10.4,1003.8,unknown,3.0,20.01,72.13,0.06,0.3,72.02,41.55,0.0,71.3,,6.0,9.0,8.0,6.0,1.0,-0.6000000000000085,71.9,71.8,67.9,71.7,67.7125,2.509341243883965,0.2774157770691807,61.7,66.0,72.1
2026-08-09 07:00:00,Karachi,24.8607,67.0011,30.7,67.0,12.5,1003.4,unknown,3.0,19.57,70.84,0.05,0.29,72.53,42.07,0.0,70.5,,7.0,9.0,8.0,6.0,1.0,-0.7999999999999972,71.3,71.9,66.5,71.23333333333335,67.87916666666668,2.557678833334821,0.2762563523433088,61.2,66.2,71.8
2026-08-09 08:00:00,Karachi,24.8607,67.0011,30.7,68.0,14.5,1003.1,unknown,3.0,19.11,70.5,0.05,0.28,72.9,42.17,0.0,69.6,,8.0,9.0,8.0,6.0,1.0,-0.9000000000000057,70.5,71.9,65.6,70.46666666666668,68.04583333333333,2.532910195401169,0.271063829787234,60.5,66.2,71.2
2026-08-09 09:00:00,Karachi,24.8607,67.0011,31.0,67.0,15.0,1002.7,unknown,3.0,18.65,70.23,0.05,0.29,72.81,41.72,0.0,68.8,,9.0,9.0,8.0,6.0,1.0,-0.7999999999999972,69.6,71.3,65.6,69.63333333333334,68.17916666666666,2.482281413234384,0.2655560301865299,59.6,66.1,70.3
2026-08-09 10:00:00,Karachi,24.8607,67.0011,30.6,68.0,15.9,1002.1,unknown,3.0,18.23,69.44,0.04,0.29,72.61,40.89,0.0,68.0,,10.0,9.0,8.0,6.0,1.0,-0.7999999999999972,68.8,70.5,66.2,68.80000000000001,68.25416666666666,2.4468221034217463,0.262528801843318,59.0,65.6,69.1
2026-08-09 11:00:00,Karachi,24.8607,67.0011,30.2,69.0,15.8,1001.8,unknown,3.0,17.93,68.9,0.05,0.3,72.13,39.8,0.0,67.5,,11.0,9.0,8.0,6.0,1.0,-0.5,68.0,69.6,66.4,68.10000000000001,68.3,2.4207436873812367,0.260232220609579,59.0,65.0,67.9
2026-08-09 12:00:00,Karachi,24.8607,67.0011,30.1,68.0,15.8,1001.9,unknown,3.0,17.81,69.0,0.05,0.32,71.56,38.81,0.0,67.2,,12.0,9.0,8.0,6.0,1.0,-0.2999999999999971,67.5,68.8,66.3,67.56666666666668,68.3375,2.395251189513464,0.2581159420289854,59.6,65.0,66.9
2026-08-09 13:00:00,Karachi,24.8607,67.0011,29.1,73.0,14.0,1001.9,unknown,3.0,17.88,69.37,0.06,0.34,71.07,38.2,0.0,67.4,,13.0,9.0,8.0,6.0,1.0,0.2000000000000028,67.2,68.0,66.4,67.36666666666667,68.37916666666668,2.368631813233697,0.2577483061842294,60.5,65.7,66.3
2026-08-09 14:00:00,Karachi,24.8607,67.0011,28.6,75.0,12.5,1002.4,unknown,3.0,17.88,69.2,0.08,0.35,70.92,37.85,0.0,67.4,,14.0,9.0,8.0,6.0,1.0,0.0,67.4,67.5,66.4,67.33333333333336,68.42083333333333,2.3409361127664394,0.2583815028901733,61.0,67.0,66.1
2026-08-09 15:00:00,Karachi,24.8607,67.0011,28.3,77.0,11.1,1002.9,unknown,3.0,17.79,68.47,0.08,0.35,71.09,37.83,0.0,67.2,,15.0,9.0,8.0,6.0,1.0,-0.2000000000000028,67.4,67.2,66.5,67.33333333333336,68.45,2.3202323721700013,0.2598218197750839,61.2,68.3,65.9
2026-08-09 16:00:00,Karachi,24.8607,67.0011,28.2,78.0,12.9,1003.2,unknown,3.0,17.64,67.44,0.08,0.35,71.32,37.97,0.0,66.9,,16.0,9.0,8.0,6.0,1.0,-0.2999999999999971,67.2,67.4,66.4,67.16666666666667,68.47083333333335,2.3032074358923222,0.2615658362989324,61.2,69.2,65.7
2026-08-09 17:00:00,Karachi,24.8607,67.0011,28.0,79.0,12.5,1004.0,unknown,3.0,17.45,66.46,0.08,0.35,71.73,38.26,0.0,66.6,,17.0,9.0,8.0,6.0,1.0,-0.3000000000000113,66.9,67.4,66.0,66.9,68.49583333333334,2.2783440146894893,0.2625639482395426,61.5,69.6,65.6
2026-08-09 18:00:00,Karachi,24.8607,67.0011,28.2,78.0,14.3,1003.8,unknown,3.0,17.23,66.23,0.08,0.35,72.23,38.71,0.0,66.1,,18.0,9.0,8.0,6.0,1.0,-0.5,66.6,67.2,65.5,66.53333333333335,68.52083333333333,2.2471197345591816,0.2601540087573607,62.5,69.9,65.2
2026-08-09 19:00:00,Karachi,24.8607,67.0011,27.8,80.0,15.1,1003.4,unknown,3.0,17.05,66.81,0.08,0.35,72.77,39.21,0.0,65.8,,19.0,9.0,8.0,6.0,1.0,-0.2999999999999971,66.1,66.9,65.2,66.16666666666667,68.54583333333333,2.211625246708878,0.2552013171680886,63.6,70.2,65.1
2026-08-09 20:00:00,Karachi,24.8607,67.0011,27.5,83.0,12.7,1003.1,unknown,3.0,17.12,68.9,0.08,0.35,73.28,39.71,0.0,65.9,,20.0,9.0,8.0,6.0,1.0,0.1000000000000085,65.8,66.6,65.4,65.93333333333334,68.56666666666666,2.182871397088689,0.2484760522496371,64.6,70.7,65.1
2026-08-09 21:00:00,Karachi,24.8607,67.0011,27.3,84.0,9.7,1002.7,unknown,3.0,17.48,72.35,0.08,0.36,73.64,40.07,0.0,66.6,,21.0,9.0,8.0,6.0,1.0,0.6999999999999886,65.9,66.1,65.9,66.10000000000001,68.59583333333335,2.150122173811264,0.2416033172080166,65.6,71.1,65.3
2026-08-09 22:00:00,Karachi,24.8607,67.0011,27.1,86.0,9.4,1002.4,unknown,3.0,17.99,75.2,0.08,0.36,74.1,40.31,0.0,67.6,,22.0,9.0,8.0,6.0,1.0,1.0,66.6,65.8,66.8,66.7,68.62916666666666,2.1271493818605336,0.2392287234042553,65.5,71.6,65.3
2026-08-09 23:00:00,Karachi,24.8607,67.0011,27.0,86.0,11.2,1002.1,unknown,3.0,18.29,75.39,0.09,0.36,73.92,40.18,0.0,68.1,,23.0,9.0,8.0,6.0,1.0,0.5,67.6,65.9,68.2,67.43333333333334,68.625,2.128124301697222,0.2426051200424459,65.8,71.9,65.3
2026-08-10 00:00:00,Karachi,24.8607,67.0011,27.3,84.0,12.9,1002.4,unknown,3.0,18.24,73.02,0.09,0.35,73.57,39.65,0.0,68.0,,0.0,10.0,8.0,0.0,0.0,-0.0999999999999943,68.1,66.6,70.0,67.89999999999999,68.54166666666667,2.1110303823863763,0.2497945768282662,66.7,72.1,65.2
2026-08-10 01:00:00,Karachi,24.8607,67.0011,27.2,85.0,11.5,1002.5,unknown,3.0,17.81,67.83,0.09,0.34,72.91,38.93,0.0,67.2,,1.0,10.0,8.0,0.0,0.0,-0.7999999999999972,68.0,67.6,71.2,67.76666666666668,68.375,2.0490188532235765,0.2625681851688043,66.8,71.8,65.4
2026-08-10 02:00:00,Karachi,24.8607,67.0011,27.6,83.0,13.0,1002.9,unknown,3.0,17.17,61.57,0.1,0.35,72.31,38.12,0.0,66.0,,2.0,10.0,8.0,0.0,0.0,-1.2000000000000028,67.2,68.1,71.7,67.06666666666668,68.1375,1.9759010052643964,0.278869579340588,65.7,71.0,65.6
2026-08-10 03:00:00,Karachi,24.8607,67.0011,28.5,78.0,13.6,1003.2,unknown,3.0,16.4,56.02,0.1,0.34,71.76,37.58,0.0,64.6,,3.0,10.0,8.0,0.0,0.0,-1.4000000000000057,66.0,68.0,71.8,65.93333333333335,67.83749999999999,1.9419426624759213,0.2927525883612994,64.8,70.5,65.9
2026-08-10 04:00:00,Karachi,24.8607,67.0011,29.6,71.0,16.0,1003.4,unknown,3.0,15.67,52.85,0.09,0.33,71.43,37.49,0.0,63.2,,4.0,10.0,8.0,0.0,0.0,-1.3999999999999917,64.6,67.2,71.9,64.60000000000001,67.475,1.962529423760768,0.2964995269631031,64.8,70.9,65.8
2026-08-10 05:00:00,Karachi,24.8607,67.0011,30.7,64.0,16.9,1003.4,unknown,3.0,15.18,52.1,0.07,0.33,71.17,37.62,0.0,62.3,,5.0,10.0,8.0,0.0,0.0,-0.9000000000000057,63.2,66.0,71.9,63.366666666666674,67.075,1.999402084536427,0.291362763915547,65.5,71.7,65.8
2026-08-10 06:00:00,Karachi,24.8607,67.0011,30.6,66.0,18.9,1003.4,unknown,3.0,14.85,52.07,0.06,0.32,70.74,37.71,0.0,61.7,,6.0,10.0,8.0,0.0,0.0,-0.5999999999999943,62.3,64.6,71.3,62.40000000000001,66.675,2.0762110138205063,0.285193009410409,66.0,72.1,65.7
2026-08-10 07:00:00,Karachi,24.8607,67.0011,31.1,64.0,18.9,1002.7,unknown,3.0,14.57,51.89,0.05,0.31,70.56,37.63,0.0,61.2,,7.0,10.0,8.0,0.0,0.0,-0.5,61.7,63.2,70.5,61.73333333333335,66.2875,2.195709749567197,0.2807862786664097,66.2,71.8,65.5
2026-08-10 08:00:00,Karachi,24.8607,67.0011,30.8,65.0,18.6,1002.1,unknown,3.0,14.19,50.79,0.05,0.31,70.38,37.51,0.0,60.5,,8.0,10.0,8.0,0.0,0.0,-0.7000000000000028,61.2,62.3,69.6,61.13333333333335,65.90833333333333,2.377049077919362,0.2793857058476078,66.2,71.2,65.2
2026-08-10 09:00:00,Karachi,24.8607,67.0011,30.6,67.0,18.8,1001.6,unknown,2.0,13.73,49.25,0.05,0.31,70.38,37.49,0.0,59.6,,9.0,10.0,8.0,0.0,0.0,-0.8999999999999986,60.5,61.7,68.8,60.433333333333344,65.525,2.6198655790270435,0.2787817258883249,66.1,70.3,64.7
2026-08-10 10:00:00,Karachi,24.8607,67.0011,30.0,70.0,19.5,1001.1,unknown,2.0,13.38,48.78,0.05,0.31,70.41,37.55,0.0,59.0,,10.0,10.0,8.0,0.0,0.0,-0.6000000000000014,59.6,61.2,68.0,59.70000000000001,65.15,2.88127387286104,0.2742927429274293,65.6,69.1,64.3
2026-08-10 11:00:00,Karachi,24.8607,67.0011,29.6,73.0,19.5,1000.4,unknown,3.0,13.4,50.41,0.05,0.34,69.92,37.23,0.0,59.0,,11.0,10.0,8.0,0.0,0.0,0.0,59.0,60.5,67.5,59.20000000000001,64.79583333333333,3.094381889062704,0.2658202737552073,65.0,67.9,63.9
2026-08-10 12:00:00,Karachi,24.8607,67.0011,29.5,70.0,20.2,1000.4,unknown,3.0,13.73,53.36,0.05,0.37,69.2,36.82,0.0,59.6,,12.0,10.0,8.0,0.0,0.0,0.6000000000000014,59.0,59.6,67.2,59.20000000000001,64.47916666666667,3.223821546288792,0.2573088455772114,65.0,66.9,63.3
2026-08-10 13:00:00,Karachi,24.8607,67.0011,28.5,74.0,20.1,1000.4,unknown,3.0,14.2,56.45,0.06,0.39,68.62,36.7,0.0,60.5,,13.0,10.0,8.0,0.0,0.0,0.8999999999999986,59.6,59.0,67.4,59.70000000000001,64.19166666666666,3.2594900463593866,0.2515500442869796,65.7,66.3,62.7
2026-08-10 14:00:00,Karachi,24.8607,67.0011,27.8,77.0,18.2,1000.8,unknown,3.0,14.49,58.1,0.08,0.4,68.64,36.99,0.0,61.0,,14.0,10.0,8.0,0.0,0.0,0.5,60.5,59.0,67.4,60.366666666666674,63.925,3.247373520648007,0.2493975903614458,67.0,66.1,62.0
2026-08-10 15:00:00,Karachi,24.8607,67.0011,27.7,77.0,17.1,1001.3,unknown,3.0,14.58,58.73,0.08,0.4,69.23,37.65,0.0,61.2,,15.0,10.0,8.0,0.0,0.0,0.2000000000000028,61.0,59.6,67.2,60.90000000000001,63.675,3.215079957082245,0.2482547250127703,68.3,65.9,61.0
2026-08-10 16:00:00,Karachi,24.8607,67.0011,27.7,77.0,14.5,1001.9,unknown,3.0,14.56,59.07,0.08,0.4,70.29,38.32,0.0,61.2,,16.0,10.0,8.0,0.0,0.0,0.0,61.2,60.5,66.9,61.13333333333335,63.4375,3.176792544306671,0.2464872185542576,69.2,65.7,60.3
2026-08-10 17:00:00,Karachi,24.8607,67.0011,27.5,81.0,13.6,1002.7,unknown,3.0,14.75,60.72,0.08,0.41,70.96,38.7,0.0,61.5,,17.0,10.0,8.0,0.0,0.0,0.2999999999999971,61.2,61.0,66.6,61.30000000000001,63.225,3.1262215003998834,0.2429183135704875,69.6,65.6,60.4
2026-08-10 18:00:00,Karachi,24.8607,67.0011,27.8,81.0,14.6,1002.0,unknown,3.0,15.27,64.24,0.09,0.43,71.26,38.6,0.0,62.5,,18.0,10.0,8.0,0.0,0.0,1.0,61.5,61.2,66.1,61.73333333333335,63.07500000000001,3.068103790545967,0.2377023661270236,69.9,65.2,61.8
2026-08-10 19:00:00,Karachi,24.8607,67.0011,27.4,83.0,14.0,1001.4,unknown,3.0,15.85,66.78,0.09,0.45,71.2,38.24,0.0,63.6,,19.0,10.0,8.0,0.0,0.0,1.1000000000000014,62.5,61.2,65.8,62.53333333333334,62.98333333333333,3.015563494341171,0.2373465109314166,70.2,65.1,63.7
2026-08-10 20:00:00,Karachi,24.8607,67.0011,27.2,85.0,13.4,1000.9,unknown,3.0,16.4,70.21,0.09,0.45,71.16,37.83,0.0,64.6,,20.0,10.0,8.0,0.0,0.0,0.9999999999999928,63.6,61.5,65.9,63.56666666666667,62.92916666666667,2.9722600340720984,0.2335849594074918,70.7,65.1,65.1
2026-08-10 21:00:00,Karachi,24.8607,67.0011,27.1,86.0,12.9,1000.1,unknown,3.0,16.93,73.6,0.1,0.44,71.27,37.49,0.0,65.6,,21.0,10.0,8.0,0.0,0.0,1.0,64.6,62.5,66.6,64.60000000000001,62.8875,2.925199733053834,0.2300271739130435,71.1,65.3,65.7
2026-08-10 22:00:00,Karachi,24.8607,67.0011,27.1,86.0,12.5,1000.1,unknown,3.0,16.86,73.63,0.1,0.42,71.72,37.9,0.0,65.5,,22.0,10.0,8.0,0.0,0.0,-0.0999999999999943,65.6,63.6,67.6,65.23333333333333,62.8,2.8071337695231726,0.2289827515958169,71.6,65.3,65.6
2026-08-10 23:00:00,Karachi,24.8607,67.0011,27.1,86.0,12.7,999.9,unknown,3.0,17.06,73.95,0.1,0.42,71.91,37.84,0.0,65.8,,23.0,10.0,8.0,0.0,0.0,0.2999999999999971,65.5,64.6,68.1,65.63333333333334,62.70416666666667,2.6533783497013887,0.2306964164976335,71.9,65.3,65.6
2026-08-11 00:00:00,Karachi,24.8607,67.0011,27.4,83.0,15.0,1000.4,unknown,3.0,17.54,74.85,0.1,0.42,71.6,37.31,0.0,66.7,,0.0,11.0,8.0,1.0,0.0,0.9000000000000057,65.8,65.6,68.0,66.00000000000001,62.650000000000006,2.551896140723774,0.2343353373413493,72.1,65.2,66.3
2026-08-11 01:00:00,Karachi,24.8607,67.0011,27.4,83.0,14.5,1000.7,unknown,3.0,17.56,73.66,0.1,0.42,71.35,37.26,0.0,66.8,,1.0,11.0,8.0,1.0,0.0,0.0999999999999943,66.7,65.5,67.2,66.43333333333334,62.63333333333333,2.522018974976664,0.2383926147162639,71.8,65.4,67.2
2026-08-11 02:00:00,Karachi,24.8607,67.0011,27.7,83.0,14.1,1001.2,unknown,3.0,16.97,71.25,0.1,0.41,71.77,38.0,0.0,65.7,,2.0,11.0,8.0,1.0,0.0,-1.0999999999999943,66.8,65.8,66.0,66.4,62.62083333333334,2.505295116984389,0.2381754385964912,71.0,65.6,67.8
2026-08-11 03:00:00,Karachi,24.8607,67.0011,28.7,76.0,16.5,1001.4,unknown,3.0,16.53,70.76,0.1,0.39,72.39,39.17,0.0,64.8,,3.0,11.0,8.0,1.0,0.0,-0.9000000000000057,65.7,66.7,64.6,65.76666666666667,62.62916666666667,2.5124869312510985,0.2336065573770492,70.5,65.9,68.2
2026-08-11 04:00:00,Karachi,24.8607,67.0011,29.2,72.0,18.1,1001.7,unknown,3.0,16.52,72.25,0.09,0.39,72.69,40.16,0.0,64.8,,4.0,11.0,8.0,1.0,0.0,0.0,64.8,66.8,63.2,65.10000000000001,62.69583333333333,2.5492503871195717,0.2286505190311418,70.9,65.8,68.2
2026-08-11 05:00:00,Karachi,24.8607,67.0011,29.5,71.0,18.4,1001.8,unknown,3.0,16.86,74.87,0.08,0.39,72.5,40.54,0.0,65.5,,5.0,11.0,8.0,1.0,0.0,0.7000000000000028,64.8,65.7,62.3,65.03333333333335,62.82916666666667,2.610593663395299,0.2251903299051689,71.7,65.8,68.0
2026-08-11 06:00:00,Karachi,24.8607,67.0011,30.1,69.0,18.9,1002.1,unknown,3.0,17.15,76.76,0.07,0.41,72.07,40.46,0.0,66.0,,6.0,11.0,8.0,1.0,0.0,0.5,65.5,64.8,61.7,65.43333333333334,63.00833333333333,2.676453959458068,0.2234236581552891,72.1,65.7,67.9
2026-08-11 07:00:00,Karachi,24.8607,67.0011,30.2,69.0,19.2,1001.4,unknown,3.0,17.24,77.29,0.06,0.41,71.7,40.38,0.0,66.2,,7.0,11.0,8.0,1.0,0.0,0.2000000000000028,66.0,64.8,61.2,65.90000000000002,63.21666666666667,2.72375486777122,0.2230560227713804,71.8,65.5,67.2
2026-08-11 08:00:00,Karachi,24.8607,67.0011,30.1,69.0,18.3,1000.8,unknown,3.0,17.24,77.34,0.05,0.42,71.54,40.65,0.0,66.2,,8.0,11.0,8.0,1.0,0.0,0.0,66.2,65.5,60.5,66.13333333333334,63.45416666666667,2.725081437421077,0.2229118179467287,71.2,65.2,65.8
2026-08-11 09:00:00,Karachi,24.8607,67.0011,30.2,71.0,17.1,1000.4,unknown,3.0,17.18,76.96,0.05,0.41,72.03,41.28,0.0,66.1,,9.0,11.0,8.0,1.0,0.0,-0.1000000000000085,66.2,66.0,59.6,66.16666666666667,63.725,2.6472709491584,0.2232328482328482,70.3,64.7,64.1
2026-08-11 10:00:00,Karachi,24.8607,67.0011,29.8,72.0,16.9,999.5,unknown,3.0,16.95,75.77,0.05,0.41,72.84,42.17,0.0,65.6,,10.0,11.0,8.0,1.0,0.0,-0.5,66.1,66.2,59.0,65.96666666666667,64.0,2.472105246105667,0.2237033126567243,69.1,64.3,63.9
2026-08-11 11:00:00,Karachi,24.8607,67.0011,29.9,72.0,16.9,998.6,unknown,3.0,16.64,74.38,0.05,0.4,73.19,42.5,0.0,65.0,,11.0,11.0,8.0,1.0,0.0,-0.5999999999999943,65.6,66.2,59.0,65.56666666666668,64.25,2.2366512235145626,0.2237160527023393,67.9,63.9,64.6
2026-08-11 12:00:00,Karachi,24.8607,67.0011,29.5,73.0,16.1,999.0,unknown,3.0,16.6,74.26,0.05,0.41,73.13,42.39,0.0,65.0,,12.0,11.0,8.0,1.0,0.0,0.0,65.0,66.1,59.6,65.2,64.47500000000001,2.0085144845829643,0.223538917317533,66.9,63.3,65.1
2026-08-11 13:00:00,Karachi,24.8607,67.0011,28.6,77.0,15.6,998.8,unknown,3.0,16.97,76.25,0.07,0.43,72.75,42.37,0.0,65.7,,13.0,11.0,8.0,1.0,0.0,0.7000000000000028,65.0,65.6,60.5,65.23333333333335,64.69166666666666,1.833959050005851,0.2225573770491803,66.3,62.7,64.8
2026-08-11 14:00:00,Karachi,24.8607,67.0011,28.0,80.0,14.5,999.5,unknown,3.0,17.67,79.86,0.09,0.46,72.39,42.44,0.0,67.0,,14.0,11.0,8.0,1.0,0.0,1.2999999999999972,65.7,65.0,61.0,65.90000000000002,64.94166666666666,1.7138607996498922,0.2212622088655146,66.1,62.0,64.2
2026-08-11 15:00:00,Karachi,24.8607,67.0011,27.6,83.0,12.7,1000.4,unknown,3.0,18.4,82.98,0.09,0.48,72.29,43.09,0.0,68.3,,15.0,11.0,8.0,1.0,0.0,1.2999999999999972,67.0,65.0,61.2,67.00000000000001,65.2375,1.6515638175605127,0.2217401783562304,65.9,61.0,63.7
2026-08-11 16:00:00,Karachi,24.8607,67.0011,27.3,85.0,11.6,1001.1,unknown,3.0,18.85,83.8,0.1,0.49,72.9,44.25,0.0,69.2,,16.0,11.0,8.0,1.0,0.0,0.9000000000000057,68.3,65.7,61.2,68.16666666666667,65.57083333333333,1.6079906896396323,0.2249403341288783,65.7,60.3,63.7
2026-08-11 17:00:00,Karachi,24.8607,67.0011,27.1,87.0,11.2,1001.3,unknown,3.0,19.07,83.27,0.1,0.49,73.85,45.47,0.0,69.6,,17.0,11.0,8.0,1.0,0.0,0.3999999999999915,69.2,67.0,61.5,69.03333333333335,65.90833333333333,1.5659187237120609,0.2290140506785156,65.6,60.4,63.8
2026-08-11 18:00:00,Karachi,24.8607,67.0011,27.4,84.0,11.9,1001.2,unknown,3.0,19.27,82.63,0.1,0.49,74.59,46.31,0.0,69.9,,18.0,11.0,8.0,1.0,0.0,0.3000000000000113,69.6,68.3,62.5,69.56666666666668,66.21666666666665,1.5939196059216751,0.2332082778651821,65.2,61.8,63.8
2026-08-11 19:00:00,Karachi,24.8607,67.0011,27.0,86.0,10.1,1001.1,unknown,3.0,19.43,82.3,0.1,0.48,74.64,46.47,0.0,70.2,,19.0,11.0,8.0,1.0,0.0,0.2999999999999971,69.9,69.2,63.6,69.90000000000002,66.49166666666666,1.6893314002014723,0.2360874848116646,65.1,63.7,63.6
2026-08-11 20:00:00,Karachi,24.8607,67.0011,26.8,87.0,9.2,1001.1,unknown,3.0,19.65,82.67,0.1,0.48,74.69,46.37,0.0,70.7,,20.0,11.0,8.0,1.0,0.0,0.5,70.2,69.6,64.6,70.26666666666667,66.74583333333334,1.8441397586061172,0.2376920285472359,65.1,65.1,64.9
2026-08-11 21:00:00,Karachi,24.8607,67.0011,26.7,88.0,9.7,1000.8,unknown,3.0,19.9,83.53,0.1,0.48,74.34,46.17,0.0,71.1,,21.0,11.0,8.0,1.0,0.0,0.3999999999999915,70.7,69.9,65.6,70.66666666666669,66.975,2.0281175679830867,0.2382377588890218,65.3,65.7,66.8
2026-08-11 22:00:00,Karachi,24.8607,67.0011,26.4,89.0,10.5,1000.6,unknown,3.0,20.14,84.6,0.1,0.48,74.25,46.04,0.0,71.6,,22.0,11.0,8.0,1.0,0.0,0.5,71.1,70.2,65.5,71.13333333333334,67.22916666666667,2.2093633091640705,0.2380614657210402,65.3,65.6,67.3
2026-08-11 23:00:00,Karachi,24.8607,67.0011,26.5,88.0,10.3,1000.9,unknown,3.0,20.33,85.92,0.1,0.48,73.82,45.98,0.0,71.9,,23.0,11.0,8.0,1.0,0.0,0.3000000000000113,71.6,70.7,65.8,71.53333333333335,67.48333333333333,2.381936856510285,0.2366154562383612,65.3,65.6,66.8
2026-08-12 00:00:00,Karachi,24.8607,67.0011,27.0,88.0,10.0,1001.2,unknown,3.0,20.45,87.16,0.1,0.47,73.5,45.84,0.0,72.1,,0.0,12.0,8.0,2.0,0.0,0.1999999999999886,71.9,71.1,66.7,71.86666666666667,67.70833333333333,2.55358514669974,0.2346259752179899,65.2,66.3,66.4
2026-08-12 01:00:00,Karachi,24.8607,67.0011,26.9,88.0,10.9,1001.5,unknown,3.0,20.25,83.06,0.1,0.46,73.09,45.75,0.0,71.8,,1.0,12.0,8.0,2.0,0.0,-0.2999999999999971,72.1,71.6,66.8,71.93333333333335,67.91666666666667,2.6772254727385723,0.2437996628942932,65.4,67.2,66.0
2026-08-12 02:00:00,Karachi,24.8607,67.0011,27.1,87.0,11.5,1002.0,unknown,3.0,19.82,78.55,0.1,0.43,72.99,45.78,0.0,71.0,,2.0,12.0,8.0,2.0,0.0,-0.7999999999999972,71.8,71.9,65.7,71.63333333333334,68.1375,2.7048768355783497,0.2523233609166136,65.6,67.8,65.7
2026-08-12 03:00:00,Karachi,24.8607,67.0011,27.9,81.0,13.1,1002.4,unknown,3.0,19.58,77.48,0.11,0.42,72.87,45.68,0.0,70.5,,3.0,12.0,8.0,2.0,0.0,-0.5,71.0,72.1,64.8,71.10000000000001,68.375,2.648748679133888,0.2527103768714506,65.9,68.2,65.9
2026-08-12 04:00:00,Karachi,24.8607,67.0011,28.9,75.0,13.1,1002.7,unknown,3.0,19.76,81.21,0.1,0.42,72.74,45.32,0.0,70.9,,4.0,12.0,8.0,2.0,0.0,0.4000000000000057,70.5,71.8,64.8,70.80000000000001,68.62916666666666,2.582630806765467,0.2433197882034232,65.8,68.2,65.9
2026-08-12 05:00:00,Karachi,24.8607,67.0011,29.6,72.0,13.9,1002.7,unknown,3.0,20.21,86.12,0.09,0.43,72.48,44.55,0.0,71.7,,5.0,12.0,8.0,2.0,0.0,0.7999999999999972,70.9,71.0,65.5,71.03333333333335,68.8875,2.566051356698345,0.2346725499303297,65.8,68.0,65.9
2026-08-12 06:00:00,Karachi,24.8607,67.0011,30.0,69.0,14.7,1002.6,unknown,3.0,20.43,88.16,0.08,0.43,72.4,43.7,0.0,72.1,,6.0,12.0,8.0,2.0,0.0,0.3999999999999915,71.7,70.5,66.0,71.56666666666668,69.14166666666667,2.569709282603272,0.2317377495462795,65.7,67.9,65.8
2026-08-12 07:00:00,Karachi,24.8607,67.0011,29.8,70.0,15.2,1002.0,unknown,3.0,20.29,87.98,0.07,0.43,72.4,42.83,0.0,71.8,,7.0,12.0,8.0,2.0,0.0,-0.2999999999999971,72.1,70.9,66.2,71.86666666666667,69.375,2.545114672396531,0.2306205955899067,65.5,67.2,65.6
2026-08-12 08:00:00,Karachi,24.8607,67.0011,30.6,67.0,14.9,1001.8,unknown,3.0,19.95,86.47,0.06,0.42,72.65,41.96,0.0,71.2,,8.0,12.0,8.0,2.0,0.0,-0.5999999999999943,71.8,71.7,66.2,71.7,69.58333333333333,2.4776683756520024,0.2307158552098993,65.2,65.8,65.0
2026-08-12 09:00:00,Karachi,24.8607,67.0011,30.5,67.0,13.9,1001.4,unknown,3.0,19.44,84.13,0.06,0.41,72.93,41.14,0.0,70.3,,9.0,12.0,8.0,2.0,0.0,-0.9000000000000057,71.2,72.1,66.1,71.10000000000001,69.75833333333334,2.366784034647546,0.2310709616070367,64.7,64.1,64.3
2026-08-12 10:00:00,Karachi,24.8607,67.0011,30.6,67.0,13.1,1001.1,unknown,3.0,18.84,81.46,0.06,0.4,73.47,40.62,0.0,69.1,,10.0,12.0,8.0,2.0,0.0,-1.2000000000000028,70.3,71.8,65.6,70.2,69.90416666666665,2.201477599973306,0.2312791554137,64.3,63.9,63.9
2026-08-12 11:00:00,Karachi,24.8607,67.0011,30.1,70.0,13.1,1000.9,unknown,3.0,18.18,78.4,0.06,0.39,73.87,40.31,0.0,67.9,,11.0,12.0,8.0,2.0,0.0,-1.1999999999999886,69.1,71.2,65.0,69.10000000000001,70.02499999999999,1.9900294950829605,0.2318877551020408,63.9,64.6,63.4
2026-08-12 12:00:00,Karachi,24.8607,67.0011,29.7,70.0,13.9,1000.8,unknown,3.0,17.62,75.99,0.07,0.38,74.21,40.18,0.0,66.9,,12.0,12.0,8.0,2.0,0.0,-1.0,67.9,70.3,65.0,67.96666666666668,70.10416666666667,1.8111920568129825,0.2318726148177392,63.3,65.1,62.8
2026-08-12 13:00:00,Karachi,24.8607,67.0011,28.9,74.0,13.7,1001.2,unknown,3.0,17.33,74.57,0.08,0.38,74.47,40.05,0.0,66.3,,13.0,12.0,8.0,2.0,0.0,-0.6000000000000085,66.9,69.1,65.7,67.03333333333335,70.12916666666668,1.750895216158519,0.2323990881051361,62.7,64.8,62.2
2026-08-12 14:00:00,Karachi,24.8607,67.0011,28.4,78.0,12.0,1001.7,unknown,3.0,17.18,73.74,0.09,0.39,74.59,39.79,0.0,66.1,,14.0,12.0,8.0,2.0,0.0,-0.2000000000000028,66.3,67.9,67.0,66.43333333333334,70.09166666666667,1.828736001262791,0.2329807431516138,62.0,64.2,61.9
2026-08-12 15:00:00,Karachi,24.8607,67.0011,28.2,79.0,10.7,1002.5,unknown,3.0,17.1,72.98,0.09,0.4,74.56,39.58,0.0,65.9,,15.0,12.0,8.0,2.0,0.0,-0.1999999999999886,66.1,66.9,68.3,66.10000000000001,69.99166666666667,1.989519641972127,0.2343107700739928,61.0,63.7,62.2
2026-08-12 16:00:00,Karachi,24.8607,67.0011,28.1,80.0,10.7,1003.2,unknown,3.0,17.0,72.05,0.09,0.4,74.54,39.57,0.0,65.7,,16.0,12.0,8.0,2.0,0.0,-0.2000000000000028,65.9,66.3,69.2,65.9,69.84583333333335,2.170149096593389,0.2359472588480222,60.3,63.7,62.8
2026-08-12 17:00:00,Karachi,24.8607,67.0011,28.0,81.0,10.4,1003.9,unknown,3.0,16.91,71.24,0.09,0.4,74.47,39.67,0.0,65.6,,17.0,12.0,8.0,2.0,0.0,-0.1000000000000085,65.7,66.1,69.6,65.73333333333333,69.67916666666666,2.337032523198729,0.2373666479505895,60.4,63.8,64.0
2026-08-12 18:00:00,Karachi,24.8607,67.0011,28.0,81.0,12.8,1004.1,unknown,3.0,16.74,70.16,0.09,0.41,74.31,39.35,0.0,65.2,,18.0,12.0,8.0,2.0,0.0,-0.3999999999999915,65.6,65.9,69.9,65.5,69.48333333333333,2.508362824227573,0.2385974914481185,61.8,63.8,65.6
2026-08-12 19:00:00,Karachi,24.8607,67.0011,27.5,84.0,11.7,1003.8,unknown,3.0,16.65,69.39,0.09,0.41,73.55,38.49,0.0,65.1,,19.0,12.0,8.0,2.0,0.0,-0.1000000000000085,65.2,65.7,70.2,65.30000000000001,69.27083333333333,2.656653528597671,0.2399481193255512,63.7,63.6,67.5
2026-08-12 20:00:00,Karachi,24.8607,67.0011,27.3,85.0,11.7,1003.4,unknown,3.0,16.66,69.19,0.1,0.42,72.77,37.55,0.0,65.1,,20.0,12.0,8.0,2.0,0.0,0.0,65.1,65.6,70.7,65.13333333333334,69.0375,2.769211550006909,0.2407862407862408,65.1,64.9,69.4
2026-08-12 21:00:00,Karachi,24.8607,67.0011,27.0,86.0,10.7,1003.1,unknown,3.0,16.75,69.53,0.1,0.42,72.23,36.84,0.0,65.3,,21.0,12.0,8.0,2.0,0.0,0.2000000000000028,65.1,65.2,71.1,65.16666666666667,68.79583333333333,2.8337222665699,0.2409032072486696,65.7,66.8,70.7
2026-08-12 22:00:00,Karachi,24.8607,67.0011,26.9,87.0,9.7,1003.1,unknown,3.0,16.79,68.58,0.1,0.41,72.0,36.59,0.0,65.3,,22.0,12.0,8.0,2.0,0.0,0.0,65.3,65.1,71.6,65.23333333333335,68.53333333333333,2.8543889419419,0.2448235637212015,65.6,67.3,71.5
2026-08-12 23:00:00,Karachi,24.8607,67.0011,26.8,88.0,11.0,1002.9,unknown,3.0,16.76,65.32,0.1,0.4,71.85,36.85,0.0,65.3,,23.0,12.0,8.0,2.0,0.0,0.0,65.3,65.1,71.9,65.3,68.25833333333334,2.833789392110286,0.2565829761175751,65.6,66.8,71.8
2026-08-13 00:00:00,Karachi,24.8607,67.0011,27.1,86.0,10.7,1002.9,unknown,3.0,16.72,62.71,0.1,0.38,72.05,37.49,0.0,65.2,,0.0,13.0,8.0,3.0,0.0,-0.0999999999999943,65.3,65.3,72.1,65.26666666666667,67.97083333333333,2.776528825500801,0.2666241428799234,66.3,66.4,72.0
2026-08-13 01:00:00,Karachi,24.8607,67.0011,27.0,86.0,10.7,1003.2,unknown,3.0,16.81,62.8,0.1,0.37,72.15,38.25,0.0,65.4,,1.0,13.0,8.0,3.0,0.0,0.2000000000000028,65.2,65.3,71.8,65.30000000000001,67.70416666666667,2.699030287482888,0.2676751592356687,67.2,66.0,71.8
2026-08-13 02:00:00,Karachi,24.8607,67.0011,27.0,86.0,11.9,1003.3,unknown,3.0,16.95,64.72,0.1,0.37,72.43,39.04,0.0,65.6,,2.0,13.0,8.0,3.0,0.0,0.1999999999999886,65.4,65.3,71.0,65.40000000000002,67.47916666666667,2.636694103815959,0.2618974042027194,67.8,65.7,71.3
2026-08-13 03:00:00,Karachi,24.8607,67.0011,28.2,79.0,14.2,1003.4,unknown,3.0,17.1,66.53,0.1,0.37,72.33,39.59,0.0,65.9,,3.0,13.0,8.0,3.0,0.0,0.3000000000000113,65.6,65.2,70.5,65.63333333333334,67.2875,2.574002550587552,0.2570269051555689,68.2,65.9,70.6
2026-08-13 04:00:00,Karachi,24.8607,67.0011,29.4,73.0,15.3,1003.5,unknown,3.0,17.07,67.26,0.08,0.36,72.11,40.1,0.0,65.8,,4.0,13.0,8.0,3.0,0.0,-0.1000000000000085,65.9,65.4,70.9,65.76666666666667,67.075,2.47126969654062,0.2537912578055307,68.2,65.9,69.6
2026-08-13 05:00:00,Karachi,24.8607,67.0011,30.1,68.0,15.1,1003.7,unknown,3.0,17.03,68.42,0.07,0.36,71.78,40.39,0.0,65.8,,5.0,13.0,8.0,3.0,0.0,0.0,65.8,65.6,71.7,65.83333333333336,66.82916666666667,2.2770077937394446,0.2489038292896813,68.0,65.9,69.0
2026-08-13 06:00:00,Karachi,24.8607,67.0011,30.2,67.0,15.5,1004.3,unknown,3.0,17.0,69.51,0.06,0.37,71.43,40.3,0.0,65.7,,6.0,13.0,8.0,3.0,0.0,-0.0999999999999943,65.8,65.9,72.1,65.76666666666667,66.5625,1.9894968776259925,0.2445691267443533,67.9,65.8,68.8
2026-08-13 07:00:00,Karachi,24.8607,67.0011,30.2,67.0,15.7,1003.8,unknown,3.0,16.9,68.98,0.05,0.37,70.82,39.86,0.0,65.5,,7.0,13.0,8.0,3.0,0.0,-0.2000000000000028,65.7,65.8,71.8,65.66666666666667,66.3,1.6560823335960246,0.244998550304436,67.2,65.6,69.0
2026-08-13 08:00:00,Karachi,24.8607,67.0011,30.5,66.0,16.0,1003.3,unknown,3.0,16.71,66.55,0.05,0.37,70.23,39.2,0.0,65.2,,8.0,13.0,8.0,3.0,0.0,-0.2999999999999971,65.5,65.8,71.2,65.46666666666668,66.05,1.2984941110834831,0.2510894064613073,65.8,65.0,69.3
2026-08-13 09:00:00,Karachi,24.8607,67.0011,30.9,64.0,16.1,1002.6,unknown,3.0,16.47,64.08,0.05,0.37,69.76,38.7,0.0,64.7,,9.0,13.0,8.0,3.0,0.0,-0.5,65.2,65.7,70.3,65.13333333333334,65.81666666666666,0.9608269385242644,0.2570224719101123,64.1,64.3,69.6
2026-08-13 10:00:00,Karachi,24.8607,67.0011,30.5,64.0,16.0,1002.2,unknown,3.0,16.24,63.09,0.05,0.37,69.88,38.58,0.0,64.3,,10.0,13.0,8.0,3.0,0.0,-0.4000000000000057,64.7,65.5,69.1,64.73333333333335,65.61666666666666,0.7160681693702554,0.2574100491361547,63.9,63.9,69.5
2026-08-13 11:00:00,Karachi,24.8607,67.0011,30.2,66.0,16.1,1001.4,unknown,3.0,16.02,64.51,0.05,0.38,69.98,38.72,0.0,63.9,,11.0,13.0,8.0,3.0,0.0,-0.3999999999999986,64.3,65.2,67.9,64.30000000000001,65.45,0.6206588364804386,0.2483335916912106,64.6,63.4,68.6
2026-08-13 12:00:00,Karachi,24.8607,67.0011,29.6,69.0,16.8,1001.8,unknown,3.0,15.72,65.39,0.05,0.4,70.08,39.12,0.0,63.3,,12.0,13.0,8.0,3.0,0.0,-0.6000000000000014,63.9,64.7,66.9,63.83333333333334,65.3,0.6865160943656212,0.2404037314574094,65.1,62.8,67.4
2026-08-13 13:00:00,Karachi,24.8607,67.0011,28.7,74.0,14.8,1002.0,unknown,3.0,15.38,63.0,0.06,0.41,70.17,39.55,0.0,62.7,,13.0,13.0,8.0,3.0,0.0,-0.5999999999999943,63.3,64.3,66.3,63.30000000000001,65.14999999999999,0.8356200509574853,0.2441269841269841,64.8,62.2,66.9
2026-08-13 14:00:00,Karachi,24.8607,67.0011,28.0,77.0,14.6,1002.2,unknown,3.0,14.98,59.9,0.08,0.41,70.17,39.87,0.0,62.0,,14.0,13.0,8.0,3.0,0.0,-0.7000000000000028,62.7,63.9,66.1,62.66666666666668,64.97916666666667,1.0295542161804696,0.2500834724540902,64.2,61.9,66.9
2026-08-13 15:00:00,Karachi,24.8607,67.0011,27.9,77.0,14.5,1002.8,unknown,3.0,14.48,57.66,0.08,0.41,70.14,40.19,0.0,61.0,,15.0,13.0,8.0,3.0,0.0,-1.0,62.0,63.3,65.9,61.90000000000001,64.77499999999999,1.29152757549265,0.2511272979535207,63.7,62.2,67.1
2026-08-13 16:00:00,Karachi,24.8607,67.0011,27.8,77.0,15.6,1003.2,unknown,3.0,14.08,57.57,0.08,0.41,70.33,40.56,0.0,60.3,,16.0,13.0,8.0,3.0,0.0,-0.7000000000000028,61.0,62.7,65.7,61.1,64.55,1.5648308701489178,0.2445718256036129,63.7,62.8,67.3
2026-08-13 17:00:00,Karachi,24.8607,67.0011,27.4,81.0,15.0,1003.8,unknown,3.0,14.16,59.68,0.08,0.42,70.46,40.82,0.0,60.4,,17.0,13.0,8.0,3.0,0.0,0.1000000000000014,60.3,62.0,65.6,60.56666666666667,64.33333333333333,1.760846305088006,0.2372654155495978,63.8,64.0,67.5
2026-08-13 18:00:00,Karachi,24.8607,67.0011,27.3,82.0,15.5,1003.6,unknown,3.0,14.88,63.98,0.08,0.43,70.22,40.75,0.0,61.8,,18.0,13.0,8.0,3.0,0.0,1.3999999999999986,60.4,61.0,65.2,60.833333333333336,64.19166666666666,1.8237364098879012,0.2325726789621757,63.8,65.6,68.2
2026-08-13 19:00:00,Karachi,24.8607,67.0011,27.1,82.0,13.2,1003.5,unknown,3.0,15.89,69.07,0.09,0.44,69.9,40.48,0.0,63.7,,19.0,13.0,8.0,3.0,0.0,1.9000000000000057,61.8,60.3,65.1,61.96666666666668,64.13333333333334,1.815792237364332,0.2300564644563486,63.6,67.5,68.9
2026-08-13 20:00:00,Karachi,24.8607,67.0011,26.7,85.0,12.1,1003.1,unknown,3.0,16.66,73.03,0.09,0.45,70.14,40.52,0.0,65.1,,20.0,13.0,8.0,3.0,0.0,1.3999999999999917,63.7,60.4,65.1,63.53333333333334,64.13333333333334,1.815792237364332,0.2281254279063398,64.9,69.4,69.9
2026-08-13 21:00:00,Karachi,24.8607,67.0011,26.6,86.0,11.7,1002.4,unknown,3.0,16.99,74.78,0.09,0.45,70.79,40.86,0.0,65.7,,21.0,13.0,8.0,3.0,0.0,0.6000000000000085,65.1,61.8,65.3,64.83333333333333,64.14999999999999,1.828755813684308,0.2271997860390478,66.8,70.7,71.6
2026-08-13 22:00:00,Karachi,24.8607,67.0011,26.7,85.0,12.7,1002.0,unknown,3.0,16.92,73.49,0.09,0.43,71.49,41.39,0.0,65.6,,22.0,13.0,8.0,3.0,0.0,-0.1000000000000085,65.7,63.7,65.3,65.46666666666668,64.1625,1.837960235174894,0.2302354061777113,67.3,71.5,71.9
2026-08-13 23:00:00,Karachi,24.8607,67.0011,26.6,85.0,13.0,1001.9,unknown,3.0,16.93,72.12,0.09,0.42,71.92,42.0,0.0,65.6,,23.0,13.0,8.0,3.0,0.0,0.0,65.6,65.1,65.3,65.63333333333334,64.175,1.8470305192734708,0.2347476428175263,66.8,71.8,72.3
2026-08-14 00:00:00,Karachi,24.8607,67.0011,26.8,82.0,12.8,1001.5,unknown,3.0,17.29,73.84,0.09,0.42,71.69,42.5,0.0,66.3,,0.0,14.0,8.0,4.0,0.0,0.7000000000000028,65.6,65.7,65.2,65.83333333333334,64.22083333333333,1.88679142568943,0.2341549295774647,66.4,72.0,72.4
2026-08-14 01:00:00,Karachi,24.8607,67.0011,26.8,82.0,13.5,1001.7,unknown,3.0,17.79,75.69,0.08,0.42,71.16,43.14,0.0,67.2,,1.0,14.0,8.0,4.0,0.0,0.9000000000000057,66.3,65.6,65.4,66.36666666666667,64.29583333333333,1.969656594801855,0.2350376535869996,66.0,71.8,72.0
2026-08-14 02:00:00,Karachi,24.8607,67.0011,27.1,81.0,14.4,1002.1,unknown,3.0,18.13,76.51,0.09,0.41,70.61,44.1,0.0,67.8,,2.0,14.0,8.0,4.0,0.0,0.5999999999999943,67.2,65.6,65.6,67.10000000000001,64.3875,2.081034964083082,0.2369624885635864,65.7,71.3,71.1
2026-08-14 03:00:00,Karachi,24.8607,67.0011,28.1,75.0,15.6,1002.5,unknown,3.0,18.35,77.17,0.09,0.41,69.83,45.29,0.0,68.2,,3.0,14.0,8.0,4.0,0.0,0.4000000000000057,67.8,66.3,65.9,67.73333333333335,64.48333333333333,2.203094003532968,0.2377867046779836,65.9,70.6,70.2
2026-08-14 04:00:00,Karachi,24.8607,67.0011,29.0,69.0,16.4,1002.9,unknown,3.0,18.35,76.91,0.08,0.41,68.94,46.48,0.0,68.2,,4.0,14.0,8.0,4.0,0.0,0.0,68.2,67.2,65.8,68.06666666666668,64.58333333333333,2.3169820450531238,0.2385905603952672,65.9,69.6,69.4
2026-08-14 05:00:00,Karachi,24.8607,67.0011,29.6,66.0,17.3,1002.9,unknown,3.0,18.25,76.81,0.06,0.41,67.79,47.48,0.0,68.0,,5.0,14.0,8.0,4.0,0.0,-0.2000000000000028,68.2,67.8,65.8,68.13333333333334,64.675,2.4089055786712787,0.2375992709282645,65.9,69.0,68.8
2026-08-14 06:00:00,Karachi,24.8607,67.0011,30.2,63.0,19.1,1003.0,unknown,3.0,18.17,76.59,0.05,0.42,66.69,48.02,0.0,67.9,,6.0,14.0,8.0,4.0,0.0,-0.0999999999999943,68.0,68.2,65.7,68.03333333333335,64.76666666666667,2.490096325474578,0.2372372372372372,65.8,68.8,68.4
2026-08-14 07:00:00,Karachi,24.8607,67.0011,29.6,67.0,18.2,1003.0,unknown,3.0,17.81,74.81,0.05,0.42,66.16,48.11,0.0,67.2,,7.0,14.0,8.0,4.0,0.0,-0.7000000000000028,67.9,68.2,65.5,67.7,64.83749999999999,2.5356265840833303,0.2380697767678117,65.6,69.0,67.8
2026-08-14 08:00:00,Karachi,24.8607,67.0011,29.7,69.0,19.3,1002.6,unknown,3.0,17.06,71.07,0.04,0.41,66.34,47.74,0.0,65.8,,8.0,14.0,8.0,4.0,0.0,-1.4000000000000057,67.2,68.0,65.2,66.96666666666668,64.8625,2.5423050991941065,0.2400450260306739,65.0,69.3,67.0
2026-08-14 09:00:00,Karachi,24.8607,67.0011,29.2,73.0,19.2,1002.6,unknown,3.0,16.11,66.73,0.04,0.4,66.83,46.71,0.0,64.1,,9.0,14.0,8.0,4.0,0.0,-1.7000000000000028,65.8,67.9,64.7,65.7,64.8375,2.546918427876701,0.2414206503821369,64.3,69.6,66.3
2026-08-14 10:00:00,Karachi,24.8607,67.0011,29.6,71.0,19.3,1002.2,unknown,3.0,16.04,66.67,0.05,0.4,67.26,44.96,0.0,63.9,,10.0,14.0,8.0,4.0,0.0,-0.1999999999999957,64.1,67.2,64.3,64.60000000000001,64.82083333333334,2.5518925912150987,0.2405879706014699,63.9,69.5,66.1
2026-08-14 11:00:00,Karachi,24.8607,67.0011,29.1,72.0,19.6,1001.3,unknown,3.0,16.39,68.88,0.05,0.42,67.3,42.6,0.0,64.6,,11.0,14.0,8.0,4.0,0.0,0.6999999999999957,63.9,65.8,63.9,64.2,64.85000000000001,2.544901125609301,0.2379500580720093,63.4,68.6,65.7
2026-08-14 12:00:00,Karachi,24.8607,67.0011,29.3,69.0,18.0,1001.4,unknown,3.0,16.65,70.21,0.06,0.44,67.45,40.44,0.0,65.1,,12.0,14.0,8.0,4.0,0.0,0.5,64.6,64.1,63.3,64.53333333333335,64.925,2.5236705497103413,0.237145705739923,62.8,67.4,65.6
2026-08-14 13:00:00,Karachi,24.8607,67.0011,28.6,73.0,16.4,1001.6,unknown,3.0,16.49,69.28,0.07,0.45,68.46,39.2,0.0,64.8,,13.0,14.0,8.0,4.0,0.0,-0.2999999999999971,65.1,63.9,62.7,64.83333333333333,65.0125,2.4791850870092755,0.2380196304849884,62.2,66.9,65.9
2026-08-14 14:00:00,Karachi,24.8607,67.0011,28.1,75.0,16.3,1001.8,unknown,3.0,16.16,67.77,0.08,0.45,69.6,38.76,0.0,64.2,,14.0,14.0,8.0,4.0,0.0,-0.5999999999999943,64.8,64.6,62.0,64.7,65.10416666666667,2.402440637037625,0.2384535930352663,61.9,66.9,66.6
2026-08-14 15:00:00,Karachi,24.8607,67.0011,27.7,77.0,15.1,1002.1,unknown,3.0,15.92,67.34,0.09,0.45,70.48,38.59,0.0,63.7,,15.0,14.0,8.0,4.0,0.0,-0.5,64.2,65.1,61.0,64.23333333333335,65.21666666666667,2.2609476017740846,0.2364122364122364,62.2,67.1,67.4
2026-08-14 16:00:00,Karachi,24.8607,67.0011,27.5,78.0,14.0,1002.7,unknown,3.0,15.9,68.29,0.09,0.46,70.65,38.32,0.0,63.7,,16.0,14.0,8.0,4.0,0.0,0.0,63.7,64.8,60.3,63.866666666666674,65.35833333333333,2.034681187859372,0.2328305754868941,62.8,67.3,68.6
2026-08-14 17:00:00,Karachi,24.8607,67.0011,27.3,80.0,13.4,1003.3,unknown,3.0,15.97,68.97,0.09,0.45,70.48,38.09,0.0,63.8,,17.0,14.0,8.0,4.0,0.0,0.0999999999999943,63.7,64.2,60.4,63.73333333333335,65.5,1.7764155408884352,0.2315499492532985,64.0,67.5,70.4
2026-08-14 18:00:00,Karachi,24.8607,67.0011,27.4,80.0,14.9,1002.8,unknown,3.0,15.95,69.52,0.09,0.44,70.55,38.08,0.0,63.8,,18.0,14.0,8.0,4.0,0.0,0.0,63.8,63.7,61.8,63.76666666666667,65.58333333333333,1.6367164017345934,0.2294303797468354,65.6,68.2,72.3
2026-08-14 19:00:00,Karachi,24.8607,67.0011,27.1,82.0,12.5,1002.6,unknown,3.0,15.88,67.97,0.09,0.43,70.51,38.43,0.0,63.6,,19.0,14.0,8.0,4.0,0.0,-0.1999999999999957,63.8,63.7,63.7,63.73333333333334,65.57916666666667,1.641838621170761,0.2336324849198175,67.5,68.9,73.6
2026-08-14 20:00:00,Karachi,24.8607,67.0011,26.9,83.0,11.4,1002.2,unknown,3.0,16.58,70.11,0.09,0.43,70.67,39.1,0.0,64.9,,20.0,14.0,8.0,4.0,0.0,1.3000000000000045,63.6,63.8,65.1,64.10000000000001,65.57083333333334,1.6448811683425364,0.2364855227499643,69.4,69.9,74.0
2026-08-14 21:00:00,Karachi,24.8607,67.0011,27.0,82.0,11.7,1002.0,unknown,3.0,17.6,73.17,0.09,0.43,70.52,39.69,0.0,66.8,,21.0,14.0,8.0,4.0,0.0,1.8999999999999917,64.9,63.8,65.7,65.10000000000001,65.61666666666666,1.6638526969351377,0.2405357386907202,70.7,71.6,73.7
2026-08-14 22:00:00,Karachi,24.8607,67.0011,27.0,83.0,12.7,1001.8,unknown,3.0,17.86,73.39,0.1,0.43,70.22,40.08,0.0,67.3,,22.0,14.0,8.0,4.0,0.0,0.5,66.8,63.6,65.6,66.33333333333333,65.6875,1.6989286905721028,0.2433574056410955,71.5,71.9,73.3
2026-08-14 23:00:00,Karachi,24.8607,67.0011,26.9,85.0,13.2,1001.8,unknown,3.0,17.56,71.71,0.1,0.43,69.51,40.25,0.0,66.8,,23.0,14.0,8.0,4.0,0.0,-0.5,67.3,64.9,65.6,66.96666666666667,65.7375,1.7138343738139985,0.2448751917445265,71.8,72.3,72.8
2026-08-15 00:00:00,Karachi,24.8607,67.0011,27.3,82.0,13.4,1001.8,unknown,3.0,17.39,72.26,0.1,0.44,68.8,40.41,0.0,66.4,,0.0,15.0,8.0,5.0,1.0,-0.3999999999999915,66.8,66.8,66.3,66.83333333333334,65.74166666666666,1.7153822407501231,0.2406587323553833,72.0,72.4,71.5
2026-08-15 01:00:00,Karachi,24.8607,67.0011,27.2,83.0,12.4,1002.1,unknown,3.0,17.15,74.88,0.09,0.44,68.43,40.93,0.0,66.0,,1.0,15.0,8.0,5.0,1.0,-0.4000000000000057,66.4,67.3,67.2,66.4,65.69166666666666,1.6883016077814548,0.2290331196581196,71.8,72.0,69.9
2026-08-15 02:00:00,Karachi,24.8607,67.0011,27.4,82.0,12.0,1002.5,unknown,3.0,17.01,76.78,0.09,0.44,68.36,41.89,0.0,65.7,,2.0,15.0,8.0,5.0,1.0,-0.2999999999999971,66.0,66.8,67.8,66.03333333333335,65.60416666666667,1.627609387671828,0.2215420682469393,71.3,71.1,68.6
2026-08-15 03:00:00,Karachi,24.8607,67.0011,27.9,78.0,13.8,1002.8,unknown,3.0,17.09,78.02,0.1,0.44,68.32,43.0,0.0,65.9,,3.0,15.0,8.0,5.0,1.0,0.2000000000000028,65.7,66.4,68.2,65.86666666666667,65.50833333333333,1.5330891424954651,0.219046398359395,70.6,70.2,67.4
2026-08-15 04:00:00,Karachi,24.8607,67.0011,28.5,75.0,14.9,1003.3,unknown,3.0,17.09,77.52,0.09,0.43,68.22,44.08,0.0,65.9,,4.0,15.0,8.0,5.0,1.0,0.0,65.9,66.0,68.2,65.83333333333333,65.4125,1.4256386821950475,0.2204592363261094,69.6,69.4,65.8
2026-08-15 05:00:00,Karachi,24.8607,67.0011,29.3,71.0,15.6,1003.4,unknown,3.0,17.08,76.47,0.08,0.43,67.99,45.02,0.0,65.9,,5.0,15.0,8.0,5.0,1.0,0.0,65.9,65.7,68.0,65.9,65.325,1.320490686135593,0.2233555642735713,69.0,68.8,64.3
2026-08-15 06:00:00,Karachi,24.8607,67.0011,30.0,67.0,16.1,1003.6,unknown,3.0,17.06,74.94,0.07,0.42,67.77,45.67,0.0,65.8,,6.0,15.0,8.0,5.0,1.0,-0.1000000000000085,65.9,65.9,67.9,65.86666666666667,65.2375,1.207157098668817,0.2276487856952228,68.8,68.4,63.4
2026-08-15 07:00:00,Karachi,24.8607,67.0011,29.5,71.0,16.7,1003.4,unknown,3.0,16.91,71.47,0.06,0.41,67.44,45.86,0.0,65.6,,7.0,15.0,8.0,5.0,1.0,-0.2000000000000028,65.8,65.9,67.2,65.76666666666667,65.17083333333333,1.136156436971742,0.2366027703931719,69.0,67.8,63.2
2026-08-15 08:00:00,Karachi,24.8607,67.0011,30.2,68.0,16.1,1003.0,unknown,3.0,16.61,68.25,0.06,0.4,67.12,45.66,0.0,65.0,,8.0,15.0,8.0,5.0,1.0,-0.5999999999999943,65.6,65.9,65.8,65.46666666666667,65.1375,1.1286053340282278,0.2433699633699633,69.3,67.0,63.2
2026-08-15 09:00:00,Karachi,24.8607,67.0011,30.1,70.0,16.6,1002.5,unknown,3.0,16.26,65.47,0.05,0.39,66.98,45.02,0.0,64.3,,9.0,15.0,8.0,5.0,1.0,-0.7000000000000028,65.0,65.8,64.1,64.96666666666668,65.14583333333333,1.1213265306781797,0.2483580265770582,69.6,66.3,63.1
2026-08-15 10:00:00,Karachi,24.8607,67.0011,29.7,73.0,16.9,1001.8,unknown,3.0,16.0,63.19,0.05,0.39,66.98,44.18,0.0,63.9,,10.0,15.0,8.0,5.0,1.0,-0.3999999999999986,64.3,65.6,63.9,64.39999999999999,65.14583333333333,1.1213265306781797,0.253204620984333,69.5,66.1,62.8
2026-08-15 11:00:00,Karachi,24.8607,67.0011,29.5,73.0,16.4,1001.6,unknown,3.0,15.77,60.99,0.05,0.38,67.05,43.31,0.0,63.4,,11.0,15.0,8.0,5.0,1.0,-0.5,63.9,65.0,64.6,63.86666666666667,65.09583333333335,1.1723180925593113,0.2585669781931464,68.6,65.7,62.6
2026-08-15 12:00:00,Karachi,24.8607,67.0011,29.1,75.0,15.9,1001.8,unknown,3.0,15.46,58.59,0.06,0.38,67.09,42.6,0.0,62.8,,12.0,15.0,8.0,5.0,1.0,-0.6000000000000014,63.4,64.3,65.1,63.366666666666674,65.0,1.2625026904823822,0.2638675541901348,67.4,65.6,62.9
2026-08-15 13:00:00,Karachi,24.8607,67.0011,28.4,77.0,13.9,1001.9,unknown,3.0,15.13,57.65,0.07,0.38,67.21,42.28,0.0,62.2,,13.0,15.0,8.0,5.0,1.0,-0.5999999999999943,62.8,63.9,64.8,62.8,64.89166666666667,1.3859282454175923,0.2624457935819601,66.9,65.9,64.1
2026-08-15 14:00:00,Karachi,24.8607,67.0011,27.7,81.0,12.5,1002.1,unknown,3.0,14.93,57.77,0.08,0.38,67.5,42.14,0.0,61.9,,14.0,15.0,8.0,5.0,1.0,-0.3000000000000042,62.2,63.4,64.2,62.3,64.79583333333333,1.509816909908716,0.2584386359702267,66.9,66.6,65.5
2026-08-15 15:00:00,Karachi,24.8607,67.0011,27.5,82.0,11.7,1002.6,unknown,3.0,15.11,58.97,0.09,0.38,67.56,42.17,0.0,62.2,,15.0,15.0,8.0,5.0,1.0,0.3000000000000042,61.9,62.8,63.7,62.1,64.73333333333333,1.5862634976746488,0.2562319823639138,67.1,67.4,66.4
2026-08-15 16:00:00,Karachi,24.8607,67.0011,27.4,83.0,12.7,1003.2,unknown,3.0,15.46,60.91,0.09,0.38,67.62,42.32,0.0,62.8,,16.0,15.0,8.0,5.0,1.0,0.5999999999999943,62.2,62.2,63.7,62.3,64.69583333333334,1.6219899658359198,0.2538171072073551,67.3,68.6,67.3
2026-08-15 17:00:00,Karachi,24.8607,67.0011,27.2,85.0,12.5,1003.3,unknown,3.0,16.07,64.21,0.09,0.39,67.73,42.58,0.0,64.0,,17.0,15.0,8.0,5.0,1.0,1.2000000000000028,62.8,61.9,63.8,63.0,64.70416666666667,1.6176953995712993,0.2502725432175673,67.5,70.4,67.8
2026-08-15 18:00:00,Karachi,24.8607,67.0011,27.4,85.0,12.6,1003.2,unknown,3.0,16.95,69.42,0.08,0.41,67.67,42.88,0.0,65.6,,18.0,15.0,8.0,5.0,1.0,1.5999999999999943,64.0,62.2,63.8,64.13333333333334,64.77916666666667,1.615678392089124,0.2441659464131374,68.2,72.3,67.2
2026-08-15 19:00:00,Karachi,24.8607,67.0011,27.1,86.0,11.5,1003.2,unknown,3.0,17.98,76.09,0.08,0.43,67.53,43.13,0.0,67.5,,19.0,15.0,8.0,5.0,1.0,1.9000000000000057,65.6,62.8,63.6,65.7,64.94166666666668,1.68649795799338,0.2362991194637928,68.9,73.6,65.5
2026-08-15 20:00:00,Karachi,24.8607,67.0011,27.1,86.0,10.9,1002.7,unknown,3.0,18.96,81.2,0.08,0.44,67.48,43.41,0.0,69.4,,20.0,15.0,8.0,5.0,1.0,1.9000000000000057,67.5,64.0,64.9,67.5,65.12916666666666,1.9161735345447493,0.2334975369458128,69.9,74.0,64.1
2026-08-15 21:00:00,Karachi,24.8607,67.0011,27.0,86.0,10.9,1001.9,unknown,3.0,19.68,83.36,0.08,0.44,67.7,43.64,0.0,70.7,,21.0,15.0,8.0,5.0,1.0,1.2999999999999972,69.4,65.6,66.8,69.2,65.29166666666667,2.2072837265001293,0.236084452975048,71.6,73.7,63.9
2026-08-15 22:00:00,Karachi,24.8607,67.0011,26.6,89.0,10.9,1001.7,unknown,3.0,20.09,84.0,0.08,0.44,68.27,44.01,0.0,71.5,,22.0,15.0,8.0,5.0,1.0,0.7999999999999972,70.7,67.5,67.3,70.53333333333335,65.46666666666667,2.51805077592606,0.2391666666666666,71.9,73.3,64.1
2026-08-15 23:00:00,Karachi,24.8607,67.0011,26.6,89.0,11.8,1001.5,unknown,3.0,20.29,86.41,0.08,0.43,68.93,44.37,0.0,71.8,,23.0,15.0,8.0,5.0,1.0,0.2999999999999971,71.5,69.4,66.8,71.33333333333333,65.675,2.82169391000087,0.2348107857886818,72.3,72.8,63.1
2026-08-16 00:00:00,Karachi,24.8607,67.0011,27.0,88.0,12.8,1001.4,unknown,3.0,20.38,90.12,0.08,0.44,69.56,44.71,0.0,72.0,,0.0,16.0,8.0,6.0,1.0,0.2000000000000028,71.8,70.7,66.4,71.76666666666667,65.90833333333333,3.101881149667648,0.2261429205503772,72.4,71.5,61.7
2026-08-16 01:00:00,Karachi,24.8607,67.0011,27.1,87.0,12.2,1001.7,unknown,3.0,20.26,92.05,0.08,0.44,69.98,45.05,0.0,71.8,,1.0,16.0,8.0,6.0,1.0,-0.2000000000000028,72.0,71.5,66.0,71.86666666666667,66.14999999999999,3.3270956129014517,0.220097772949484,72.0,69.9,60.3
2026-08-16 02:00:00,Karachi,24.8607,67.0011,27.3,85.0,11.7,1001.9,unknown,3.0,20.0,91.8,0.09,0.43,70.46,45.36,0.0,71.3,,2.0,16.0,8.0,6.0,1.0,-0.5,71.8,71.8,65.7,71.7,66.38333333333334,3.4867035218486957,0.2178649237472767,71.1,68.6,59.0
2026-08-16 03:00:00,Karachi,24.8607,67.0011,27.9,82.0,11.9,1002.1,unknown,3.0,19.6,89.66,0.09,0.42,70.83,45.76,0.0,70.6,,3.0,16.0,8.0,6.0,1.0,-0.7000000000000028,71.3,72.0,65.9,71.23333333333333,66.57916666666667,3.588869165078976,0.2186036136515726,70.2,67.4,58.2
2026-08-16 04:00:00,Karachi,24.8607,67.0011,29.2,74.0,13.5,1002.3,unknown,3.0,19.06,87.64,0.08,0.4,71.15,46.08,0.0,69.6,,4.0,16.0,8.0,6.0,1.0,-1.0,70.6,71.8,65.9,70.49999999999999,66.73333333333333,3.6375656774782335,0.217480602464628,69.4,65.8,58.1
2026-08-16 05:00:00,Karachi,24.8607,67.0011,29.9,70.0,16.8,1001.9,unknown,3.0,18.77,86.68,0.07,0.4,71.27,46.38,0.0,69.0,,5.0,16.0,8.0,6.0,1.0,-0.5999999999999943,69.6,71.3,65.9,69.73333333333333,66.8625,3.6616475859201567,0.2165436086755883,68.8,64.3,58.8
2026-08-16 06:00:00,Karachi,24.8607,67.0011,29.4,73.0,18.0,1002.2,unknown,3.0,18.67,85.93,0.05,0.39,71.29,46.55,0.0,68.8,,6.0,16.0,8.0,6.0,1.0,-0.2000000000000028,69.0,70.6,65.8,69.13333333333333,66.9875,3.674981514297917,0.2172698708250902,68.4,63.4,59.9
2026-08-16 07:00:00,Karachi,24.8607,67.0011,29.3,74.0,17.7,1001.8,unknown,3.0,18.74,85.84,0.05,0.39,70.88,46.25,0.0,69.0,,7.0,16.0,8.0,6.0,1.0,0.2000000000000028,68.8,69.6,65.6,68.93333333333334,67.12916666666668,3.684689729922142,0.2183131407269338,67.8,63.2,61.2
2026-08-16 08:00:00,Karachi,24.8607,67.0011,29.7,72.0,17.7,1001.2,unknown,3.0,18.92,86.72,0.04,0.4,70.07,45.72,0.0,69.3,,8.0,16.0,8.0,6.0,1.0,0.2999999999999971,69.0,69.0,65.0,69.03333333333333,67.30833333333334,3.681199788663276,0.2181734317343173,67.0,63.2,62.3
2026-08-16 09:00:00,Karachi,24.8607,67.0011,29.9,70.0,16.8,1000.7,unknown,3.0,19.09,87.89,0.04,0.41,68.98,45.16,0.0,69.6,,9.0,16.0,8.0,6.0,1.0,0.2999999999999971,69.3,68.8,64.3,69.3,67.52916666666665,3.651739212397135,0.2172033223347366,66.3,63.1,62.9
2026-08-16 10:00:00,Karachi,24.8607,67.0011,29.7,71.0,16.5,1000.5,unknown,3.0,19.04,86.46,0.05,0.42,67.99,44.97,0.0,69.5,,10.0,16.0,8.0,6.0,1.0,-0.0999999999999943,69.6,69.0,63.9,69.46666666666665,67.7625,3.588122010915164,0.2202174415914874,66.1,62.8,62.9
2026-08-16 11:00:00,Karachi,24.8607,67.0011,29.2,74.0,16.9,1000.3,unknown,3.0,18.54,82.07,0.05,0.42,67.05,45.13,0.0,68.6,,11.0,16.0,8.0,6.0,1.0,-0.9000000000000057,69.5,69.3,63.4,69.23333333333333,67.97916666666667,3.4682383909166816,0.2259047154867796,65.7,62.6,62.3
2026-08-16 12:00:00,Karachi,24.8607,67.0011,29.0,75.0,17.5,1000.6,unknown,3.0,17.92,77.9,0.06,0.43,66.31,45.75,0.0,67.4,,12.0,16.0,8.0,6.0,1.0,-1.1999999999999886,68.6,69.6,62.8,68.5,68.17083333333333,3.292214685622475,0.2300385109114249,65.6,62.9,61.4
2026-08-16 13:00:00,Karachi,24.8607,67.0011,28.4,76.0,17.1,1001.0,unknown,3.0,17.63,76.27,0.07,0.44,65.93,46.46,0.0,66.9,,13.0,16.0,8.0,6.0,1.0,-0.5,67.4,69.5,62.2,67.63333333333334,68.36666666666666,3.052677608216518,0.2311524845942048,65.9,64.1,60.6
2026-08-16 14:00:00,Karachi,24.8607,67.0011,27.8,79.0,16.7,1001.4,unknown,3.0,17.61,76.9,0.09,0.45,65.88,46.94,0.0,66.9,,14.0,16.0,8.0,6.0,1.0,0.0,66.9,68.6,61.9,67.06666666666668,68.575,2.747528533696165,0.2289986996098829,66.6,65.5,59.9
2026-08-16 15:00:00,Karachi,24.8607,67.0011,27.7,81.0,16.4,1001.9,unknown,3.0,17.73,79.04,0.09,0.47,65.82,47.13,0.0,67.1,,15.0,16.0,8.0,6.0,1.0,0.1999999999999886,66.9,67.4,62.2,66.96666666666667,68.77916666666667,2.4151657007988376,0.2243168016194331,67.4,66.4,59.8
2026-08-16 16:00:00,Karachi,24.8607,67.0011,27.5,81.0,16.2,1002.7,unknown,3.0,17.86,82.4,0.09,0.48,65.75,47.01,0.0,67.3,,16.0,16.0,8.0,6.0,1.0,0.2000000000000028,67.1,66.9,62.8,67.10000000000001,68.96666666666667,2.0825708749695955,0.2167475728155339,68.6,67.3,60.0
2026-08-16 17:00:00,Karachi,24.8607,67.0011,27.2,84.0,14.6,1003.2,unknown,3.0,17.98,84.53,0.09,0.49,65.92,46.7,0.0,67.5,,17.0,16.0,8.0,6.0,1.0,0.2000000000000028,67.3,66.9,64.0,67.3,69.1125,1.826451180031844,0.2127055483260381,70.4,67.8,60.3
2026-08-16 18:00:00,Karachi,24.8607,67.0011,27.3,83.0,14.4,1002.8,unknown,3.0,18.35,87.23,0.09,0.49,66.32,46.32,0.0,68.2,,18.0,16.0,8.0,6.0,1.0,0.7000000000000028,67.5,67.1,65.6,67.66666666666667,69.22083333333333,1.6803154896994057,0.2103634070847185,72.3,67.2,60.1
2026-08-16 19:00:00,Karachi,24.8607,67.0011,27.0,83.0,13.7,1002.6,unknown,3.0,18.72,88.22,0.09,0.49,66.75,45.7,0.0,68.9,,19.0,16.0,8.0,6.0,1.0,0.7000000000000028,68.2,67.3,67.5,68.2,69.27916666666665,1.6418386211705525,0.2121967807753343,73.6,65.5,59.4
2026-08-16 20:00:00,Karachi,24.8607,67.0011,26.9,84.0,14.3,1002.3,unknown,3.0,19.25,92.38,0.09,0.5,67.21,45.08,0.0,69.9,,20.0,16.0,8.0,6.0,1.0,1.0,68.9,67.5,69.4,69.00000000000001,69.3,1.646603883094623,0.2083784368911019,74.0,64.1,58.5
2026-08-16 21:00:00,Karachi,24.8607,67.0011,26.7,85.0,15.0,1001.8,unknown,3.0,19.85,96.6,0.09,0.51,67.7,44.41,0.0,71.6,,21.0,16.0,8.0,6.0,1.0,1.6999999999999886,69.9,68.2,70.7,70.13333333333334,69.33749999999999,1.6895619447695869,0.2054865424430642,73.7,63.9,57.5
2026-08-16 22:00:00,Karachi,24.8607,67.0011,26.7,84.0,15.4,1001.3,unknown,3.0,20.3,97.15,0.09,0.51,68.1,43.77,0.0,71.9,,22.0,16.0,8.0,6.0,1.0,0.3000000000000113,71.6,68.9,71.5,71.13333333333334,69.35416666666667,1.71362295245617,0.208955223880597,73.3,64.1,56.6
2026-08-16 23:00:00,Karachi,24.8607,67.0011,26.7,84.0,15.0,1001.0,unknown,3.0,20.54,96.67,0.1,0.5,68.53,43.31,0.0,72.3,,23.0,16.0,8.0,6.0,1.0,0.3999999999999915,71.9,69.9,71.8,71.93333333333334,69.375,1.7473582544977453,0.2124754318816592,72.8,63.1,56.5
2026-08-17 00:00:00,Karachi,24.8607,67.0011,26.8,87.0,12.7,1001.2,unknown,3.0,20.57,95.56,0.1,0.49,68.9,43.15,0.0,72.4,,0.0,17.0,8.0,0.0,0.0,0.1000000000000085,72.3,71.6,72.0,72.2,69.39166666666667,1.775170945023087,0.215257429886982,71.5,61.7,57.3
2026-08-17 01:00:00,Karachi,24.8607,67.0011,26.8,86.0,12.2,1001.5,unknown,3.0,20.35,90.6,0.1,0.48,69.46,43.23,0.0,72.0,,1.0,17.0,8.0,0.0,0.0,-0.4000000000000057,72.4,71.9,71.8,72.23333333333333,69.4,1.7873954818930926,0.2246136865342163,69.9,60.3,58.0
2026-08-17 02:00:00,Karachi,24.8607,67.0011,26.9,84.0,12.2,1002.0,unknown,3.0,19.9,85.57,0.1,0.46,69.98,43.55,0.0,71.1,,2.0,17.0,8.0,0.0,0.0,-0.9000000000000057,72.0,72.3,71.3,71.83333333333333,69.39166666666667,1.7785965807618205,0.2325581395348837,68.6,59.0,58.2
2026-08-17 03:00:00,Karachi,24.8607,67.0011,27.9,79.0,15.2,1002.4,unknown,3.0,19.41,82.0,0.1,0.44,70.47,43.9,0.0,70.2,,3.0,17.0,8.0,0.0,0.0,-0.8999999999999915,71.1,72.4,70.6,71.10000000000001,69.375,1.768627569121623,0.2367073170731707,67.4,58.2,58.3
2026-08-17 04:00:00,Karachi,24.8607,67.0011,28.7,74.0,16.5,1002.6,unknown,3.0,18.97,78.69,0.09,0.43,70.75,44.19,0.0,69.4,,4.0,17.0,8.0,0.0,0.0,-0.7999999999999972,70.2,72.0,69.6,70.23333333333333,69.36666666666667,1.767992392926358,0.2410725632227729,65.8,58.1,58.4
2026-08-17 05:00:00,Karachi,24.8607,67.0011,29.6,69.0,16.3,1002.9,unknown,3.0,18.63,75.42,0.07,0.41,70.81,44.29,0.0,68.8,,5.0,17.0,8.0,0.0,0.0,-0.6000000000000085,69.4,71.1,69.0,69.46666666666668,69.35833333333333,1.7702656805424266,0.247016706443914,64.3,58.8,58.7
2026-08-17 06:00:00,Karachi,24.8607,67.0011,30.3,65.0,16.9,1003.0,unknown,3.0,18.43,75.04,0.07,0.4,70.82,44.06,0.0,68.4,,6.0,17.0,8.0,0.0,0.0,-0.3999999999999915,68.8,70.2,68.8,68.86666666666667,69.34166666666665,1.7776185013180084,0.2456023454157782,63.4,59.9,59.0
2026-08-17 07:00:00,Karachi,24.8607,67.0011,29.5,70.0,17.6,1002.7,unknown,3.0,18.13,74.99,0.06,0.4,70.6,43.3,0.0,67.8,,7.0,17.0,8.0,0.0,0.0,-0.6000000000000085,68.4,69.4,69.0,68.33333333333333,69.29166666666667,1.8043225072422984,0.241765568742499,63.2,61.2,59.5
2026-08-17 08:00:00,Karachi,24.8607,67.0011,29.5,71.0,18.6,1002.2,unknown,3.0,17.69,74.0,0.06,0.41,70.46,42.3,0.0,67.0,,8.0,17.0,8.0,0.0,0.0,-0.7999999999999972,67.8,68.8,69.3,67.73333333333333,69.19583333333334,1.863955393817447,0.239054054054054,63.2,62.3,60.3
2026-08-17 09:00:00,Karachi,24.8607,67.0011,29.6,71.0,18.9,1002.1,unknown,3.0,17.32,72.57,0.06,0.41,70.36,41.14,0.0,66.3,,9.0,17.0,8.0,0.0,0.0,-0.7000000000000028,67.0,68.4,69.6,67.03333333333335,69.05833333333334,1.952460357925767,0.238666115474714,63.1,62.9,61.1
2026-08-17 10:00:00,Karachi,24.8607,67.0011,29.7,70.0,18.7,1001.6,unknown,3.0,17.18,71.34,0.06,0.42,70.41,39.95,0.0,66.1,,10.0,17.0,8.0,0.0,0.0,-0.2000000000000028,66.3,67.8,69.5,66.46666666666665,68.91666666666667,2.040389278003926,0.2408186150827025,62.8,62.9,61.7
2026-08-17 11:00:00,Karachi,24.8607,67.0011,29.1,72.0,19.1,1001.5,unknown,3.0,17.01,69.7,0.06,0.43,70.42,38.92,0.0,65.7,,11.0,17.0,8.0,0.0,0.0,-0.3999999999999915,66.1,67.0,68.6,66.03333333333333,68.79583333333333,2.1432359051032708,0.2440459110473457,62.6,62.3,61.7
2026-08-17 12:00:00,Karachi,24.8607,67.0011,28.9,74.0,18.7,1001.7,unknown,3.0,16.93,68.76,0.07,0.44,70.61,38.28,0.0,65.6,,12.0,17.0,8.0,0.0,0.0,-0.1000000000000085,65.7,66.3,67.4,65.8,68.72083333333333,2.224171397575605,0.246218731820826,62.9,61.4,61.0
2026-08-17 13:00:00,Karachi,24.8607,67.0011,28.3,78.0,17.9,1002.0,unknown,3.0,17.1,70.04,0.08,0.45,71.22,38.04,0.0,65.9,,13.0,17.0,8.0,0.0,0.0,0.3000000000000113,65.6,66.1,66.9,65.73333333333333,68.67916666666666,2.268686493500903,0.2441462021701884,64.1,60.6,60.2
2026-08-17 14:00:00,Karachi,24.8607,67.0011,27.7,80.0,17.6,1002.1,unknown,3.0,17.47,72.76,0.09,0.46,71.86,38.0,0.0,66.6,,14.0,17.0,8.0,0.0,0.0,0.6999999999999886,65.9,65.7,66.9,66.03333333333333,68.66666666666667,2.27971521231747,0.2401044529961517,65.5,59.9,59.9
2026-08-17 15:00:00,Karachi,24.8607,67.0011,27.3,83.0,16.9,1002.7,unknown,3.0,17.92,75.96,0.1,0.48,72.18,37.88,0.0,67.4,,15.0,17.0,8.0,0.0,0.0,0.8000000000000114,66.6,65.6,67.1,66.63333333333334,68.67916666666666,2.2715593507664056,0.2359136387572407,66.4,59.8,59.9
2026-08-17 16:00:00,Karachi,24.8607,67.0011,27.2,83.0,15.9,1003.2,unknown,3.0,18.52,79.23,0.1,0.49,72.47,37.67,0.0,68.6,,16.0,17.0,8.0,0.0,0.0,1.1999999999999886,67.4,65.9,67.3,67.53333333333333,68.73333333333333,2.252663479887642,0.2337498422314779,67.3,60.0,59.7
2026-08-17 17:00:00,Karachi,24.8607,67.0011,27.2,83.0,13.7,1004.0,unknown,3.0,19.49,83.76,0.1,0.5,72.45,37.45,0.0,70.4,,17.0,17.0,8.0,0.0,0.0,1.8000000000000114,68.6,66.6,67.5,68.8,68.85416666666667,2.2613922542390843,0.2326886341929321,67.8,60.3,59.0
2026-08-17 18:00:00,Karachi,24.8607,67.0011,27.3,84.0,13.9,1003.8,unknown,3.0,20.54,88.31,0.11,0.52,72.22,37.27,0.0,72.3,,18.0,17.0,8.0,0.0,0.0,1.8999999999999917,70.4,67.4,68.2,70.43333333333334,69.02499999999999,2.3624324236934284,0.232589740686219,67.2,60.1,58.3
2026-08-17 19:00:00,Karachi,24.8607,67.0011,27.2,84.0,13.2,1003.5,unknown,3.0,21.22,91.04,0.12,0.54,71.91,37.02,0.0,73.6,,19.0,17.0,8.0,0.0,0.0,1.2999999999999972,72.3,68.6,68.9,72.10000000000001,69.22083333333335,2.5397670496844587,0.2330843585237258,65.5,59.4,57.9
2026-08-17 20:00:00,Karachi,24.8607,67.0011,27.0,84.0,13.5,1003.3,unknown,3.0,21.44,91.55,0.12,0.53,71.67,36.77,0.0,74.0,,20.0,17.0,8.0,0.0,0.0,0.4000000000000057,73.6,70.4,69.9,73.3,69.39166666666667,2.719001841575132,0.2341889677771709,64.1,58.5,57.9
2026-08-17 21:00:00,Karachi,24.8607,67.0011,26.9,86.0,13.7,1003.0,unknown,3.0,21.3,90.39,0.12,0.53,71.6,36.56,0.0,73.7,,21.0,17.0,8.0,0.0,0.0,-0.2999999999999971,74.0,72.3,71.6,73.76666666666667,69.47916666666667,2.824886171875632,0.2356455360106206,63.9,57.5,58.5
2026-08-17 22:00:00,Karachi,24.8607,67.0011,26.7,87.0,13.7,1002.7,unknown,3.0,21.09,88.68,0.12,0.51,71.67,36.26,0.0,73.3,,22.0,17.0,8.0,0.0,0.0,-0.4000000000000057,73.7,73.6,71.9,73.66666666666667,69.53750000000001,2.8907367046565056,0.2378213802435723,64.1,56.6,59.6
2026-08-17 23:00:00,Karachi,24.8607,67.0011,26.8,88.0,14.0,1002.5,unknown,3.0,20.8,86.26,0.12,0.51,71.72,35.93,0.0,72.8,,23.0,17.0,8.0,0.0,0.0,-0.5,73.3,74.0,72.3,73.26666666666667,69.55833333333334,2.9132257135291098,0.2411314630187804,63.1,56.5,61.0
2026-08-18 00:00:00,Karachi,24.8607,67.0011,27.2,82.0,14.2,1002.3,unknown,3.0,20.11,81.3,0.12,0.49,71.91,35.64,0.0,71.5,,0.0,18.0,8.0,1.0,0.0,-1.2999999999999972,72.8,73.7,72.4,72.53333333333333,69.52083333333333,2.880667067472284,0.2473554735547355,61.7,57.3,62.2
2026-08-18 01:00:00,Karachi,24.8607,67.0011,27.0,84.0,13.4,1002.6,unknown,3.0,19.25,74.51,0.12,0.48,72.07,35.41,0.0,69.9,,1.0,18.0,8.0,1.0,0.0,-1.5999999999999943,71.5,73.3,72.0,71.4,69.43333333333332,2.8335976006333428,0.2583545832774124,60.3,58.0,63.2
2026-08-18 02:00:00,Karachi,24.8607,67.0011,27.3,83.0,13.1,1003.0,unknown,3.0,18.53,69.67,0.12,0.47,72.21,35.27,0.0,68.6,,2.0,18.0,8.0,1.0,0.0,-1.3000000000000114,69.9,72.8,71.1,70.0,69.32916666666667,2.8155591253607186,0.2659681354959093,59.0,58.2,64.0
2026-08-18 03:00:00,Karachi,24.8607,67.0011,28.4,76.0,17.7,1003.5,unknown,3.0,17.89,66.13,0.12,0.46,72.49,35.06,0.0,67.4,,3.0,18.0,8.0,1.0,0.0,-1.1999999999999886,68.6,71.5,70.2,68.63333333333334,69.21249999999999,2.8358439430902136,0.270527748374414,58.2,58.3,64.6
2026-08-18 04:00:00,Karachi,24.8607,67.0011,29.2,71.0,17.5,1003.8,unknown,3.0,17.04,62.58,0.12,0.44,72.49,34.93,0.0,65.8,,4.0,18.0,8.0,1.0,0.0,-1.6000000000000083,67.4,69.9,69.4,67.26666666666667,69.0625,2.919471736014508,0.2722914669223394,58.1,58.4,64.6
2026-08-18 05:00:00,Karachi,24.8607,67.0011,29.8,69.0,17.3,1004.2,unknown,3.0,16.24,60.16,0.11,0.43,72.57,34.79,0.0,64.3,,5.0,18.0,8.0,1.0,0.0,-1.5,65.8,68.6,68.8,65.83333333333333,68.875,3.0773011891415405,0.2699468085106383,58.8,58.7,63.9
2026-08-18 06:00:00,Karachi,24.8607,67.0011,30.3,62.0,19.1,1004.4,unknown,3.0,15.76,59.42,0.09,0.43,72.54,34.58,0.0,63.4,,6.0,18.0,8.0,1.0,0.0,-0.8999999999999986,64.3,67.4,68.4,64.5,68.66666666666667,3.273831244045587,0.2652305621003029,59.9,59.0,62.9
2026-08-18 07:00:00,Karachi,24.8607,67.0011,30.5,63.0,19.2,1004.3,unknown,3.0,15.63,60.77,0.08,0.44,72.25,34.11,0.0,63.2,,7.0,18.0,8.0,1.0,0.0,-0.1999999999999957,63.4,65.8,67.8,63.63333333333333,68.475,3.4563426259302523,0.2571992759585321,61.2,59.5,62.1
2026-08-18 08:00:00,Karachi,24.8607,67.0011,30.5,64.0,19.6,1003.9,unknown,3.0,15.65,61.18,0.07,0.44,72.28,33.69,0.0,63.2,,8.0,18.0,8.0,1.0,0.0,0.0,63.2,64.3,67.0,63.26666666666667,68.31666666666666,3.610451816440285,0.2558025498528931,62.3,60.3,61.1
2026-08-18 09:00:00,Karachi,24.8607,67.0011,30.1,67.0,20.3,1003.4,unknown,3.0,15.57,59.93,0.06,0.44,72.41,33.47,0.0,63.1,,9.0,18.0,8.0,1.0,0.0,-0.1000000000000014,63.2,63.4,66.3,63.16666666666666,68.18333333333332,3.744754785802869,0.259803103620891,62.9,61.1,59.9
2026-08-18 10:00:00,Karachi,24.8607,67.0011,29.7,70.0,21.0,1003.0,unknown,3.0,15.43,58.73,0.06,0.43,72.67,33.34,0.0,62.8,,10.0,18.0,8.0,1.0,0.0,-0.3000000000000042,63.1,63.2,66.1,63.03333333333334,68.04583333333333,3.882623403415536,0.2627277371019921,62.9,61.7,58.8
2026-08-18 11:00:00,Karachi,24.8607,67.0011,29.0,74.0,20.2,1002.3,unknown,3.0,15.3,59.04,0.07,0.44,72.69,33.25,0.0,62.6,,11.0,18.0,8.0,1.0,0.0,-0.1999999999999957,62.8,63.2,65.7,62.833333333333336,67.91666666666667,4.013419518550297,0.2591463414634146,62.3,61.7,58.2
2026-08-18 12:00:00,Karachi,24.8607,67.0011,29.2,70.0,19.3,1002.6,unknown,3.0,15.5,62.21,0.08,0.45,72.54,33.05,0.0,62.9,,12.0,18.0,8.0,1.0,0.0,0.2999999999999971,62.6,63.1,65.6,62.76666666666667,67.80416666666667,4.117669155646041,0.249156084230831,61.4,61.0,58.5
2026-08-18 13:00:00,Karachi,24.8607,67.0011,28.5,72.0,19.0,1002.8,unknown,3.0,16.13,68.33,0.09,0.46,72.58,32.91,0.0,64.1,,13.0,18.0,8.0,1.0,0.0,1.1999999999999955,62.9,62.8,65.9,63.2,67.72916666666667,4.169921192734901,0.2360602956241767,60.6,60.2,59.6
2026-08-18 14:00:00,Karachi,24.8607,67.0011,28.0,76.0,19.3,1003.0,unknown,3.0,16.87,75.29,0.1,0.48,72.48,32.82,0.0,65.5,,14.0,18.0,8.0,1.0,0.0,1.4000000000000057,64.1,62.6,66.6,64.16666666666667,67.68333333333334,4.188874152640916,0.2240669411608447,59.9,59.9,60.9
2026-08-18 15:00:00,Karachi,24.8607,67.0011,27.7,79.0,18.4,1003.5,unknown,3.0,17.39,80.86,0.1,0.49,72.08,32.54,0.0,66.4,,15.0,18.0,8.0,1.0,0.0,0.9000000000000057,65.5,62.9,67.4,65.33333333333333,67.64166666666667,4.196781030085945,0.2150630719762552,59.8,59.9,61.8
2026-08-18 16:00:00,Karachi,24.8607,67.0011,27.7,80.0,18.5,1003.9,unknown,3.0,17.84,84.98,0.11,0.5,71.28,31.97,0.0,67.3,,16.0,18.0,8.0,1.0,0.0,0.8999999999999915,66.4,64.1,68.6,66.39999999999999,67.5875,4.192261245178143,0.2099317486467403,60.0,59.7,62.4
2026-08-18 17:00:00,Karachi,24.8607,67.0011,27.5,82.0,16.7,1004.2,unknown,3.0,18.11,87.02,0.11,0.51,70.35,31.31,0.0,67.8,,17.0,18.0,8.0,1.0,0.0,0.5,67.3,65.5,70.4,67.16666666666667,67.47916666666667,4.149801374677092,0.2081130774534589,60.3,59.0,63.1
2026-08-18 18:00:00,Karachi,24.8607,67.0011,27.4,81.0,16.9,1004.5,unknown,3.0,17.78,85.25,0.11,0.51,69.42,30.92,0.0,67.2,,18.0,18.0,8.0,1.0,0.0,-0.5999999999999943,67.8,66.4,72.3,67.43333333333334,67.26666666666667,4.0207793606045135,0.2085630498533724,60.1,58.3,64.0
2026-08-18 19:00:00,Karachi,24.8607,67.0011,27.1,81.0,15.7,1004.2,unknown,3.0,16.9,80.06,0.11,0.5,68.49,30.94,0.0,65.5,,19.0,18.0,8.0,1.0,0.0,-1.7000000000000028,67.2,67.3,73.6,66.83333333333333,66.92916666666666,3.79994040761772,0.2110916812390706,59.4,57.9,65.0
2026-08-18 20:00:00,Karachi,24.8607,67.0011,27.0,82.0,15.3,1004.1,unknown,3.0,16.13,75.51,0.11,0.49,67.9,31.3,0.0,64.1,,20.0,18.0,8.0,1.0,0.0,-1.4000000000000057,65.5,67.8,74.0,65.60000000000001,66.51666666666667,3.5265042016215875,0.2136140908488941,58.5,57.9,66.1
2026-08-18 21:00:00,Karachi,24.8607,67.0011,26.8,83.0,15.3,1003.5,unknown,3.0,16.02,74.25,0.11,0.49,67.28,31.64,0.0,63.9,,21.0,18.0,8.0,1.0,0.0,-0.1999999999999957,64.1,67.2,73.7,64.5,66.10833333333333,3.211922987146352,0.2157575757575757,57.5,58.5,67.2
2026-08-18 22:00:00,Karachi,24.8607,67.0011,26.8,84.0,15.4,1003.3,unknown,3.0,16.11,74.07,0.12,0.5,66.72,31.76,0.0,64.1,,22.0,18.0,8.0,1.0,0.0,0.1999999999999957,63.9,65.5,73.3,64.03333333333332,65.725,2.844254315052112,0.2174969623329283,56.6,59.6,67.9
2026-08-18 23:00:00,Karachi,24.8607,67.0011,26.7,85.0,15.7,1003.1,unknown,3.0,15.61,71.44,0.12,0.49,66.12,31.86,0.0,63.1,,23.0,18.0,8.0,1.0,0.0,-0.9999999999999928,64.1,64.1,72.8,63.7,65.32083333333334,2.458168134954798,0.218505039193729,56.5,61.0,67.8
2026-08-19 00:00:00,Karachi,24.8607,67.0011,27.1,83.0,16.8,1003.1,unknown,3.0,14.82,67.64,0.11,0.48,65.88,32.03,0.0,61.7,,0.0,19.0,8.0,2.0,0.0,-1.3999999999999986,63.1,63.9,71.5,62.96666666666666,64.9125,2.185985500567824,0.2191011235955056,57.3,62.2,67.1
2026-08-19 01:00:00,Karachi,24.8607,67.0011,26.9,83.0,15.9,1003.1,unknown,3.0,14.1,64.16,0.11,0.47,65.97,32.49,0.0,60.3,,1.0,19.0,8.0,2.0,0.0,-1.4000000000000057,61.7,64.1,69.9,61.7,64.5125,2.1106999663200114,0.2197630922693267,58.0,63.2,65.6
2026-08-19 02:00:00,Karachi,24.8607,67.0011,27.2,81.0,15.2,1003.6,unknown,3.0,13.39,58.96,0.11,0.45,66.28,33.07,0.0,59.0,,2.0,19.0,8.0,2.0,0.0,-1.2999999999999972,60.3,63.1,68.6,60.333333333333336,64.1125,2.209724063040435,0.2271031207598371,58.2,64.0,64.0
2026-08-19 03:00:00,Karachi,24.8607,67.0011,28.1,75.0,18.7,1004.0,unknown,3.0,12.96,54.57,0.11,0.43,66.68,33.61,0.0,58.2,,3.0,19.0,8.0,2.0,0.0,-0.7999999999999972,59.0,61.7,67.4,59.16666666666666,63.72916666666666,2.404068863707255,0.2374931280923584,58.3,64.6,62.3
2026-08-19 04:00:00,Karachi,24.8607,67.0011,29.0,70.0,18.2,1004.4,unknown,3.0,12.91,53.49,0.09,0.42,66.91,34.1,0.0,58.1,,4.0,19.0,8.0,2.0,0.0,-0.1000000000000014,58.2,60.3,65.8,58.43333333333334,63.40833333333333,2.6198102597514485,0.2413535240231819,58.4,64.6,61.0
2026-08-19 05:00:00,Karachi,24.8607,67.0011,30.1,63.0,18.5,1004.6,unknown,3.0,13.27,54.84,0.08,0.42,67.13,34.48,0.0,58.8,,5.0,19.0,8.0,2.0,0.0,0.6999999999999957,58.1,59.0,64.3,58.36666666666667,63.17916666666667,2.774414026132971,0.2419766593727206,58.7,63.9,61.0
2026-08-19 06:00:00,Karachi,24.8607,67.0011,30.1,65.0,20.0,1004.5,unknown,3.0,13.88,56.69,0.07,0.43,67.4,34.64,0.0,59.9,,6.0,19.0,8.0,2.0,0.0,1.1000000000000014,58.8,58.2,63.4,58.93333333333333,63.03333333333334,2.8531701158785694,0.2448403598518257,59.0,62.9,61.5
2026-08-19 07:00:00,Karachi,24.8607,67.0011,30.6,63.0,19.7,1004.3,unknown,3.0,14.58,58.47,0.07,0.43,67.57,34.61,0.0,61.2,,7.0,19.0,8.0,2.0,0.0,1.3000000000000045,59.9,58.1,63.2,59.96666666666666,62.95,2.877196703314328,0.2493586454592098,59.5,62.1,62.0
2026-08-19 08:00:00,Karachi,24.8607,67.0011,30.2,66.0,19.8,1004.1,unknown,3.0,15.18,60.57,0.06,0.44,67.87,34.47,0.0,62.3,,8.0,19.0,8.0,2.0,0.0,1.0999999999999943,61.2,58.8,63.2,61.133333333333326,62.9125,2.8796606835131717,0.2506191183754334,60.3,61.1,62.1
2026-08-19 09:00:00,Karachi,24.8607,67.0011,29.8,68.0,19.7,1003.6,unknown,3.0,15.5,62.9,0.05,0.44,68.08,34.11,0.0,62.9,,9.0,19.0,8.0,2.0,0.0,0.6000000000000014,62.3,59.9,63.1,62.133333333333326,62.90416666666667,2.879383866259064,0.246422893481717,61.1,59.9,62.4
2026-08-19 10:00:00,Karachi,24.8607,67.0011,30.1,67.0,20.7,1002.9,unknown,3.0,15.49,64.51,0.05,0.45,68.22,33.73,0.0,62.9,,10.0,19.0,8.0,2.0,0.0,0.0,62.9,61.2,62.8,62.7,62.90833333333333,2.8792989283570765,0.2401178111920632,61.7,58.8,63.1
2026-08-19 11:00:00,Karachi,24.8607,67.0011,29.2,72.0,20.4,1002.4,unknown,3.0,15.16,64.61,0.06,0.46,68.13,33.23,0.0,62.3,,11.0,19.0,8.0,2.0,0.0,-0.6000000000000014,62.9,62.3,62.6,62.69999999999999,62.895833333333336,2.881346177934731,0.2346386008357839,61.7,58.2,64.0
2026-08-19 12:00:00,Karachi,24.8607,67.0011,29.2,67.0,19.8,1003.0,unknown,3.0,14.66,63.75,0.06,0.47,68.09,32.69,0.0,61.4,,12.0,19.0,8.0,2.0,0.0,-0.8999999999999986,62.3,62.9,62.9,62.19999999999999,62.833333333333336,2.8974751627646835,0.2299607843137255,61.0,58.5,64.9
2026-08-19 13:00:00,Karachi,24.8607,67.0011,28.2,72.0,18.6,1003.3,unknown,3.0,14.23,63.17,0.08,0.48,68.08,32.17,0.0,60.6,,13.0,19.0,8.0,2.0,0.0,-0.7999999999999972,61.4,62.9,64.1,61.43333333333333,62.6875,2.918950451639788,0.2252651575114769,60.2,59.6,65.6
2026-08-19 14:00:00,Karachi,24.8607,67.0011,27.9,75.0,17.4,1003.7,unknown,3.0,13.86,62.86,0.1,0.48,68.01,31.49,0.0,59.9,,14.0,19.0,8.0,2.0,0.0,-0.7000000000000028,60.6,62.3,65.5,60.633333333333326,62.45416666666667,2.9081563211773096,0.220489977728285,59.9,60.9,66.1
2026-08-19 15:00:00,Karachi,24.8607,67.0011,27.7,78.0,16.0,1004.3,unknown,3.0,13.81,64.12,0.11,0.49,67.83,30.84,0.0,59.8,,15.0,19.0,8.0,2.0,0.0,-0.1000000000000014,59.9,61.4,66.4,60.1,62.17916666666667,2.8298070554389936,0.2153774173424828,59.9,61.8,66.7
2026-08-19 16:00:00,Karachi,24.8607,67.0011,27.5,81.0,18.0,1004.8,unknown,3.0,13.94,65.93,0.11,0.49,67.59,30.19,0.0,60.0,,16.0,19.0,8.0,2.0,0.0,0.2000000000000028,59.8,60.6,67.3,59.9,61.875,2.641516362934378,0.211436371909601,59.7,62.4,67.6
2026-08-19 17:00:00,Karachi,24.8607,67.0011,27.3,82.0,17.7,1005.1,unknown,3.0,14.07,67.36,0.11,0.49,67.53,29.73,0.0,60.3,,17.0,19.0,8.0,2.0,0.0,0.2999999999999971,60.0,59.9,67.8,60.03333333333333,61.5625,2.3360711163976875,0.2088776722090261,59.0,63.1,68.7
2026-08-19 18:00:00,Karachi,24.8607,67.0011,27.4,79.0,16.5,1005.2,unknown,3.0,14.0,67.49,0.11,0.47,67.72,29.69,0.0,60.1,,18.0,19.0,8.0,2.0,0.0,-0.1999999999999957,60.3,59.8,67.2,60.133333333333326,61.26666666666666,2.0191833619741937,0.2074381389835531,58.3,64.0,69.8
2026-08-19 19:00:00,Karachi,24.8607,67.0011,27.3,80.0,16.8,1004.9,unknown,3.0,13.6,65.65,0.11,0.45,67.88,29.9,0.0,59.4,,19.0,19.0,8.0,2.0,0.0,-0.7000000000000028,60.1,60.0,65.5,59.93333333333333,61.0125,1.839024434194208,0.2071591774562071,57.9,65.0,70.8
2026-08-19 20:00:00,Karachi,24.8607,67.0011,27.1,82.0,17.3,1004.4,unknown,3.0,13.11,63.03,0.11,0.43,67.98,30.25,0.0,58.5,,20.0,19.0,8.0,2.0,0.0,-0.8999999999999986,59.4,60.3,64.1,59.333333333333336,60.77916666666667,1.784712659046404,0.2079961922893859,57.9,66.1,71.6
2026-08-19 21:00:00,Karachi,24.8607,67.0011,26.9,83.0,16.3,1003.9,unknown,3.0,12.6,59.37,0.11,0.42,67.92,30.46,0.0,57.5,,21.0,19.0,8.0,2.0,0.0,-1.0,58.5,60.1,63.9,58.46666666666666,60.5125,1.7762472653953103,0.2122283981808994,58.5,67.2,72.2
2026-08-19 22:00:00,Karachi,24.8607,67.0011,26.8,84.0,15.2,1003.4,unknown,3.0,12.12,55.06,0.11,0.41,67.5,30.48,0.0,56.6,,22.0,19.0,8.0,2.0,0.0,-0.8999999999999986,57.5,59.4,64.1,57.53333333333333,60.2,1.7773942823079287,0.2201235016345804,59.6,67.9,72.7
2026-08-19 23:00:00,Karachi,24.8607,67.0011,26.7,85.0,15.0,1003.2,unknown,3.0,12.04,52.43,0.11,0.41,67.08,30.39,0.0,56.5,,23.0,19.0,8.0,2.0,0.0,-0.1000000000000014,56.6,58.5,63.1,56.86666666666667,59.92499999999999,1.819280794350896,0.2296395193591455,61.0,67.8,73.2
2026-08-20 00:00:00,Karachi,24.8607,67.0011,26.9,83.0,13.8,1003.4,unknown,3.0,12.48,52.54,0.11,0.42,66.56,30.49,0.0,57.3,,0.0,20.0,8.0,3.0,0.0,0.7999999999999972,56.5,57.5,61.7,56.79999999999999,59.74166666666667,1.8540007660672988,0.2375333079558431,62.2,67.1,73.6
2026-08-20 01:00:00,Karachi,24.8607,67.0011,27.0,80.0,13.4,1003.7,unknown,3.0,12.84,51.98,0.12,0.43,66.47,30.93,0.0,58.0,,1.0,20.0,8.0,3.0,0.0,0.7000000000000028,57.3,56.6,60.3,57.26666666666666,59.64583333333332,1.8831008577816943,0.2470180838784147,63.2,65.6,74.0
2026-08-20 02:00:00,Karachi,24.8607,67.0011,27.2,78.0,12.9,1004.0,unknown,2.0,12.95,49.83,0.12,0.42,66.67,31.65,0.0,58.2,,2.0,20.0,8.0,3.0,0.0,0.2000000000000028,58.0,56.5,59.0,57.833333333333336,59.61249999999999,1.902015521355363,0.2598836042544651,64.0,64.0,74.1
2026-08-20 03:00:00,Karachi,24.8607,67.0011,28.0,75.0,17.1,1004.2,unknown,2.0,13.01,47.29,0.11,0.4,67.11,32.62,0.0,58.3,,3.0,20.0,8.0,3.0,0.0,0.0999999999999943,58.2,57.3,58.2,58.16666666666666,59.61666666666667,1.898893651958352,0.2751110171283569,64.6,62.3,74.1
2026-08-20 04:00:00,Karachi,24.8607,67.0011,28.6,73.0,17.8,1004.4,unknown,2.0,13.06,47.46,0.1,0.39,67.56,33.76,0.0,58.4,,4.0,20.0,8.0,3.0,0.0,0.1000000000000014,58.3,58.0,58.1,58.29999999999999,59.62916666666666,1.8894395687759955,0.2751790981879477,64.6,61.0,73.9
2026-08-20 05:00:00,Karachi,24.8607,67.0011,29.3,70.0,17.1,1004.7,unknown,2.0,13.23,48.7,0.08,0.38,67.99,34.83,0.0,58.7,,5.0,20.0,8.0,3.0,0.0,0.3000000000000042,58.4,58.2,58.8,58.46666666666666,59.625,1.8914567654722168,0.2716632443531827,63.9,61.0,73.9
2026-08-20 06:00:00,Karachi,24.8607,67.0011,29.5,69.0,17.2,1005.0,unknown,2.0,13.41,49.38,0.07,0.38,68.3,35.59,0.0,59.0,,6.0,20.0,8.0,3.0,0.0,0.2999999999999971,58.7,58.3,59.9,58.69999999999999,59.5875,1.8946865061323988,0.2715674362089915,62.9,61.5,73.9
2026-08-20 07:00:00,Karachi,24.8607,67.0011,29.6,69.0,17.3,1004.9,unknown,3.0,13.66,50.51,0.06,0.38,68.64,36.02,0.0,59.5,,7.0,20.0,8.0,3.0,0.0,0.5,59.0,58.4,61.2,59.06666666666666,59.51666666666667,1.863299240049619,0.2704414967333201,62.1,62.0,73.8
2026-08-20 08:00:00,Karachi,24.8607,67.0011,29.6,70.0,16.4,1004.5,unknown,3.0,14.07,53.21,0.05,0.38,68.68,36.13,0.0,60.3,,8.0,20.0,8.0,3.0,0.0,0.7999999999999972,59.5,58.7,62.3,59.6,59.43333333333333,1.7760891738934963,0.2644239804548017,61.1,62.1,73.5
2026-08-20 09:00:00,Karachi,24.8607,67.0011,30.2,67.0,16.7,1003.8,unknown,3.0,14.5,56.47,0.05,0.39,68.74,35.94,0.0,61.1,,9.0,20.0,8.0,3.0,0.0,0.8000000000000043,60.3,59.0,62.9,60.29999999999999,59.35833333333333,1.6573726370281143,0.2567735080573756,59.9,62.4,73.2
2026-08-20 10:00:00,Karachi,24.8607,67.0011,29.9,68.0,16.4,1003.0,unknown,3.0,14.82,59.39,0.05,0.4,68.78,35.72,0.0,61.7,,10.0,20.0,8.0,3.0,0.0,0.6000000000000014,61.1,59.5,62.9,61.03333333333333,59.30833333333333,1.561191481074066,0.2495369590840208,58.8,63.1,73.0
2026-08-20 11:00:00,Karachi,24.8607,67.0011,29.3,71.0,17.3,1002.7,unknown,3.0,14.82,60.28,0.05,0.4,68.93,35.43,0.0,61.7,,11.0,20.0,8.0,3.0,0.0,0.0,61.7,60.3,62.3,61.5,59.28333333333333,1.515332268532715,0.2458526874585268,58.2,64.0,73.1
2026-08-20 12:00:00,Karachi,24.8607,67.0011,29.0,72.0,17.5,1002.8,unknown,3.0,14.46,58.92,0.06,0.4,69.11,35.29,0.0,61.0,,12.0,20.0,8.0,3.0,0.0,-0.7000000000000028,61.7,61.1,61.4,61.46666666666667,59.26666666666667,1.4930758059513851,0.2454175152749491,58.5,64.9,73.3
2026-08-20 13:00:00,Karachi,24.8607,67.0011,28.3,75.0,17.2,1003.1,unknown,3.0,14.03,57.77,0.07,0.41,69.42,35.19,0.0,60.2,,13.0,20.0,8.0,3.0,0.0,-0.7999999999999972,61.0,61.7,60.6,60.96666666666666,59.25,1.4797179519725532,0.2428596157175004,59.6,65.6,74.7
2026-08-20 14:00:00,Karachi,24.8607,67.0011,27.7,79.0,16.6,1003.4,unknown,3.0,13.87,57.88,0.09,0.41,69.53,34.82,0.0,59.9,,14.0,20.0,8.0,3.0,0.0,-0.3000000000000042,60.2,61.7,59.9,60.36666666666667,59.25,1.4797179519725532,0.2396337249481686,60.9,66.1,76.0
2026-08-20 15:00:00,Karachi,24.8607,67.0011,27.6,79.0,15.9,1004.0,unknown,3.0,13.89,57.73,0.1,0.42,69.28,34.05,0.0,59.9,,15.0,20.0,8.0,3.0,0.0,0.0,59.9,61.0,59.8,60.0,59.25416666666666,1.4814737570244585,0.2406028061666378,61.8,66.7,77.1
2026-08-20 16:00:00,Karachi,24.8607,67.0011,27.3,81.0,15.9,1004.5,unknown,3.0,13.77,56.12,0.1,0.42,68.89,33.06,0.0,59.7,,16.0,20.0,8.0,3.0,0.0,-0.1999999999999957,59.9,60.2,60.0,59.83333333333332,59.24166666666667,1.4761632602842538,0.2453670705630791,62.4,67.6,77.4
2026-08-20 17:00:00,Karachi,24.8607,67.0011,27.2,83.0,16.0,1004.8,unknown,3.0,13.38,52.81,0.11,0.41,68.94,32.19,0.0,59.0,,17.0,20.0,8.0,3.0,0.0,-0.7000000000000028,59.7,59.9,60.3,59.53333333333333,59.1875,1.4593960930879246,0.2533611058511645,63.1,68.7,77.3
2026-08-20 18:00:00,Karachi,24.8607,67.0011,27.3,82.0,13.8,1004.3,unknown,3.0,13.02,50.78,0.1,0.4,69.28,31.58,0.0,58.3,,18.0,20.0,8.0,3.0,0.0,-0.7000000000000028,59.0,59.9,60.1,58.99999999999999,59.1125,1.4567123496297396,0.2564001575423394,64.0,69.8,77.3
2026-08-20 19:00:00,Karachi,24.8607,67.0011,27.0,83.0,12.4,1004.3,unknown,3.0,12.81,50.58,0.1,0.39,69.55,31.13,0.0,57.9,,19.0,20.0,8.0,3.0,0.0,-0.3999999999999986,58.3,59.7,59.4,58.4,59.05,1.4758932446365534,0.2532621589561091,65.0,70.8,77.3
2026-08-20 20:00:00,Karachi,24.8607,67.0011,26.8,84.0,12.6,1003.7,unknown,3.0,12.8,51.89,0.1,0.39,69.56,30.9,0.0,57.9,,20.0,20.0,8.0,3.0,0.0,0.0,57.9,59.0,58.5,58.03333333333333,59.025,1.490622863684082,0.246675660050106,66.1,71.6,76.9
2026-08-20 21:00:00,Karachi,24.8607,67.0011,26.8,85.0,12.8,1003.2,unknown,3.0,13.11,54.29,0.11,0.4,69.4,30.7,0.0,58.5,,21.0,20.0,8.0,3.0,0.0,0.6000000000000014,57.9,58.3,57.5,58.1,59.06666666666666,1.459799470047929,0.2414809357156014,67.2,72.2,75.8
2026-08-20 22:00:00,Karachi,24.8607,67.0011,26.7,85.0,12.6,1002.9,unknown,3.0,13.73,57.53,0.11,0.41,68.99,30.68,0.0,59.6,,22.0,20.0,8.0,3.0,0.0,1.1000000000000014,58.5,57.9,56.6,58.66666666666666,59.19166666666667,1.364747680665777,0.2386580914305579,67.9,72.7,76.2
2026-08-20 23:00:00,Karachi,24.8607,67.0011,26.6,86.0,13.6,1002.8,unknown,3.0,14.47,60.95,0.11,0.42,68.56,30.79,0.0,61.0,,23.0,20.0,8.0,3.0,0.0,1.3999999999999986,59.6,57.9,56.5,59.69999999999999,59.37916666666667,1.2857003392382502,0.2374077112387202,67.8,73.2,76.8
2026-08-21 00:00:00,Karachi,24.8607,67.0011,26.8,85.0,14.0,1003.1,unknown,3.0,15.13,65.32,0.11,0.43,68.16,31.27,0.0,62.2,,0.0,21.0,8.0,4.0,0.0,1.2000000000000028,61.0,58.5,57.3,60.93333333333333,59.583333333333336,1.329487206362858,0.2316289038579302,67.1,73.6,76.9
2026-08-21 01:00:00,Karachi,24.8607,67.0011,26.8,86.0,13.5,1003.6,unknown,3.0,15.63,66.65,0.11,0.43,68.09,31.96,0.0,63.2,,1.0,21.0,8.0,4.0,0.0,1.0,62.2,59.6,58.0,62.133333333333326,59.8,1.4758932446364883,0.2345086271567892,65.6,74.0,77.2
2026-08-21 02:00:00,Karachi,24.8607,67.0011,27.1,84.0,12.8,1004.1,unknown,3.0,16.09,67.06,0.11,0.42,68.27,32.97,0.0,64.0,,2.0,21.0,8.0,4.0,0.0,0.7999999999999972,63.2,61.0,58.2,63.133333333333326,60.04166666666666,1.6652240133060474,0.2399343871160155,64.0,74.1,77.7
2026-08-21 03:00:00,Karachi,24.8607,67.0011,27.8,79.0,14.4,1004.5,unknown,3.0,16.42,67.52,0.11,0.41,68.77,34.2,0.0,64.6,,3.0,21.0,8.0,4.0,0.0,0.5999999999999943,64.0,62.2,58.3,63.93333333333333,60.304166666666674,1.863488819314037,0.2431872037914692,62.3,74.1,78.2
2026-08-21 04:00:00,Karachi,24.8607,67.0011,28.7,74.0,15.7,1004.9,unknown,3.0,16.4,66.42,0.1,0.4,69.19,35.55,0.0,64.6,,4.0,21.0,8.0,4.0,0.0,0.0,64.6,63.2,58.4,64.39999999999999,60.5625,2.011880474450825,0.2469135802469135,61.0,73.9,78.3
2026-08-21 05:00:00,Karachi,24.8607,67.0011,28.9,74.0,16.4,1004.9,unknown,3.0,16.05,64.8,0.08,0.38,69.76,36.87,0.0,63.9,,5.0,21.0,8.0,4.0,0.0,-0.6999999999999957,64.6,64.0,58.7,64.36666666666666,60.77916666666667,2.0813831451944678,0.2476851851851852,61.0,73.9,78.3
2026-08-21 06:00:00,Karachi,24.8607,67.0011,29.6,70.0,17.8,1005.0,unknown,3.0,15.51,63.0,0.07,0.37,70.25,37.91,0.0,62.9,,6.0,21.0,8.0,4.0,0.0,-1.0,63.9,64.6,59.0,63.79999999999999,60.94166666666666,2.088668530878507,0.2461904761904761,61.5,73.9,78.2
2026-08-21 07:00:00,Karachi,24.8607,67.0011,29.3,71.0,17.2,1004.5,unknown,3.0,15.05,63.19,0.06,0.36,70.46,38.63,0.0,62.1,,7.0,21.0,8.0,4.0,0.0,-0.7999999999999972,62.9,64.6,59.5,62.96666666666666,61.05,2.0780425572069774,0.2381705966133882,62.0,73.8,77.9
2026-08-21 08:00:00,Karachi,24.8607,67.0011,29.4,71.0,16.6,1003.9,unknown,3.0,14.52,63.04,0.06,0.37,70.58,38.86,0.0,61.1,,8.0,21.0,8.0,4.0,0.0,-1.0,62.1,63.9,60.3,62.03333333333333,61.083333333333336,2.0718961419884185,0.2303299492385786,62.1,73.5,77.4
2026-08-21 09:00:00,Karachi,24.8607,67.0011,29.9,70.0,17.5,1003.3,unknown,3.0,13.86,61.14,0.05,0.37,70.47,39.0,0.0,59.9,,9.0,21.0,8.0,4.0,0.0,-1.2000000000000028,61.1,62.9,61.1,61.03333333333333,61.03333333333334,2.085908553305184,0.2266928361138371,62.4,73.2,76.6
2026-08-21 10:00:00,Karachi,24.8607,67.0011,29.8,70.0,17.9,1002.6,unknown,3.0,13.27,58.89,0.05,0.37,70.93,39.2,0.0,58.8,,10.0,21.0,8.0,4.0,0.0,-1.1000000000000014,59.9,62.1,61.7,59.93333333333333,60.9125,2.129158335443711,0.2253353710307352,63.1,73.0,75.7
2026-08-21 11:00:00,Karachi,24.8607,67.0011,29.5,70.0,18.0,1001.9,unknown,3.0,12.95,57.82,0.05,0.37,71.43,39.44,0.0,58.2,,11.0,21.0,8.0,4.0,0.0,-0.5999999999999943,58.8,61.1,61.7,58.96666666666666,60.76666666666667,2.1918161353116865,0.2239709443099273,64.0,73.1,74.9
2026-08-21 12:00:00,Karachi,24.8607,67.0011,28.5,73.0,17.4,1002.3,unknown,3.0,13.14,58.13,0.06,0.37,71.88,39.7,0.0,58.5,,12.0,21.0,8.0,4.0,0.0,0.2999999999999971,58.2,59.9,61.0,58.49999999999999,60.6625,2.239140460086903,0.2260450713917082,64.9,73.3,73.9
2026-08-21 13:00:00,Karachi,24.8607,67.0011,28.1,75.0,15.5,1002.4,unknown,3.0,13.74,59.3,0.07,0.38,72.34,39.84,0.0,59.6,,13.0,21.0,8.0,4.0,0.0,1.1000000000000014,58.5,58.8,60.2,58.76666666666667,60.6375,2.2478613023896297,0.2317032040472175,65.6,74.7,72.9
2026-08-21 14:00:00,Karachi,24.8607,67.0011,27.5,78.0,15.3,1002.7,unknown,3.0,14.39,60.24,0.08,0.38,72.6,39.83,0.0,60.9,,14.0,21.0,8.0,4.0,0.0,1.2999999999999972,59.6,58.2,59.9,59.66666666666666,60.679166666666674,2.242859038518661,0.2388778220451527,66.1,76.0,72.1
2026-08-21 15:00:00,Karachi,24.8607,67.0011,27.2,82.0,15.4,1002.9,unknown,3.0,14.88,61.56,0.09,0.39,72.65,39.74,0.0,61.8,,15.0,21.0,8.0,4.0,0.0,0.8999999999999986,60.9,58.5,59.9,60.76666666666666,60.75833333333333,2.247688023119207,0.2417153996101364,66.7,77.1,71.5
2026-08-21 16:00:00,Karachi,24.8607,67.0011,26.9,84.0,15.1,1003.4,unknown,3.0,15.22,63.82,0.09,0.4,72.44,39.57,0.0,62.4,,16.0,21.0,8.0,4.0,0.0,0.6000000000000014,61.8,59.6,59.7,61.69999999999999,60.87083333333333,2.25994981988626,0.2384832340958947,67.6,77.4,70.9
2026-08-21 17:00:00,Karachi,24.8607,67.0011,26.8,85.0,15.2,1003.8,unknown,3.0,15.6,66.19,0.09,0.41,72.4,39.48,0.0,63.1,,17.0,21.0,8.0,4.0,0.0,0.7000000000000028,62.4,60.9,59.0,62.43333333333333,61.04166666666666,2.267332596124217,0.2356851488140202,68.7,77.3,70.3
2026-08-21 18:00:00,Karachi,24.8607,67.0011,27.1,81.0,14.2,1003.6,unknown,3.0,16.06,68.27,0.09,0.42,72.16,39.44,0.0,64.0,,18.0,21.0,8.0,4.0,0.0,0.8999999999999986,63.1,61.8,58.3,63.16666666666666,61.27916666666667,2.266193737959989,0.2352424198037205,69.8,77.3,69.6
2026-08-21 19:00:00,Karachi,24.8607,67.0011,26.9,82.0,13.7,1003.3,unknown,3.0,16.63,71.43,0.09,0.42,72.02,39.5,0.0,65.0,,19.0,21.0,8.0,4.0,0.0,1.0,64.0,62.4,57.9,64.03333333333333,61.575,2.269313246049041,0.2328153436931261,70.8,77.3,68.8
2026-08-21 20:00:00,Karachi,24.8607,67.0011,26.8,83.0,13.4,1003.0,unknown,3.0,17.23,76.0,0.09,0.43,72.03,39.7,0.0,66.1,,20.0,21.0,8.0,4.0,0.0,1.0999999999999943,65.0,63.1,57.9,65.03333333333333,61.91666666666666,2.308898978463876,0.2267105263157894,71.6,76.9,68.2
2026-08-21 21:00:00,Karachi,24.8607,67.0011,26.7,84.0,13.9,1002.7,unknown,3.0,17.78,80.85,0.09,0.44,71.83,40.02,0.0,67.2,,21.0,21.0,8.0,4.0,0.0,1.1000000000000083,66.1,64.0,58.5,66.10000000000001,62.27916666666667,2.4289878311872606,0.2199134199134199,72.2,75.8,67.9
2026-08-21 22:00:00,Karachi,24.8607,67.0011,26.6,84.0,14.4,1002.6,unknown,3.0,18.17,82.88,0.1,0.45,71.53,40.37,0.0,67.9,,22.0,21.0,8.0,4.0,0.0,0.7000000000000028,67.2,65.0,59.6,67.06666666666666,62.625,2.614715879485288,0.2192326254826255,72.7,76.2,68.0
2026-08-21 23:00:00,Karachi,24.8607,67.0011,26.4,86.0,15.0,1002.5,unknown,3.0,18.11,82.12,0.1,0.45,71.17,40.69,0.0,67.8,,23.0,21.0,8.0,4.0,0.0,-0.1000000000000085,67.9,66.1,61.0,67.63333333333334,62.90833333333333,2.79330203019325,0.2205309303458353,73.2,76.8,68.4
2026-08-22 00:00:00,Karachi,24.8607,67.0011,26.5,88.0,14.6,1002.3,unknown,3.0,17.74,80.04,0.1,0.45,70.84,40.98,0.0,67.1,,0.0,22.0,8.0,5.0,1.0,-0.7000000000000028,67.8,67.2,62.2,67.6,63.11249999999999,2.9156716729332626,0.221639180409795,73.6,76.9,68.6
2026-08-22 01:00:00,Karachi,24.8607,67.0011,26.4,87.0,13.8,1002.8,unknown,3.0,16.94,72.75,0.1,0.44,70.8,41.32,0.0,65.6,,1.0,22.0,8.0,5.0,1.0,-1.5,67.1,67.9,63.2,66.83333333333333,63.212500000000006,2.959628722308027,0.2328522336769759,74.0,77.2,70.0
2026-08-22 02:00:00,Karachi,24.8607,67.0011,26.8,85.0,12.4,1003.5,unknown,3.0,16.06,64.77,0.1,0.42,70.76,41.63,0.0,64.0,,2.0,22.0,8.0,5.0,1.0,-1.5999999999999943,65.6,67.8,64.0,65.56666666666666,63.212500000000006,2.959628722308027,0.2479542998301682,74.1,77.7,70.0
2026-08-22 03:00:00,Karachi,24.8607,67.0011,27.4,81.0,16.8,1003.9,unknown,3.0,15.16,58.21,0.1,0.39,70.8,42.04,0.0,62.3,,3.0,22.0,8.0,5.0,1.0,-1.7000000000000028,64.0,67.1,64.6,63.96666666666666,63.11666666666667,2.9499692948533096,0.2604363511424153,74.1,78.2,70.0
2026-08-22 04:00:00,Karachi,24.8607,67.0011,27.9,78.0,18.6,1004.3,unknown,3.0,14.48,55.11,0.09,0.37,70.64,42.4,0.0,61.0,,4.0,22.0,8.0,5.0,1.0,-1.2999999999999972,62.3,65.6,64.6,62.43333333333334,62.96666666666667,2.962764083502164,0.262747232807113,73.9,78.3,69.0
2026-08-22 05:00:00,Karachi,24.8607,67.0011,28.8,74.0,19.5,1004.3,unknown,3.0,14.46,55.49,0.07,0.37,70.59,42.73,0.0,61.0,,5.0,22.0,8.0,5.0,1.0,0.0,61.0,64.0,63.9,61.43333333333334,62.84583333333333,2.982117596996559,0.2605874932420255,73.9,78.3,69.0
2026-08-22 06:00:00,Karachi,24.8607,67.0011,28.9,72.0,20.6,1004.0,unknown,3.0,14.76,56.8,0.06,0.38,70.49,42.75,0.0,61.5,,6.0,22.0,8.0,5.0,1.0,0.5,61.0,62.3,62.9,61.16666666666666,62.7875,2.9946782508450984,0.2598591549295774,73.9,78.2,69.0
2026-08-22 07:00:00,Karachi,24.8607,67.0011,29.4,70.0,19.5,1003.4,unknown,3.0,15.01,57.96,0.05,0.38,70.63,42.54,0.0,62.0,,7.0,22.0,8.0,5.0,1.0,0.5,61.5,61.0,62.1,61.5,62.78333333333333,2.995745775866318,0.2589717046238785,73.8,77.9,69.0
2026-08-22 08:00:00,Karachi,24.8607,67.0011,30.1,65.0,18.4,1002.7,unknown,3.0,15.08,59.02,0.05,0.37,70.98,42.23,0.0,62.1,,8.0,22.0,8.0,5.0,1.0,0.1000000000000014,62.0,61.0,61.1,61.86666666666667,62.825,2.978218025714932,0.2555066079295154,73.5,77.4,69.0
2026-08-22 09:00:00,Karachi,24.8607,67.0011,30.1,66.0,18.5,1002.3,unknown,3.0,15.22,60.71,0.05,0.36,71.4,41.77,0.0,62.4,,9.0,22.0,8.0,5.0,1.0,0.2999999999999971,62.1,61.5,59.9,62.16666666666666,62.92916666666667,2.9145033385025654,0.2507000494152528,73.2,76.6,69.0
2026-08-22 10:00:00,Karachi,24.8607,67.0011,29.2,71.0,18.1,1001.5,unknown,3.0,15.57,64.01,0.05,0.36,71.92,41.38,0.0,63.1,,10.0,22.0,8.0,5.0,1.0,0.7000000000000028,62.4,62.0,58.8,62.53333333333333,63.10833333333333,2.778632235731621,0.2432432432432432,73.0,75.7,69.0
2026-08-22 11:00:00,Karachi,24.8607,67.0011,29.0,72.0,18.1,1001.0,unknown,3.0,16.07,67.45,0.05,0.37,71.87,40.83,0.0,64.0,,11.0,22.0,8.0,5.0,1.0,0.8999999999999986,63.1,62.1,58.2,63.16666666666666,63.35,2.578169218987906,0.2382505559673832,73.1,74.9,69.0
2026-08-22 12:00:00,Karachi,24.8607,67.0011,28.5,74.0,18.4,1001.1,unknown,3.0,16.55,70.11,0.06,0.38,71.52,40.31,0.0,64.9,,12.0,22.0,8.0,5.0,1.0,0.9000000000000057,64.0,62.4,58.5,64.0,63.61666666666667,2.3779177348303517,0.236057623734132,73.3,73.9,69.0
2026-08-22 13:00:00,Karachi,24.8607,67.0011,28.0,76.0,18.1,1000.9,unknown,3.0,16.94,72.79,0.07,0.4,71.4,40.1,0.0,65.6,,13.0,22.0,8.0,5.0,1.0,0.6999999999999886,64.9,63.1,59.6,64.83333333333333,63.86666666666667,2.249186648481537,0.2327242753125429,74.7,72.9,69.0
2026-08-22 14:00:00,Karachi,24.8607,67.0011,27.3,81.0,17.0,1001.0,unknown,3.0,17.21,75.15,0.08,0.41,71.35,39.97,0.0,66.1,,14.0,22.0,8.0,5.0,1.0,0.5,65.6,64.0,60.9,65.53333333333333,64.08333333333333,2.2009220729076047,0.2290086493679308,76.0,72.1,68.0
2026-08-22 15:00:00,Karachi,24.8607,67.0011,27.0,83.0,15.7,1001.6,unknown,3.0,17.54,77.47,0.09,0.43,71.53,39.85,0.0,66.7,,15.0,22.0,8.0,5.0,1.0,0.6000000000000085,66.1,64.9,61.8,66.13333333333333,64.2875,2.2071647167698853,0.2264102233122499,77.1,71.5,67.0
2026-08-22 16:00:00,Karachi,24.8607,67.0011,26.9,84.0,13.8,1002.2,unknown,3.0,17.99,79.61,0.09,0.44,71.64,39.76,0.0,67.6,,16.0,22.0,8.0,5.0,1.0,0.8999999999999915,66.7,65.6,62.4,66.8,64.50416666666668,2.268207330195135,0.2259766361009923,77.4,70.9,67.0
2026-08-22 17:00:00,Karachi,24.8607,67.0011,26.8,85.0,14.5,1002.8,unknown,3.0,18.58,82.32,0.1,0.46,71.52,39.46,0.0,68.7,,17.0,22.0,8.0,5.0,1.0,1.1000000000000083,67.6,66.1,63.1,67.66666666666667,64.7375,2.401595936762788,0.2257045675413022,77.3,70.3,66.0
2026-08-22 18:00:00,Karachi,24.8607,67.0011,26.9,85.0,14.6,1002.6,unknown,3.0,19.21,85.35,0.1,0.48,71.26,39.07,0.0,69.8,,18.0,22.0,8.0,5.0,1.0,1.0999999999999943,68.7,66.7,64.0,68.7,64.97916666666667,2.607177245298644,0.2250732278851787,77.3,69.6,66.0
2026-08-22 19:00:00,Karachi,24.8607,67.0011,26.7,86.0,13.7,1002.4,unknown,3.0,19.73,88.44,0.11,0.5,71.15,38.72,0.0,70.8,,19.0,22.0,8.0,5.0,1.0,1.0,69.8,67.6,65.0,69.76666666666667,65.22083333333333,2.865230723946407,0.2230890999547716,77.3,68.8,65.0
2026-08-22 20:00:00,Karachi,24.8607,67.0011,26.5,87.0,13.3,1002.0,unknown,3.0,20.16,90.86,0.11,0.51,71.33,38.52,0.0,71.6,,20.0,22.0,8.0,5.0,1.0,0.7999999999999972,70.8,68.7,66.1,70.73333333333333,65.45,3.144906164356231,0.2218798151001541,76.9,68.2,64.0
2026-08-22 21:00:00,Karachi,24.8607,67.0011,26.4,88.0,13.0,1001.6,unknown,3.0,20.46,92.79,0.11,0.51,71.71,38.48,0.0,72.2,,21.0,22.0,8.0,5.0,1.0,0.6000000000000085,71.6,69.8,67.2,71.53333333333332,65.65833333333333,3.41949864958152,0.2204978984804396,75.8,67.9,64.0
2026-08-22 22:00:00,Karachi,24.8607,67.0011,26.5,87.0,13.0,1001.1,unknown,3.0,20.75,94.89,0.11,0.51,72.3,38.65,0.0,72.7,,22.0,22.0,8.0,5.0,1.0,0.5,72.2,70.8,67.9,72.16666666666667,65.85833333333333,3.686274974605509,0.2186742543998313,76.2,68.0,64.0
2026-08-22 23:00:00,Karachi,24.8607,67.0011,26.4,88.0,12.7,1000.8,unknown,3.0,20.99,96.38,0.11,0.51,72.64,38.67,0.0,73.2,,23.0,22.0,8.0,5.0,1.0,0.5,72.7,71.6,67.8,72.7,66.08333333333333,3.964260627006957,0.2177837725669225,76.8,68.4,64.0
2026-08-23 00:00:00,Karachi,24.8607,67.0011,26.5,88.0,14.0,1001.1,unknown,3.0,21.21,97.28,0.12,0.51,72.66,38.37,0.0,73.6,,0.0,23.0,8.0,6.0,1.0,0.3999999999999915,73.2,72.2,67.1,73.16666666666667,66.35416666666667,4.24857819354471,0.2180304276315789,76.9,68.6,64.0
2026-08-23 01:00:00,Karachi,24.8607,67.0011,26.5,88.0,14.5,1001.2,unknown,3.0,21.42,97.53,0.12,0.52,72.56,37.96,0.0,74.0,,1.0,23.0,8.0,6.0,1.0,0.4000000000000057,73.6,72.7,65.6,73.60000000000001,66.70416666666667,4.52101173427433,0.2196247308520455,77.2,70.0,64.0
2026-08-23 02:00:00,Karachi,24.8607,67.0011,26.6,87.0,14.6,1002.0,unknown,3.0,21.49,97.49,0.13,0.53,72.36,37.42,0.0,74.1,,2.0,23.0,8.0,6.0,1.0,0.0999999999999943,74.0,73.2,64.0,73.89999999999999,67.125,4.723875527572339,0.2204328649092214,77.7,70.0,64.5
2026-08-23 03:00:00,Karachi,24.8607,67.0011,27.2,83.0,15.3,1002.6,unknown,3.0,21.5,97.51,0.14,0.53,72.16,37.08,0.0,74.1,,3.0,23.0,8.0,6.0,1.0,0.0,74.1,73.6,62.3,74.06666666666666,67.61666666666666,4.813086026807132,0.2204902061327043,78.2,70.0,65.0
2026-08-23 04:00:00,Karachi,24.8607,67.0011,28.1,78.0,14.7,1003.0,unknown,3.0,21.4,97.12,0.12,0.52,71.82,37.04,0.0,73.9,,4.0,23.0,8.0,6.0,1.0,-0.1999999999999886,74.1,74.0,61.0,74.03333333333332,68.15416666666667,4.762076562635519,0.2203459637561779,78.3,69.0,65.4
2026-08-23 05:00:00,Karachi,24.8607,67.0011,28.5,76.0,14.5,1003.4,unknown,3.0,21.4,97.26,0.11,0.51,71.87,37.26,0.0,73.9,,5.0,23.0,8.0,6.0,1.0,0.0,73.9,74.1,61.0,73.96666666666668,68.69166666666666,4.646075170802802,0.2200287888134895,78.3,69.0,66.1
2026-08-23 06:00:00,Karachi,24.8607,67.0011,28.6,74.0,15.3,1003.9,unknown,3.0,21.38,97.29,0.09,0.51,71.76,37.43,0.0,73.9,,6.0,23.0,8.0,6.0,1.0,0.0,73.9,74.1,61.5,73.9,69.20833333333333,4.498687409211014,0.2197553705416794,78.2,69.0,66.8
2026-08-23 07:00:00,Karachi,24.8607,67.0011,29.2,72.0,15.1,1003.6,unknown,3.0,21.32,96.5,0.08,0.5,71.65,37.38,0.0,73.8,,7.0,23.0,8.0,6.0,1.0,-0.1000000000000085,73.9,73.9,62.0,73.86666666666667,69.7,4.317809428502619,0.2209326424870466,77.9,69.0,67.5
2026-08-23 08:00:00,Karachi,24.8607,67.0011,29.2,72.0,14.3,1003.0,unknown,3.0,21.18,94.24,0.07,0.49,71.52,37.07,0.0,73.5,,8.0,23.0,8.0,6.0,1.0,-0.2999999999999971,73.8,73.9,62.1,73.73333333333333,70.175,4.065041846941774,0.2247453310696095,77.4,69.0,67.7
2026-08-23 09:00:00,Karachi,24.8607,67.0011,28.9,74.0,14.7,1002.6,unknown,3.0,21.0,92.81,0.07,0.48,71.36,36.74,0.0,73.2,,9.0,23.0,8.0,6.0,1.0,-0.2999999999999971,73.5,73.9,62.4,73.5,70.625,3.752709166316112,0.226268721042991,76.6,69.0,67.8
2026-08-23 10:00:00,Karachi,24.8607,67.0011,28.7,75.0,13.6,1002.0,unknown,3.0,20.92,94.03,0.07,0.48,71.47,36.61,0.0,73.0,,10.0,23.0,8.0,6.0,1.0,-0.2000000000000028,73.2,73.8,63.1,73.23333333333333,71.03750000000001,3.418849603110971,0.2224821865362118,75.7,69.0,67.8
2026-08-23 11:00:00,Karachi,24.8607,67.0011,28.6,75.0,13.5,1001.8,unknown,3.0,20.95,96.61,0.07,0.49,71.75,36.57,0.0,73.1,,11.0,23.0,8.0,6.0,1.0,0.0999999999999943,73.0,73.5,64.0,73.10000000000001,71.41666666666667,3.0935650837718907,0.2168512576337853,74.9,69.0,67.4
2026-08-23 12:00:00,Karachi,24.8607,67.0011,28.3,77.0,12.3,1001.6,unknown,3.0,21.09,99.49,0.08,0.51,71.78,36.8,0.0,73.3,,12.0,23.0,8.0,6.0,1.0,0.2000000000000028,73.1,73.2,64.9,73.13333333333334,71.76666666666667,2.7839082110465774,0.2119811036285054,73.9,69.0,67.0
2026-08-23 13:00:00,Karachi,24.8607,67.0011,27.9,78.0,12.0,1002.0,unknown,4.0,21.34,102.81,0.09,0.52,72.24,37.14,0.0,74.7,,13.0,23.0,8.0,6.0,1.0,1.4000000000000057,73.3,73.0,65.6,73.69999999999999,72.14583333333333,2.514130356459596,0.2075673572609668,72.9,69.0,66.7
2026-08-23 14:00:00,Karachi,24.8607,67.0011,27.4,81.0,12.1,1002.3,unknown,4.0,21.56,105.6,0.11,0.52,72.5,37.41,0.0,76.0,,14.0,23.0,8.0,6.0,1.0,1.2999999999999972,74.7,73.1,66.1,74.66666666666667,72.55833333333332,2.280334961409868,0.2041666666666666,72.1,68.0,66.2
2026-08-23 15:00:00,Karachi,24.8607,67.0011,26.8,85.0,11.3,1003.0,unknown,4.0,21.78,107.7,0.11,0.52,72.61,37.45,0.0,77.1,,15.0,23.0,8.0,6.0,1.0,1.0999999999999943,76.0,73.3,66.7,75.93333333333334,72.99166666666667,2.099672162124845,0.2022284122562674,71.5,67.0,65.3
2026-08-23 16:00:00,Karachi,24.8607,67.0011,26.7,86.0,10.2,1003.8,unknown,4.0,21.92,108.3,0.11,0.52,72.47,37.31,0.0,77.4,,16.0,23.0,8.0,6.0,1.0,0.3000000000000113,77.1,74.7,67.6,76.83333333333333,73.39999999999999,1.9533694412243765,0.2024007386888273,70.9,67.0,64.4
2026-08-23 17:00:00,Karachi,24.8607,67.0011,26.7,86.0,8.8,1004.6,unknown,4.0,21.95,108.23,0.11,0.51,72.67,37.23,0.0,77.3,,17.0,23.0,8.0,6.0,1.0,-0.1000000000000085,77.4,76.0,68.7,77.26666666666667,73.75833333333333,1.8391672658788296,0.2028088330407465,70.3,66.0,64.0
2026-08-23 18:00:00,Karachi,24.8607,67.0011,27.3,83.0,7.9,1004.4,unknown,4.0,21.94,108.13,0.11,0.5,73.03,37.35,0.0,77.3,,18.0,23.0,8.0,6.0,1.0,0.0,77.3,77.1,69.8,77.33333333333333,74.07083333333334,1.7733483844833602,0.2029039119578285,69.6,66.0,64.0
2026-08-23 19:00:00,Karachi,24.8607,67.0011,26.9,86.0,7.7,1004.2,unknown,4.0,21.89,108.05,0.11,0.48,73.49,37.62,0.0,77.3,,19.0,23.0,8.0,6.0,1.0,0.0,77.3,77.4,70.8,77.3,74.34166666666667,1.748270366779238,0.2025913928736696,68.8,65.0,64.0
2026-08-23 20:00:00,Karachi,24.8607,67.0011,26.6,88.0,8.2,1003.8,unknown,4.0,21.83,107.32,0.1,0.46,74.11,38.04,0.0,76.9,,20.0,23.0,8.0,6.0,1.0,-0.3999999999999915,77.3,77.3,71.6,77.16666666666667,74.5625,1.721428249270755,0.2034103615355944,68.2,64.0,63.9
2026-08-23 21:00:00,Karachi,24.8607,67.0011,26.3,89.0,8.8,1003.4,unknown,4.0,21.72,105.11,0.1,0.45,74.5,38.4,0.0,75.8,,21.0,23.0,8.0,6.0,1.0,-1.1000000000000083,76.9,77.3,72.2,76.66666666666667,74.7125,1.6624530068534444,0.2066406621634478,67.9,64.0,63.9
2026-08-23 22:00:00,Karachi,24.8607,67.0011,26.2,90.0,8.6,1003.3,unknown,4.0,21.72,105.95,0.11,0.43,74.82,38.68,0.0,76.2,,22.0,23.0,8.0,6.0,1.0,0.4000000000000057,75.8,77.3,72.7,76.3,74.85833333333333,1.63146151246749,0.2050023596035866,68.0,64.0,64.2
2026-08-23 23:00:00,Karachi,24.8607,67.0011,26.1,90.0,7.6,1003.4,unknown,4.0,21.82,107.16,0.11,0.43,75.07,38.6,0.0,76.8,,23.0,23.0,8.0,6.0,1.0,0.5999999999999943,76.2,76.9,73.2,76.26666666666667,75.00833333333334,1.6378449962924095,0.2036207540126913,68.4,64.0,64.9
2026-08-24 00:00:00,Karachi,24.8607,67.0011,26.2,90.0,7.7,1003.9,unknown,4.0,21.92,107.28,0.11,0.44,75.11,38.59,0.0,76.9,,0.0,24.0,8.0,0.0,0.0,0.1000000000000085,76.8,75.8,73.6,76.63333333333333,75.14583333333333,1.6529234093258691,0.2043251304996271,68.6,64.0,65.8
2026-08-24 01:00:00,Karachi,24.8607,67.0011,26.1,91.0,6.8,1003.9,unknown,4.0,22.1,107.88,0.11,0.43,75.07,38.68,0.0,77.2,,1.0,24.0,8.0,0.0,0.0,0.2999999999999971,76.9,76.2,74.0,76.96666666666667,75.27916666666667,1.6852245797085794,0.2048572487949573,70.0,64.0,66.9
2026-08-24 02:00:00,Karachi,24.8607,67.0011,26.3,91.0,6.4,1004.3,unknown,4.0,22.33,109.04,0.12,0.41,75.2,39.0,0.0,77.7,,2.0,24.0,8.0,0.0,0.0,0.5,77.2,76.8,74.1,77.26666666666667,75.42916666666666,1.7351805235396476,0.2047872340425531,70.0,64.5,67.4
2026-08-24 03:00:00,Karachi,24.8607,67.0011,27.6,83.0,8.1,1004.6,unknown,4.0,22.57,109.94,0.12,0.39,75.46,39.41,0.0,78.2,,3.0,24.0,8.0,0.0,0.0,0.5,77.7,76.9,74.1,77.7,75.60000000000001,1.799275216397914,0.2052937966163361,70.0,65.0,67.5
2026-08-24 04:00:00,Karachi,24.8607,67.0011,28.9,75.0,8.3,1004.6,unknown,4.0,22.69,110.25,0.11,0.37,75.31,39.83,0.0,78.3,,4.0,24.0,8.0,0.0,0.0,0.0999999999999943,78.2,77.2,73.9,78.06666666666666,75.78333333333333,1.8421789241009403,0.2058049886621315,69.0,65.4,66.9
2026-08-24 05:00:00,Karachi,24.8607,67.0011,29.9,70.0,8.8,1004.6,unknown,4.0,22.75,110.11,0.09,0.36,75.32,40.19,0.0,78.3,,5.0,24.0,8.0,0.0,0.0,0.0,78.3,77.7,73.9,78.26666666666667,75.96666666666667,1.8653981196847516,0.2066115702479339,69.0,66.1,66.3
2026-08-24 06:00:00,Karachi,24.8607,67.0011,29.9,72.0,10.4,1005.0,unknown,4.0,22.78,110.05,0.07,0.35,75.15,40.37,0.0,78.2,,6.0,24.0,8.0,0.0,0.0,-0.0999999999999943,78.3,78.2,73.9,78.26666666666667,76.14583333333333,1.864771618295826,0.2069968196274421,69.0,66.8,66.1
2026-08-24 07:00:00,Karachi,24.8607,67.0011,30.2,72.0,10.8,1004.4,unknown,4.0,22.77,109.37,0.07,0.34,75.01,40.21,0.0,77.9,,7.0,24.0,8.0,0.0,0.0,-0.2999999999999971,78.2,78.3,73.8,78.13333333333333,76.31666666666666,1.8279631493435864,0.2081923745085489,69.0,67.5,66.0
2026-08-24 08:00:00,Karachi,24.8607,67.0011,30.5,71.0,11.2,1003.9,unknown,4.0,22.7,108.25,0.06,0.34,74.49,39.77,0.0,77.4,,8.0,24.0,8.0,0.0,0.0,-0.5,77.9,78.3,73.5,77.83333333333333,76.47916666666667,1.737809507412634,0.2096997690531177,69.0,67.7,65.8
2026-08-24 09:00:00,Karachi,24.8607,67.0011,30.1,73.0,12.6,1003.9,unknown,4.0,22.57,106.69,0.06,0.35,73.86,38.97,0.0,76.6,,9.0,24.0,8.0,0.0,0.0,-0.8000000000000114,77.4,78.2,73.2,77.30000000000001,76.62083333333332,1.5912748967721415,0.2115474739900646,69.0,67.8,65.5
2026-08-24 10:00:00,Karachi,24.8607,67.0011,30.0,74.0,12.6,1003.1,unknown,4.0,22.37,104.14,0.06,0.37,73.15,38.03,0.0,75.7,,10.0,24.0,8.0,0.0,0.0,-0.8999999999999915,76.6,77.9,73.0,76.56666666666666,76.73333333333333,1.4091831326853836,0.2148069905895909,69.0,67.8,65.2
2026-08-24 11:00:00,Karachi,24.8607,67.0011,29.5,75.0,12.0,1002.8,unknown,4.0,21.95,100.39,0.07,0.39,72.48,36.95,0.0,74.9,,11.0,24.0,8.0,0.0,0.0,-0.7999999999999972,75.7,77.4,73.1,75.73333333333333,76.80833333333334,1.2458336362737443,0.2186472756250622,69.0,67.4,64.9
2026-08-24 12:00:00,Karachi,24.8607,67.0011,29.3,72.0,12.0,1002.7,unknown,3.0,21.41,96.91,0.08,0.4,71.78,36.14,0.0,73.9,,12.0,24.0,8.0,0.0,0.0,-1.0,74.9,76.6,73.3,74.83333333333334,76.83333333333333,1.176459931748711,0.220926632958415,69.0,67.0,64.8
2026-08-24 13:00:00,Karachi,24.8607,67.0011,28.3,78.0,11.1,1002.8,unknown,3.0,20.88,95.41,0.09,0.42,71.84,35.9,0.0,72.9,,13.0,24.0,8.0,0.0,0.0,-1.0,73.9,75.7,74.7,73.9,76.75833333333334,1.361238779380186,0.2188449848024316,69.0,66.7,65.3
2026-08-24 14:00:00,Karachi,24.8607,67.0011,27.6,82.0,10.2,1003.5,unknown,3.0,20.45,95.11,0.11,0.42,72.22,36.17,0.0,72.1,,14.0,24.0,8.0,0.0,0.0,-0.8000000000000114,72.9,74.9,76.0,72.96666666666667,76.59583333333335,1.6564706238059208,0.2150141940910524,68.0,66.2,65.9
2026-08-24 15:00:00,Karachi,24.8607,67.0011,27.4,84.0,13.0,1004.2,unknown,3.0,20.1,94.19,0.11,0.42,72.72,36.57,0.0,71.5,,15.0,24.0,8.0,0.0,0.0,-0.5999999999999943,72.1,73.9,77.1,72.16666666666667,76.3625,1.9506548510235968,0.2133984499416074,67.0,65.3,66.5
2026-08-24 16:00:00,Karachi,24.8607,67.0011,27.0,87.0,12.5,1004.5,unknown,3.0,19.78,92.62,0.11,0.42,73.31,37.03,0.0,70.9,,16.0,24.0,8.0,0.0,0.0,-0.5999999999999943,71.5,72.9,77.4,71.5,76.09166666666667,2.2313802838177,0.2135607860073418,67.0,64.4,66.7
2026-08-24 17:00:00,Karachi,24.8607,67.0011,26.9,87.0,12.6,1005.0,unknown,3.0,19.46,90.28,0.11,0.43,73.87,37.38,0.0,70.3,,17.0,24.0,8.0,0.0,0.0,-0.6000000000000085,70.9,72.1,77.3,70.89999999999999,75.8,2.5070335839992834,0.2155516171909614,66.0,64.0,67.1
2026-08-24 18:00:00,Karachi,24.8607,67.0011,26.9,87.0,10.7,1005.7,unknown,3.0,19.08,87.6,0.11,0.44,74.35,37.43,0.0,69.6,,18.0,24.0,8.0,0.0,0.0,-0.7000000000000028,70.3,71.5,77.3,70.26666666666667,75.47916666666667,2.78411318589602,0.2178082191780821,66.0,64.0,67.9
2026-08-24 19:00:00,Karachi,24.8607,67.0011,26.8,87.0,10.3,1005.7,unknown,3.0,18.66,84.2,0.11,0.44,74.43,37.39,0.0,68.8,,19.0,24.0,8.0,0.0,0.0,-0.7999999999999972,69.6,70.9,77.3,69.56666666666666,75.125,3.068528892680254,0.2216152019002375,65.0,64.0,68.6
2026-08-24 20:00:00,Karachi,24.8607,67.0011,26.6,87.0,10.2,1005.2,unknown,3.0,18.33,81.1,0.11,0.43,74.52,37.32,0.0,68.2,,20.0,24.0,8.0,0.0,0.0,-0.5999999999999943,68.8,70.3,76.9,68.86666666666666,74.7625,3.3506407563713942,0.2260172626387176,64.0,63.9,68.8
2026-08-24 21:00:00,Karachi,24.8607,67.0011,26.4,89.0,10.0,1004.8,unknown,3.0,18.17,79.06,0.1,0.41,74.61,37.39,0.0,67.9,,21.0,24.0,8.0,0.0,0.0,-0.2999999999999971,68.2,69.6,75.8,68.30000000000001,74.43333333333332,3.621393758433273,0.2298254490260561,64.0,63.9,68.8
2026-08-24 22:00:00,Karachi,24.8607,67.0011,26.3,89.0,9.9,1004.1,unknown,3.0,18.24,77.69,0.1,0.4,74.73,37.58,0.0,68.0,,22.0,24.0,8.0,0.0,0.0,0.0999999999999943,67.9,68.8,76.2,68.03333333333335,74.09166666666667,3.828374233974348,0.2347792508688376,64.0,64.2,68.5
2026-08-24 23:00:00,Karachi,24.8607,67.0011,26.2,89.0,8.7,1003.8,unknown,3.0,18.42,76.42,0.1,0.38,74.78,37.57,0.0,68.4,,23.0,24.0,8.0,0.0,0.0,0.4000000000000057,68.0,68.2,76.8,68.10000000000001,73.74166666666666,3.951985375199855,0.2410363779115415,64.0,64.9,68.6
2026-08-25 00:00:00,Karachi,24.8607,67.0011,26.1,90.0,7.9,1003.9,unknown,3.0,18.54,75.19,0.1,0.36,74.69,37.49,0.0,68.6,,0.0,25.0,8.0,1.0,0.0,0.1999999999999886,68.4,67.9,76.9,68.33333333333333,73.39583333333333,4.026054187270347,0.2465753424657534,64.0,65.8,68.7
2026-08-25 01:00:00,Karachi,24.8607,67.0011,26.1,90.0,7.3,1004.4,unknown,3.0,19.27,83.49,0.1,0.35,75.0,38.01,0.0,70.0,,1.0,25.0,8.0,1.0,0.0,1.4000000000000057,68.6,68.0,77.2,69.0,73.09583333333333,3.9984213370282,0.2308060845610252,64.0,66.9,70.0
2026-08-25 02:00:00,Karachi,24.8607,67.0011,26.4,88.0,7.1,1004.6,unknown,3.0,19.22,82.27,0.1,0.33,75.23,38.39,0.0,70.0,,2.0,25.0,8.0,1.0,0.0,0.0,70.0,68.4,77.7,69.53333333333335,72.77499999999999,3.921096785339104,0.2336210040111827,64.5,67.4,70.0
2026-08-25 03:00:00,Karachi,24.8607,67.0011,27.5,81.0,8.7,1005.1,unknown,3.0,19.03,80.09,0.1,0.3,75.57,38.97,0.0,70.0,,3.0,25.0,8.0,1.0,0.0,0.0,70.0,68.6,78.2,70.0,72.43333333333332,3.782645343816704,0.2376076913472343,65.0,67.5,70.0
2026-08-25 04:00:00,Karachi,24.8607,67.0011,28.7,74.0,9.0,1005.2,unknown,3.0,18.73,77.53,0.08,0.28,75.62,39.49,0.0,69.0,,4.0,25.0,8.0,1.0,0.0,-1.0,70.0,70.0,78.3,69.66666666666667,72.04583333333333,3.628747438305858,0.2415839030052883,65.4,66.9,70.0
2026-08-25 05:00:00,Karachi,24.8607,67.0011,29.7,68.0,9.8,1005.0,unknown,3.0,18.57,75.3,0.07,0.26,75.67,39.68,0.0,69.0,,5.0,25.0,8.0,1.0,0.0,0.0,69.0,70.0,78.3,69.33333333333333,71.65833333333333,3.422548842559749,0.2466135458167331,66.1,66.3,70.0
2026-08-25 06:00:00,Karachi,24.8607,67.0011,30.0,68.0,12.5,1005.5,unknown,3.0,18.53,73.37,0.06,0.25,75.56,39.36,0.0,69.0,,6.0,25.0,8.0,1.0,0.0,0.0,69.0,70.0,78.2,69.0,71.27499999999999,3.163411752055131,0.2525555404116124,66.8,66.1,70.0
2026-08-25 07:00:00,Karachi,24.8607,67.0011,29.7,70.0,13.4,1005.4,unknown,3.0,18.53,71.65,0.05,0.25,75.25,38.68,0.0,69.0,,7.0,25.0,8.0,1.0,0.0,0.0,69.0,69.0,77.9,69.0,70.90416666666667,2.860142770328748,0.2586182833217027,67.5,66.0,70.0
2026-08-25 08:00:00,Karachi,24.8607,67.0011,29.7,70.0,13.8,1004.8,unknown,3.0,18.54,70.35,0.05,0.25,74.64,37.76,0.0,69.0,,8.0,25.0,8.0,1.0,0.0,0.0,69.0,69.0,77.4,69.0,70.55416666666666,2.5250017936564437,0.2635394456289979,67.7,65.8,70.0
2026-08-25 09:00:00,Karachi,24.8607,67.0011,30.2,67.0,14.4,1004.2,unknown,3.0,18.59,69.74,0.05,0.27,73.94,36.93,0.0,69.0,,9.0,25.0,8.0,1.0,0.0,0.0,69.0,69.0,76.6,69.0,70.2375,2.1878741915974538,0.2665615141955836,67.8,65.5,69.0
2026-08-25 10:00:00,Karachi,24.8607,67.0011,29.8,68.0,14.8,1003.8,unknown,3.0,18.74,70.06,0.06,0.28,73.47,36.33,0.0,69.0,,10.0,25.0,8.0,1.0,0.0,0.0,69.0,69.0,75.7,69.0,69.95833333333333,1.8640574414231357,0.2674850128461318,67.8,65.2,69.0
2026-08-25 11:00:00,Karachi,24.8607,67.0011,29.2,71.0,15.0,1003.5,unknown,3.0,18.78,70.47,0.06,0.3,72.79,36.13,0.0,69.0,,11.0,25.0,8.0,1.0,0.0,0.0,69.0,69.0,74.9,69.0,69.71249999999999,1.5459097504444572,0.2664963814389102,67.4,64.9,68.0
2026-08-25 12:00:00,Karachi,24.8607,67.0011,29.1,69.0,13.4,1003.8,unknown,3.0,18.71,70.77,0.07,0.31,72.08,36.24,0.0,69.0,,12.0,25.0,8.0,1.0,0.0,0.0,69.0,69.0,73.9,69.0,69.50833333333333,1.2672862710339716,0.2643775611134661,67.0,64.8,68.0
2026-08-25 13:00:00,Karachi,24.8607,67.0011,28.3,73.0,12.7,1003.9,unknown,3.0,18.54,71.06,0.08,0.32,71.71,36.86,0.0,69.0,,13.0,25.0,8.0,1.0,0.0,0.0,69.0,69.0,72.9,69.0,69.34583333333333,1.043813729286451,0.2609062763861525,66.7,65.3,67.0
2026-08-25 14:00:00,Karachi,24.8607,67.0011,27.8,74.0,12.9,1004.4,unknown,3.0,18.25,70.87,0.09,0.33,71.48,37.56,0.0,68.0,,14.0,25.0,8.0,1.0,0.0,-1.0,69.0,69.0,72.1,68.66666666666667,69.175,0.8989123863083285,0.2575137575843093,66.2,65.9,66.0
2026-08-25 15:00:00,Karachi,24.8607,67.0011,27.4,76.0,12.9,1005.1,unknown,3.0,17.89,70.33,0.09,0.34,71.2,38.34,0.0,67.0,,15.0,25.0,8.0,1.0,0.0,-1.0,68.0,69.0,71.5,68.0,68.9875,0.8614005279560357,0.254372245130101,65.3,66.5,64.0
2026-08-25 16:00:00,Karachi,24.8607,67.0011,27.3,77.0,12.1,1005.7,unknown,3.0,17.49,69.08,0.09,0.35,70.86,39.09,0.0,67.0,,16.0,25.0,8.0,1.0,0.0,0.0,67.0,69.0,70.9,67.33333333333333,68.825,0.852744928475828,0.2531847133757962,64.4,66.7,63.0
2026-08-25 17:00:00,Karachi,24.8607,67.0011,27.2,78.0,12.2,1006.1,unknown,3.0,17.19,67.68,0.09,0.35,70.87,40.03,0.0,66.0,,17.0,25.0,8.0,1.0,0.0,-1.0,67.0,68.0,70.3,66.66666666666667,68.64583333333333,0.9726607016722394,0.2539893617021276,64.0,67.1,62.0
2026-08-25 18:00:00,Karachi,24.8607,67.0011,27.3,78.0,10.9,1005.9,unknown,3.0,16.89,66.25,0.09,0.35,71.05,41.07,0.0,66.0,,18.0,25.0,8.0,1.0,0.0,0.0,66.0,67.0,69.6,66.33333333333333,68.49583333333332,1.0896665491808355,0.2549433962264151,64.0,67.9,63.0
2026-08-25 19:00:00,Karachi,24.8607,67.0011,27.1,80.0,10.3,1006.0,unknown,3.0,16.51,63.26,0.08,0.35,71.26,42.23,0.0,65.0,,19.0,25.0,8.0,1.0,0.0,-1.0,66.0,67.0,68.8,65.66666666666667,68.33749999999999,1.299435496165,0.2609864053114132,64.0,68.6,65.0
2026-08-25 20:00:00,Karachi,24.8607,67.0011,27.0,80.0,10.6,1005.6,unknown,3.0,16.19,60.48,0.08,0.34,71.62,43.38,0.0,64.0,,20.0,25.0,8.0,1.0,0.0,-1.0,65.0,66.0,68.2,65.0,68.1625,1.5728159460019426,0.2676917989417989,63.9,68.8,66.0
2026-08-25 21:00:00,Karachi,24.8607,67.0011,26.8,81.0,11.4,1005.2,unknown,3.0,16.04,59.06,0.08,0.33,71.92,44.32,0.0,64.0,,21.0,25.0,8.0,1.0,0.0,0.0,64.0,66.0,67.9,64.33333333333333,68.0,1.7878819142014046,0.2715882153741957,63.9,68.8,67.0
2026-08-25 22:00:00,Karachi,24.8607,67.0011,26.8,82.0,11.4,1005.2,unknown,3.0,16.01,58.94,0.08,0.32,72.17,44.97,0.0,64.0,,22.0,25.0,8.0,1.0,0.0,0.0,64.0,65.0,68.0,64.0,67.83333333333333,1.965499530856013,0.2716321683067527,64.2,68.5,67.0
2026-08-25 23:00:00,Karachi,24.8607,67.0011,26.7,82.0,11.0,1004.8,unknown,3.0,16.06,58.91,0.08,0.32,72.27,45.36,0.0,64.0,,23.0,25.0,8.0,1.0,0.0,0.0,64.0,64.0,68.4,64.0,67.64999999999999,2.1102235612036564,0.2726192497029366,64.9,68.6,67.0
2026-08-26 00:00:00,Karachi,24.8607,67.0011,26.5,84.0,10.4,1005.0,unknown,3.0,16.14,58.37,0.08,0.31,72.22,45.49,0.0,64.0,,0.0,26.0,8.0,2.0,0.0,0.0,64.0,64.0,68.6,64.0,67.45833333333333,2.225917820793431,0.2765119068014391,65.8,68.7,68.0
2026-08-26 01:00:00,Karachi,24.8607,67.0011,26.4,84.0,11.0,1005.2,unknown,3.0,16.1,53.03,0.08,0.31,71.64,45.12,0.0,64.0,,1.0,26.0,8.0,2.0,0.0,0.0,64.0,64.0,70.0,64.0,67.20833333333333,2.26464637160068,0.3036017348670564,66.9,70.0,67.6
2026-08-26 02:00:00,Karachi,24.8607,67.0011,26.7,82.0,11.4,1005.5,unknown,3.0,16.37,53.4,0.09,0.31,71.66,45.15,0.0,64.5,,2.0,26.0,8.0,2.0,0.0,0.5,64.0,64.0,70.0,64.16666666666667,66.97916666666667,2.248086948392931,0.3065543071161049,67.4,70.0,67.5
2026-08-26 03:00:00,Karachi,24.8607,67.0011,27.7,77.0,12.9,1005.8,unknown,3.0,16.63,54.2,0.09,0.3,71.54,45.22,0.0,65.0,,3.0,26.0,8.0,2.0,0.0,0.5,64.5,64.0,70.0,64.5,66.77083333333333,2.1868140746528804,0.3068265682656826,67.5,70.0,67.0
2026-08-26 04:00:00,Karachi,24.8607,67.0011,28.6,71.0,13.9,1005.9,unknown,3.0,16.83,55.88,0.08,0.3,71.28,45.12,0.0,65.4,,4.0,26.0,8.0,2.0,0.0,0.4000000000000057,65.0,64.0,69.0,64.96666666666665,66.62083333333334,2.150425471887706,0.3011811023622047,66.9,70.0,65.3
2026-08-26 05:00:00,Karachi,24.8607,67.0011,29.4,67.0,14.8,1005.8,unknown,3.0,17.19,58.5,0.06,0.31,70.97,44.66,0.0,66.1,,5.0,26.0,8.0,2.0,0.0,0.6999999999999886,65.4,64.5,69.0,65.5,66.5,2.091598099228012,0.2938461538461538,66.3,70.0,63.2
2026-08-26 06:00:00,Karachi,24.8607,67.0011,29.9,65.0,14.9,1006.1,unknown,3.0,17.57,61.24,0.05,0.32,70.27,43.9,0.0,66.8,,6.0,26.0,8.0,2.0,0.0,0.7000000000000028,66.1,65.0,69.0,66.1,66.40833333333335,2.0243982824028754,0.2869039843239712,66.1,70.0,61.8
2026-08-26 07:00:00,Karachi,24.8607,67.0011,30.3,63.0,15.9,1005.4,unknown,3.0,17.93,63.78,0.05,0.33,69.82,43.03,0.0,67.5,,7.0,26.0,8.0,2.0,0.0,0.7000000000000028,66.8,65.4,69.0,66.8,66.34583333333335,1.9631339555758456,0.2811226089683286,66.0,70.0,61.5
2026-08-26 08:00:00,Karachi,24.8607,67.0011,30.2,64.0,16.1,1005.0,unknown,3.0,18.09,65.66,0.05,0.33,69.28,42.16,0.0,67.7,,8.0,26.0,8.0,2.0,0.0,0.2000000000000028,67.5,66.1,69.0,67.33333333333333,66.29166666666667,1.903752967776412,0.2755102040816327,65.8,70.0,61.9
2026-08-26 09:00:00,Karachi,24.8607,67.0011,30.4,65.0,16.4,1004.2,unknown,3.0,18.14,66.86,0.05,0.34,68.92,41.58,0.0,67.8,,9.0,26.0,8.0,2.0,0.0,0.0999999999999943,67.7,66.8,69.0,67.66666666666667,66.24166666666667,1.844360774540962,0.2713131917439426,65.5,69.0,62.0
2026-08-26 10:00:00,Karachi,24.8607,67.0011,30.1,66.0,16.6,1003.4,unknown,3.0,18.1,67.67,0.05,0.34,69.27,41.67,0.0,67.8,,10.0,26.0,8.0,2.0,0.0,0.0,67.8,67.5,69.0,67.76666666666667,66.19166666666668,1.781527597234697,0.2674745086448943,65.2,69.0,61.9
2026-08-26 11:00:00,Karachi,24.8607,67.0011,29.3,70.0,16.5,1002.9,unknown,3.0,17.89,67.78,0.05,0.33,69.73,42.3,0.0,67.4,,11.0,26.0,8.0,2.0,0.0,-0.3999999999999915,67.8,67.7,69.0,67.66666666666667,66.125,1.6999360601782538,0.2639421658306285,64.9,68.0,61.8
2026-08-26 12:00:00,Karachi,24.8607,67.0011,29.2,69.0,16.5,1003.2,unknown,3.0,17.71,67.96,0.06,0.34,70.04,42.77,0.0,67.0,,12.0,26.0,8.0,2.0,0.0,-0.4000000000000057,67.4,67.8,69.0,67.39999999999999,66.04166666666667,1.5988900135284667,0.2605944673337257,64.8,68.0,61.5
2026-08-26 13:00:00,Karachi,24.8607,67.0011,28.3,73.0,15.3,1003.5,unknown,3.0,17.55,68.52,0.07,0.35,70.35,43.13,0.0,66.7,,13.0,26.0,8.0,2.0,0.0,-0.2999999999999971,67.0,67.8,69.0,67.03333333333333,65.94583333333334,1.4782419542690215,0.2561295971978984,65.3,67.0,61.0
2026-08-26 14:00:00,Karachi,24.8607,67.0011,27.8,76.0,14.9,1003.8,unknown,3.0,17.24,69.03,0.08,0.36,70.53,43.41,0.0,66.2,,14.0,26.0,8.0,2.0,0.0,-0.5,66.7,67.4,68.0,66.63333333333333,65.87083333333334,1.413745923506303,0.2497464870346226,65.9,66.0,60.4
2026-08-26 15:00:00,Karachi,24.8607,67.0011,27.6,77.0,14.9,1004.3,unknown,3.0,16.8,69.27,0.08,0.37,70.73,43.7,0.0,65.3,,15.0,26.0,8.0,2.0,0.0,-0.9000000000000057,66.2,67.0,67.0,66.06666666666666,65.8,1.3972021732885722,0.2425292334343872,66.5,64.0,60.1
2026-08-26 16:00:00,Karachi,24.8607,67.0011,27.5,78.0,15.4,1005.0,unknown,3.0,16.3,66.84,0.08,0.38,70.88,43.95,0.0,64.4,,16.0,26.0,8.0,2.0,0.0,-0.8999999999999915,65.3,66.7,67.0,65.3,65.69166666666668,1.4009055042660536,0.243865948533812,66.7,63.0,60.0
2026-08-26 17:00:00,Karachi,24.8607,67.0011,27.2,80.0,15.5,1005.5,unknown,3.0,16.08,65.27,0.08,0.38,70.9,44.03,0.0,64.0,,17.0,26.0,8.0,2.0,0.0,-0.4000000000000057,64.4,66.2,66.0,64.56666666666666,65.60833333333333,1.4406872353650615,0.2463612685766814,67.1,62.0,59.9
2026-08-26 18:00:00,Karachi,24.8607,67.0011,27.2,80.0,14.9,1005.4,unknown,3.0,16.1,65.06,0.08,0.39,70.89,43.79,0.0,64.0,,18.0,26.0,8.0,2.0,0.0,0.0,64.0,65.3,66.0,64.13333333333334,65.525,1.4744932806837527,0.24746387949585,67.9,63.0,60.3
2026-08-26 19:00:00,Karachi,24.8607,67.0011,26.8,82.0,14.1,1004.8,unknown,3.0,16.07,64.53,0.08,0.4,70.68,43.36,0.0,64.0,,19.0,26.0,8.0,2.0,0.0,0.0,64.0,64.4,65.0,64.0,65.48333333333333,1.503811582400289,0.2490314582364791,68.6,65.0,60.8
2026-08-26 20:00:00,Karachi,24.8607,67.0011,26.7,82.0,13.6,1004.9,unknown,3.0,16.05,63.91,0.09,0.4,70.77,42.99,0.0,63.9,,20.0,26.0,8.0,2.0,0.0,-0.1000000000000014,64.0,64.0,64.0,63.96666666666667,65.47916666666667,1.5082322409869666,0.2511344077609138,68.8,66.0,61.2
2026-08-26 21:00:00,Karachi,24.8607,67.0011,26.4,83.0,14.0,1004.4,unknown,3.0,16.04,63.1,0.09,0.4,71.0,42.62,0.0,63.9,,21.0,26.0,8.0,2.0,0.0,0.0,63.9,64.0,64.0,63.93333333333334,65.47500000000001,1.5126280039255575,0.2541996830427892,68.8,67.0,61.3
2026-08-26 22:00:00,Karachi,24.8607,67.0011,26.4,84.0,14.2,1004.0,unknown,3.0,16.19,64.43,0.09,0.4,71.26,42.37,0.0,64.2,,22.0,26.0,8.0,2.0,0.0,0.3000000000000042,63.9,64.0,64.0,64.0,65.48333333333333,1.50467869361317,0.2512804594133168,68.5,67.0,61.1
2026-08-26 23:00:00,Karachi,24.8607,67.0011,26.3,85.0,15.4,1003.8,unknown,3.0,16.55,67.13,0.09,0.41,71.48,42.24,0.0,64.9,,23.0,26.0,8.0,2.0,0.0,0.7000000000000028,64.2,63.9,64.0,64.33333333333333,65.52083333333333,1.4770650000902743,0.2465365708327127,68.6,67.0,60.9
2026-08-27 00:00:00,Karachi,24.8607,67.0011,26.4,83.0,15.9,1004.0,unknown,3.0,17.07,70.96,0.09,0.42,71.65,42.26,0.0,65.8,,0.0,27.0,8.0,3.0,0.0,0.8999999999999915,64.9,63.9,64.0,64.96666666666668,65.59583333333335,1.4417619554665688,0.2405580608793686,68.7,68.0,61.2
2026-08-27 01:00:00,Karachi,24.8607,67.0011,26.3,83.0,15.9,1004.4,unknown,3.0,17.61,74.49,0.09,0.43,71.58,42.43,0.0,66.9,,1.0,27.0,8.0,3.0,0.0,1.1000000000000083,65.8,64.2,64.0,65.86666666666667,65.71666666666667,1.4236104336037725,0.2364075714861055,70.0,67.6,61.9
2026-08-27 02:00:00,Karachi,24.8607,67.0011,26.5,82.0,16.1,1004.7,unknown,3.0,17.92,76.72,0.09,0.44,71.39,42.77,0.0,67.4,,2.0,27.0,8.0,3.0,0.0,0.5,66.9,64.9,64.5,66.7,65.8375,1.438843889770271,0.2335766423357664,70.0,67.5,62.5
2026-08-27 03:00:00,Karachi,24.8607,67.0011,27.3,77.0,18.6,1004.8,unknown,3.0,17.95,78.3,0.1,0.44,71.08,43.15,0.0,67.5,,3.0,27.0,8.0,3.0,0.0,0.0999999999999943,67.4,65.8,65.0,67.26666666666667,65.94166666666668,1.4658182658176169,0.2292464878671775,70.0,67.0,62.9
2026-08-27 04:00:00,Karachi,24.8607,67.0011,28.1,72.0,19.0,1005.1,unknown,3.0,17.64,78.95,0.09,0.43,70.68,43.54,0.0,66.9,,4.0,27.0,8.0,3.0,0.0,-0.5999999999999943,67.5,66.9,65.4,67.26666666666667,66.00416666666666,1.473676020871446,0.2234325522482584,70.0,65.3,62.6
2026-08-27 05:00:00,Karachi,24.8607,67.0011,28.6,70.0,19.5,1005.2,unknown,3.0,17.33,79.18,0.08,0.43,70.51,44.01,0.0,66.3,,5.0,27.0,8.0,3.0,0.0,-0.6000000000000085,66.9,67.4,66.1,66.89999999999999,66.0125,1.4748065458984203,0.2188684011113917,70.0,63.2,62.0
2026-08-27 06:00:00,Karachi,24.8607,67.0011,29.2,68.0,20.4,1005.2,unknown,3.0,17.21,79.37,0.07,0.43,70.22,44.18,0.0,66.1,,6.0,27.0,8.0,3.0,0.0,-0.2000000000000028,66.3,67.5,66.8,66.43333333333332,65.98333333333333,1.4654474510820272,0.2168325563815043,70.0,61.8,61.3
2026-08-27 07:00:00,Karachi,24.8607,67.0011,29.4,67.0,19.9,1004.5,unknown,3.0,17.16,79.07,0.06,0.43,69.65,43.82,0.0,66.0,,7.0,27.0,8.0,3.0,0.0,-0.0999999999999943,66.1,66.9,67.5,66.13333333333333,65.92083333333333,1.4294964655172504,0.2170228911091438,70.0,61.5,61.0
2026-08-27 08:00:00,Karachi,24.8607,67.0011,29.5,66.0,18.9,1004.0,unknown,3.0,17.05,77.83,0.06,0.44,68.71,43.0,0.0,65.8,,8.0,27.0,8.0,3.0,0.0,-0.2000000000000028,66.0,66.3,67.7,65.96666666666665,65.84166666666667,1.3783785895865792,0.2190671977386612,70.0,61.9,61.8
2026-08-27 09:00:00,Karachi,24.8607,67.0011,29.8,65.0,18.7,1003.3,unknown,3.0,16.9,76.35,0.06,0.45,67.94,42.19,0.0,65.5,,9.0,27.0,8.0,3.0,0.0,-0.2999999999999971,65.8,66.1,67.8,65.76666666666667,65.74583333333334,1.3147918223927022,0.2213490504256712,69.0,62.0,62.9
2026-08-27 10:00:00,Karachi,24.8607,67.0011,29.4,67.0,18.5,1002.6,unknown,3.0,16.74,75.45,0.07,0.45,67.81,41.82,0.0,65.2,,10.0,27.0,8.0,3.0,0.0,-0.2999999999999971,65.5,66.0,67.8,65.5,65.6375,1.2433518862503712,0.2218687872763419,69.0,61.9,63.3
2026-08-27 11:00:00,Karachi,24.8607,67.0011,29.0,69.0,18.3,1002.2,unknown,3.0,16.54,74.83,0.07,0.47,68.0,41.51,0.0,64.9,,11.0,27.0,8.0,3.0,0.0,-0.2999999999999971,65.2,65.8,67.4,65.2,65.53333333333335,1.1929746040029583,0.2210343445142322,68.0,61.8,63.4
2026-08-27 12:00:00,Karachi,24.8607,67.0011,29.2,67.0,19.0,1002.3,unknown,3.0,16.49,75.35,0.07,0.48,68.18,41.15,0.0,64.8,,12.0,27.0,8.0,3.0,0.0,-0.1000000000000085,64.9,65.5,67.0,64.96666666666668,65.44166666666668,1.1594288948951492,0.2188453881884538,68.0,61.5,63.4
2026-08-27 13:00:00,Karachi,24.8607,67.0011,28.1,73.0,18.9,1002.5,unknown,3.0,16.76,77.27,0.08,0.51,68.3,40.73,0.0,65.3,,13.0,27.0,8.0,3.0,0.0,0.5,64.8,65.2,66.7,65.0,65.38333333333334,1.1281638281683084,0.2169017730037531,67.0,61.0,63.5
2026-08-27 14:00:00,Karachi,24.8607,67.0011,27.4,77.0,18.3,1003.0,unknown,3.0,17.12,79.11,0.1,0.53,68.06,40.07,0.0,65.9,,14.0,27.0,8.0,3.0,0.0,0.6000000000000085,65.3,64.9,66.2,65.33333333333333,65.37083333333334,1.1203567625365098,0.2164075338136771,66.0,60.4,63.7
2026-08-27 15:00:00,Karachi,24.8607,67.0011,27.1,80.0,16.4,1003.3,unknown,3.0,17.44,80.3,0.1,0.54,67.61,39.49,0.0,66.5,,15.0,27.0,8.0,3.0,0.0,0.5999999999999943,65.9,64.8,65.3,65.89999999999999,65.42083333333333,1.1435943209956263,0.2171855541718555,64.0,60.1,63.8
2026-08-27 16:00:00,Karachi,24.8607,67.0011,26.8,83.0,14.7,1003.7,unknown,3.0,17.55,80.62,0.11,0.55,67.34,38.93,0.0,66.7,,16.0,27.0,8.0,3.0,0.0,0.2000000000000028,66.5,65.3,64.4,66.36666666666667,65.51666666666667,1.1506771793224273,0.2176879186306127,63.0,60.0,63.6
2026-08-27 17:00:00,Karachi,24.8607,67.0011,26.7,84.0,15.5,1004.4,unknown,3.0,17.74,81.61,0.11,0.56,66.87,38.21,0.0,67.1,,17.0,27.0,8.0,3.0,0.0,0.3999999999999915,66.7,65.9,64.0,66.76666666666667,65.64583333333333,1.1470109232129817,0.2173753216517583,62.0,59.9,63.4
2026-08-27 18:00:00,Karachi,24.8607,67.0011,26.8,83.0,15.6,1004.3,unknown,3.0,18.19,84.11,0.11,0.58,66.33,37.33,0.0,67.9,,18.0,27.0,8.0,3.0,0.0,0.8000000000000114,67.1,66.5,64.0,67.23333333333333,65.80833333333332,1.1795049317645108,0.2162644156461776,63.0,60.3,63.2
2026-08-27 19:00:00,Karachi,24.8607,67.0011,26.4,85.0,15.2,1003.8,unknown,3.0,18.54,86.07,0.11,0.59,65.95,36.55,0.0,68.6,,19.0,27.0,8.0,3.0,0.0,0.6999999999999886,67.9,66.7,64.0,67.86666666666667,66.0,1.2448153346541315,0.2154060648309515,65.0,60.8,62.9
2026-08-27 20:00:00,Karachi,24.8607,67.0011,26.2,87.0,14.3,1003.7,unknown,3.0,18.68,86.97,0.12,0.59,65.89,36.24,0.0,68.8,,20.0,27.0,8.0,3.0,0.0,0.2000000000000028,68.6,67.1,63.9,68.43333333333332,66.20416666666667,1.2865454812640826,0.2147867080602506,66.0,61.2,62.3
2026-08-27 21:00:00,Karachi,24.8607,67.0011,26.0,89.0,13.9,1003.1,unknown,3.0,18.63,86.91,0.12,0.57,66.09,36.36,0.0,68.8,,21.0,27.0,8.0,3.0,0.0,0.0,68.8,67.9,63.9,68.73333333333333,66.40833333333333,1.2937699098791848,0.2143596824301001,67.0,61.3,61.3
2026-08-27 22:00:00,Karachi,24.8607,67.0011,25.8,90.0,13.0,1002.8,unknown,3.0,18.48,86.51,0.11,0.55,66.68,37.05,0.0,68.5,,22.0,27.0,8.0,3.0,0.0,-0.2999999999999971,68.8,68.6,64.2,68.7,66.58749999999999,1.272215629794828,0.2136169228990868,67.0,61.1,59.9
2026-08-27 23:00:00,Karachi,24.8607,67.0011,25.8,90.0,13.0,1002.8,unknown,3.0,18.57,87.16,0.11,0.54,67.16,37.82,0.0,68.6,,23.0,27.0,8.0,3.0,0.0,0.0999999999999943,68.5,68.8,64.9,68.63333333333333,66.74166666666667,1.2829709633316653,0.2130564479118862,67.0,60.9,58.9
2026-08-28 00:00:00,Karachi,24.8607,67.0011,25.8,91.0,14.6,1003.0,unknown,3.0,18.59,87.06,0.11,0.54,67.01,38.18,0.0,68.7,,0.0,28.0,8.0,4.0,0.0,0.1000000000000085,68.6,68.8,65.8,68.6,66.8625,1.3262606799957826,0.2135308982311049,68.0,61.2,58.4
2026-08-28 01:00:00,Karachi,24.8607,67.0011,25.7,92.0,14.3,1003.2,unknown,3.0,19.29,86.95,0.11,0.54,67.17,38.45,0.0,70.0,,1.0,28.0,8.0,4.0,0.0,1.2999999999999972,68.7,68.5,66.9,69.10000000000001,66.99166666666666,1.4729198055636563,0.2218516388729154,67.6,61.9,58.1
2026-08-28 02:00:00,Karachi,24.8607,67.0011,26.0,90.0,14.9,1003.8,unknown,3.0,19.27,83.38,0.12,0.53,66.67,38.64,0.0,70.0,,2.0,28.0,8.0,4.0,0.0,0.0,70.0,68.6,67.4,69.56666666666666,67.1,1.5948285992131022,0.2311105780762773,67.5,62.5,57.8
2026-08-28 03:00:00,Karachi,24.8607,67.0011,27.1,81.0,16.8,1004.1,unknown,3.0,19.22,81.08,0.12,0.53,66.31,39.27,0.0,70.0,,3.0,28.0,8.0,4.0,0.0,0.0,70.0,68.7,67.5,70.0,67.20416666666667,1.700250407814624,0.237049827331031,67.0,62.9,57.5
2026-08-28 04:00:00,Karachi,24.8607,67.0011,28.1,75.0,17.5,1004.2,unknown,3.0,19.21,81.98,0.11,0.52,66.21,40.09,0.0,70.0,,4.0,28.0,8.0,4.0,0.0,0.0,70.0,70.0,66.9,70.0,67.33333333333333,1.7914450486457123,0.234325445230544,65.3,62.6,57.4
2026-08-28 05:00:00,Karachi,24.8607,67.0011,29.1,70.0,17.8,1004.2,unknown,3.0,19.24,83.15,0.1,0.52,66.28,40.98,0.0,70.0,,5.0,28.0,8.0,4.0,0.0,0.0,70.0,70.0,66.3,70.0,67.4875,1.856671285087353,0.2313890559230306,63.2,62.0,57.3
2026-08-28 06:00:00,Karachi,24.8607,67.0011,29.6,65.0,19.2,1004.5,unknown,3.0,19.31,83.21,0.09,0.52,66.31,41.48,0.0,70.0,,6.0,28.0,8.0,4.0,0.0,0.0,70.0,70.0,66.1,70.0,67.64999999999999,1.9001144130307028,0.2320634539117894,61.8,61.3,57.3
2026-08-28 07:00:00,Karachi,24.8607,67.0011,29.4,65.0,18.5,1004.0,unknown,3.0,19.34,85.71,0.08,0.52,66.24,41.41,0.0,70.0,,7.0,28.0,8.0,4.0,0.0,0.0,70.0,70.0,66.0,70.0,67.81666666666666,1.924367014318052,0.2256446155641115,61.5,61.0,57.7
2026-08-28 08:00:00,Karachi,24.8607,67.0011,29.6,65.0,17.8,1003.5,unknown,3.0,19.18,86.75,0.08,0.53,66.13,40.96,0.0,70.0,,8.0,28.0,8.0,4.0,0.0,0.0,70.0,70.0,65.8,70.0,67.99166666666666,1.9239715867613256,0.2210951008645533,61.9,61.8,58.2
2026-08-28 09:00:00,Karachi,24.8607,67.0011,30.2,63.0,17.4,1002.9,unknown,3.0,18.81,85.76,0.07,0.53,65.95,40.36,0.0,69.0,,9.0,28.0,8.0,4.0,0.0,-1.0,70.0,70.0,65.5,69.66666666666667,68.1375,1.8584267540040933,0.2193330223880596,62.0,62.9,58.8
2026-08-28 10:00:00,Karachi,24.8607,67.0011,29.4,69.0,18.0,1002.4,unknown,3.0,18.5,84.83,0.07,0.53,65.88,39.72,0.0,69.0,,10.0,28.0,8.0,4.0,0.0,0.0,69.0,70.0,65.2,69.33333333333333,68.29583333333333,1.7563497637861814,0.2180832252740775,61.9,63.3,59.8
2026-03-06 11:00:00,Karachi,24.8607,67.0011,28.2,63.0,14.3,1008.6,unknown,4.0,42.19,124.82,0.07,0.5,113.53,77.34,0.0,117.5,,11.0,6.0,3.0,4.0,0.0,2.299999999999997,115.2,107.3,82.3,114.66666666666669,90.91666666666669,12.02590199696387,0.3380067296907547,76.7,71.1,71.3
2026-03-06 12:00:00,Karachi,24.8607,67.0011,27.2,71.0,13.1,1008.3,unknown,4.0,42.41,124.62,0.08,0.47,113.07,76.47,0.0,118.0,,12.0,6.0,3.0,4.0,0.0,0.5,117.5,111.3,82.7,116.9,92.3875,13.088970215580282,0.340314556251003,75.9,71.1,70.3
2026-03-06 13:00:00,Karachi,24.8607,67.0011,25.9,76.0,12.4,1008.6,unknown,4.0,42.22,123.49,0.11,0.45,113.47,76.31,0.0,117.5,,13.0,6.0,3.0,4.0,0.0,-0.5,118.0,115.2,83.1,117.66666666666669,93.82083333333334,13.886902780698785,0.3418900315815046,75.1,71.4,69.1
2026-03-06 14:00:00,Karachi,24.8607,67.0011,24.8,82.0,10.9,1009.0,unknown,4.0,41.54,121.07,0.13,0.44,113.94,76.45,0.0,115.9,,14.0,6.0,3.0,4.0,0.0,-1.5999999999999943,117.5,117.5,83.4,117.13333333333334,95.175,14.401607700108553,0.3431072933013959,74.3,71.8,67.7
2026-03-06 15:00:00,Karachi,24.8607,67.0011,24.2,88.0,9.5,1009.5,unknown,4.0,40.58,117.78,0.14,0.44,114.74,76.57,0.0,113.5,,15.0,6.0,3.0,4.0,0.0,-2.4000000000000057,115.9,118.0,83.6,115.63333333333334,96.42083333333332,14.647925485012976,0.3445406690439803,73.4,72.2,66.5
2026-03-06 16:00:00,Karachi,24.8607,67.0011,23.8,90.0,9.0,1009.8,unknown,4.0,39.5,114.23,0.14,0.43,115.35,77.05,0.0,110.8,,16.0,6.0,3.0,4.0,0.0,-2.700000000000003,113.5,117.5,83.4,113.40000000000002,97.5625,14.656733502268562,0.3457935743675041,72.4,72.4,65.8
2026-03-06 17:00:00,Karachi,24.8607,67.0011,23.6,90.0,8.6,1010.0,unknown,4.0,38.43,110.69,0.13,0.43,116.18,77.66,0.0,108.2,,17.0,6.0,3.0,4.0,0.0,-2.5999999999999943,110.8,115.9,82.9,110.83333333333331,98.61666666666666,14.464880007217078,0.3471858343120426,71.6,72.4,65.4
2026-03-06 18:00:00,Karachi,24.8607,67.0011,23.4,91.0,8.6,1009.9,unknown,4.0,37.3,106.83,0.13,0.43,116.86,78.64,0.0,105.4,,18.0,6.0,3.0,4.0,0.0,-2.799999999999997,108.2,113.5,82.2,108.13333333333333,99.58333333333331,14.090442850036505,0.3491528596836094,71.0,72.3,65.5
2026-03-06 19:00:00,Karachi,24.8607,67.0011,23.3,92.0,8.7,1009.8,unknown,4.0,36.08,102.74,0.13,0.44,117.36,79.63,0.0,102.4,,19.0,6.0,3.0,4.0,0.0,-3.0,105.4,110.8,81.5,105.33333333333331,100.45416666666668,13.560107065329102,0.3511777301927195,70.4,72.1,66.0
2026-03-06 20:00:00,Karachi,24.8607,67.0011,23.1,92.0,7.9,1009.6,unknown,3.0,34.92,98.92,0.13,0.44,117.74,80.59,0.0,99.1,,20.0,6.0,3.0,4.0,0.0,-3.300000000000012,102.4,108.2,80.8,102.3,101.21666666666664,12.90559927913551,0.3530125353821269,70.0,72.0,66.8
2026-03-06 21:00:00,Karachi,24.8607,67.0011,23.0,93.0,7.2,1009.2,unknown,3.0,33.81,95.41,0.13,0.44,118.03,81.64,0.0,97.0,,21.0,6.0,3.0,4.0,0.0,-2.0999999999999943,99.1,105.4,80.4,99.5,101.90833333333332,12.16502172719754,0.3543653705062363,69.9,72.0,67.9
2026-03-06 22:00:00,Karachi,24.8607,67.0011,22.7,93.0,7.5,1008.8,unknown,3.0,32.57,92.29,0.13,0.45,118.56,82.78,0.0,94.7,,22.0,6.0,3.0,4.0,0.0,-2.299999999999997,97.0,102.4,80.1,96.93333333333334,102.51666666666668,11.36583999713965,0.3529093076172933,69.9,72.1,69.2
2026-03-06 23:00:00,Karachi,24.8607,67.0011,22.7,92.0,7.9,1008.7,unknown,3.0,31.2,89.17,0.13,0.47,119.43,84.47,0.0,92.2,,23.0,6.0,3.0,4.0,0.0,-2.5,94.7,99.1,80.8,94.63333333333333,102.99166666666667,10.63341397452497,0.3498934619266569,70.0,72.4,70.6
2026-03-07 00:00:00,Karachi,24.8607,67.0011,22.5,93.0,7.4,1008.6,unknown,3.0,29.76,86.33,0.14,0.49,120.75,86.82,0.0,89.5,,0.0,7.0,3.0,5.0,1.0,-2.700000000000003,92.2,97.0,82.8,92.13333333333333,103.27083333333331,10.157562150465996,0.3447237345071238,70.3,73.2,72.0
2026-03-07 01:00:00,Karachi,24.8607,67.0011,22.5,94.0,7.1,1008.9,unknown,3.0,28.36,83.84,0.14,0.51,122.81,89.87,0.0,86.9,,1.0,7.0,3.0,5.0,1.0,-2.5999999999999943,89.5,94.7,85.9,89.53333333333335,103.3125,10.085000161669273,0.3382633587786259,70.8,74.5,73.2
2026-03-07 02:00:00,Karachi,24.8607,67.0011,22.1,95.0,5.9,1009.7,unknown,3.0,27.16,81.8,0.15,0.52,125.13,93.12,0.0,84.6,,2.0,7.0,3.0,5.0,1.0,-2.300000000000012,86.9,92.2,89.3,87.0,103.11666666666667,10.409346413374037,0.3320293398533007,71.3,75.7,74.4
2026-03-07 03:00:00,Karachi,24.8607,67.0011,23.2,94.0,6.6,1010.3,unknown,3.0,26.26,80.29,0.19,0.54,127.26,96.15,0.0,83.0,,3.0,7.0,3.0,5.0,1.0,-1.5999999999999943,84.6,89.5,92.4,84.83333333333333,102.725,10.990717427229995,0.3270643915805206,71.8,76.4,75.6
2026-03-07 04:00:00,Karachi,24.8607,67.0011,24.8,85.0,6.0,1010.8,unknown,3.0,25.56,79.02,0.18,0.54,128.65,98.49,0.0,81.7,,4.0,7.0,3.0,5.0,1.0,-1.2999999999999972,83.0,86.9,94.8,83.1,102.17916666666666,11.703584704163768,0.3234624145785877,71.9,76.3,76.5
2026-03-07 05:00:00,Karachi,24.8607,67.0011,26.6,76.0,5.0,1011.3,unknown,3.0,25.04,77.98,0.13,0.54,129.95,100.25,0.0,80.7,,5.0,7.0,3.0,5.0,1.0,-1.0,81.7,84.6,97.3,81.8,101.4875,12.469905076170209,0.3211079764042062,71.9,75.9,77.1
2026-03-07 06:00:00,Karachi,24.8607,67.0011,27.9,68.0,8.1,1011.7,unknown,3.0,24.54,76.77,0.1,0.53,130.92,101.26,0.0,79.8,,6.0,7.0,3.0,5.0,1.0,-0.9000000000000057,80.7,83.0,99.7,80.73333333333333,100.65833333333332,13.232237204995808,0.3196561156701836,71.9,75.7,77.9
2026-03-07 07:00:00,Karachi,24.8607,67.0011,28.8,64.0,10.4,1011.2,unknown,3.0,24.13,75.68,0.08,0.52,131.47,101.18,0.0,79.0,,7.0,7.0,3.0,5.0,1.0,-0.7999999999999972,79.8,81.7,103.6,79.83333333333333,99.63333333333333,13.928908527003228,0.3188424947145877,71.8,75.3,78.9
2026-03-07 08:00:00,Karachi,24.8607,67.0011,29.5,60.0,11.3,1010.4,unknown,3.0,23.81,74.58,0.08,0.51,131.5,100.05,0.0,78.4,,8.0,7.0,3.0,5.0,1.0,-0.5999999999999943,79.0,80.7,107.3,79.06666666666668,98.42916666666666,14.475781248472336,0.3192544918208635,71.5,74.8,80.1
2026-03-07 09:00:00,Karachi,24.8607,67.0011,29.8,58.0,12.2,1009.6,unknown,3.0,23.54,73.39,0.07,0.5,131.34,98.69,0.0,77.9,,9.0,7.0,3.0,5.0,1.0,-0.5,78.4,79.8,111.3,78.43333333333334,97.0375,14.786768835979544,0.3207521460689467,71.2,73.8,81.1
2026-03-07 10:00:00,Karachi,24.8607,67.0011,29.6,58.0,12.6,1009.0,unknown,3.0,23.25,72.06,0.07,0.49,131.7,98.02,0.0,77.4,,10.0,7.0,3.0,5.0,1.0,-0.5,77.9,79.0,115.2,77.9,95.4625,14.781210531705751,0.3226477935054122,71.2,72.4,82.3
2026-03-07 11:00:00,Karachi,24.8607,67.0011,28.8,61.0,12.2,1008.7,unknown,3.0,22.87,70.16,0.08,0.49,131.8,97.84,0.0,76.7,,11.0,7.0,3.0,5.0,1.0,-0.7000000000000028,77.4,78.4,117.5,77.33333333333333,93.7625,14.47960522221876,0.3259692132269099,71.1,71.3,83.1
2026-03-07 12:00:00,Karachi,24.8607,67.0011,27.5,68.0,11.3,1009.1,unknown,3.0,22.47,67.96,0.1,0.48,132.2,98.46,0.0,75.9,,12.0,7.0,3.0,5.0,1.0,-0.7999999999999972,76.7,77.9,118.0,76.66666666666667,92.00833333333333,13.95632680797548,0.3306356680400235,71.1,70.3,83.5
2026-03-07 13:00:00,Karachi,24.8607,67.0011,26.2,74.0,10.3,1009.5,unknown,3.0,22.04,65.69,0.13,0.48,132.79,99.83,0.0,75.1,,13.0,7.0,3.0,5.0,1.0,-0.8000000000000114,75.9,77.4,117.5,75.89999999999999,90.24166666666666,13.255152129304864,0.335515299132288,71.4,69.1,83.9
2026-03-07 14:00:00,Karachi,24.8607,67.0011,24.9,82.0,8.3,1010.0,unknown,3.0,21.59,63.28,0.16,0.49,133.2,101.68,0.0,74.3,,14.0,7.0,3.0,5.0,1.0,-0.7999999999999972,75.1,76.7,115.9,75.10000000000001,88.50833333333334,12.449477609667971,0.3411820480404551,71.8,67.7,84.3
2026-03-07 15:00:00,Karachi,24.8607,67.0011,24.3,88.0,7.1,1010.6,unknown,3.0,21.1,60.71,0.16,0.49,133.58,103.92,0.0,73.4,,15.0,7.0,3.0,5.0,1.0,-0.8999999999999915,74.3,75.9,113.5,74.26666666666667,86.83749999999999,11.612280325062224,0.3475539449843519,72.2,66.5,84.6
2026-03-07 16:00:00,Karachi,24.8607,67.0011,23.9,91.0,5.9,1011.6,unknown,3.0,20.59,58.11,0.15,0.49,133.43,105.68,0.0,72.4,,16.0,7.0,3.0,5.0,1.0,-1.0,73.4,75.1,110.8,73.36666666666666,85.2375,10.782909686367086,0.3543279986233006,72.4,65.8,84.7
2026-03-07 17:00:00,Karachi,24.8607,67.0011,23.6,92.0,5.9,1011.9,unknown,3.0,20.17,55.75,0.15,0.49,133.57,107.62,0.0,71.6,,17.0,7.0,3.0,5.0,1.0,-0.8000000000000114,72.4,74.3,108.2,72.46666666666667,83.71249999999999,9.950150206425842,0.3617937219730942,72.4,65.4,85.0
2026-03-07 18:00:00,Karachi,24.8607,67.0011,23.3,96.0,6.3,1012.0,unknown,3.0,19.81,53.51,0.14,0.5,133.88,109.53,0.0,71.0,,18.0,7.0,3.0,5.0,1.0,-0.5999999999999943,71.6,73.4,105.4,71.66666666666667,82.27916666666667,9.134453610020952,0.3702111754812184,72.3,65.5,85.1
2026-03-07 19:00:00,Karachi,24.8607,67.0011,23.2,96.0,5.8,1012.0,unknown,3.0,19.49,51.39,0.13,0.5,134.16,110.73,0.0,70.4,,19.0,7.0,3.0,5.0,1.0,-0.5999999999999943,71.0,72.4,102.4,71.0,80.94583333333334,8.373559793969955,0.3792566647207627,72.1,66.0,85.0
2026-03-07 20:00:00,Karachi,24.8607,67.0011,22.8,98.0,4.9,1011.5,unknown,3.0,19.32,49.75,0.13,0.5,134.91,111.88,0.0,70.0,,20.0,7.0,3.0,5.0,1.0,-0.4000000000000057,70.4,71.6,99.1,70.46666666666667,79.73333333333333,7.711181416656051,0.3883417085427135,72.0,66.8,84.9
2026-03-07 21:00:00,Karachi,24.8607,67.0011,22.5,99.0,4.5,1011.1,unknown,3.0,19.24,48.38,0.13,0.5,135.89,112.69,0.0,69.9,,21.0,7.0,3.0,5.0,1.0,-0.0999999999999943,70.0,71.0,97.0,70.10000000000001,78.60416666666667,7.0266250892537006,0.3976849937990905,72.0,67.9,84.6
2026-03-07 22:00:00,Karachi,24.8607,67.0011,22.4,99.0,4.5,1010.8,unknown,3.0,19.22,47.2,0.12,0.49,137.1,113.3,0.0,69.9,,22.0,7.0,3.0,5.0,1.0,0.0,69.9,70.4,94.7,69.93333333333334,77.57083333333334,6.347370504298826,0.4072033898305084,72.1,69.2,83.8
2026-03-07 23:00:00,Karachi,24.8607,67.0011,22.2,99.0,4.6,1010.3,unknown,3.0,19.3,46.4,0.12,0.49,138.84,113.82,0.0,70.0,,23.0,7.0,3.0,5.0,1.0,0.0999999999999943,69.9,70.0,92.2,69.93333333333334,76.64583333333333,5.708192371051435,0.415948275862069,72.4,70.6,82.7
2026-03-08 00:00:00,Karachi,24.8607,67.0011,21.4,99.0,2.9,1010.5,unknown,3.0,19.48,45.98,0.12,0.48,140.75,114.26,0.0,70.3,,0.0,8.0,3.0,6.0,1.0,0.2999999999999971,70.0,69.9,89.5,70.06666666666666,75.84583333333333,5.146123840300825,0.4236624619399739,73.2,72.0,81.5
2026-03-08 01:00:00,Karachi,24.8607,67.0011,21.2,99.0,2.1,1010.8,unknown,3.0,19.73,45.82,0.12,0.48,142.56,114.77,0.0,70.8,,1.0,8.0,3.0,6.0,1.0,0.5,70.3,69.9,86.9,70.36666666666666,75.175,4.669815190459458,0.4305979921431689,74.5,73.2,80.3
2026-03-08 02:00:00,Karachi,24.8607,67.0011,21.2,99.0,2.0,1011.4,unknown,3.0,20.02,45.8,0.12,0.48,144.57,115.42,0.0,71.3,,2.0,8.0,3.0,6.0,1.0,0.5,70.8,70.0,84.6,70.8,74.62083333333334,4.275204461591082,0.437117903930131,75.7,74.4,79.4
2026-03-08 03:00:00,Karachi,24.8607,67.0011,21.4,98.0,2.8,1012.3,unknown,3.0,20.25,45.75,0.14,0.47,146.65,116.01,0.0,71.8,,3.0,8.0,3.0,6.0,1.0,0.5,71.3,70.3,83.0,71.3,74.15416666666667,3.917072905235501,0.4426229508196721,76.4,75.6,78.6
2026-03-08 04:00:00,Karachi,24.8607,67.0011,22.5,89.0,4.3,1013.0,unknown,3.0,20.3,45.36,0.12,0.47,147.09,115.77,0.0,71.9,,4.0,8.0,3.0,6.0,1.0,0.1000000000000085,71.8,70.8,81.7,71.66666666666667,73.74583333333334,3.5937117987891334,0.4475308641975309,76.3,76.5,78.1
2026-03-08 05:00:00,Karachi,24.8607,67.0011,24.8,76.0,3.6,1013.4,unknown,3.0,20.32,44.99,0.08,0.45,147.74,115.21,0.0,71.9,,5.0,8.0,3.0,6.0,1.0,0.0,71.9,71.3,80.7,71.86666666666666,73.37916666666666,3.2893740869746964,0.4516559235385641,75.9,77.1,78.4
2026-03-08 06:00:00,Karachi,24.8607,67.0011,26.4,70.0,6.5,1013.6,unknown,3.0,20.32,44.53,0.06,0.44,148.15,113.83,0.0,71.9,,6.0,8.0,3.0,6.0,1.0,0.0,71.9,71.8,79.8,71.9,73.05,3.001593779543459,0.4563215809566584,75.7,77.9,79.2
2026-03-08 07:00:00,Karachi,24.8607,67.0011,27.6,65.0,8.8,1013.2,unknown,3.0,20.25,43.98,0.05,0.42,147.87,111.13,0.0,71.8,,7.0,8.0,3.0,6.0,1.0,-0.1000000000000085,71.9,71.9,79.0,71.86666666666667,72.75,2.7284332181839583,0.4604365620736699,75.3,78.9,80.4
2026-03-08 08:00:00,Karachi,24.8607,67.0011,28.1,64.0,9.8,1012.3,unknown,3.0,20.1,43.38,0.05,0.4,146.96,107.77,0.0,71.5,,8.0,8.0,3.0,6.0,1.0,-0.2999999999999971,71.8,71.9,78.4,71.73333333333333,72.46249999999999,2.4572541232216305,0.4633471645919779,74.8,80.1,81.8
2026-03-08 09:00:00,Karachi,24.8607,67.0011,28.6,59.0,10.3,1011.4,unknown,3.0,19.93,42.86,0.05,0.37,146.05,104.83,0.0,71.2,,9.0,8.0,3.0,6.0,1.0,-0.2999999999999971,71.5,71.9,77.9,71.5,72.18333333333334,2.177287236482063,0.4650023331777881,73.8,81.1,83.7
2026-03-08 10:00:00,Karachi,24.8607,67.0011,28.7,58.0,11.1,1010.7,unknown,3.0,19.92,42.73,0.05,0.36,146.12,103.09,0.0,71.2,,10.0,8.0,3.0,6.0,1.0,0.0,71.2,71.8,77.4,71.3,71.925,1.8787715690574105,0.4661830095951323,72.4,82.3,86.7
2026-03-08 11:00:00,Karachi,24.8607,67.0011,28.1,59.0,11.1,1010.3,unknown,3.0,19.89,42.61,0.06,0.36,145.76,101.76,0.0,71.1,,11.0,8.0,3.0,6.0,1.0,-0.1000000000000085,71.2,71.5,76.7,71.16666666666667,71.69166666666666,1.5846866832471274,0.4667918329030744,71.3,83.1,90.6
2026-03-08 12:00:00,Karachi,24.8607,67.0011,27.1,63.0,9.6,1010.4,unknown,3.0,19.89,42.6,0.08,0.35,145.76,101.12,0.0,71.1,,12.0,8.0,3.0,6.0,1.0,0.0,71.1,71.2,75.9,71.13333333333333,71.49166666666666,1.3094694135146348,0.4669014084507042,70.3,83.5,95.8
2026-03-08 13:00:00,Karachi,24.8607,67.0011,25.7,75.0,8.6,1010.9,unknown,3.0,20.03,42.9,0.1,0.36,146.63,101.64,0.0,71.4,,13.0,8.0,3.0,6.0,1.0,0.3000000000000113,71.1,71.2,75.1,71.2,71.33749999999999,1.0602758049731844,0.4668997668997669,69.1,83.9,104.6
2026-03-08 14:00:00,Karachi,24.8607,67.0011,24.4,86.0,7.9,1011.6,unknown,3.0,20.25,43.33,0.14,0.36,147.62,102.19,0.0,71.8,,14.0,8.0,3.0,6.0,1.0,0.3999999999999915,71.4,71.1,74.3,71.43333333333332,71.23333333333333,0.8605694104183426,0.4673436418186014,67.7,84.3,116.1
2026-03-08 15:00:00,Karachi,24.8607,67.0011,23.8,91.0,6.9,1012.2,unknown,3.0,20.49,43.81,0.14,0.37,148.66,102.99,0.0,72.2,,15.0,8.0,3.0,6.0,1.0,0.4000000000000057,71.8,71.1,73.4,71.8,71.18333333333334,0.757953002254122,0.4677014380278474,66.5,84.6,130.2
2026-03-08 16:00:00,Karachi,24.8607,67.0011,23.5,92.0,6.5,1012.9,unknown,3.0,20.57,43.99,0.13,0.37,148.69,103.43,0.0,72.4,,16.0,8.0,3.0,6.0,1.0,0.2000000000000028,72.2,71.4,72.4,72.13333333333334,71.18333333333334,0.757953002254122,0.4676062741532166,65.8,84.7,145.1
2026-03-08 17:00:00,Karachi,24.8607,67.0011,23.1,93.0,5.6,1012.9,unknown,3.0,20.58,44.0,0.13,0.37,149.0,103.94,0.0,72.4,,17.0,8.0,3.0,6.0,1.0,0.0,72.4,71.8,71.6,72.33333333333333,71.21666666666667,0.7938166838376975,0.4677272727272727,65.4,85.0,153.9
2026-03-08 18:00:00,Karachi,24.8607,67.0011,22.6,98.0,4.8,1013.0,unknown,3.0,20.54,43.93,0.12,0.36,148.73,104.48,0.0,72.3,,18.0,8.0,3.0,6.0,1.0,-0.1000000000000085,72.4,72.2,71.0,72.36666666666667,71.27083333333333,0.8222340546234717,0.467562030503073,65.5,85.1,159.0
2026-03-08 19:00:00,Karachi,24.8607,67.0011,22.4,98.0,4.3,1013.2,unknown,3.0,20.42,43.69,0.11,0.36,147.94,104.66,0.0,72.1,,19.0,8.0,3.0,6.0,1.0,-0.2000000000000028,72.3,72.4,70.4,72.26666666666667,71.34166666666667,0.8171619320497292,0.4673838406958114,66.0,85.0,164.8
2026-03-08 20:00:00,Karachi,24.8607,67.0011,22.2,97.0,4.6,1012.7,unknown,3.0,20.38,43.53,0.11,0.35,147.64,104.64,0.0,72.0,,20.0,8.0,3.0,6.0,1.0,-0.0999999999999943,72.1,72.4,70.0,72.13333333333333,71.425,0.775297979182568,0.4681828623937514,66.8,84.9,170.9
2026-03-08 21:00:00,Karachi,24.8607,67.0011,21.8,99.0,5.2,1012.1,unknown,3.0,20.36,43.48,0.1,0.34,147.11,104.51,0.0,72.0,,21.0,8.0,3.0,6.0,1.0,0.0,72.0,72.3,69.9,72.03333333333333,71.5125,0.7115888529586462,0.468261269549218,67.9,84.6,175.6
2026-03-08 22:00:00,Karachi,24.8607,67.0011,21.7,99.0,6.1,1011.6,unknown,3.0,20.41,43.67,0.1,0.34,146.95,104.55,0.0,72.1,,22.0,8.0,3.0,6.0,1.0,0.0999999999999943,72.0,72.1,69.9,72.03333333333333,71.60416666666667,0.6320973828866044,0.467368903137165,69.2,83.8,176.9
2026-03-08 23:00:00,Karachi,24.8607,67.0011,21.5,99.0,6.3,1011.5,unknown,3.0,20.59,44.19,0.1,0.33,146.91,104.84,0.0,72.4,,23.0,8.0,3.0,6.0,1.0,0.3000000000000113,72.1,72.0,70.0,72.16666666666667,71.70416666666667,0.5520547914441405,0.4659425209323377,70.6,82.7,173.0
2026-03-09 00:00:00,Karachi,24.8607,67.0011,21.3,99.0,6.6,1011.5,unknown,3.0,21.03,45.28,0.09,0.33,147.59,105.22,0.0,73.2,,0.0,9.0,3.0,0.0,0.0,0.7999999999999972,72.4,72.0,70.3,72.56666666666666,71.825,0.5487139113641449,0.4644434628975265,72.0,81.5,166.1
2026-03-09 01:00:00,Karachi,24.8607,67.0011,21.4,97.0,5.2,1012.0,unknown,3.0,21.74,46.87,0.09,0.34,149.25,105.54,0.0,74.5,,1.0,9.0,3.0,0.0,0.0,1.2999999999999972,73.2,72.1,70.8,73.36666666666667,71.97916666666667,0.7360169933469863,0.463836142521869,73.2,80.3,159.3
2026-03-09 02:00:00,Karachi,24.8607,67.0011,21.1,98.0,3.7,1012.2,unknown,3.0,22.37,48.2,0.09,0.34,150.95,105.76,0.0,75.7,,2.0,9.0,3.0,0.0,0.0,1.2000000000000028,74.5,72.4,71.3,74.46666666666667,72.16250000000001,1.0433276612351543,0.4641078838174274,74.4,79.4,154.7
2026-03-09 03:00:00,Karachi,24.8607,67.0011,21.5,95.0,3.3,1012.8,unknown,3.0,22.74,49.02,0.11,0.33,152.24,105.99,0.0,76.4,,3.0,9.0,3.0,0.0,0.0,0.7000000000000028,75.7,73.2,71.8,75.53333333333333,72.35416666666667,1.350999361718971,0.463892288861689,75.6,78.6,152.3
2026-03-09 04:00:00,Karachi,24.8607,67.0011,23.3,82.0,3.9,1013.4,unknown,3.0,22.69,49.08,0.09,0.32,152.55,105.47,0.0,76.3,,4.0,9.0,3.0,0.0,0.0,-0.1000000000000085,76.4,74.5,71.9,76.13333333333334,72.5375,1.5678322059741232,0.4623064384678077,76.5,78.1,151.2
2026-03-09 05:00:00,Karachi,24.8607,67.0011,25.8,66.0,4.2,1013.6,unknown,3.0,22.49,48.93,0.07,0.31,152.71,104.53,0.0,75.9,,5.0,9.0,3.0,0.0,0.0,-0.3999999999999915,76.3,75.7,71.9,76.2,72.70416666666667,1.703826682007754,0.4596362150010218,77.1,78.4,149.9
2026-03-09 06:00:00,Karachi,24.8607,67.0011,28.5,52.0,6.0,1013.7,unknown,3.0,22.37,48.99,0.05,0.3,152.99,103.05,0.0,75.7,,6.0,9.0,3.0,0.0,0.0,-0.2000000000000028,75.9,76.4,71.9,75.96666666666667,72.8625,1.7997131413942176,0.4566238007756685,77.9,79.2,148.5
2026-03-09 07:00:00,Karachi,24.8607,67.0011,30.6,42.0,7.3,1013.4,unknown,3.0,22.14,48.96,0.05,0.28,151.8,101.13,0.0,75.3,,7.0,9.0,3.0,0.0,0.0,-0.4000000000000057,75.7,76.3,71.8,75.63333333333334,73.00833333333334,1.8509496191837045,0.4522058823529412,78.9,80.4,145.1
2026-03-09 08:00:00,Karachi,24.8607,67.0011,31.6,37.0,9.7,1012.7,unknown,2.0,21.85,48.73,0.04,0.26,150.06,98.64,0.0,74.8,,8.0,9.0,3.0,0.0,0.0,-0.5,75.3,75.9,71.5,75.26666666666667,73.14583333333333,1.856593225722791,0.4483890827005952,80.1,81.8,141.8
2026-03-09 09:00:00,Karachi,24.8607,67.0011,31.9,34.0,11.3,1011.8,unknown,2.0,21.34,48.17,0.04,0.24,147.6,96.57,0.0,73.8,,9.0,9.0,3.0,0.0,0.0,-1.0,74.8,75.7,71.2,74.63333333333333,73.25416666666666,1.8134711291428176,0.4430143242682167,81.1,83.7,138.5
2026-03-09 10:00:00,Karachi,24.8607,67.0011,31.6,34.0,11.4,1011.3,unknown,2.0,20.57,47.06,0.04,0.22,144.32,95.62,0.0,72.4,,10.0,9.0,3.0,0.0,0.0,-1.3999999999999917,73.8,75.3,71.2,73.66666666666667,73.30416666666666,1.7704038268563371,0.4371015724606885,82.3,86.7,135.0
2026-03-09 11:00:00,Karachi,24.8607,67.0011,31.0,36.0,10.9,1011.0,unknown,2.0,20.0,45.66,0.05,0.21,141.71,94.06,0.0,71.3,,11.0,9.0,3.0,0.0,0.0,-1.1000000000000083,72.4,74.8,71.1,72.5,73.3125,1.7600179099886726,0.4380201489268506,83.1,90.6,130.6
2026-03-09 12:00:00,Karachi,24.8607,67.0011,30.0,42.0,9.6,1010.5,unknown,2.0,19.44,44.16,0.06,0.19,139.45,93.11,0.0,70.3,,12.0,9.0,3.0,0.0,0.0,-1.0,71.3,73.8,71.1,71.33333333333333,73.27916666666667,1.8105918241353645,0.4402173913043479,83.5,95.8,125.9
2026-03-09 13:00:00,Karachi,24.8607,67.0011,28.0,55.0,8.3,1011.1,unknown,2.0,18.82,42.63,0.08,0.18,137.15,93.0,0.0,69.1,,13.0,9.0,3.0,0.0,0.0,-1.2000000000000028,70.3,72.4,71.4,70.23333333333333,73.18333333333334,1.968373123578414,0.4414731409805301,83.9,104.6,122.1
2026-03-09 14:00:00,Karachi,24.8607,67.0011,25.8,70.0,6.9,1011.6,unknown,2.0,18.07,40.85,0.1,0.17,134.14,93.06,0.0,67.7,,14.0,9.0,3.0,0.0,0.0,-1.3999999999999917,69.1,71.3,71.8,69.03333333333333,73.0125,2.251243617667717,0.4423500611995103,84.3,116.1,120.5
2026-03-09 15:00:00,Karachi,24.8607,67.0011,24.7,81.0,6.2,1012.1,unknown,2.0,17.44,39.3,0.1,0.17,131.46,93.14,0.0,66.5,,15.0,9.0,3.0,0.0,0.0,-1.2000000000000028,67.7,70.3,72.2,67.76666666666667,72.77499999999999,2.6123868812628057,0.4437659033078881,84.6,130.2,120.9
2026-03-09 16:00:00,Karachi,24.8607,67.0011,24.2,86.0,5.3,1012.7,unknown,2.0,17.02,38.24,0.1,0.17,129.26,93.26,0.0,65.8,,16.0,9.0,3.0,0.0,0.0,-0.7000000000000028,66.5,69.1,72.4,66.66666666666667,72.5,2.9756986757227954,0.4450836820083682,84.7,145.1,123.0
2026-03-09 17:00:00,Karachi,24.8607,67.0011,23.7,89.0,5.8,1013.1,unknown,2.0,16.83,37.76,0.1,0.17,127.41,93.34,0.0,65.4,,17.0,9.0,3.0,0.0,0.0,-0.3999999999999915,65.8,67.7,72.4,65.89999999999999,72.20833333333333,3.310184109771312,0.4457097457627118,85.0,153.9,125.5
2026-03-09 18:00:00,Karachi,24.8607,67.0011,23.2,94.0,7.0,1013.4,unknown,2.0,16.87,37.92,0.09,0.17,126.12,93.4,0.0,65.5,,18.0,9.0,3.0,0.0,0.0,0.0999999999999943,65.4,66.5,72.3,65.56666666666666,71.925,3.581868591768614,0.4448839662447257,85.1,159.0,127.9
2026-03-09 19:00:00,Karachi,24.8607,67.0011,22.7,97.0,7.7,1013.4,unknown,2.0,17.14,38.81,0.09,0.19,124.98,93.39,0.0,66.0,,19.0,9.0,3.0,0.0,0.0,0.5,65.5,65.8,72.1,65.63333333333333,71.67083333333333,3.779864175920698,0.4416387528987374,85.0,164.8,129.8
2026-03-09 20:00:00,Karachi,24.8607,67.0011,22.4,98.0,7.2,1013.3,unknown,2.0,17.59,40.54,0.09,0.2,124.43,93.61,0.0,66.8,,20.0,9.0,3.0,0.0,0.0,0.7999999999999972,66.0,65.4,72.0,66.10000000000001,71.45416666666667,3.907070421091129,0.4338924518993586,84.9,170.9,132.2
2026-03-09 21:00:00,Karachi,24.8607,67.0011,22.1,98.0,7.3,1012.8,unknown,2.0,18.18,43.11,0.09,0.22,123.87,93.77,0.0,67.9,,21.0,9.0,3.0,0.0,0.0,1.1000000000000083,66.8,65.5,72.0,66.9,71.28333333333333,3.9712736612775177,0.4217118997912317,84.6,175.6,135.8
2026-03-09 22:00:00,Karachi,24.8607,67.0011,22.0,99.0,7.1,1012.6,unknown,2.0,18.86,46.56,0.09,0.25,123.05,94.2,0.0,69.2,,22.0,9.0,3.0,0.0,0.0,1.2999999999999972,67.9,66.0,72.1,67.96666666666665,71.16250000000001,3.989422154953988,0.4050687285223367,83.8,176.9,143.0
2026-03-09 23:00:00,Karachi,24.8607,67.0011,21.8,98.0,8.6,1012.9,unknown,3.0,19.63,50.64,0.08,0.27,122.38,94.31,0.0,70.6,,23.0,9.0,3.0,0.0,0.0,1.3999999999999917,69.2,66.8,72.4,69.23333333333333,71.08749999999999,3.982058949621893,0.3876382306477093,82.7,173.0,152.9
2026-03-10 00:00:00,Karachi,24.8607,67.0011,22.0,98.0,8.4,1012.9,unknown,3.0,20.37,54.48,0.08,0.29,121.77,94.31,0.0,72.0,,0.0,10.0,3.0,1.0,0.0,1.4000000000000057,70.6,67.9,73.2,70.60000000000001,71.0375,3.9618630334294895,0.3738986784140969,81.5,166.1,157.9
2026-03-10 01:00:00,Karachi,24.8607,67.0011,21.7,99.0,5.9,1013.5,unknown,3.0,21.0,57.46,0.08,0.31,121.17,94.05,0.0,73.2,,1.0,10.0,3.0,1.0,0.0,1.2000000000000028,72.0,69.2,74.5,71.93333333333334,70.98333333333333,3.921142986278815,0.3654716324399582,80.3,159.3,161.4
2026-03-10 02:00:00,Karachi,24.8607,67.0011,21.5,99.0,5.5,1013.9,unknown,3.0,21.68,60.17,0.08,0.32,121.03,93.8,0.0,74.4,,2.0,10.0,3.0,1.0,0.0,1.2000000000000028,73.2,70.6,75.7,73.2,70.92916666666667,3.861682350959633,0.3603124480638192,79.4,154.7,162.5
2026-03-10 03:00:00,Karachi,24.8607,67.0011,21.7,98.0,5.4,1014.4,unknown,3.0,22.33,62.42,0.09,0.32,120.95,93.52,0.0,75.6,,3.0,10.0,3.0,1.0,0.0,1.1999999999999886,74.4,72.0,76.4,74.4,70.89583333333333,3.815583511893673,0.3577379045177827,78.6,152.3,161.8
2026-03-10 04:00:00,Karachi,24.8607,67.0011,22.8,90.0,5.9,1015.1,unknown,3.0,22.76,63.47,0.09,0.33,120.97,93.38,0.0,76.5,,4.0,10.0,3.0,1.0,0.0,0.9000000000000057,75.6,73.2,76.3,75.5,70.90416666666667,3.828097400817788,0.3585946116275406,78.1,151.2,160.1
2026-03-10 05:00:00,Karachi,24.8607,67.0011,26.1,68.0,6.3,1015.6,unknown,3.0,23.11,64.05,0.07,0.33,121.12,92.87,0.0,77.1,,5.0,10.0,3.0,1.0,0.0,0.5999999999999943,76.5,74.4,75.9,76.39999999999999,70.95416666666667,3.9032850341698055,0.3608118657298985,78.4,149.9,158.1
2026-03-10 06:00:00,Karachi,24.8607,67.0011,29.3,48.0,8.3,1015.5,unknown,3.0,23.56,64.99,0.06,0.32,121.42,91.63,0.0,77.9,,6.0,10.0,3.0,1.0,0.0,0.8000000000000114,77.1,75.6,75.7,77.16666666666667,71.04583333333333,4.042919647403999,0.3625173103554393,79.2,148.5,155.7
2026-03-10 07:00:00,Karachi,24.8607,67.0011,31.3,35.0,10.7,1015.0,unknown,3.0,24.1,66.47,0.05,0.32,121.28,89.29,0.0,78.9,,7.0,10.0,3.0,1.0,0.0,1.0,77.9,76.5,75.3,77.96666666666667,71.19583333333334,4.268130551634996,0.3625695802617723,80.4,145.1,153.1
2026-03-10 08:00:00,Karachi,24.8607,67.0011,32.4,24.0,12.3,1014.3,unknown,3.0,24.72,68.1,0.05,0.3,121.12,86.49,0.0,80.1,,8.0,10.0,3.0,1.0,0.0,1.1999999999999886,78.9,77.1,74.8,78.96666666666667,71.41666666666667,4.587854160400522,0.3629955947136564,81.8,141.8,148.8
2026-03-10 09:00:00,Karachi,24.8607,67.0011,32.6,19.0,12.6,1013.5,unknown,3.0,25.28,69.52,0.05,0.29,121.25,83.77,0.0,81.1,,9.0,10.0,3.0,1.0,0.0,1.0,80.1,77.9,73.8,80.03333333333333,71.72083333333335,4.978124246590844,0.3636363636363636,83.7,138.5,141.1
2026-03-10 10:00:00,Karachi,24.8607,67.0011,32.0,21.0,13.1,1012.9,unknown,3.0,25.88,70.64,0.05,0.28,121.47,81.71,0.0,82.3,,10.0,10.0,3.0,1.0,0.0,1.2000000000000028,81.1,78.9,72.4,81.16666666666667,72.13333333333334,5.426798773451905,0.3663646659116648,86.7,135.0,135.3
2026-03-10 11:00:00,Karachi,24.8607,67.0011,30.9,26.0,12.2,1012.2,unknown,3.0,26.31,71.18,0.06,0.27,121.32,79.62,0.0,83.1,,11.0,10.0,3.0,1.0,0.0,0.7999999999999972,82.3,80.1,71.3,82.16666666666667,72.625,5.864873326035064,0.3696262995223376,90.6,130.6,132.5
2026-03-10 12:00:00,Karachi,24.8607,67.0011,29.7,36.0,10.8,1011.7,unknown,3.0,26.56,71.08,0.07,0.25,120.92,78.26,0.0,83.5,,12.0,10.0,3.0,1.0,0.0,0.4000000000000057,83.1,81.1,70.3,82.96666666666665,73.175,6.244040637140635,0.373663477771525,95.8,125.9,132.5
2026-03-10 13:00:00,Karachi,24.8607,67.0011,27.5,53.0,9.1,1012.0,unknown,3.0,26.78,70.75,0.09,0.24,120.81,77.5,0.0,83.9,,13.0,10.0,3.0,1.0,0.0,0.4000000000000057,83.5,82.3,69.1,83.5,73.79166666666667,6.547546282298683,0.3785159010600707,104.6,122.1,134.2
2026-03-10 14:00:00,Karachi,24.8607,67.0011,25.3,73.0,7.3,1012.6,unknown,3.0,26.95,70.24,0.11,0.23,120.31,76.67,0.0,84.3,,14.0,10.0,3.0,1.0,0.0,0.3999999999999915,83.9,83.1,67.7,83.9,74.48333333333333,6.749728926387548,0.3836845102505695,116.1,120.5,137.6
2026-03-10 15:00:00,Karachi,24.8607,67.0011,24.3,81.0,6.7,1013.1,unknown,3.0,27.11,69.71,0.11,0.22,119.5,75.57,0.0,84.6,,15.0,10.0,3.0,1.0,0.0,0.2999999999999971,84.3,83.5,66.5,84.26666666666667,75.2375,6.829654806987779,0.3888968584134271,130.2,120.9,141.7
2026-03-10 16:00:00,Karachi,24.8607,67.0011,23.7,87.0,6.6,1013.5,unknown,3.0,27.21,68.91,0.11,0.21,118.68,74.44,0.0,84.7,,16.0,10.0,3.0,1.0,0.0,0.1000000000000085,84.6,83.9,65.8,84.53333333333332,76.02499999999999,6.783627989185039,0.3948628646060079,145.1,123.0,145.3
2026-03-10 17:00:00,Karachi,24.8607,67.0011,23.1,92.0,7.4,1013.6,unknown,3.0,27.33,67.97,0.1,0.2,117.91,73.5,0.0,85.0,,17.0,10.0,3.0,1.0,0.0,0.2999999999999971,84.7,84.3,65.4,84.76666666666667,76.84166666666667,6.626883106721236,0.402089156981021,153.9,125.5,147.5
2026-03-10 18:00:00,Karachi,24.8607,67.0011,22.7,95.0,7.8,1013.8,unknown,3.0,27.42,66.58,0.1,0.19,117.22,72.83,0.0,85.1,,18.0,10.0,3.0,1.0,0.0,0.0999999999999943,85.0,84.6,65.5,84.93333333333334,77.65833333333333,6.371193094646999,0.4118353860018023,159.0,127.9,148.9
2026-03-10 19:00:00,Karachi,24.8607,67.0011,22.6,96.0,6.8,1013.7,unknown,3.0,27.36,64.5,0.09,0.19,116.32,72.27,0.0,85.0,,19.0,10.0,3.0,1.0,0.0,-0.0999999999999943,85.1,84.7,66.0,85.03333333333335,78.45,6.030934746210207,0.4241860465116279,164.8,129.8,149.5
2026-03-10 20:00:00,Karachi,24.8607,67.0011,22.4,96.0,6.5,1013.5,unknown,3.0,27.3,62.54,0.08,0.18,115.74,71.97,0.0,84.9,,20.0,10.0,3.0,1.0,0.0,-0.0999999999999943,85.0,85.0,66.8,85.0,79.20416666666667,5.629076622607865,0.4365206267988487,170.9,132.2,103.7
2026-03-10 21:00:00,Karachi,24.8607,67.0011,22.0,96.0,6.9,1013.1,unknown,3.0,27.14,60.32,0.08,0.18,115.37,71.79,0.0,84.6,,21.0,10.0,3.0,1.0,0.0,-0.3000000000000113,84.9,85.1,67.9,84.83333333333333,79.89999999999999,5.185682630843111,0.4499336870026525,175.6,135.8,149.8
2026-03-10 22:00:00,Karachi,24.8607,67.0011,21.8,94.0,6.9,1013.0,unknown,3.0,26.73,57.31,0.07,0.18,114.79,72.03,0.0,83.8,,22.0,10.0,3.0,1.0,0.0,-0.7999999999999972,84.6,85.0,69.2,84.43333333333332,80.50833333333334,4.710480144147466,0.4664107485604606,176.9,143.0,147.4
2026-03-10 23:00:00,Karachi,24.8607,67.0011,21.0,95.0,5.5,1012.8,unknown,3.0,26.12,53.94,0.07,0.18,114.33,72.78,0.0,82.7,,23.0,10.0,3.0,1.0,0.0,-1.0999999999999943,83.8,84.9,70.6,83.69999999999999,81.0125,4.226552969028263,0.4842417500926956,173.0,152.9,144.3
2026-03-11 00:00:00,Karachi,24.8607,67.0011,21.3,95.0,7.3,1012.7,unknown,3.0,25.45,50.71,0.06,0.2,114.14,73.87,0.0,81.5,,0.0,11.0,3.0,2.0,0.0,-1.2000000000000028,82.7,84.6,72.0,82.66666666666667,81.40833333333333,3.765508992289892,0.5018733977519226,166.1,157.9,140.9
2026-03-11 01:00:00,Karachi,24.8607,67.0011,20.8,96.0,6.2,1013.1,unknown,2.0,24.82,48.0,0.06,0.21,114.01,75.47,0.0,80.3,,1.0,11.0,3.0,2.0,0.0,-1.2000000000000028,81.5,83.8,73.2,81.5,81.70416666666667,3.348390809701616,0.5170833333333333,159.3,161.4,137.4
2026-03-11 02:00:00,Karachi,24.8607,67.0011,20.3,97.0,4.4,1013.5,unknown,2.0,24.33,46.24,0.06,0.23,114.19,77.26,0.0,79.4,,2.0,11.0,3.0,2.0,0.0,-0.8999999999999915,80.3,82.7,74.4,80.4,81.9125,3.012916036579796,0.526167820069204,154.7,162.5,135.7
2026-03-11 03:00:00,Karachi,24.8607,67.0011,21.7,95.0,6.2,1014.3,unknown,2.0,23.91,45.34,0.07,0.24,114.39,79.54,0.0,78.6,,3.0,11.0,3.0,2.0,0.0,-0.8000000000000114,79.4,81.5,75.6,79.43333333333332,82.03750000000001,2.7939083580255275,0.5273489192765769,152.3,161.8,134.7
2026-03-11 04:00:00,Karachi,24.8607,67.0011,23.9,87.0,5.7,1015.0,unknown,2.0,23.63,45.78,0.05,0.26,114.42,81.63,0.0,78.1,,4.0,11.0,3.0,2.0,0.0,-0.5,78.6,80.3,76.5,78.7,82.10416666666667,2.672481206127156,0.5161642638706858,151.2,160.1,133.2
2026-03-11 05:00:00,Karachi,24.8607,67.0011,26.7,68.0,8.8,1015.3,unknown,2.0,23.79,48.08,0.04,0.28,114.92,82.07,0.0,78.4,,5.0,11.0,3.0,2.0,0.0,0.3000000000000113,78.1,79.4,77.1,78.36666666666666,82.15833333333335,2.5781551656121104,0.4948003327787021,149.9,158.1,132.8
2026-03-11 06:00:00,Karachi,24.8607,67.0011,28.4,61.0,11.7,1015.2,unknown,3.0,24.24,51.75,0.03,0.3,115.75,81.36,0.0,79.2,,6.0,11.0,3.0,2.0,0.0,0.7999999999999972,78.4,78.6,77.9,78.56666666666666,82.21249999999999,2.497183195731716,0.4684057971014492,148.5,155.7,132.6
2026-03-11 07:00:00,Karachi,24.8607,67.0011,29.3,58.0,12.8,1014.7,unknown,3.0,24.89,56.71,0.03,0.32,117.03,79.88,0.0,80.4,,7.0,11.0,3.0,2.0,0.0,1.2000000000000028,79.2,78.1,78.9,79.33333333333333,82.27499999999999,2.4284992682011555,0.4388996649620878,145.1,153.1,132.0
2026-03-11 08:00:00,Karachi,24.8607,67.0011,29.7,58.0,13.3,1013.7,unknown,3.0,25.65,63.12,0.03,0.33,118.3,78.0,0.0,81.8,,8.0,11.0,3.0,2.0,0.0,1.3999999999999917,80.4,78.4,80.1,80.46666666666667,82.34583333333333,2.38673492939408,0.4063688212927757,141.8,148.8,130.1
2026-03-11 09:00:00,Karachi,24.8607,67.0011,29.9,58.0,13.3,1012.4,unknown,3.0,26.64,71.99,0.04,0.35,119.7,75.99,0.0,83.7,,9.0,11.0,3.0,2.0,0.0,1.9000000000000057,81.8,79.2,81.1,81.96666666666665,82.45416666666667,2.3867349293940747,0.370051396027226,138.5,141.1,126.7
2026-03-11 10:00:00,Karachi,24.8607,67.0011,29.6,59.0,14.2,1011.7,unknown,3.0,28.25,85.18,0.04,0.36,122.4,74.01,0.0,86.7,,10.0,11.0,3.0,2.0,0.0,3.0,83.7,80.4,82.3,84.06666666666668,82.6375,2.538539891868945,0.3316506222117867,135.0,135.3,120.8
2026-03-11 11:00:00,Karachi,24.8607,67.0011,28.9,62.0,13.1,1011.2,unknown,4.0,30.37,101.29,0.05,0.36,124.66,72.02,0.0,90.6,,11.0,11.0,3.0,2.0,0.0,3.899999999999992,86.7,81.8,83.1,87.0,82.95,3.01489058133003,0.2998321650705894,130.6,132.5,114.5
2026-03-11 12:00:00,Karachi,24.8607,67.0011,27.8,71.0,12.2,1010.9,unknown,4.0,33.17,120.75,0.07,0.36,126.89,70.76,0.0,95.8,,12.0,11.0,3.0,2.0,0.0,5.200000000000003,90.6,83.7,83.5,91.03333333333336,83.46249999999999,3.99769634751786,0.2746997929606625,125.9,132.5,107.8
2026-03-11 13:00:00,Karachi,24.8607,67.0011,26.7,78.0,11.0,1011.1,unknown,4.0,36.95,144.04,0.1,0.37,129.24,70.5,0.0,104.6,,13.0,11.0,3.0,2.0,0.0,8.799999999999997,95.8,86.7,83.9,97.0,84.325,5.884116423640634,0.2565259650097196,122.1,134.2,68.3
2026-03-11 14:00:00,Karachi,24.8607,67.0011,25.7,84.0,9.0,1011.7,unknown,4.0,41.63,168.04,0.14,0.37,131.25,70.61,0.0,116.1,,14.0,11.0,3.0,2.0,0.0,11.5,104.6,90.6,84.3,105.5,85.64999999999999,8.757208211078147,0.2477386336586527,120.5,137.6,94.6
2026-03-11 15:00:00,Karachi,24.8607,67.0011,25.2,85.0,9.3,1011.8,unknown,4.0,47.36,191.41,0.16,0.37,132.78,71.45,0.0,130.2,,15.0,11.0,3.0,2.0,0.0,14.099999999999994,116.1,95.8,84.6,116.96666666666664,87.55,12.616069807642337,0.247426989185518,120.9,141.7,89.5
2026-03-11 16:00:00,Karachi,24.8607,67.0011,24.9,83.0,8.6,1012.0,unknown,5.0,53.39,209.52,0.18,0.37,133.68,72.8,0.0,145.1,,16.0,11.0,3.0,2.0,0.0,14.900000000000006,130.2,104.6,84.7,130.46666666666667,90.06666666666666,17.210554564156165,0.2548205421916762,123.0,145.3,85.1
2026-03-11 17:00:00,Karachi,24.8607,67.0011,24.6,80.0,7.0,1012.0,unknown,5.0,59.63,222.13,0.19,0.36,134.5,74.79,0.0,153.9,,17.0,11.0,3.0,2.0,0.0,8.800000000000011,145.1,116.1,85.0,143.06666666666666,92.9375,21.532479259097805,0.2684464052581821,125.5,147.5,81.3
2026-03-11 18:00:00,Karachi,24.8607,67.0011,24.3,80.0,6.4,1012.0,unknown,5.0,66.94,235.03,0.2,0.35,135.25,77.37,0.0,159.0,,18.0,11.0,3.0,2.0,0.0,5.099999999999994,153.9,130.2,85.1,152.66666666666666,96.01666666666668,25.31469184462659,0.2848147045058077,127.9,148.9,78.4
2026-03-11 19:00:00,Karachi,24.8607,67.0011,24.2,79.0,6.8,1011.4,unknown,5.0,75.24,252.86,0.2,0.34,136.12,80.47,0.0,164.8,,19.0,11.0,3.0,2.0,0.0,5.800000000000011,159.0,145.1,85.0,159.23333333333332,99.34166666666668,28.804904725269992,0.297555959819663,129.8,149.5,76.6
2026-03-11 20:00:00,Karachi,24.8607,67.0011,24.2,78.0,8.1,1011.3,unknown,5.0,83.82,273.82,0.21,0.32,136.76,83.17,0.0,170.9,,20.0,11.0,3.0,2.0,0.0,6.099999999999994,164.8,153.9,84.9,164.9,102.925,32.091909450419266,0.3061135052224089,132.2,103.7,76.2
2026-03-11 21:00:00,Karachi,24.8607,67.0011,24.1,78.0,8.7,1010.6,unknown,5.0,90.55,288.85,0.22,0.31,137.57,84.97,0.0,175.6,,21.0,11.0,3.0,2.0,0.0,4.699999999999989,170.9,159.0,84.6,170.43333333333334,106.71666666666668,35.07029793288681,0.3134845075298597,135.8,149.8,77.6
2026-03-11 22:00:00,Karachi,24.8607,67.0011,23.9,80.0,8.8,1010.3,unknown,5.0,92.39,288.44,0.24,0.3,138.82,86.14,0.0,176.9,,22.0,11.0,3.0,2.0,0.0,1.3000000000000114,175.6,164.8,83.8,174.46666666666667,110.59583333333332,37.49067686037784,0.3203092497573152,143.0,147.4,82.0
2026-03-11 23:00:00,Karachi,24.8607,67.0011,23.6,82.0,7.8,1010.0,unknown,5.0,86.93,263.05,0.28,0.3,139.85,85.83,0.0,173.0,,23.0,11.0,3.0,2.0,0.0,-3.9000000000000057,176.9,170.9,82.7,175.16666666666666,114.35833333333332,39.06739902612741,0.3304694924919217,152.9,144.3,88.6
2026-03-12 00:00:00,Karachi,24.8607,67.0011,23.0,90.0,7.4,1009.9,unknown,5.0,77.05,221.84,0.33,0.3,140.53,84.54,0.0,166.1,,0.0,12.0,3.0,3.0,0.0,-6.900000000000006,173.0,175.6,81.5,172.0,117.88333333333334,39.78383620502677,0.3473223945185719,157.9,140.9,94.9
2026-03-12 01:00:00,Karachi,24.8607,67.0011,22.6,93.0,9.5,1010.3,unknown,4.0,67.27,183.38,0.38,0.3,140.21,83.38,0.01,159.3,,1.0,12.0,3.0,3.0,0.0,-6.799999999999983,166.1,176.9,80.3,166.13333333333335,121.175,39.80721204046793,0.3668338968262624,161.4,137.4,102.0
2026-03-12 02:00:00,Karachi,24.8607,67.0011,22.7,86.0,10.2,1010.8,unknown,4.0,60.77,159.95,0.39,0.3,138.82,82.49,0.02,154.7,,2.0,12.0,3.0,3.0,0.0,-4.600000000000023,159.3,173.0,79.4,160.03333333333333,124.3125,39.33614680738526,0.3799312285089091,162.5,135.7,109.0
2026-03-12 03:00:00,Karachi,24.8607,67.0011,23.8,67.0,10.6,1011.1,unknown,4.0,57.3,148.65,0.49,0.29,137.06,81.82,0.03,152.3,,3.0,12.0,3.0,3.0,0.0,-2.3999999999999773,154.7,166.1,78.6,155.43333333333334,127.38333333333333,38.47980460343882,0.3854692230070635,161.8,134.7,114.0
2026-03-12 04:00:00,Karachi,24.8607,67.0011,26.2,39.0,10.9,1011.7,unknown,4.0,55.83,144.42,0.48,0.29,136.29,81.02,0.06,151.2,,4.0,12.0,3.0,3.0,0.0,-1.1000000000000227,152.3,159.3,78.1,152.73333333333332,130.42916666666667,37.28371225180444,0.3865808059825509,160.1,133.2,115.5
2026-03-12 05:00:00,Karachi,24.8607,67.0011,28.9,26.0,11.8,1011.8,unknown,4.0,55.34,143.39,0.41,0.31,136.51,80.97,0.1,149.9,,5.0,12.0,3.0,3.0,0.0,-1.299999999999983,151.2,154.7,78.4,151.13333333333333,133.40833333333333,35.77149602038222,0.3859404421507776,158.1,132.8,113.1
2026-03-12 06:00:00,Karachi,24.8607,67.0011,31.8,26.0,9.2,1011.6,unknown,4.0,54.78,143.81,0.32,0.36,137.61,81.58,0.16,148.5,,6.0,12.0,3.0,3.0,0.0,-1.4000000000000057,149.9,152.3,79.2,149.86666666666667,136.29583333333332,33.95643601883799,0.3809192684792434,155.7,132.6,105.4
2026-03-12 07:00:00,Karachi,24.8607,67.0011,34.0,22.0,8.9,1010.9,unknown,4.0,53.42,142.58,0.26,0.44,137.97,82.32,0.22,145.1,,7.0,12.0,3.0,3.0,0.0,-3.4000000000000057,148.5,151.2,80.4,147.83333333333334,138.99166666666667,31.82742755749393,0.3746668536961705,153.1,132.0,95.2
2026-03-12 08:00:00,Karachi,24.8607,67.0011,35.1,19.0,11.2,1010.0,unknown,4.0,52.07,139.24,0.22,0.48,137.44,82.53,0.25,141.8,,8.0,12.0,3.0,3.0,0.0,-3.299999999999983,145.1,149.9,81.8,145.13333333333335,141.49166666666665,29.403976611671037,0.3739586325768457,148.8,130.1,87.3
2026-03-12 09:00:00,Karachi,24.8607,67.0011,35.2,18.0,13.9,1008.9,unknown,4.0,50.71,136.09,0.2,0.5,136.4,82.89,0.26,138.5,,9.0,12.0,3.0,3.0,0.0,-3.300000000000012,141.8,148.5,83.7,141.79999999999998,143.775,26.726964888926304,0.3726210595929164,141.1,126.7,80.7
2026-03-12 10:00:00,Karachi,24.8607,67.0011,34.3,22.0,15.1,1008.3,unknown,4.0,49.3,132.79,0.19,0.46,134.55,83.25,0.24,135.0,,10.0,12.0,3.0,3.0,0.0,-3.5,138.5,145.1,86.7,138.43333333333334,145.7875,23.91274560091122,0.3712628963024324,135.3,120.8,76.0
2026-03-12 11:00:00,Karachi,24.8607,67.0011,33.3,24.0,13.9,1007.8,unknown,4.0,47.52,128.25,0.17,0.38,131.57,82.68,0.2,130.6,,11.0,12.0,3.0,3.0,0.0,-4.400000000000006,135.0,141.8,90.6,134.70000000000002,147.45416666666665,21.131245753656707,0.3705263157894737,132.5,114.5,73.3
2026-03-12 12:00:00,Karachi,24.8607,67.0011,33.1,21.0,12.9,1007.9,unknown,4.0,45.6,122.76,0.17,0.3,128.16,82.06,0.15,125.9,,12.0,12.0,3.0,3.0,0.0,-4.699999999999989,130.6,138.5,95.8,130.5,148.70833333333334,18.68370405196556,0.3714565004887585,132.5,107.8,71.2
2026-03-12 13:00:00,Karachi,24.8607,67.0011,30.6,31.0,11.7,1008.0,unknown,4.0,44.05,117.65,0.19,0.23,125.32,81.58,0.12,122.1,,13.0,12.0,3.0,3.0,0.0,-3.8000000000000114,125.9,135.0,104.6,126.2,149.4375,17.167406238465567,0.3744156396090097,134.2,68.3,69.9
2026-03-12 14:00:00,Karachi,24.8607,67.0011,28.1,44.0,9.7,1008.5,unknown,4.0,43.41,114.64,0.21,0.19,123.48,81.2,0.09,120.5,,14.0,12.0,3.0,3.0,0.0,-1.5999999999999943,122.1,130.6,116.1,122.83333333333331,149.6208333333333,16.815804656092695,0.3786636427076064,137.6,94.6,69.5
2026-03-12 15:00:00,Karachi,24.8607,67.0011,26.9,51.0,8.9,1008.9,unknown,4.0,43.59,113.52,0.21,0.19,122.56,81.7,0.07,120.9,,15.0,12.0,3.0,3.0,0.0,0.4000000000000057,120.5,125.9,130.2,121.16666666666669,149.23333333333332,17.380465462988315,0.383985200845666,141.7,89.5,69.9
2026-03-12 16:00:00,Karachi,24.8607,67.0011,26.3,56.0,11.9,1009.5,unknown,4.0,44.44,113.32,0.2,0.21,122.16,82.81,0.05,123.0,,16.0,12.0,3.0,3.0,0.0,2.0999999999999943,120.9,122.1,145.1,121.46666666666664,148.3125,18.176198303897152,0.3921637839745852,145.3,85.1,70.5
2026-03-12 17:00:00,Karachi,24.8607,67.0011,26.1,54.0,10.1,1009.8,unknown,4.0,45.45,112.97,0.19,0.23,122.43,84.27,0.04,125.5,,17.0,12.0,3.0,3.0,0.0,2.5,123.0,120.5,153.9,123.13333333333333,147.12916666666666,18.71315461906641,0.4023191997875542,147.5,81.3,70.9
2026-03-12 18:00:00,Karachi,24.8607,67.0011,25.7,58.0,9.2,1010.0,unknown,4.0,46.44,112.73,0.19,0.25,123.03,85.7,0.03,127.9,,18.0,12.0,3.0,3.0,0.0,2.4000000000000057,125.5,120.9,159.0,125.46666666666664,145.83333333333334,18.930919421541923,0.4119577752151157,148.9,78.4,70.6
2026-03-12 19:00:00,Karachi,24.8607,67.0011,25.6,61.0,10.2,1009.4,unknown,4.0,47.19,111.8,0.18,0.26,123.45,86.99,0.03,129.8,,19.0,12.0,3.0,3.0,0.0,1.9000000000000057,127.9,123.0,164.8,127.73333333333336,144.375,18.753579368494453,0.4220930232558139,149.5,76.6,67.5
2026-03-12 20:00:00,Karachi,24.8607,67.0011,25.4,63.0,11.4,1009.3,unknown,4.0,48.16,113.18,0.18,0.28,124.09,87.69,0.02,132.2,,20.0,12.0,3.0,3.0,0.0,2.3999999999999773,129.8,125.5,170.9,129.96666666666667,142.76250000000002,18.02326545956846,0.4255168757731047,103.7,76.2,66.3
2026-03-12 21:00:00,Karachi,24.8607,67.0011,24.9,67.0,10.6,1008.6,unknown,4.0,49.63,118.86,0.18,0.29,124.97,88.24,0.02,135.8,,21.0,12.0,3.0,3.0,0.0,3.6000000000000227,132.2,127.9,175.6,132.60000000000002,141.10416666666666,16.649127909440622,0.4175500588928151,149.8,77.6,65.3
2026-03-12 22:00:00,Karachi,24.8607,67.0011,24.3,67.0,8.8,1008.1,unknown,4.0,52.55,139.19,0.19,0.29,126.09,89.3,0.02,143.0,,22.0,12.0,3.0,3.0,0.0,7.199999999999989,135.8,129.8,176.9,137.0,139.6916666666667,14.817466680933258,0.3775414900495725,147.4,82.0,64.2
2026-03-12 23:00:00,Karachi,24.8607,67.0011,23.5,66.0,6.6,1007.7,unknown,4.0,58.27,175.48,0.2,0.29,127.85,90.57,0.02,152.9,,23.0,12.0,3.0,3.0,0.0,9.900000000000006,143.0,132.2,173.0,143.9,138.85416666666666,13.348179461167131,0.3320606336904491,144.3,88.6,63.8
2026-03-13 00:00:00,Karachi,24.8607,67.0011,22.3,77.0,5.8,1007.7,unknown,5.0,65.28,211.23,0.23,0.3,130.03,91.16,0.03,157.9,,0.0,13.0,3.0,4.0,0.0,5.0,152.9,135.8,166.1,151.26666666666665,138.5125,12.710157269919009,0.3090470103678455,140.9,94.9,63.7
2026-03-13 01:00:00,Karachi,24.8607,67.0011,22.1,76.0,7.4,1008.0,unknown,5.0,70.35,232.43,0.26,0.31,131.75,91.05,0.03,161.4,,1.0,13.0,3.0,4.0,0.0,3.5,157.9,143.0,159.3,157.4,138.6,12.865761776394915,0.3026717721464527,137.4,102.0,63.9
2026-03-13 02:00:00,Karachi,24.8607,67.0011,21.8,70.0,7.0,1008.6,unknown,5.0,71.95,233.81,0.28,0.31,133.08,89.83,0.04,162.5,,2.0,13.0,3.0,4.0,0.0,1.0999999999999943,161.4,152.9,154.7,160.6,138.92499999999998,13.37844632559941,0.3077284974979684,135.7,109.0,64.7
2026-03-13 03:00:00,Karachi,24.8607,67.0011,22.9,59.0,5.6,1009.2,unknown,5.0,70.93,224.5,0.38,0.31,134.05,88.3,0.05,161.8,,3.0,13.0,3.0,4.0,0.0,-0.6999999999999886,162.5,157.9,152.3,161.9,139.32083333333335,13.92092510564902,0.3159465478841871,134.7,114.0,66.0
2026-03-13 04:00:00,Karachi,24.8607,67.0011,25.8,43.0,3.6,1009.9,unknown,5.0,68.44,211.14,0.38,0.3,134.26,86.87,0.06,160.1,,4.0,13.0,3.0,4.0,0.0,-1.700000000000017,161.8,161.4,151.2,161.46666666666667,139.69166666666666,14.362660425309135,0.3241451169839917,133.2,115.5,67.3
2026-03-13 05:00:00,Karachi,24.8607,67.0011,29.1,31.0,1.9,1010.0,unknown,4.0,65.57,197.68,0.31,0.3,134.34,86.2,0.08,158.1,,5.0,13.0,3.0,4.0,0.0,-2.0,160.1,162.5,149.9,160.0,140.03333333333333,14.709407420649349,0.3316976932416025,132.8,113.1,68.8
2026-03-13 06:00:00,Karachi,24.8607,67.0011,30.8,30.0,5.1,1010.1,unknown,4.0,62.2,184.28,0.23,0.3,133.26,86.04,0.09,155.7,,6.0,13.0,3.0,4.0,0.0,-2.4000000000000057,158.1,161.8,148.5,157.96666666666667,140.33333333333334,14.960866827556194,0.3375298458866941,132.6,105.4,70.5
2026-03-13 07:00:00,Karachi,24.8607,67.0011,31.5,33.0,10.5,1009.6,unknown,4.0,58.52,171.9,0.17,0.29,131.07,85.48,0.1,153.1,,7.0,13.0,3.0,4.0,0.0,-2.5999999999999943,155.7,160.1,145.1,155.63333333333333,140.66666666666666,15.15949025948839,0.3404304828388598,132.0,95.2,72.5
2026-03-13 08:00:00,Karachi,24.8607,67.0011,32.6,26.0,12.0,1009.0,unknown,4.0,54.91,161.33,0.14,0.29,128.34,84.72,0.09,148.8,,8.0,13.0,3.0,4.0,0.0,-4.299999999999983,153.1,158.1,141.8,152.53333333333333,140.95833333333334,15.249316924592188,0.3403582718651211,130.1,87.3,74.5
2026-03-13 09:00:00,Karachi,24.8607,67.0011,33.6,14.0,13.6,1007.8,unknown,4.0,51.77,154.31,0.13,0.29,125.58,84.32,0.09,141.1,,9.0,13.0,3.0,4.0,0.0,-7.700000000000017,148.8,155.7,138.5,147.66666666666666,141.0666666666667,15.24032598837279,0.3354934871362841,126.7,80.7,76.3
2026-03-13 10:00:00,Karachi,24.8607,67.0011,32.9,15.0,15.0,1007.3,unknown,4.0,49.43,152.78,0.12,0.29,123.74,85.86,0.1,135.3,,10.0,13.0,3.0,4.0,0.0,-5.799999999999983,141.1,153.1,135.0,141.73333333333332,141.07916666666668,15.23525599923762,0.323537112187459,120.8,76.0,78.3
2026-03-13 11:00:00,Karachi,24.8607,67.0011,31.4,21.0,14.2,1006.8,unknown,4.0,48.29,152.19,0.12,0.28,122.44,86.94,0.09,132.5,,11.0,13.0,3.0,4.0,0.0,-2.800000000000012,135.3,148.8,130.6,136.29999999999998,141.15833333333333,15.18328361881126,0.3173007424929364,114.5,73.3,80.0
2026-03-13 12:00:00,Karachi,24.8607,67.0011,30.1,27.0,13.7,1006.9,unknown,4.0,48.28,152.64,0.13,0.28,121.69,87.89,0.09,132.5,,12.0,13.0,3.0,4.0,0.0,0.0,132.5,141.1,125.9,133.43333333333334,141.43333333333334,14.952930981166304,0.3162997903563941,107.8,71.2,81.5
2026-03-13 13:00:00,Karachi,24.8607,67.0011,27.9,43.0,11.3,1007.3,unknown,4.0,49.0,153.46,0.16,0.28,121.8,89.06,0.09,134.2,,13.0,13.0,3.0,4.0,0.0,1.6999999999999886,132.5,135.3,122.1,133.06666666666666,141.9375,14.468881525836135,0.3193014466310439,68.3,69.9,82.8
2026-03-13 14:00:00,Karachi,24.8607,67.0011,26.1,62.0,9.6,1007.7,unknown,4.0,50.36,155.5,0.19,0.28,122.01,89.69,0.09,137.6,,14.0,13.0,3.0,4.0,0.0,3.4000000000000057,134.2,132.5,120.5,134.76666666666665,142.65,13.771552279024297,0.3238585209003215,94.6,69.5,83.9
2026-03-13 15:00:00,Karachi,24.8607,67.0011,25.4,67.0,8.6,1008.2,unknown,4.0,52.04,158.3,0.18,0.3,122.32,89.79,0.08,141.7,,15.0,13.0,3.0,4.0,0.0,4.099999999999994,137.6,132.5,120.9,137.83333333333334,143.51666666666668,12.974713422876937,0.3287428932406822,89.5,69.9,85.0
2026-03-13 16:00:00,Karachi,24.8607,67.0011,25.3,64.0,10.8,1008.7,unknown,4.0,53.49,159.75,0.18,0.31,122.06,89.67,0.08,145.3,,16.0,13.0,3.0,4.0,0.0,3.6000000000000227,141.7,134.2,123.0,141.53333333333333,144.44583333333335,12.217983152665829,0.3348356807511737,85.1,70.5,86.0
2026-03-13 17:00:00,Karachi,24.8607,67.0011,25.2,57.0,10.3,1009.0,unknown,4.0,54.4,159.94,0.17,0.33,121.95,89.85,0.07,147.5,,17.0,13.0,3.0,4.0,0.0,2.1999999999999886,145.3,137.6,125.5,144.83333333333334,145.3625,11.541298717516216,0.3401275478304364,81.3,70.9,87.7
2026-03-13 18:00:00,Karachi,24.8607,67.0011,24.9,66.0,10.7,1009.2,unknown,4.0,54.95,159.66,0.18,0.34,122.07,90.82,0.06,148.9,,18.0,13.0,3.0,4.0,0.0,1.4000000000000057,147.5,141.7,127.9,147.23333333333335,146.23749999999998,10.940225436830818,0.3441688588250031,78.4,70.6,90.5
2026-03-13 19:00:00,Karachi,24.8607,67.0011,24.8,70.0,10.7,1009.0,unknown,4.0,55.2,159.86,0.18,0.35,122.62,92.88,0.05,149.5,,19.0,13.0,3.0,4.0,0.0,0.5999999999999943,148.9,145.3,129.8,148.63333333333333,147.0583333333333,10.37789945516111,0.3453021393719504,76.6,67.5,93.5
2026-03-13 20:00:00,Karachi,24.8607,67.0011,24.7,74.0,10.9,1008.7,unknown,4.0,55.41,160.5,0.19,0.36,123.6,95.34,0.05,103.7,,20.0,13.0,3.0,4.0,0.0,-45.8,149.5,147.5,132.2,134.03333333333333,145.87083333333334,13.355424859898337,0.345233644859813,76.2,66.3,95.5
2026-03-13 21:00:00,Karachi,24.8607,67.0011,24.7,71.0,11.4,1008.2,unknown,4.0,55.33,159.88,0.18,0.36,124.75,97.66,0.05,149.8,,21.0,13.0,3.0,4.0,0.0,46.10000000000001,103.7,148.9,135.8,134.33333333333334,146.45416666666665,13.201283836336549,0.3460720540405304,77.6,65.3,95.9
2026-03-13 22:00:00,Karachi,24.8607,67.0011,24.7,64.0,14.1,1007.5,unknown,4.0,54.34,157.37,0.17,0.35,125.68,99.47,0.04,147.4,,22.0,13.0,3.0,4.0,0.0,-2.4000000000000057,149.8,149.5,143.0,133.63333333333333,146.6375,13.181766474615175,0.3453008832687297,82.0,64.2,94.9
2026-03-13 23:00:00,Karachi,24.8607,67.0011,24.5,63.0,14.2,1007.6,unknown,4.0,53.09,152.86,0.15,0.35,126.03,98.87,0.03,144.3,,23.0,13.0,3.0,4.0,0.0,-3.0999999999999943,147.4,103.7,152.9,147.16666666666666,146.27916666666667,13.120875473396971,0.347311265209996,88.6,63.8,93.0
2026-03-14 00:00:00,Karachi,24.8607,67.0011,23.9,71.0,11.5,1007.7,unknown,4.0,51.71,146.98,0.14,0.35,125.63,97.06,0.03,140.9,,0.0,14.0,3.0,5.0,1.0,-3.4000000000000057,144.3,149.8,157.9,144.20000000000002,145.57083333333335,12.923637903727087,0.3518165736834944,94.9,63.7,90.8
2026-03-14 01:00:00,Karachi,24.8607,67.0011,23.3,75.0,9.4,1008.1,unknown,4.0,50.29,140.2,0.12,0.34,124.92,94.91,0.02,137.4,,1.0,14.0,3.0,5.0,1.0,-3.5,140.9,147.4,161.4,140.86666666666667,144.57083333333335,12.5692336304946,0.3587018544935806,102.0,63.9,89.0
2026-03-14 02:00:00,Karachi,24.8607,67.0011,22.6,79.0,8.2,1008.9,unknown,4.0,49.61,135.59,0.11,0.34,124.45,92.76,0.01,135.7,,2.0,14.0,3.0,5.0,1.0,-1.700000000000017,137.4,144.3,162.5,138.0,143.45416666666668,12.088405482173211,0.365882439707943,109.0,64.7,87.8
2026-03-14 03:00:00,Karachi,24.8607,67.0011,23.4,75.0,6.2,1009.6,unknown,4.0,49.19,132.62,0.14,0.34,124.09,90.92,0.01,134.7,,3.0,14.0,3.0,5.0,1.0,-1.0,135.7,140.9,161.8,135.9333333333333,142.325,11.554116525967656,0.3709093651033026,114.0,66.0,87.0
2026-03-14 04:00:00,Karachi,24.8607,67.0011,26.4,56.0,4.0,1010.3,unknown,4.0,48.57,129.81,0.12,0.33,123.37,89.03,0.0,133.2,,4.0,14.0,3.0,5.0,1.0,-1.5,134.7,137.4,160.1,134.53333333333333,141.20416666666668,11.048528494059529,0.3741622371157846,115.5,67.3,86.5
2026-03-14 05:00:00,Karachi,24.8607,67.0011,29.9,32.0,5.7,1010.5,unknown,4.0,48.4,128.22,0.09,0.33,123.08,87.31,0.0,132.8,,5.0,14.0,3.0,5.0,1.0,-0.3999999999999772,133.2,135.7,158.1,133.56666666666663,140.15,10.562649535858856,0.3774762127593199,113.1,68.8,86.1
2026-03-14 06:00:00,Karachi,24.8607,67.0011,31.5,29.0,9.9,1010.7,unknown,4.0,48.33,126.93,0.07,0.33,122.46,85.12,0.0,132.6,,6.0,14.0,3.0,5.0,1.0,-0.200000000000017,132.8,134.7,155.7,132.86666666666667,139.1875,10.127590919171029,0.3807610493973055,105.4,70.5,86.0
2026-03-14 07:00:00,Karachi,24.8607,67.0011,32.7,24.0,13.8,1010.1,unknown,4.0,48.08,125.11,0.06,0.33,121.55,82.52,0.0,132.0,,7.0,14.0,3.0,5.0,1.0,-0.5999999999999943,132.6,133.2,153.1,132.46666666666667,138.3083333333333,9.777121327326588,0.384301814403325,95.2,72.5,86.2
2026-03-14 08:00:00,Karachi,24.8607,67.0011,32.0,30.0,16.9,1009.6,unknown,4.0,47.33,122.09,0.05,0.33,120.6,79.96,0.0,130.1,,8.0,14.0,3.0,5.0,1.0,-1.9000000000000057,132.0,132.8,148.8,131.5666666666667,137.52916666666667,9.648945838644291,0.3876648374150216,87.3,74.5,86.8
2026-03-14 09:00:00,Karachi,24.8607,67.0011,31.8,35.0,16.9,1008.6,unknown,4.0,45.94,117.03,0.05,0.32,119.89,77.45,0.0,126.7,,9.0,14.0,3.0,5.0,1.0,-3.3999999999999915,130.1,132.6,141.1,129.6,136.92916666666667,9.862598615439303,0.3925489190805776,80.7,76.3,87.9
2026-03-14 10:00:00,Karachi,24.8607,67.0011,31.4,37.0,15.9,1007.7,unknown,4.0,43.55,109.63,0.05,0.31,119.52,75.71,0.0,120.8,,10.0,14.0,3.0,5.0,1.0,-5.900000000000006,126.7,132.0,135.3,125.86666666666667,136.32500000000002,10.396414515716415,0.3972452795767582,76.0,78.3,89.7
2026-03-14 11:00:00,Karachi,24.8607,67.0011,30.7,40.0,14.9,1007.0,unknown,4.0,40.97,102.14,0.05,0.32,118.92,74.44,0.0,114.5,,11.0,14.0,3.0,5.0,1.0,-6.299999999999997,120.8,130.1,132.5,120.66666666666669,135.57500000000002,11.2947948765942,0.4011161151360877,73.3,80.0,91.0
2026-03-14 12:00:00,Karachi,24.8607,67.0011,29.2,46.0,13.3,1006.9,unknown,3.0,38.26,95.53,0.06,0.32,118.68,73.99,0.0,107.8,,12.0,14.0,3.0,5.0,1.0,-6.700000000000003,114.5,126.7,132.5,114.36666666666667,134.54583333333332,12.633185393573434,0.4005024599602219,71.2,81.5,91.9
2026-03-14 13:00:00,Karachi,24.8607,67.0011,27.6,55.0,12.1,1007.0,unknown,3.0,35.44,90.0,0.09,0.34,118.96,74.79,0.0,68.3,,13.0,14.0,3.0,5.0,1.0,-39.5,107.8,120.8,134.2,96.86666666666667,131.79999999999998,18.507554274333074,0.3937777777777777,69.9,82.8,92.8
2026-03-14 14:00:00,Karachi,24.8607,67.0011,26.3,65.0,11.2,1007.5,unknown,3.0,32.5,84.96,0.12,0.35,119.63,76.0,0.0,94.6,,14.0,14.0,3.0,5.0,1.0,26.3,68.3,114.5,137.6,90.23333333333332,130.00833333333333,19.947036756428588,0.3825329566854991,69.5,83.9,93.3
2026-03-14 15:00:00,Karachi,24.8607,67.0011,25.8,69.0,11.0,1008.2,unknown,3.0,29.75,79.89,0.13,0.37,120.35,77.9,0.0,89.5,,15.0,14.0,3.0,5.0,1.0,-5.099999999999994,94.6,107.8,141.7,84.13333333333333,127.83333333333331,21.409093286786213,0.3723870321692327,69.9,85.0,93.8
2026-03-14 16:00:00,Karachi,24.8607,67.0011,25.6,68.0,12.3,1008.6,unknown,3.0,27.39,74.45,0.13,0.39,120.83,79.61,0.0,85.1,,16.0,14.0,3.0,5.0,1.0,-4.400000000000006,89.5,68.3,145.3,89.73333333333333,125.325,22.75778414368218,0.3678979180658159,70.5,86.0,94.0
2026-03-14 17:00:00,Karachi,24.8607,67.0011,25.7,67.0,11.5,1009.5,unknown,3.0,25.34,68.75,0.13,0.4,121.51,81.82,0.0,81.3,,17.0,14.0,3.0,5.0,1.0,-3.799999999999997,85.1,94.6,147.5,85.3,122.56666666666666,23.934651370594125,0.3685818181818182,70.9,87.7,94.1
2026-03-14 18:00:00,Karachi,24.8607,67.0011,25.5,68.0,9.5,1010.1,unknown,3.0,23.79,63.91,0.12,0.42,121.92,83.86,0.0,78.4,,18.0,14.0,3.0,5.0,1.0,-2.8999999999999915,81.3,89.5,148.9,81.60000000000001,119.62916666666666,24.870193075711928,0.3722422156157096,70.6,90.5,94.2
2026-03-14 19:00:00,Karachi,24.8607,67.0011,25.6,67.0,12.5,1009.7,unknown,3.0,22.85,60.73,0.11,0.43,121.96,85.33,0.0,76.6,,19.0,14.0,3.0,5.0,1.0,-1.8000000000000114,78.4,85.1,149.5,78.76666666666667,116.59166666666668,25.5069626754645,0.3762555573851474,67.5,93.5,94.2
2026-03-14 20:00:00,Karachi,24.8607,67.0011,25.4,69.0,12.8,1009.2,unknown,3.0,22.61,59.12,0.11,0.46,122.43,86.65,0.0,76.2,,20.0,14.0,3.0,5.0,1.0,-0.3999999999999915,76.6,81.3,103.7,77.06666666666666,115.44583333333333,26.70100110754148,0.3824424898511502,66.3,95.5,94.4
2026-03-14 21:00:00,Karachi,24.8607,67.0011,25.3,69.0,11.7,1008.5,unknown,3.0,23.36,61.03,0.11,0.48,124.18,88.69,0.0,77.6,,21.0,14.0,3.0,5.0,1.0,1.3999999999999917,76.2,78.4,149.8,76.8,112.4375,26.7293977957182,0.3827625757824021,65.3,95.9,94.8
2026-03-14 22:00:00,Karachi,24.8607,67.0011,25.1,67.0,10.6,1008.4,unknown,3.0,25.76,69.04,0.1,0.51,127.61,92.24,0.0,82.0,,22.0,14.0,3.0,5.0,1.0,4.400000000000006,77.6,76.6,147.4,78.60000000000001,109.7125,26.340947005194064,0.3731170336037079,64.2,94.9,95.5
2026-03-14 23:00:00,Karachi,24.8607,67.0011,24.4,72.0,9.1,1008.5,unknown,3.0,29.26,80.72,0.11,0.55,131.43,95.58,0.0,88.6,,23.0,14.0,3.0,5.0,1.0,6.599999999999994,82.0,76.2,144.3,82.73333333333333,107.39166666666668,25.604532830131543,0.3624876114965312,63.8,93.0,96.3
2026-03-15 00:00:00,Karachi,24.8607,67.0011,24.0,78.0,9.1,1008.5,unknown,3.0,32.64,92.08,0.11,0.59,134.28,97.91,0.0,94.9,,0.0,15.0,3.0,6.0,1.0,6.300000000000011,88.6,77.6,140.9,88.5,105.47499999999998,24.69261903449326,0.3544743701129453,63.7,90.8,97.1
2026-03-15 01:00:00,Karachi,24.8607,67.0011,23.3,82.0,7.7,1009.2,unknown,4.0,35.92,102.64,0.13,0.62,136.72,99.39,0.0,102.0,,1.0,15.0,3.0,6.0,1.0,7.099999999999994,94.9,82.0,137.4,95.16666666666669,104.0,23.741671308518917,0.3499610288386594,63.9,89.0,98.0
2026-03-15 02:00:00,Karachi,24.8607,67.0011,22.4,87.0,7.5,1010.0,unknown,4.0,38.73,109.88,0.15,0.64,138.27,99.37,0.0,109.0,,2.0,15.0,3.0,6.0,1.0,7.0,102.0,88.6,135.7,101.96666666666664,102.8875,22.798499426211556,0.352475427739352,64.7,87.8,98.8
2026-03-15 03:00:00,Karachi,24.8607,67.0011,23.4,80.0,7.4,1011.1,unknown,4.0,40.79,114.44,0.23,0.63,138.64,98.16,0.0,114.0,,3.0,15.0,3.0,6.0,1.0,5.0,109.0,94.9,134.7,108.33333333333331,102.025,21.91718107072552,0.3564313177210765,66.0,87.0,99.3
2026-03-15 04:00:00,Karachi,24.8607,67.0011,26.9,57.0,5.9,1011.8,unknown,4.0,41.4,113.9,0.26,0.6,137.48,95.99,0.0,115.5,,4.0,15.0,3.0,6.0,1.0,1.5,114.0,102.0,133.2,112.83333333333331,101.28749999999998,21.105311767008367,0.3634767339771729,67.3,86.5,99.5
2026-03-15 05:00:00,Karachi,24.8607,67.0011,31.1,30.0,8.1,1012.1,unknown,4.0,40.41,107.97,0.25,0.54,135.44,93.79,0.0,113.1,,5.0,15.0,3.0,6.0,1.0,-2.4000000000000057,115.5,109.0,132.8,114.2,100.46666666666668,20.1896587103545,0.3742706307307585,68.8,86.1,99.7
2026-03-15 06:00:00,Karachi,24.8607,67.0011,33.6,16.0,11.8,1011.5,unknown,3.0,37.3,97.72,0.23,0.47,132.65,92.13,0.01,105.4,,6.0,15.0,3.0,6.0,1.0,-7.699999999999989,113.1,114.0,132.6,111.33333333333331,99.33333333333331,19.038032111189462,0.3817028243962341,70.5,86.0,101.3
2026-03-15 07:00:00,Karachi,24.8607,67.0011,34.7,11.0,13.4,1011.0,unknown,3.0,32.8,85.85,0.2,0.41,129.39,90.81,0.02,95.2,,7.0,15.0,3.0,6.0,1.0,-10.200000000000005,105.4,115.5,132.0,104.56666666666666,97.8,17.72963620608205,0.3820617355853232,72.5,86.2,102.7
2026-03-15 08:00:00,Karachi,24.8607,67.0011,35.3,10.0,12.7,1009.8,unknown,3.0,28.61,76.27,0.17,0.35,127.06,90.17,0.04,87.3,,8.0,15.0,3.0,6.0,1.0,-7.900000000000006,95.2,113.1,130.1,95.96666666666664,96.01666666666664,16.44550068418836,0.3751147240068179,74.5,86.8,104.2
2026-03-15 09:00:00,Karachi,24.8607,67.0011,35.2,12.0,14.1,1008.8,unknown,3.0,25.02,69.08,0.16,0.3,125.38,90.69,0.05,80.7,,9.0,15.0,3.0,6.0,1.0,-6.599999999999994,87.3,105.4,126.7,87.73333333333333,94.1,15.35864011190361,0.3621887666473654,76.3,87.9,104.7
2026-03-15 10:00:00,Karachi,24.8607,67.0011,34.8,12.0,15.7,1008.0,unknown,3.0,22.54,63.41,0.16,0.25,125.11,91.85,0.05,76.0,,10.0,15.0,3.0,6.0,1.0,-4.700000000000003,80.7,95.2,120.8,81.33333333333333,92.23333333333332,14.679938000896469,0.3554644377858382,78.3,89.7,104.9
2026-03-15 11:00:00,Karachi,24.8607,67.0011,34.3,12.0,15.0,1007.6,unknown,3.0,21.05,58.74,0.16,0.21,124.39,91.76,0.05,73.3,,11.0,15.0,3.0,6.0,1.0,-2.700000000000003,76.0,87.3,114.5,76.66666666666667,90.51666666666664,14.368524376345809,0.3583588695948246,80.0,91.0,104.7
2026-03-15 12:00:00,Karachi,24.8607,67.0011,32.5,17.0,14.6,1007.4,unknown,3.0,19.96,55.32,0.18,0.18,123.61,91.43,0.04,71.2,,12.0,15.0,3.0,6.0,1.0,-2.0999999999999943,73.3,80.7,107.8,73.5,88.99166666666667,14.396645643938138,0.3608098336948662,81.5,91.9,104.5
2026-03-15 13:00:00,Karachi,24.8607,67.0011,29.9,30.0,12.4,1007.3,unknown,3.0,19.25,52.94,0.21,0.17,123.25,91.16,0.03,69.9,,13.0,15.0,3.0,6.0,1.0,-1.2999999999999972,71.2,76.0,68.3,71.46666666666668,89.05833333333334,14.30004307280504,0.3636191915375897,82.8,92.8,104.3
2026-03-15 14:00:00,Karachi,24.8607,67.0011,27.8,41.0,10.8,1007.4,unknown,3.0,19.04,51.67,0.25,0.19,123.34,90.62,0.03,69.5,,14.0,15.0,3.0,6.0,1.0,-0.4000000000000057,69.9,73.3,94.6,70.2,88.0125,14.786695327072724,0.368492355331914,83.9,93.3,103.9
2026-03-15 15:00:00,Karachi,24.8607,67.0011,27.1,44.0,13.7,1008.5,unknown,3.0,19.25,51.54,0.24,0.22,123.63,90.17,0.02,69.9,,15.0,15.0,3.0,6.0,1.0,0.4000000000000057,69.5,71.2,89.5,69.76666666666667,87.19583333333333,15.235412957023422,0.3734963135428793,85.0,93.8,103.5
2026-03-15 16:00:00,Karachi,24.8607,67.0011,26.8,45.0,14.8,1009.5,unknown,3.0,19.55,51.57,0.22,0.27,123.72,89.71,0.02,70.5,,16.0,15.0,3.0,6.0,1.0,0.5999999999999943,69.9,69.9,85.1,69.96666666666665,86.58749999999999,15.609621127341738,0.3790963738607718,86.0,94.0,103.3
2026-03-15 17:00:00,Karachi,24.8607,67.0011,26.7,46.0,14.4,1009.8,unknown,3.0,19.76,51.04,0.21,0.31,124.07,89.47,0.01,70.9,,17.0,15.0,3.0,6.0,1.0,0.4000000000000057,70.5,69.5,81.3,70.43333333333334,86.15416666666665,15.904360330936145,0.3871473354231975,87.7,94.1,103.2
2026-03-15 18:00:00,Karachi,24.8607,67.0011,26.2,50.0,12.8,1009.9,unknown,2.0,19.62,49.82,0.2,0.33,124.24,89.89,0.01,70.6,,18.0,15.0,3.0,6.0,1.0,-0.3000000000000113,70.9,69.9,78.4,70.66666666666667,85.82916666666667,16.147539297439177,0.3938177438779607,90.5,94.2,102.9
2026-03-15 19:00:00,Karachi,24.8607,67.0011,25.4,56.0,12.9,1009.4,unknown,2.0,17.97,46.58,0.18,0.32,123.07,94.5,0.02,67.5,,19.0,15.0,3.0,6.0,1.0,-3.0999999999999943,70.6,70.5,76.6,69.66666666666667,85.44999999999999,16.477151505619968,0.3857878917990553,93.5,94.2,102.3
2026-03-15 20:00:00,Karachi,24.8607,67.0011,25.2,60.0,13.3,1008.8,unknown,2.0,17.3,44.97,0.17,0.34,122.26,96.11,0.01,66.3,,20.0,15.0,3.0,6.0,1.0,-1.2000000000000028,67.5,70.9,76.2,68.13333333333333,85.03750000000001,16.838744466777072,0.3847009117189237,95.5,94.4,101.7
2026-03-15 21:00:00,Karachi,24.8607,67.0011,25.0,61.0,12.7,1008.1,unknown,2.0,16.77,43.99,0.16,0.36,121.58,97.24,0.01,65.3,,21.0,15.0,3.0,6.0,1.0,-1.0,66.3,70.6,77.6,66.36666666666667,84.52499999999999,17.256939372952658,0.381223005228461,95.9,94.8,101.5
2026-03-15 22:00:00,Karachi,24.8607,67.0011,24.3,67.0,10.4,1007.6,unknown,2.0,16.18,43.43,0.15,0.36,121.67,99.08,0.01,64.2,,22.0,15.0,3.0,6.0,1.0,-1.0999999999999943,65.3,67.5,82.0,65.26666666666667,83.78333333333333,17.745756790230057,0.3725535344232097,94.9,95.5,101.9
2026-03-15 23:00:00,Karachi,24.8607,67.0011,23.6,73.0,9.4,1007.4,unknown,3.0,15.95,43.89,0.15,0.37,122.21,100.17,0.01,63.8,,23.0,15.0,3.0,6.0,1.0,-0.4000000000000057,64.2,66.3,88.6,64.43333333333334,82.75,18.170066162451143,0.3634085213032581,93.0,96.3,103.1
2026-03-16 00:00:00,Karachi,24.8607,67.0011,23.2,78.0,11.2,1007.1,unknown,3.0,15.94,45.14,0.14,0.38,122.84,100.82,0.0,63.7,,0.0,16.0,3.0,0.0,0.0,-0.0999999999999943,63.8,65.3,94.9,63.9,81.45,18.37791680487708,0.3531236154186973,90.8,97.1,104.6
2026-03-16 01:00:00,Karachi,24.8607,67.0011,23.3,78.0,11.0,1007.5,unknown,3.0,16.02,47.68,0.14,0.37,123.65,102.09,0.0,63.9,,1.0,16.0,3.0,0.0,0.0,0.1999999999999957,63.7,64.2,102.0,63.8,79.8625,18.1699898901657,0.335989932885906,89.0,98.0,104.9
2026-03-16 02:00:00,Karachi,24.8607,67.0011,23.1,77.0,10.5,1008.1,unknown,3.0,16.47,50.85,0.13,0.37,124.73,102.28,0.0,64.7,,2.0,16.0,3.0,0.0,0.0,0.8000000000000043,63.9,63.8,109.0,64.10000000000001,78.01666666666667,17.31115917216659,0.3238938053097345,87.8,98.8,104.3
2026-03-16 03:00:00,Karachi,24.8607,67.0011,24.4,67.0,9.1,1008.7,unknown,3.0,17.15,54.14,0.18,0.36,125.87,101.46,0.0,66.0,,3.0,16.0,3.0,0.0,0.0,1.2999999999999972,64.7,63.7,114.0,64.86666666666667,76.01666666666667,15.667958626964232,0.3167713335796084,87.0,99.3,102.0
2026-03-16 04:00:00,Karachi,24.8607,67.0011,27.3,46.0,7.9,1009.3,unknown,3.0,17.84,57.02,0.17,0.35,126.76,99.92,0.0,67.3,,4.0,16.0,3.0,0.0,0.0,1.2999999999999972,66.0,63.9,115.5,66.0,74.00833333333334,13.296613385981576,0.312872676253946,86.5,99.5,96.7
2026-03-16 05:00:00,Karachi,24.8607,67.0011,30.7,21.0,11.0,1009.7,unknown,3.0,18.65,59.96,0.14,0.35,127.73,98.13,0.0,68.8,,5.0,16.0,3.0,0.0,0.0,1.5,67.3,64.7,113.1,67.36666666666666,72.16250000000001,10.391460227138817,0.3110406937958638,86.1,99.7,91.3
2026-03-16 06:00:00,Karachi,24.8607,67.0011,32.8,15.0,10.4,1009.3,unknown,3.0,19.58,63.17,0.11,0.34,128.32,95.73,0.01,70.5,,6.0,16.0,3.0,0.0,0.0,1.7000000000000028,68.8,66.0,105.4,68.86666666666666,70.70833333333333,7.606857127773199,0.3099572581921798,86.0,101.3,84.9
2026-03-16 07:00:00,Karachi,24.8607,67.0011,34.0,13.0,11.2,1008.6,unknown,3.0,20.63,66.57,0.09,0.34,128.16,92.44,0.0,72.5,,7.0,16.0,3.0,0.0,0.0,2.0,70.5,67.3,95.2,70.59999999999998,69.7625,5.566890670667623,0.3098993540633919,86.2,102.7,76.9
2026-03-16 08:00:00,Karachi,24.8607,67.0011,34.6,12.0,12.8,1007.6,unknown,3.0,21.7,69.96,0.07,0.33,127.35,88.79,0.0,74.5,,8.0,16.0,3.0,0.0,0.0,2.0,72.5,68.8,87.3,72.5,69.22916666666667,4.277492069640022,0.3101772441395083,86.8,104.2,72.9
2026-03-16 09:00:00,Karachi,24.8607,67.0011,34.8,12.0,14.2,1006.8,unknown,3.0,22.68,73.2,0.07,0.33,126.64,85.4,0.0,76.3,,9.0,16.0,3.0,0.0,0.0,1.7999999999999972,74.5,70.5,80.7,74.43333333333332,69.04583333333333,3.835982858771653,0.3098360655737704,87.9,104.7,72.1
2026-03-16 10:00:00,Karachi,24.8607,67.0011,34.2,14.0,15.3,1006.0,unknown,3.0,23.75,76.97,0.06,0.33,126.16,82.77,0.0,78.3,,10.0,16.0,3.0,0.0,0.0,2.0,76.3,72.5,76.0,76.36666666666666,69.14166666666667,4.040546311179945,0.3085617773158373,89.7,104.9,71.1
2026-03-16 11:00:00,Karachi,24.8607,67.0011,32.6,23.0,15.4,1005.6,unknown,3.0,24.69,80.48,0.06,0.34,125.18,80.53,0.0,80.0,,11.0,16.0,3.0,0.0,0.0,1.7000000000000028,78.3,74.5,73.3,78.19999999999999,69.42083333333333,4.540827272521673,0.3067842942345924,91.0,104.7,71.2
2026-03-16 12:00:00,Karachi,24.8607,67.0011,30.9,31.0,14.3,1005.5,unknown,3.0,25.49,83.47,0.07,0.35,124.08,79.16,0.0,81.5,,12.0,16.0,3.0,0.0,0.0,1.5,80.0,76.3,71.2,79.93333333333332,69.85,5.160721216874302,0.3053791781478375,91.9,104.5,71.8
2026-03-16 13:00:00,Karachi,24.8607,67.0011,28.7,46.0,13.8,1005.7,unknown,3.0,26.18,85.91,0.09,0.35,123.14,78.4,0.0,82.8,,13.0,16.0,3.0,0.0,0.0,1.2999999999999972,81.5,78.3,69.9,81.43333333333332,70.3875,5.798523987603906,0.3047375160051216,92.8,104.3,72.0
2026-03-16 14:00:00,Karachi,24.8607,67.0011,27.3,51.0,13.5,1006.0,unknown,3.0,26.77,87.76,0.11,0.36,122.26,77.86,0.0,83.9,,14.0,16.0,3.0,0.0,0.0,1.1000000000000083,82.8,80.0,69.5,82.73333333333333,70.9875,6.414949422013503,0.3050364630811303,93.3,103.9,71.8
2026-03-16 15:00:00,Karachi,24.8607,67.0011,26.6,56.0,11.9,1006.5,unknown,3.0,27.33,89.48,0.11,0.37,121.35,77.67,0.0,85.0,,15.0,16.0,3.0,0.0,0.0,1.0999999999999943,83.9,81.5,69.9,83.89999999999999,71.61666666666666,7.015985887318252,0.3054313813142601,93.8,103.5,72.6
2026-03-16 16:00:00,Karachi,24.8607,67.0011,26.3,58.0,12.0,1007.0,unknown,3.0,27.86,91.04,0.11,0.37,120.79,77.68,0.0,86.0,,16.0,16.0,3.0,0.0,0.0,1.0,85.0,82.8,70.5,84.96666666666665,72.2625,7.597986718463449,0.3060193321616871,94.0,103.3,74.3
2026-03-16 17:00:00,Karachi,24.8607,67.0011,26.0,61.0,11.1,1007.7,unknown,3.0,28.8,93.57,0.1,0.38,120.81,77.31,0.0,87.7,,17.0,16.0,3.0,0.0,0.0,1.7000000000000028,86.0,83.9,70.9,86.23333333333333,72.96249999999999,8.21577551977522,0.30779095864059,94.1,103.2,75.6
2026-03-16 18:00:00,Karachi,24.8607,67.0011,25.4,63.0,9.3,1008.0,unknown,3.0,30.32,97.95,0.1,0.39,121.27,76.86,0.0,90.5,,18.0,16.0,3.0,0.0,0.0,2.799999999999997,87.7,85.0,70.6,88.06666666666666,73.79166666666667,8.939308244159097,0.309545686574783,94.2,102.9,75.9
2026-03-16 19:00:00,Karachi,24.8607,67.0011,25.1,65.0,8.8,1007.7,unknown,4.0,31.9,102.28,0.1,0.4,121.69,76.28,0.0,93.5,,19.0,16.0,3.0,0.0,0.0,3.0,90.5,86.0,67.5,90.56666666666666,74.875,9.68778926637018,0.3118889323425889,94.2,102.3,75.0
2026-03-16 20:00:00,Karachi,24.8607,67.0011,24.5,69.0,7.7,1007.5,unknown,4.0,32.96,104.61,0.1,0.41,121.53,75.66,0.0,95.5,,20.0,16.0,3.0,0.0,0.0,2.0,93.5,87.7,66.3,93.16666666666669,76.09166666666667,10.373373803059549,0.3150750406270911,94.4,101.7,74.4
2026-03-16 21:00:00,Karachi,24.8607,67.0011,24.0,75.0,7.8,1006.8,unknown,4.0,33.22,103.77,0.1,0.41,120.99,75.12,0.0,95.9,,21.0,16.0,3.0,0.0,0.0,0.4000000000000057,95.5,90.5,65.3,94.96666666666664,77.36666666666667,10.858483626487487,0.3201310590729498,94.8,101.5,73.7
2026-03-16 22:00:00,Karachi,24.8607,67.0011,23.8,78.0,9.1,1006.5,unknown,4.0,32.66,100.95,0.1,0.41,119.83,75.63,0.0,94.9,,22.0,16.0,3.0,0.0,0.0,-1.0,95.9,93.5,64.2,95.43333333333334,78.64583333333333,11.046619753166295,0.3235264982664685,95.5,101.9,72.7
2026-03-16 23:00:00,Karachi,24.8607,67.0011,23.4,83.0,9.2,1006.2,unknown,3.0,31.62,96.95,0.1,0.41,118.7,76.3,0.0,93.0,,23.0,16.0,3.0,0.0,0.0,-1.9000000000000057,94.9,95.5,63.8,94.6,79.8625,10.948012029192,0.3261474987106756,96.3,103.1,71.6
2026-03-17 00:00:00,Karachi,24.8607,67.0011,23.4,86.0,10.2,1006.2,unknown,3.0,30.46,92.73,0.1,0.41,117.81,76.59,0.0,90.8,,0.0,17.0,3.0,1.0,0.0,-2.200000000000003,93.0,95.9,63.7,92.9,80.99166666666666,10.60057080771139,0.3284805348862288,97.1,104.6,70.6
2026-03-17 01:00:00,Karachi,24.8607,67.0011,23.3,88.0,9.9,1006.4,unknown,3.0,29.5,89.36,0.1,0.4,116.95,76.36,0.0,89.0,,1.0,17.0,3.0,1.0,0.0,-1.7999999999999972,90.8,94.9,63.9,90.93333333333332,82.0375,10.065689138162064,0.3301253357206803,98.0,104.9,69.6
2026-03-17 02:00:00,Karachi,24.8607,67.0011,23.3,87.0,8.0,1006.7,unknown,3.0,28.84,86.41,0.1,0.39,116.6,75.87,0.0,87.8,,2.0,17.0,3.0,1.0,0.0,-1.2000000000000028,89.0,93.0,64.7,89.19999999999999,83.0,9.419452582637051,0.3337576669366972,98.8,104.3,68.8
2026-03-17 03:00:00,Karachi,24.8607,67.0011,24.4,81.0,5.8,1007.4,unknown,3.0,28.4,84.36,0.12,0.37,116.25,75.26,0.0,87.0,,3.0,17.0,3.0,1.0,0.0,-0.7999999999999972,87.8,90.8,66.0,87.93333333333332,83.875,8.721101346485868,0.3366524419155998,99.3,102.0,68.3
2026-03-17 04:00:00,Karachi,24.8607,67.0011,26.4,67.0,6.7,1008.2,unknown,3.0,28.13,83.05,0.11,0.35,116.06,74.62,0.0,86.5,,4.0,17.0,3.0,1.0,0.0,-0.5,87.0,89.0,67.3,87.09999999999998,84.675,7.984019364794663,0.3387116195063215,99.5,96.7,67.4
2026-03-17 05:00:00,Karachi,24.8607,67.0011,28.3,55.0,7.7,1008.4,unknown,3.0,27.94,82.3,0.08,0.34,115.95,73.81,0.0,86.1,,5.0,17.0,3.0,1.0,0.0,-0.4000000000000057,86.5,87.8,68.8,86.53333333333332,85.39583333333333,7.234186902821344,0.3394896719319563,99.7,91.3,66.4
2026-03-17 06:00:00,Karachi,24.8607,67.0011,28.9,54.0,8.8,1008.7,unknown,3.0,27.88,82.23,0.07,0.32,115.63,72.75,0.0,86.0,,6.0,17.0,3.0,1.0,0.0,-0.0999999999999943,86.1,87.0,70.5,86.19999999999999,86.04166666666667,6.50129864396298,0.3390490088775386,101.3,84.9,65.9
2026-03-17 07:00:00,Karachi,24.8607,67.0011,28.9,59.0,12.8,1008.6,unknown,3.0,27.97,83.2,0.06,0.31,115.33,71.15,0.0,86.2,,7.0,17.0,3.0,1.0,0.0,0.2000000000000028,86.0,86.5,72.5,86.09999999999998,86.6125,5.827096562427084,0.3361778846153846,102.7,76.9,65.4
2026-03-17 08:00:00,Karachi,24.8607,67.0011,28.8,59.0,14.2,1007.7,unknown,3.0,28.31,85.66,0.06,0.31,115.0,69.46,0.0,86.8,,8.0,17.0,3.0,1.0,0.0,0.5999999999999943,86.2,86.1,74.5,86.33333333333333,87.125,5.225293834053448,0.33049264534205,104.2,72.9,65.3
2026-03-17 09:00:00,Karachi,24.8607,67.0011,28.7,58.0,14.5,1007.1,unknown,3.0,28.91,89.42,0.05,0.32,114.9,68.13,0.0,87.9,,9.0,17.0,3.0,1.0,0.0,1.1000000000000083,86.8,86.0,76.3,86.96666666666665,87.60833333333333,4.689480982377549,0.3233057481547752,104.7,72.1,65.5
2026-03-17 10:00:00,Karachi,24.8607,67.0011,28.2,61.0,14.8,1006.4,unknown,3.0,29.86,94.16,0.06,0.33,115.49,67.38,0.0,89.7,,10.0,17.0,3.0,1.0,0.0,1.7999999999999972,87.9,86.2,78.3,88.13333333333333,88.08333333333333,4.263665158022207,0.3171197960917587,104.9,71.1,66.0
2026-03-17 11:00:00,Karachi,24.8607,67.0011,28.0,63.0,13.2,1005.8,unknown,3.0,30.58,96.22,0.06,0.34,115.62,66.31,0.0,91.0,,11.0,17.0,3.0,1.0,0.0,1.2999999999999972,89.7,86.8,80.0,89.53333333333335,88.54166666666667,3.935558815267263,0.3178133444190397,104.7,71.2,66.5
2026-03-17 12:00:00,Karachi,24.8607,67.0011,27.4,65.0,12.2,1005.7,unknown,3.0,31.07,96.06,0.07,0.35,115.86,65.69,0.0,91.9,,12.0,17.0,3.0,1.0,0.0,0.9000000000000057,91.0,87.9,81.5,90.86666666666667,88.97500000000001,3.69150022525602,0.3234436810326879,104.5,71.8,66.9
2026-03-17 13:00:00,Karachi,24.8607,67.0011,26.6,71.0,11.4,1005.6,unknown,3.0,31.51,94.98,0.09,0.37,116.82,65.6,0.0,92.8,,13.0,17.0,3.0,1.0,0.0,0.8999999999999915,91.9,89.7,82.8,91.9,89.39166666666667,3.524808556835436,0.3317540534849442,104.3,72.0,66.9
2026-03-17 14:00:00,Karachi,24.8607,67.0011,25.7,80.0,8.6,1006.1,unknown,3.0,31.83,92.98,0.11,0.38,117.44,65.87,0.0,93.3,,14.0,17.0,3.0,1.0,0.0,0.5,92.8,91.0,83.9,92.66666666666669,89.78333333333332,3.4083869277557906,0.3423316842331684,103.9,71.8,66.3
2026-03-17 15:00:00,Karachi,24.8607,67.0011,25.4,86.0,8.8,1006.5,unknown,3.0,32.08,89.97,0.11,0.4,118.38,66.44,0.0,93.8,,15.0,17.0,3.0,1.0,0.0,0.5,93.3,91.9,85.0,93.3,90.15,3.3441707882359264,0.3565632988774035,103.5,72.6,65.5
2026-03-17 16:00:00,Karachi,24.8607,67.0011,25.2,88.0,8.0,1007.3,unknown,3.0,32.18,86.57,0.11,0.41,119.04,67.39,0.0,94.0,,16.0,17.0,3.0,1.0,0.0,0.2000000000000028,93.8,92.8,86.0,93.7,90.48333333333332,3.311070583031686,0.3717223056486081,103.3,74.3,64.6
2026-03-17 17:00:00,Karachi,24.8607,67.0011,25.0,89.0,7.5,1007.8,unknown,3.0,32.25,83.61,0.11,0.42,119.76,68.3,0.0,94.1,,17.0,17.0,3.0,1.0,0.0,0.0999999999999943,94.0,93.3,87.7,93.96666666666664,90.75,3.334796780200838,0.3857194115536419,103.2,75.6,64.3
2026-03-17 18:00:00,Karachi,24.8607,67.0011,25.0,91.0,6.7,1007.8,unknown,3.0,32.28,81.12,0.11,0.43,120.36,69.25,0.0,94.2,,18.0,17.0,3.0,1.0,0.0,0.1000000000000085,94.1,93.8,90.5,94.09999999999998,90.90416666666664,3.407469948406843,0.3979289940828402,102.9,75.9,64.9
2026-03-17 19:00:00,Karachi,24.8607,67.0011,24.8,92.0,7.0,1007.7,unknown,3.0,32.3,79.27,0.1,0.44,120.65,70.05,0.0,94.2,,19.0,17.0,3.0,1.0,0.0,0.0,94.2,94.0,93.5,94.16666666666669,90.93333333333334,3.4335514212458205,0.4074681468399142,102.3,75.0,66.9
2026-03-17 20:00:00,Karachi,24.8607,67.0011,24.5,93.0,5.8,1007.4,unknown,3.0,32.41,78.49,0.1,0.45,120.84,70.61,0.0,94.4,,20.0,17.0,3.0,1.0,0.0,0.2000000000000028,94.2,94.1,95.5,94.26666666666668,90.8875,3.376815131866564,0.4129188431647343,101.7,74.4,70.1
2026-03-17 21:00:00,Karachi,24.8607,67.0011,24.2,95.0,3.1,1007.1,unknown,3.0,32.62,78.66,0.1,0.45,121.17,71.17,0.0,94.8,,21.0,17.0,3.0,1.0,0.0,0.3999999999999915,94.4,94.2,95.9,94.46666666666664,90.84166666666664,3.312678761928262,0.414696160691584,101.5,73.7,73.4
2026-03-17 22:00:00,Karachi,24.8607,67.0011,23.7,97.0,2.6,1006.6,unknown,3.0,32.97,79.99,0.1,0.44,121.15,71.75,0.0,95.5,,22.0,17.0,3.0,1.0,0.0,0.7000000000000028,94.8,94.2,94.9,94.9,90.86666666666666,3.346726715787431,0.4121765220652582,101.9,72.7,76.7
2026-03-17 23:00:00,Karachi,24.8607,67.0011,23.4,98.0,4.3,1006.5,unknown,3.0,33.4,82.18,0.1,0.43,121.44,72.25,0.0,96.3,,23.0,17.0,3.0,1.0,0.0,0.7999999999999972,95.5,94.4,93.0,95.53333333333332,91.00416666666666,3.5023568669124363,0.4064249209053297,103.1,71.6,79.8
2026-03-18 00:00:00,Karachi,24.8607,67.0011,23.1,98.0,5.4,1006.8,unknown,3.0,33.87,84.93,0.1,0.42,121.58,72.61,0.0,97.1,,0.0,18.0,3.0,2.0,0.0,0.7999999999999972,96.3,94.8,90.8,96.3,91.26666666666668,3.715966334228762,0.3987990109501942,104.6,70.6,82.1
2026-03-18 01:00:00,Karachi,24.8607,67.0011,23.0,97.0,5.6,1007.1,unknown,3.0,34.34,87.91,0.09,0.4,121.65,73.09,0.0,98.0,,1.0,18.0,3.0,2.0,0.0,0.9000000000000057,97.1,95.5,89.0,97.13333333333333,91.64166666666668,3.9254926765494047,0.3906267773859629,104.9,69.6,83.8
2026-03-18 02:00:00,Karachi,24.8607,67.0011,23.0,96.0,6.4,1007.9,unknown,3.0,34.76,90.11,0.09,0.39,122.07,73.53,0.0,98.8,,2.0,18.0,3.0,2.0,0.0,0.7999999999999972,98.0,96.3,87.8,97.96666666666664,92.1,4.095915250484306,0.3857507490844523,104.3,68.8,84.8
2026-03-18 03:00:00,Karachi,24.8607,67.0011,23.7,91.0,7.8,1008.5,unknown,3.0,35.04,91.1,0.11,0.39,122.37,73.62,0.0,99.3,,3.0,18.0,3.0,2.0,0.0,0.5,98.8,97.1,87.0,98.7,92.6125,4.198272160121815,0.3846322722283205,102.0,68.3,85.4
2026-03-18 04:00:00,Karachi,24.8607,67.0011,25.4,80.0,3.1,1009.8,unknown,3.0,35.13,91.26,0.11,0.39,122.3,73.55,0.0,99.5,,4.0,18.0,3.0,2.0,0.0,0.2000000000000028,99.3,98.0,86.5,99.2,93.15416666666664,4.213949832214962,0.3849441157133464,96.7,67.4,85.6
2026-03-18 05:00:00,Karachi,24.8607,67.0011,27.0,72.0,7.9,1009.8,unknown,3.0,35.26,91.66,0.09,0.38,122.4,73.27,0.0,99.7,,5.0,18.0,3.0,2.0,0.0,0.2000000000000028,99.5,98.8,86.1,99.5,93.72083333333336,4.137840138829804,0.3846825223652629,91.3,66.4,85.7
2026-03-18 06:00:00,Karachi,24.8607,67.0011,28.0,65.0,9.6,1010.0,unknown,3.0,35.61,93.6,0.07,0.37,122.69,73.06,0.0,101.3,,6.0,18.0,3.0,2.0,0.0,1.5999999999999943,99.7,99.3,86.0,100.16666666666669,94.35833333333332,4.074727696069923,0.380448717948718,84.9,65.9,85.8
2026-03-18 07:00:00,Karachi,24.8607,67.0011,28.6,64.0,7.8,1010.4,unknown,3.0,36.21,98.37,0.06,0.36,122.83,72.71,0.0,102.7,,7.0,18.0,3.0,2.0,0.0,1.4000000000000057,101.3,99.5,86.2,101.23333333333332,95.04583333333336,4.03010186155513,0.3681000304971027,76.9,65.4,85.9
2026-03-18 08:00:00,Karachi,24.8607,67.0011,28.9,58.0,3.9,1009.9,unknown,4.0,36.79,102.78,0.06,0.34,122.65,72.16,0.0,104.2,,8.0,18.0,3.0,2.0,0.0,1.5,102.7,99.7,86.8,102.73333333333332,95.77083333333331,4.047272744291335,0.3579490173185444,72.9,65.3,85.8
2026-03-18 09:00:00,Karachi,24.8607,67.0011,29.7,53.0,5.5,1008.7,unknown,4.0,36.99,104.17,0.06,0.33,122.09,71.01,0.0,104.7,,9.0,18.0,3.0,2.0,0.0,0.5,104.2,101.3,87.9,103.86666666666667,96.47083333333332,4.079479843940621,0.3550926370356149,72.1,65.5,85.7
2026-03-18 10:00:00,Karachi,24.8607,67.0011,29.7,54.0,12.7,1007.5,unknown,4.0,37.08,103.86,0.06,0.31,122.04,69.9,0.0,104.9,,10.0,18.0,3.0,2.0,0.0,0.2000000000000028,104.7,102.7,89.7,104.6,97.10416666666669,4.161675996694739,0.3570190641247833,71.1,66.0,85.7
2026-03-18 11:00:00,Karachi,24.8607,67.0011,28.7,56.0,11.2,1006.9,unknown,4.0,37.0,102.74,0.07,0.3,121.75,68.87,0.0,104.7,,11.0,18.0,3.0,2.0,0.0,-0.2000000000000028,104.9,104.2,91.0,104.76666666666668,97.675,4.22706085575738,0.3601323729803387,71.2,66.5,85.6
2026-03-18 12:00:00,Karachi,24.8607,67.0011,27.5,72.0,15.9,1006.4,unknown,4.0,36.93,101.69,0.08,0.29,121.58,68.03,0.0,104.5,,12.0,18.0,3.0,2.0,0.0,-0.2000000000000028,104.7,104.7,91.9,104.7,98.2,4.2609449860245885,0.3631625528567214,71.8,66.9,85.5
2026-03-18 13:00:00,Karachi,24.8607,67.0011,26.4,79.0,17.8,1006.8,unknown,4.0,36.86,101.04,0.1,0.28,121.69,67.63,0.0,104.3,,13.0,18.0,3.0,2.0,0.0,-0.2000000000000028,104.5,104.9,92.8,104.5,98.67916666666666,4.273882174393016,0.364806017418844,72.0,66.9,85.4
2026-03-18 14:00:00,Karachi,24.8607,67.0011,26.0,84.0,12.9,1007.0,unknown,4.0,36.67,100.07,0.11,0.27,121.71,67.15,0.0,103.9,,14.0,18.0,3.0,2.0,0.0,-0.3999999999999915,104.3,104.7,93.3,104.23333333333332,99.12083333333334,4.241408622316835,0.3664434895573099,71.8,66.3,85.1
2026-03-18 15:00:00,Karachi,24.8607,67.0011,25.6,88.0,7.9,1007.6,unknown,3.0,36.53,99.23,0.11,0.28,122.05,66.98,0.0,103.5,,15.0,18.0,3.0,2.0,0.0,-0.4000000000000057,103.9,104.5,93.8,103.9,99.525,4.173961729790192,0.3681346367026101,72.6,65.5,84.4
2026-03-18 16:00:00,Karachi,24.8607,67.0011,25.4,90.0,5.7,1009.0,unknown,3.0,36.45,99.21,0.11,0.28,122.37,67.18,0.0,103.3,,16.0,18.0,3.0,2.0,0.0,-0.2000000000000028,103.5,104.3,94.0,103.56666666666666,99.9125,4.069110841878352,0.3674024795887511,74.3,64.6,83.4
2026-03-18 17:00:00,Karachi,24.8607,67.0011,25.3,90.0,7.5,1010.0,unknown,3.0,36.38,98.78,0.1,0.28,122.65,67.66,0.0,103.2,,17.0,18.0,3.0,2.0,0.0,-0.0999999999999943,103.3,103.9,94.1,103.33333333333331,100.29166666666669,3.925381916249576,0.3682931767564285,75.6,64.3,82.2
2026-03-18 18:00:00,Karachi,24.8607,67.0011,24.0,75.0,6.0,1011.2,unknown,3.0,36.27,97.33,0.1,0.28,122.73,68.02,0.0,102.9,,18.0,18.0,3.0,2.0,0.0,-0.2999999999999971,103.2,103.5,94.2,103.13333333333333,100.65416666666668,3.7354912565216023,0.3726497482790507,75.9,64.9,81.0
2026-03-18 19:00:00,Karachi,24.8607,67.0011,23.1,74.0,6.0,1010.6,unknown,3.0,36.03,95.12,0.09,0.28,122.65,68.24,0.0,102.3,,19.0,18.0,3.0,2.0,0.0,-0.6000000000000085,102.9,103.3,94.2,102.8,100.99166666666666,3.4844894413212844,0.378784693019344,75.0,66.9,79.8
2026-03-18 20:00:00,Karachi,24.8607,67.0011,23.0,76.0,3.0,1010.8,unknown,3.0,35.77,92.69,0.09,0.28,122.81,68.45,0.0,101.7,,20.0,18.0,3.0,2.0,0.0,-0.5999999999999943,102.3,103.2,94.4,102.3,101.29583333333332,3.1902676958254,0.3859100226561657,74.4,70.1,79.1
2026-03-18 21:00:00,Karachi,24.8607,67.0011,22.6,78.0,2.5,1009.7,unknown,3.0,35.71,91.03,0.08,0.28,123.21,68.53,0.0,101.5,,21.0,18.0,3.0,2.0,0.0,-0.2000000000000028,101.7,102.9,94.8,101.83333333333331,101.575,2.874664441667288,0.3922882566186971,73.7,73.4,78.6
2026-03-18 22:00:00,Karachi,24.8607,67.0011,22.9,88.0,8.5,1008.9,unknown,3.0,35.87,90.63,0.08,0.28,123.38,68.72,0.0,101.9,,22.0,18.0,3.0,2.0,0.0,0.4000000000000057,101.5,102.3,95.5,101.7,101.84166666666668,2.56700073113261,0.3957850601346132,72.7,76.7,78.1
2026-03-18 23:00:00,Karachi,24.8607,67.0011,22.5,92.0,0.6,1009.4,unknown,3.0,36.36,92.55,0.07,0.27,123.56,69.27,0.0,103.1,,23.0,18.0,3.0,2.0,0.0,1.1999999999999886,101.9,101.7,96.3,102.16666666666669,102.125,2.2889621722734725,0.3928687196110211,71.6,79.8,77.8
2026-03-19 00:00:00,Karachi,24.8607,67.0011,21.4,88.0,6.5,1009.7,unknown,3.0,36.95,95.97,0.07,0.24,124.09,71.3,0.0,104.6,,0.0,19.0,3.0,3.0,0.0,1.5,103.1,101.5,97.1,103.2,102.4375,2.0750720259921485,0.3850161508804835,70.6,82.1,77.5
2026-03-19 01:00:00,Karachi,24.8607,67.0011,20.5,90.0,1.0,1010.5,unknown,3.0,37.08,96.06,0.06,0.24,125.02,74.2,0.0,104.9,,1.0,19.0,3.0,3.0,0.0,0.3000000000000113,104.6,101.9,98.0,104.2,102.725,1.904514088436977,0.3860087445346658,69.6,83.8,77.3
2026-03-19 02:00:00,Karachi,24.8607,67.0011,20.6,83.0,1.0,1011.7,unknown,3.0,36.85,91.97,0.07,0.24,126.13,76.01,0.0,104.3,,2.0,19.0,3.0,3.0,0.0,-0.6000000000000085,104.9,103.1,98.8,104.6,102.95416666666664,1.735055234474664,0.4006741328694139,68.8,84.8,77.0
2026-03-19 03:00:00,Karachi,24.8607,67.0011,21.2,88.0,3.2,1012.6,unknown,3.0,35.91,85.71,0.08,0.24,127.24,78.7,0.0,102.0,,3.0,19.0,3.0,3.0,0.0,-2.299999999999997,104.3,104.6,99.3,103.73333333333332,103.06666666666666,1.5672370223004384,0.4189709485474273,68.3,85.4,76.4
2026-03-19 04:00:00,Karachi,24.8607,67.0011,22.4,84.0,2.9,1013.2,unknown,3.0,33.65,75.88,0.1,0.28,127.25,81.9,0.0,96.7,,4.0,19.0,3.0,3.0,0.0,-5.299999999999997,102.0,104.9,99.5,101.0,102.95,1.910838650393423,0.4434633632050606,67.4,85.6,75.6
2026-03-19 05:00:00,Karachi,24.8607,67.0011,24.0,77.0,1.5,1014.5,unknown,3.0,30.71,64.17,0.12,0.32,128.65,87.04,0.0,91.3,,5.0,19.0,3.0,3.0,0.0,-5.400000000000006,96.7,104.3,99.7,96.66666666666669,102.59999999999998,2.994197286638928,0.4785725416861461,66.4,85.7,75.1
2026-03-19 06:00:00,Karachi,24.8607,67.0011,21.6,82.0,8.5,1014.4,unknown,3.0,27.28,51.66,0.17,0.42,131.45,92.21,0.0,84.9,,6.0,19.0,3.0,3.0,0.0,-6.399999999999992,91.3,102.0,101.3,90.96666666666664,101.91666666666669,4.693164934397832,0.5280681378242355,65.9,85.8,74.6
2026-03-19 07:00:00,Karachi,24.8607,67.0011,21.8,81.0,8.6,1014.3,unknown,2.0,23.02,40.72,0.25,0.51,133.25,96.38,0.0,76.9,,7.0,19.0,3.0,3.0,0.0,-8.0,84.9,96.7,102.7,84.36666666666667,100.84166666666664,6.928449018150777,0.5653241650294696,65.4,85.9,74.1
2026-03-19 08:00:00,Karachi,24.8607,67.0011,23.0,76.0,7.4,1013.6,unknown,2.0,20.87,35.82,0.33,0.6,133.33,96.84,0.0,72.9,,8.0,19.0,3.0,3.0,0.0,-4.0,76.9,91.3,104.2,78.23333333333333,99.5375,8.926551137892247,0.5826353992183139,65.3,85.8,73.6
2026-03-19 09:00:00,Karachi,24.8607,67.0011,24.0,70.0,9.7,1012.2,unknown,2.0,20.45,33.71,0.4,0.74,132.89,93.86,0.0,72.1,,9.0,19.0,3.0,3.0,0.0,-0.8000000000000114,72.9,84.9,104.7,73.96666666666665,98.17916666666667,10.456118623403324,0.6066449124888756,65.5,85.7,73.0
2026-03-19 10:00:00,Karachi,24.8607,67.0011,24.3,70.0,8.4,1011.2,unknown,2.0,19.88,30.72,0.41,0.82,132.67,90.99,0.0,71.1,,10.0,19.0,3.0,3.0,0.0,-1.0,72.1,76.9,104.9,72.03333333333332,96.77083333333331,11.712330149728883,0.6471354166666666,66.0,85.7,72.5
2026-03-19 11:00:00,Karachi,24.8607,67.0011,24.4,68.0,7.6,1010.3,unknown,2.0,19.96,29.64,0.39,0.81,131.25,87.81,0.0,71.2,,11.0,19.0,3.0,3.0,0.0,0.1000000000000085,71.1,72.9,104.7,71.46666666666665,95.375,12.68231394330464,0.6734143049932524,66.5,85.6,71.9
2026-03-19 12:00:00,Karachi,24.8607,67.0011,25.8,57.0,3.6,1009.4,unknown,2.0,20.25,29.55,0.38,0.75,129.71,85.18,0.0,71.8,,12.0,19.0,3.0,3.0,0.0,0.5999999999999943,71.2,72.1,104.5,71.36666666666666,94.0125,13.395823895009428,0.6852791878172588,66.9,85.5,71.5
2026-03-19 13:00:00,Karachi,24.8607,67.0011,25.4,59.0,3.1,1009.6,unknown,2.0,20.38,29.88,0.38,0.67,128.85,84.23,0.0,72.0,,13.0,19.0,3.0,3.0,0.0,0.2000000000000028,71.8,71.1,104.3,71.66666666666667,92.66666666666669,13.929251881240225,0.6820615796519411,66.9,85.4,71.2
2026-03-19 14:00:00,Karachi,24.8607,67.0011,24.5,67.0,5.7,1010.4,unknown,2.0,20.26,30.34,0.39,0.61,127.76,83.45,0.0,71.8,,14.0,19.0,3.0,3.0,0.0,-0.2000000000000028,72.0,71.2,103.9,71.86666666666666,91.32916666666668,14.33883383672195,0.6677653263019118,66.3,85.1,71.0
2026-03-19 15:00:00,Karachi,24.8607,67.0011,23.7,70.0,8.1,1011.3,unknown,2.0,20.68,32.16,0.35,0.55,126.37,81.43,0.0,72.6,,15.0,19.0,3.0,3.0,0.0,0.7999999999999972,71.8,71.8,103.5,72.13333333333333,90.04166666666667,14.583669147273032,0.6430348258706469,65.5,84.4,70.9
2026-03-19 16:00:00,Karachi,24.8607,67.0011,23.0,74.0,6.1,1012.1,unknown,2.0,21.63,35.3,0.3,0.5,125.43,79.39,0.0,74.3,,16.0,19.0,3.0,3.0,0.0,1.7000000000000028,72.6,72.0,103.3,72.89999999999999,88.83333333333333,14.638682129644613,0.6127478753541077,64.6,83.4,70.8
2026-03-19 17:00:00,Karachi,24.8607,67.0011,22.3,81.0,4.7,1012.6,unknown,2.0,22.3,37.5,0.27,0.45,125.3,78.83,0.0,75.6,,17.0,19.0,3.0,3.0,0.0,1.2999999999999972,74.3,71.8,103.2,74.16666666666664,87.68333333333334,14.54479338088986,0.5946666666666667,64.3,82.2,70.7
2026-03-19 18:00:00,Karachi,24.8607,67.0011,21.5,77.0,4.2,1012.8,unknown,2.0,22.44,38.18,0.25,0.4,125.43,78.99,0.0,75.9,,18.0,19.0,3.0,3.0,0.0,0.3000000000000113,75.6,72.6,102.9,75.26666666666667,86.55833333333334,14.359663211101315,0.5877422734415925,64.9,81.0,70.4
2026-03-19 19:00:00,Karachi,24.8607,67.0011,21.3,78.0,5.6,1012.2,unknown,2.0,22.0,37.54,0.22,0.35,125.3,79.38,0.0,75.0,,19.0,19.0,3.0,3.0,0.0,-0.9000000000000057,75.9,74.3,102.3,75.5,85.42083333333333,14.138045469942815,0.5860415556739478,66.9,79.8,70.1
2026-03-19 20:00:00,Karachi,24.8607,67.0011,21.1,77.0,4.7,1011.6,unknown,2.0,21.65,36.99,0.21,0.31,125.12,79.59,0.0,74.4,,20.0,19.0,3.0,3.0,0.0,-0.5999999999999943,75.0,75.6,101.7,75.10000000000001,84.28333333333333,13.86696627324142,0.5852933225195999,70.1,79.1,69.8
2026-03-19 21:00:00,Karachi,24.8607,67.0011,20.9,80.0,2.9,1010.5,unknown,2.0,21.31,36.38,0.19,0.28,124.92,79.73,0.0,73.7,,21.0,19.0,3.0,3.0,0.0,-0.7000000000000028,74.4,75.9,101.5,74.36666666666666,83.125,13.523128336299536,0.5857614073666849,73.4,78.6,69.4
2026-03-19 22:00:00,Karachi,24.8607,67.0011,20.5,82.0,4.2,1009.8,unknown,2.0,20.76,35.35,0.18,0.25,124.88,80.07,0.0,72.7,,22.0,19.0,3.0,3.0,0.0,-1.0,73.7,75.0,101.9,73.60000000000001,81.90833333333333,13.066349633836207,0.5872701555869873,76.7,78.1,68.8
2026-03-19 23:00:00,Karachi,24.8607,67.0011,19.7,85.0,7.4,1009.9,unknown,2.0,20.13,34.2,0.16,0.23,124.6,80.29,0.0,71.6,,23.0,19.0,3.0,3.0,0.0,-1.1000000000000083,72.7,74.4,103.1,72.66666666666667,80.59583333333333,12.410741461460628,0.5885964912280701,79.8,77.8,67.8
2026-03-20 00:00:00,Karachi,24.8607,67.0011,19.0,92.0,5.2,1010.5,unknown,2.0,19.6,33.26,0.15,0.21,124.33,80.39,0.0,70.6,,0.0,20.0,3.0,4.0,0.0,-1.0,71.6,73.7,104.6,71.63333333333333,79.17916666666666,11.455318839306724,0.5892964521948287,82.1,77.5,66.4
2026-03-20 01:00:00,Karachi,24.8607,67.0011,18.8,92.0,2.0,1011.0,unknown,2.0,19.08,32.34,0.14,0.19,124.03,80.52,0.0,69.6,,1.0,20.0,3.0,4.0,0.0,-1.0,70.6,72.7,104.9,70.59999999999998,77.70833333333333,10.20749582485952,0.5899814471243041,83.8,77.3,64.6
2026-03-20 02:00:00,Karachi,24.8607,67.0011,18.9,93.0,1.2,1011.5,unknown,2.0,18.66,31.58,0.14,0.18,123.78,80.63,0.0,68.8,,2.0,20.0,3.0,4.0,0.0,-0.7999999999999972,69.6,71.6,104.3,69.66666666666666,76.22916666666667,8.63805932143399,0.590880303989867,84.8,77.0,62.4
2026-03-20 03:00:00,Karachi,24.8607,67.0011,20.6,87.0,1.7,1011.9,unknown,2.0,18.36,31.05,0.16,0.17,123.86,80.94,0.0,68.3,,3.0,20.0,3.0,4.0,0.0,-0.5,68.8,70.6,102.0,68.89999999999999,74.825,6.8129831300590205,0.5913043478260869,85.4,76.4,60.4
2026-03-20 04:00:00,Karachi,24.8607,67.0011,23.1,73.0,1.8,1012.4,unknown,2.0,17.88,30.34,0.13,0.16,123.79,81.69,0.0,67.4,,4.0,20.0,3.0,4.0,0.0,-0.8999999999999915,68.3,69.6,96.7,68.16666666666667,73.60416666666667,5.143292733741927,0.5893210283454186,85.6,75.6,58.4
2026-03-20 05:00:00,Karachi,24.8607,67.0011,24.6,67.0,3.0,1012.6,unknown,2.0,17.35,29.55,0.1,0.14,123.72,82.69,0.0,66.4,,5.0,20.0,3.0,4.0,0.0,-1.0,67.4,68.8,91.3,67.36666666666666,72.56666666666666,3.737898347735904,0.5871404399323181,85.7,75.1,56.7
2026-03-20 06:00:00,Karachi,24.8607,67.0011,25.9,55.0,2.6,1012.7,unknown,2.0,17.09,29.17,0.07,0.13,123.59,82.75,0.0,65.9,,6.0,20.0,3.0,4.0,0.0,-0.5,66.4,68.3,84.9,66.56666666666666,71.775,2.9388329538221774,0.5858758998971546,85.8,74.6,55.5
2026-03-20 07:00:00,Karachi,24.8607,67.0011,26.8,53.0,6.5,1012.3,unknown,2.0,16.81,28.77,0.06,0.12,123.13,81.61,0.0,65.4,,7.0,20.0,3.0,4.0,0.0,-0.5,65.9,67.4,76.9,65.89999999999999,71.29583333333333,3.003690363059785,0.5842891901286061,85.9,74.1,54.5
2026-03-20 08:00:00,Karachi,24.8607,67.0011,26.7,58.0,11.3,1011.5,unknown,2.0,16.77,28.64,0.05,0.11,122.58,79.41,0.0,65.3,,8.0,20.0,3.0,4.0,0.0,-0.1000000000000085,65.4,66.4,72.9,65.53333333333333,70.97916666666667,3.2200430954055435,0.5855446927374302,85.8,73.6,53.6
2026-03-20 09:00:00,Karachi,24.8607,67.0011,26.4,60.0,12.7,1010.5,unknown,2.0,16.9,28.69,0.05,0.11,122.14,77.24,0.0,65.5,,9.0,20.0,3.0,4.0,0.0,0.2000000000000028,65.3,65.9,72.1,65.39999999999999,70.70416666666667,3.397118877328834,0.589055420006971,85.7,73.0,52.9
2026-03-20 10:00:00,Karachi,24.8607,67.0011,26.3,59.0,12.4,1009.9,unknown,2.0,17.17,29.09,0.05,0.1,121.98,75.35,0.0,66.0,,10.0,20.0,3.0,4.0,0.0,0.5,65.5,65.4,71.1,65.6,70.49166666666667,3.528260646330316,0.5902371949123411,85.7,72.5,52.0
2026-03-20 11:00:00,Karachi,24.8607,67.0011,26.3,60.0,9.8,1009.2,unknown,2.0,17.44,29.68,0.05,0.1,121.77,73.33,0.0,66.5,,11.0,20.0,3.0,4.0,0.0,0.5,66.0,65.3,71.2,66.0,70.29583333333333,3.616565650100501,0.5876010781671159,85.6,71.9,51.2
2026-03-20 12:00:00,Karachi,24.8607,67.0011,26.0,61.0,8.5,1009.1,unknown,2.0,17.61,30.21,0.06,0.09,121.64,72.16,0.0,66.9,,12.0,20.0,3.0,4.0,0.0,0.4000000000000057,66.5,65.5,71.8,66.46666666666667,70.09166666666667,3.665932073982311,0.5829195630585898,85.5,71.5,49.6
2026-03-20 13:00:00,Karachi,24.8607,67.0011,25.1,67.0,9.9,1009.7,unknown,2.0,17.63,30.6,0.07,0.09,121.99,72.06,0.0,66.9,,13.0,20.0,3.0,4.0,0.0,0.0,66.9,66.0,72.0,66.76666666666667,69.87916666666668,3.6981757155692767,0.5761437908496732,85.4,71.2,48.3
2026-03-20 14:00:00,Karachi,24.8607,67.0011,24.1,74.0,9.2,1009.9,unknown,2.0,17.32,30.45,0.08,0.09,122.05,71.7,0.0,66.3,,14.0,20.0,3.0,4.0,0.0,-0.6000000000000085,66.9,66.5,71.8,66.7,69.64999999999999,3.744096802915669,0.5688013136288999,85.1,71.0,47.3
2026-03-20 15:00:00,Karachi,24.8607,67.0011,23.7,78.0,9.2,1010.5,unknown,2.0,16.86,30.24,0.07,0.09,122.17,71.34,0.0,65.5,,15.0,20.0,3.0,4.0,0.0,-0.7999999999999972,66.3,66.9,72.6,66.23333333333333,69.35416666666667,3.78118674339739,0.5575396825396826,84.4,70.9,47.3
2026-03-20 16:00:00,Karachi,24.8607,67.0011,23.5,80.0,8.7,1011.1,unknown,2.0,16.4,30.11,0.07,0.1,122.02,71.01,0.0,64.6,,16.0,20.0,3.0,4.0,0.0,-0.9000000000000057,65.5,66.9,74.3,65.46666666666665,68.95,3.7478109552858223,0.5446695450016605,83.4,70.8,48.6
2026-03-20 17:00:00,Karachi,24.8607,67.0011,23.4,82.0,8.8,1011.5,unknown,2.0,16.22,30.88,0.06,0.11,121.97,70.98,0.0,64.3,,17.0,20.0,3.0,4.0,0.0,-0.2999999999999971,64.6,66.3,75.6,64.8,68.47916666666667,3.5821998544386835,0.5252590673575129,82.2,70.7,51.3
2026-03-20 18:00:00,Karachi,24.8607,67.0011,23.7,86.0,8.8,1011.1,unknown,2.0,16.55,33.1,0.06,0.12,121.72,71.1,0.0,64.9,,18.0,20.0,3.0,4.0,0.0,0.6000000000000085,64.3,65.5,75.9,64.6,68.02083333333333,3.28262609171536,0.5,81.0,70.4,52.7
2026-03-20 19:00:00,Karachi,24.8607,67.0011,24.1,87.0,8.9,1010.7,unknown,2.0,17.65,37.1,0.06,0.14,121.39,70.99,0.0,66.9,,19.0,20.0,3.0,4.0,0.0,2.0,64.9,64.6,75.0,65.36666666666666,67.68333333333334,2.9314882207584456,0.4757412398921832,79.8,70.1,54.4
2026-03-20 20:00:00,Karachi,24.8607,67.0011,23.9,89.0,10.1,1010.2,unknown,2.0,19.34,42.57,0.06,0.15,121.25,70.39,0.0,70.1,,20.0,20.0,3.0,4.0,0.0,3.1999999999999886,66.9,64.3,74.4,67.3,67.50416666666666,2.6177453236993875,0.4543105473338031,79.1,69.8,56.2
2026-03-20 21:00:00,Karachi,24.8607,67.0011,23.7,90.0,9.1,1009.9,unknown,2.0,21.13,48.2,0.06,0.16,120.85,69.59,0.0,73.4,,21.0,20.0,3.0,4.0,0.0,3.300000000000012,70.1,64.9,73.7,70.13333333333334,67.49166666666666,2.5874137946929587,0.4383817427385891,78.6,69.4,57.9
2026-03-20 22:00:00,Karachi,24.8607,67.0011,23.5,91.0,7.6,1009.6,unknown,3.0,22.92,54.39,0.06,0.17,120.15,68.63,0.0,76.7,,22.0,20.0,3.0,4.0,0.0,3.299999999999997,73.4,66.9,72.7,73.39999999999999,67.65833333333335,3.0286913039351657,0.4214009928295643,78.1,68.8,59.3
2026-03-20 23:00:00,Karachi,24.8607,67.0011,23.6,90.0,8.2,1009.5,unknown,3.0,24.57,60.59,0.06,0.17,119.06,67.57,0.0,79.8,,23.0,20.0,3.0,4.0,0.0,3.0999999999999943,76.7,70.1,71.6,76.63333333333333,68.0,3.845155054265537,0.4055124608021125,77.8,67.8,60.1
2026-03-21 00:00:00,Karachi,24.8607,67.0011,23.4,90.0,9.3,1009.9,unknown,3.0,25.81,65.73,0.06,0.17,117.74,66.74,0.0,82.1,,0.0,21.0,3.0,5.0,1.0,2.299999999999997,79.8,73.4,70.6,79.53333333333333,68.47916666666667,4.784938250177327,0.3926669709417313,77.5,66.4,60.7
2026-03-21 01:00:00,Karachi,24.8607,67.0011,23.0,92.0,8.8,1010.3,unknown,3.0,26.71,69.7,0.06,0.17,116.57,66.0,0.0,83.8,,1.0,21.0,3.0,5.0,1.0,1.7000000000000028,82.1,76.7,69.6,81.89999999999999,69.07083333333334,5.716754868972659,0.3832137733142037,77.3,64.6,61.2
2026-03-21 02:00:00,Karachi,24.8607,67.0011,22.9,93.0,4.6,1010.7,unknown,3.0,27.26,72.33,0.06,0.16,115.31,65.21,0.0,84.8,,2.0,21.0,3.0,5.0,1.0,1.0,83.8,79.8,68.8,83.56666666666665,69.7375,6.555237700067466,0.3768837273607079,77.0,62.4,61.8
2026-03-21 03:00:00,Karachi,24.8607,67.0011,23.5,90.0,4.0,1011.4,unknown,3.0,27.59,74.0,0.08,0.16,114.09,64.52,0.0,85.4,,3.0,21.0,3.0,5.0,1.0,0.6000000000000085,84.8,82.1,68.3,84.66666666666666,70.45,7.28130423100046,0.3728378378378378,76.4,60.4,62.2
2026-03-21 04:00:00,Karachi,24.8607,67.0011,24.5,85.0,4.2,1011.9,unknown,3.0,27.67,74.87,0.07,0.15,112.83,64.09,0.0,85.6,,4.0,21.0,3.0,5.0,1.0,0.1999999999999886,85.4,83.8,67.4,85.26666666666667,71.20833333333334,7.87350629956642,0.369573928142113,75.6,58.4,61.8
2026-03-21 05:00:00,Karachi,24.8607,67.0011,26.3,73.0,6.8,1012.1,unknown,3.0,27.72,75.46,0.06,0.14,111.99,64.07,0.0,85.7,,5.0,21.0,3.0,5.0,1.0,0.1000000000000085,85.6,84.8,66.4,85.56666666666666,72.0125,8.333239492227417,0.3673469387755102,75.1,56.7,60.9
2026-03-21 06:00:00,Karachi,24.8607,67.0011,27.3,65.0,7.5,1011.9,unknown,3.0,27.8,75.96,0.05,0.14,111.39,63.68,0.0,85.8,,6.0,21.0,3.0,5.0,1.0,0.0999999999999943,85.7,85.4,65.9,85.69999999999999,72.84166666666667,8.68136017527144,0.3659820958399158,74.6,55.5,59.6
2026-03-21 07:00:00,Karachi,24.8607,67.0011,27.7,63.0,8.6,1012.0,unknown,3.0,27.82,76.33,0.05,0.13,110.95,63.05,0.0,85.9,,7.0,21.0,3.0,5.0,1.0,0.1000000000000085,85.8,85.6,65.4,85.8,73.69583333333334,8.922491325258319,0.364470064194943,74.1,54.5,58.4
2026-03-21 08:00:00,Karachi,24.8607,67.0011,27.7,63.0,11.4,1011.7,unknown,3.0,27.79,76.65,0.05,0.12,110.26,62.46,0.0,85.8,,8.0,21.0,3.0,5.0,1.0,-0.1000000000000085,85.9,85.7,65.3,85.83333333333333,74.55,9.063927548735675,0.3625570776255707,73.6,53.6,57.3
2026-03-21 09:00:00,Karachi,24.8607,67.0011,27.8,63.0,10.9,1011.1,unknown,3.0,27.74,76.77,0.04,0.11,109.78,61.64,0.0,85.7,,9.0,21.0,3.0,5.0,1.0,-0.0999999999999943,85.8,85.8,65.5,85.8,75.39166666666667,9.12468780486571,0.3613390647388302,73.0,52.9,56.4
2026-03-21 10:00:00,Karachi,24.8607,67.0011,27.6,63.0,10.9,1010.2,unknown,3.0,27.72,76.92,0.05,0.11,109.37,61.02,0.0,85.7,,10.0,21.0,3.0,5.0,1.0,0.0,85.7,85.9,66.0,85.73333333333333,76.21249999999999,9.129184567615972,0.360374414976599,72.5,52.0,55.7
2026-03-21 11:00:00,Karachi,24.8607,67.0011,27.3,64.0,13.7,1010.1,unknown,3.0,27.66,76.86,0.05,0.11,109.05,60.77,0.0,85.6,,11.0,21.0,3.0,5.0,1.0,-0.1000000000000085,85.7,85.8,66.5,85.66666666666667,77.00833333333333,9.078063223182006,0.3598750975800156,71.9,51.2,55.2
2026-03-21 12:00:00,Karachi,24.8607,67.0011,26.9,63.0,10.9,1010.1,unknown,3.0,27.6,76.97,0.06,0.11,108.65,60.82,0.0,85.5,,12.0,21.0,3.0,5.0,1.0,-0.0999999999999943,85.6,85.7,66.9,85.60000000000001,77.78333333333333,8.970903045363182,0.3585812654280889,71.5,49.6,54.7
2026-03-21 13:00:00,Karachi,24.8607,67.0011,26.5,65.0,9.4,1010.6,unknown,3.0,27.59,76.95,0.07,0.12,108.84,61.46,0.0,85.4,,13.0,21.0,3.0,5.0,1.0,-0.0999999999999943,85.5,85.7,66.9,85.5,78.55416666666666,8.788034313854244,0.3585445094217024,71.2,48.3,54.4
2026-03-21 14:00:00,Karachi,24.8607,67.0011,25.9,68.0,9.0,1011.1,unknown,3.0,27.4,75.91,0.08,0.12,108.83,62.38,0.0,85.1,,14.0,21.0,3.0,5.0,1.0,-0.3000000000000113,85.4,85.6,66.3,85.33333333333333,79.33749999999999,8.480761476272102,0.360953761032802,71.0,47.3,53.9
2026-03-21 15:00:00,Karachi,24.8607,67.0011,25.3,73.0,9.1,1011.8,unknown,3.0,27.05,73.93,0.08,0.13,108.94,62.94,0.0,84.4,,15.0,21.0,3.0,5.0,1.0,-0.6999999999999886,85.1,85.5,65.5,84.96666666666665,80.125,8.004088629109356,0.3658866495333423,70.9,47.3,53.6
2026-03-21 16:00:00,Karachi,24.8607,67.0011,25.0,78.0,8.8,1012.4,unknown,3.0,26.48,70.75,0.08,0.13,108.94,63.52,0.0,83.4,,16.0,21.0,3.0,5.0,1.0,-1.0,84.4,85.4,64.6,84.3,80.90833333333335,7.308358327921782,0.3742756183745583,70.8,48.6,53.3
2026-03-21 17:00:00,Karachi,24.8607,67.0011,24.8,81.0,8.4,1012.7,unknown,3.0,25.85,67.36,0.07,0.13,109.05,64.27,0.0,82.2,,17.0,21.0,3.0,5.0,1.0,-1.2000000000000028,83.4,85.1,64.3,83.33333333333333,81.65416666666665,6.396193104645272,0.3837589073634204,70.7,51.3,53.2
2026-03-21 18:00:00,Karachi,24.8607,67.0011,24.6,82.0,9.0,1013.0,unknown,3.0,25.2,63.83,0.07,0.13,109.37,64.79,0.0,81.0,,18.0,21.0,3.0,5.0,1.0,-1.2000000000000028,82.2,84.4,64.9,82.2,82.325,5.315625039940692,0.3947986840043866,70.4,52.7,53.7
2026-03-21 19:00:00,Karachi,24.8607,67.0011,24.5,83.0,8.8,1012.8,unknown,3.0,24.57,60.44,0.06,0.13,109.52,64.95,0.0,79.8,,19.0,21.0,3.0,5.0,1.0,-1.2000000000000028,81.0,83.4,66.9,81.0,82.8625,4.22927812732711,0.406518861681006,70.1,54.4,54.6
2026-03-21 20:00:00,Karachi,24.8607,67.0011,24.3,83.0,7.4,1012.5,unknown,3.0,24.2,58.17,0.06,0.13,109.53,64.63,0.0,79.1,,20.0,21.0,3.0,5.0,1.0,-0.7000000000000028,79.8,82.2,70.1,79.96666666666665,83.2375,3.357640540621689,0.4160220044696578,69.8,56.2,55.5
2026-03-21 21:00:00,Karachi,24.8607,67.0011,24.0,86.0,7.0,1012.0,unknown,3.0,23.91,56.51,0.06,0.13,109.63,64.24,0.0,78.6,,21.0,21.0,3.0,5.0,1.0,-0.5,79.1,81.0,73.4,79.16666666666667,83.45416666666667,2.8199567012859577,0.4231109538134843,69.4,57.9,56.0
2026-03-21 22:00:00,Karachi,24.8607,67.0011,23.5,90.0,6.5,1011.8,unknown,3.0,23.66,55.13,0.06,0.13,109.65,64.03,0.0,78.1,,22.0,21.0,3.0,5.0,1.0,-0.5,78.6,79.8,76.7,78.59999999999998,83.5125,2.6854377831151863,0.429167422456013,68.8,59.3,56.4
2026-03-21 23:00:00,Karachi,24.8607,67.0011,23.1,93.0,4.9,1012.1,unknown,3.0,23.48,54.14,0.06,0.12,109.62,63.7,0.0,77.8,,23.0,21.0,3.0,5.0,1.0,-0.2999999999999971,78.1,79.1,79.8,78.16666666666666,83.42916666666666,2.832648041596835,0.4336904322127817,67.8,60.1,57.8
2026-03-22 00:00:00,Karachi,24.8607,67.0011,22.3,98.0,1.9,1011.9,unknown,3.0,23.34,53.58,0.06,0.11,109.51,63.65,0.0,77.5,,0.0,22.0,3.0,6.0,1.0,-0.2999999999999971,77.8,78.6,82.1,77.8,83.2375,3.072007203913409,0.4356103023516237,66.4,60.7,59.7
2026-03-22 01:00:00,Karachi,24.8607,67.0011,22.5,98.0,0.5,1012.4,unknown,3.0,23.23,53.2,0.06,0.11,109.36,63.81,0.0,77.3,,1.0,22.0,3.0,6.0,1.0,-0.2000000000000028,77.5,78.1,83.8,77.53333333333332,82.96666666666667,3.298440562592282,0.4366541353383458,64.6,61.2,61.4
2026-03-22 02:00:00,Karachi,24.8607,67.0011,22.4,98.0,4.0,1013.1,unknown,3.0,23.04,52.4,0.06,0.1,109.58,64.0,0.0,77.0,,2.0,22.0,3.0,6.0,1.0,-0.2999999999999971,77.3,77.8,84.8,77.26666666666665,82.64166666666667,3.488729264945161,0.4396946564885496,62.4,61.8,63.3
2026-03-22 03:00:00,Karachi,24.8607,67.0011,23.5,91.0,4.3,1013.8,unknown,3.0,22.73,51.02,0.07,0.1,109.72,64.4,0.0,76.4,,3.0,22.0,3.0,6.0,1.0,-0.5999999999999943,77.0,77.5,85.4,76.89999999999999,82.26666666666667,3.6588982265036014,0.4455115640925127,60.4,62.2,65.8
2026-03-22 04:00:00,Karachi,24.8607,67.0011,25.1,79.0,4.3,1014.0,unknown,2.0,22.32,49.3,0.06,0.1,109.63,64.46,0.0,75.6,,4.0,22.0,3.0,6.0,1.0,-0.8000000000000114,76.4,77.3,85.6,76.33333333333333,81.85,3.828270128131055,0.452738336713996,58.4,61.8,68.6
2026-03-22 05:00:00,Karachi,24.8607,67.0011,26.5,70.0,4.0,1014.3,unknown,2.0,22.02,47.97,0.05,0.09,109.72,64.28,0.0,75.1,,5.0,22.0,3.0,6.0,1.0,-0.5,75.6,77.0,85.7,75.69999999999999,81.40833333333335,3.973490051382249,0.4590368980612883,56.7,60.9,71.2
2026-03-22 06:00:00,Karachi,24.8607,67.0011,27.1,64.0,6.5,1014.5,unknown,2.0,21.75,46.77,0.04,0.09,109.64,63.68,0.0,74.6,,6.0,22.0,3.0,6.0,1.0,-0.5,75.1,76.4,85.8,75.09999999999998,80.94166666666666,4.091233115556412,0.4650416933932007,55.5,59.6,73.7
2026-03-22 07:00:00,Karachi,24.8607,67.0011,27.7,61.0,8.7,1014.3,unknown,2.0,21.5,45.8,0.03,0.08,109.43,62.49,0.0,74.1,,7.0,22.0,3.0,6.0,1.0,-0.5,74.6,75.6,85.9,74.59999999999998,80.45,4.177579911033689,0.4694323144104804,54.5,58.4,76.0
2026-03-22 08:00:00,Karachi,24.8607,67.0011,28.8,55.0,11.2,1013.6,unknown,2.0,21.23,44.88,0.03,0.08,109.08,61.4,0.0,73.6,,8.0,22.0,3.0,6.0,1.0,-0.5,74.1,75.1,85.8,74.09999999999998,79.94166666666668,4.240069386911767,0.4730392156862745,53.6,57.3,77.7
2026-03-22 09:00:00,Karachi,24.8607,67.0011,29.0,52.0,13.8,1012.8,unknown,2.0,20.92,44.05,0.03,0.07,108.55,60.29,0.0,73.0,,9.0,22.0,3.0,6.0,1.0,-0.5999999999999943,73.6,74.6,85.7,73.56666666666666,79.41250000000001,4.282452822150261,0.4749148694665154,52.9,56.4,78.8
2026-03-22 10:00:00,Karachi,24.8607,67.0011,28.5,55.0,13.3,1012.4,unknown,2.0,20.65,43.37,0.03,0.07,108.15,59.64,0.0,72.5,,10.0,22.0,3.0,6.0,1.0,-0.5,73.0,74.1,85.7,73.03333333333332,78.8625,4.2874754404199305,0.4761355775881946,52.0,55.7,80.5
2026-03-22 11:00:00,Karachi,24.8607,67.0011,28.2,59.0,12.5,1011.9,unknown,2.0,20.34,42.69,0.04,0.07,107.77,59.58,0.0,71.9,,11.0,22.0,3.0,6.0,1.0,-0.5999999999999943,72.5,73.6,85.6,72.46666666666665,78.29166666666667,4.263384720546923,0.4764581869290232,51.2,55.2,82.7
2026-03-22 12:00:00,Karachi,24.8607,67.0011,27.0,64.0,5.6,1011.8,unknown,2.0,20.08,42.19,0.04,0.07,107.41,60.06,0.0,71.5,,12.0,22.0,3.0,6.0,1.0,-0.4000000000000057,71.9,73.0,85.5,71.96666666666665,77.70833333333333,4.191390416463197,0.4759421663901398,49.6,54.7,85.0
2026-03-22 13:00:00,Karachi,24.8607,67.0011,26.4,71.0,13.9,1012.1,unknown,2.0,19.93,41.84,0.05,0.07,107.52,60.88,0.0,71.2,,13.0,22.0,3.0,6.0,1.0,-0.2999999999999971,71.5,72.5,85.4,71.53333333333333,77.11666666666666,4.058556893527873,0.4763384321223708,48.3,54.4,87.8
2026-03-22 14:00:00,Karachi,24.8607,67.0011,25.7,75.0,9.7,1012.3,unknown,2.0,19.85,41.51,0.07,0.07,107.34,61.1,0.0,71.0,,14.0,22.0,3.0,6.0,1.0,-0.2000000000000028,71.2,71.9,85.1,71.23333333333333,76.52916666666667,3.868768949994028,0.4781980245723922,47.3,53.9,90.1
2026-03-22 15:00:00,Karachi,24.8607,67.0011,25.0,79.0,8.5,1012.7,unknown,2.0,19.8,41.13,0.07,0.08,107.37,61.3,0.0,70.9,,15.0,22.0,3.0,6.0,1.0,-0.0999999999999943,71.0,71.5,84.4,71.03333333333333,75.96666666666667,3.649856062284494,0.4814004376367615,47.3,53.6,92.3
2026-03-22 16:00:00,Karachi,24.8607,67.0011,24.5,83.0,6.9,1012.7,unknown,2.0,19.73,40.64,0.07,0.08,107.19,61.31,0.0,70.8,,16.0,22.0,3.0,6.0,1.0,-0.1000000000000085,70.9,71.2,83.4,70.89999999999999,75.44166666666666,3.4339629365076663,0.4854822834645669,48.6,53.3,94.5
2026-03-22 17:00:00,Karachi,24.8607,67.0011,24.1,86.0,7.7,1012.8,unknown,2.0,19.65,39.99,0.07,0.08,107.1,61.48,0.0,70.7,,17.0,22.0,3.0,6.0,1.0,-0.0999999999999943,70.8,71.0,82.2,70.8,74.9625,3.2471810517188726,0.4913728432108026,51.3,53.2,96.8
2026-03-22 18:00:00,Karachi,24.8607,67.0011,24.3,84.0,8.8,1013.2,unknown,2.0,19.52,39.13,0.07,0.08,107.12,61.69,0.0,70.4,,18.0,22.0,3.0,6.0,1.0,-0.2999999999999971,70.7,70.9,81.0,70.63333333333334,74.52083333333333,3.108191025228197,0.4988499872220802,52.7,53.7,98.8
2026-03-22 19:00:00,Karachi,24.8607,67.0011,24.1,84.0,8.8,1012.9,unknown,2.0,19.36,38.13,0.06,0.07,107.04,61.9,0.0,70.1,,19.0,22.0,3.0,6.0,1.0,-0.3000000000000113,70.4,70.8,79.8,70.39999999999999,74.11666666666666,3.0213251723598926,0.5077366902701285,54.4,54.6,99.6
2026-03-22 20:00:00,Karachi,24.8607,67.0011,23.9,85.0,8.3,1012.6,unknown,2.0,19.18,37.07,0.06,0.07,106.86,62.3,0.0,69.8,,20.0,22.0,3.0,6.0,1.0,-0.2999999999999971,70.1,70.7,79.1,70.10000000000001,73.72916666666667,2.949941659954625,0.5173995144321554,56.2,55.5,99.0
2026-03-22 21:00:00,Karachi,24.8607,67.0011,23.5,86.0,8.0,1012.2,unknown,2.0,18.96,35.87,0.06,0.07,106.77,62.58,0.0,69.4,,21.0,22.0,3.0,6.0,1.0,-0.3999999999999915,69.8,70.4,78.6,69.76666666666665,73.34583333333335,2.8865473834905546,0.5285754112071369,57.9,56.0,97.2
2026-03-22 22:00:00,Karachi,24.8607,67.0011,23.4,86.0,7.9,1011.6,unknown,2.0,18.64,34.27,0.06,0.08,106.61,62.78,0.0,68.8,,22.0,22.0,3.0,6.0,1.0,-0.6000000000000085,69.4,70.1,78.1,69.33333333333333,72.95833333333333,2.844509076113665,0.543915961482346,59.3,56.4,94.2
2026-03-22 23:00:00,Karachi,24.8607,67.0011,23.4,85.0,9.2,1011.5,unknown,2.0,18.12,32.23,0.06,0.08,106.48,62.75,0.0,67.8,,23.0,22.0,3.0,6.0,1.0,-1.0,68.8,69.8,77.8,68.66666666666667,72.54166666666667,2.8368562923108755,0.5622091219360845,60.1,57.8,90.4
2026-03-23 00:00:00,Karachi,24.8607,67.0011,23.2,87.0,9.0,1011.4,unknown,2.0,17.38,29.83,0.06,0.09,106.53,62.82,0.0,66.4,,0.0,23.0,3.0,0.0,0.0,-1.3999999999999917,67.8,69.4,77.5,67.66666666666667,72.07916666666667,2.89752205479213,0.5826349312772376,60.7,59.7,86.3
2026-03-23 01:00:00,Karachi,24.8607,67.0011,23.3,87.0,9.1,1011.9,unknown,2.0,16.38,27.04,0.06,0.09,106.76,63.31,0.0,64.6,,1.0,23.0,3.0,0.0,0.0,-1.8000000000000114,66.4,68.8,77.3,66.26666666666665,71.55,3.057848064022304,0.6057692307692307,61.2,61.4,81.9
2026-03-23 02:00:00,Karachi,24.8607,67.0011,23.1,89.0,7.5,1012.2,unknown,2.0,15.24,24.15,0.06,0.08,107.29,63.57,0.0,62.4,,2.0,23.0,3.0,0.0,0.0,-2.199999999999996,64.6,67.8,77.0,64.46666666666665,70.94166666666666,3.3634760315081067,0.631055900621118,61.8,63.3,77.0
2026-03-23 03:00:00,Karachi,24.8607,67.0011,24.2,83.0,7.5,1012.7,unknown,2.0,14.17,21.58,0.07,0.08,107.67,63.4,0.0,60.4,,3.0,23.0,3.0,0.0,0.0,-2.0,62.4,66.4,76.4,62.46666666666666,70.27499999999999,3.792813570773818,0.6566265060240964,62.2,65.8,72.6
2026-03-23 04:00:00,Karachi,24.8607,67.0011,25.9,72.0,7.3,1012.8,unknown,2.0,13.08,19.3,0.07,0.07,108.18,62.53,0.0,58.4,,4.0,23.0,3.0,0.0,0.0,-2.0,60.4,64.6,75.6,60.4,69.55833333333334,4.329867621905591,0.677720207253886,61.8,68.6,69.0
2026-03-23 05:00:00,Karachi,24.8607,67.0011,27.6,59.0,7.9,1013.0,unknown,2.0,12.14,17.52,0.06,0.07,108.79,61.24,0.0,56.7,,5.0,23.0,3.0,0.0,0.0,-1.6999999999999955,58.4,62.4,75.1,58.49999999999999,68.79166666666667,4.897729435486106,0.6929223744292238,60.9,71.2,66.7
2026-03-23 06:00:00,Karachi,24.8607,67.0011,29.3,49.0,8.6,1013.1,unknown,2.0,11.5,16.38,0.04,0.07,109.15,59.66,0.0,55.5,,6.0,23.0,3.0,0.0,0.0,-1.2000000000000028,56.7,60.4,74.6,56.86666666666667,67.99583333333332,5.435189622444041,0.7020757020757021,59.6,73.7,65.1
2026-03-23 07:00:00,Karachi,24.8607,67.0011,30.3,45.0,10.3,1012.5,unknown,2.0,10.97,15.53,0.04,0.07,109.38,57.81,0.0,54.5,,7.0,23.0,3.0,0.0,0.0,-1.0,55.5,58.4,74.1,55.56666666666666,67.17916666666666,5.928265320495108,0.7063747585318738,58.4,76.0,63.8
2026-03-23 08:00:00,Karachi,24.8607,67.0011,30.7,45.0,12.7,1011.6,unknown,2.0,10.51,14.92,0.03,0.07,109.31,55.76,0.0,53.6,,8.0,23.0,3.0,0.0,0.0,-0.8999999999999986,54.5,56.7,73.6,54.53333333333333,66.34583333333333,6.375290558883231,0.7044235924932976,57.3,77.7,62.8
2026-03-23 09:00:00,Karachi,24.8607,67.0011,30.3,48.0,15.4,1010.8,unknown,2.0,10.1,14.42,0.03,0.07,109.26,53.91,0.0,52.9,,9.0,23.0,3.0,0.0,0.0,-0.7000000000000028,53.6,55.5,73.0,53.66666666666666,65.50833333333333,6.771096929097222,0.7004160887656034,56.4,78.8,61.8
2026-03-23 10:00:00,Karachi,24.8607,67.0011,29.7,51.0,15.2,1010.0,unknown,1.0,9.64,13.82,0.03,0.06,109.42,52.72,0.0,52.0,,10.0,23.0,3.0,0.0,0.0,-0.8999999999999986,52.9,54.5,72.5,52.833333333333336,64.65416666666665,7.134056664534964,0.6975397973950797,55.7,80.5,60.8
2026-03-23 11:00:00,Karachi,24.8607,67.0011,29.3,51.0,14.8,1009.4,unknown,1.0,9.23,13.42,0.03,0.06,109.47,51.61,0.0,51.2,,11.0,23.0,3.0,0.0,0.0,-0.7999999999999972,52.0,53.6,71.9,52.03333333333333,63.79166666666666,7.463646192900387,0.6877794336810731,55.2,82.7,59.7
2026-03-23 12:00:00,Karachi,24.8607,67.0011,28.1,55.0,12.6,1009.6,unknown,1.0,8.92,13.2,0.04,0.06,109.34,50.84,0.0,49.6,,12.0,23.0,3.0,0.0,0.0,-1.6000000000000014,51.2,52.9,71.5,50.93333333333333,62.87916666666667,7.810916506192485,0.6757575757575758,54.7,85.0,59.0
2026-03-23 13:00:00,Karachi,24.8607,67.0011,27.1,61.0,12.9,1010.0,unknown,1.0,8.69,13.15,0.05,0.06,109.44,50.55,0.0,48.3,,13.0,23.0,3.0,0.0,0.0,-1.3000000000000045,49.6,52.0,71.2,49.69999999999999,61.925,8.141960558684547,0.6608365019011406,54.4,87.8,58.5
2026-03-23 14:00:00,Karachi,24.8607,67.0011,25.8,73.0,9.9,1010.3,unknown,1.0,8.51,13.29,0.06,0.07,109.23,50.16,0.0,47.3,,14.0,23.0,3.0,0.0,0.0,-1.0,48.3,51.2,71.0,48.4,60.9375,8.425727294116975,0.6403310759969902,53.9,90.1,58.0
2026-03-23 15:00:00,Karachi,24.8607,67.0011,25.3,80.0,10.0,1011.0,unknown,1.0,8.52,13.82,0.07,0.09,108.87,49.8,0.0,47.3,,15.0,23.0,3.0,0.0,0.0,0.0,47.3,49.6,70.9,47.633333333333326,59.95416666666666,8.588059413674289,0.6164978292329956,53.6,92.3,57.4
2026-03-23 16:00:00,Karachi,24.8607,67.0011,24.9,85.0,9.0,1011.5,unknown,1.0,8.75,14.68,0.07,0.1,108.15,49.46,0.0,48.6,,16.0,23.0,3.0,0.0,0.0,1.3000000000000045,47.3,48.3,70.8,47.73333333333333,59.02916666666667,8.564612692921779,0.5960490463215259,53.3,94.5,56.7
2026-03-23 17:00:00,Karachi,24.8607,67.0011,24.7,86.0,9.0,1011.7,unknown,1.0,9.26,15.88,0.07,0.11,107.73,49.14,0.0,51.3,,17.0,23.0,3.0,0.0,0.0,2.699999999999996,48.6,47.3,70.7,49.06666666666666,58.22083333333333,8.327428705226305,0.5831234256926952,53.2,96.8,56.1
2026-03-23 18:00:00,Karachi,24.8607,67.0011,24.6,89.0,9.5,1011.8,unknown,2.0,10.01,17.37,0.07,0.13,107.46,48.81,0.0,52.7,,18.0,23.0,3.0,0.0,0.0,1.4000000000000057,51.3,47.3,70.4,50.86666666666667,57.48333333333334,7.97837657381946,0.5762809441565918,53.7,98.8,55.2
2026-03-23 19:00:00,Karachi,24.8607,67.0011,24.6,89.0,8.6,1011.4,unknown,2.0,10.9,19.01,0.07,0.14,107.01,48.55,0.0,54.4,,19.0,23.0,3.0,0.0,0.0,1.6999999999999955,52.7,48.6,70.1,52.79999999999999,56.82916666666666,7.529967906087991,0.5733824302998421,54.6,99.6,54.1
2026-03-23 20:00:00,Karachi,24.8607,67.0011,24.4,91.0,8.1,1010.9,unknown,2.0,11.87,20.74,0.07,0.15,106.86,48.55,0.0,56.2,,20.0,23.0,3.0,0.0,0.0,1.8000000000000045,54.4,51.3,69.8,54.43333333333333,56.2625,7.004831407216537,0.5723240115718419,55.5,99.0,52.8
2026-03-23 21:00:00,Karachi,24.8607,67.0011,24.1,92.0,9.3,1010.6,unknown,2.0,12.82,22.5,0.07,0.16,106.65,48.64,0.0,57.9,,21.0,23.0,3.0,0.0,0.0,1.6999999999999955,56.2,52.7,69.4,56.16666666666666,55.78333333333334,6.437435802413432,0.5697777777777778,56.0,97.2,51.4
2026-03-23 22:00:00,Karachi,24.8607,67.0011,23.8,94.0,9.6,1010.5,unknown,2.0,13.58,24.01,0.07,0.16,106.85,48.87,0.0,59.3,,22.0,23.0,3.0,0.0,0.0,1.3999999999999986,57.9,54.4,68.8,57.79999999999999,55.3875,5.869250192838657,0.565597667638484,56.4,94.2,46.7
2026-03-23 23:00:00,Karachi,24.8607,67.0011,24.0,92.0,8.4,1010.2,unknown,2.0,13.97,25.11,0.07,0.17,106.82,49.01,0.0,60.1,,23.0,23.0,3.0,0.0,0.0,0.8000000000000043,59.3,56.2,67.8,59.1,55.06666666666666,5.348601334174568,0.556352050975707,57.8,90.4,41.3
2026-03-24 00:00:00,Karachi,24.8607,67.0011,24.1,93.0,8.2,1009.7,unknown,2.0,14.29,26.28,0.07,0.17,107.09,49.14,0.0,60.7,,0.0,24.0,3.0,1.0,0.0,0.6000000000000014,60.1,57.9,66.4,60.03333333333333,54.82916666666666,4.933953275780623,0.5437595129375951,59.7,86.3,36.9
2026-03-24 01:00:00,Karachi,24.8607,67.0011,24.2,93.0,10.2,1010.1,unknown,2.0,14.6,27.72,0.08,0.18,107.38,49.31,0.0,61.2,,1.0,24.0,3.0,1.0,0.0,0.5,60.7,59.3,64.6,60.66666666666666,54.6875,4.683673075515743,0.5266955266955267,61.4,81.9,33.5
2026-03-24 02:00:00,Karachi,24.8607,67.0011,24.1,92.0,10.6,1010.6,unknown,2.0,14.92,29.36,0.08,0.19,108.02,49.53,0.0,61.8,,2.0,24.0,3.0,1.0,0.0,0.5999999999999943,61.2,60.1,62.4,61.23333333333333,54.6625,4.642133364517147,0.5081743869209809,63.3,77.0,30.8
2026-03-24 03:00:00,Karachi,24.8607,67.0011,25.0,84.0,11.5,1011.5,unknown,2.0,15.09,30.66,0.1,0.2,108.81,49.96,0.0,62.2,,3.0,24.0,3.0,1.0,0.0,0.4000000000000057,61.8,60.7,60.4,61.73333333333333,54.7375,4.752099078536148,0.4921722113502935,65.8,72.6,28.7
2026-03-24 04:00:00,Karachi,24.8607,67.0011,26.4,74.0,9.3,1011.9,unknown,2.0,14.89,30.95,0.1,0.2,109.34,50.25,0.0,61.8,,4.0,24.0,3.0,1.0,0.0,-0.4000000000000057,62.2,61.2,58.4,61.93333333333333,54.87916666666666,4.913953439527808,0.4810985460420032,68.6,69.0,26.9
2026-03-24 05:00:00,Karachi,24.8607,67.0011,28.3,60.0,9.9,1012.0,unknown,2.0,14.4,30.24,0.09,0.19,109.65,50.33,0.0,60.9,,5.0,24.0,3.0,1.0,0.0,-0.8999999999999986,61.8,61.8,56.7,61.633333333333326,55.054166666666674,5.054397927137023,0.4761904761904762,71.2,66.7,25.8
2026-03-24 06:00:00,Karachi,24.8607,67.0011,29.8,50.0,7.4,1011.7,unknown,2.0,13.73,28.86,0.07,0.18,109.81,50.29,0.0,59.6,,6.0,24.0,3.0,1.0,0.0,-1.2999999999999972,60.9,62.2,55.5,60.76666666666666,55.225,5.138706485865473,0.4757449757449757,73.7,65.1,24.8
2026-03-24 07:00:00,Karachi,24.8607,67.0011,29.1,49.0,7.6,1010.7,unknown,2.0,13.06,27.3,0.06,0.16,109.91,50.06,0.0,58.4,,7.0,24.0,3.0,1.0,0.0,-1.2000000000000028,59.6,61.8,54.5,59.633333333333326,55.38750000000001,5.176309958132178,0.4783882783882784,76.0,63.8,23.9
2026-03-24 08:00:00,Karachi,24.8607,67.0011,29.7,46.0,7.7,1010.0,unknown,2.0,12.5,25.96,0.06,0.15,109.7,49.6,0.0,57.3,,8.0,24.0,3.0,1.0,0.0,-1.1000000000000014,58.4,60.9,53.6,58.43333333333333,55.54166666666666,5.175856716880088,0.4815100154083205,77.7,62.8,23.3
2026-03-24 09:00:00,Karachi,24.8607,67.0011,29.6,52.0,11.5,1009.4,unknown,2.0,12.01,24.83,0.05,0.13,109.29,49.22,0.0,56.4,,9.0,24.0,3.0,1.0,0.0,-0.8999999999999986,57.3,59.6,52.9,57.36666666666665,55.6875,5.147419150709693,0.4836890857833266,78.8,61.8,22.9
2026-03-24 10:00:00,Karachi,24.8607,67.0011,28.7,61.0,13.1,1008.9,unknown,2.0,11.6,23.84,0.05,0.12,109.1,49.24,0.0,55.7,,10.0,24.0,3.0,1.0,0.0,-0.6999999999999957,56.4,58.4,52.0,56.46666666666666,55.84166666666667,5.0872318146789,0.4865771812080536,80.5,60.8,22.6
2026-03-24 11:00:00,Karachi,24.8607,67.0011,29.4,55.0,10.0,1008.1,unknown,2.0,11.33,23.07,0.05,0.11,108.56,48.78,0.0,55.2,,11.0,24.0,3.0,1.0,0.0,-0.5,55.7,57.3,51.2,55.76666666666667,56.00833333333333,4.993205528448086,0.4911140008669267,82.7,59.7,22.3
2026-03-24 12:00:00,Karachi,24.8607,67.0011,29.2,61.0,10.2,1008.0,unknown,2.0,11.11,22.36,0.06,0.1,108.34,48.62,0.0,54.7,,12.0,24.0,3.0,1.0,0.0,-0.5,55.2,56.4,49.6,55.2,56.22083333333333,4.81392718345274,0.4968694096601073,85.0,59.0,22.3
2026-03-24 13:00:00,Karachi,24.8607,67.0011,27.9,65.0,11.4,1008.2,unknown,2.0,10.9,21.69,0.07,0.1,108.36,48.8,0.0,54.4,,13.0,24.0,3.0,1.0,0.0,-0.3000000000000042,54.7,55.7,48.3,54.76666666666666,56.475,4.530212587396458,0.5025357307514984,87.8,58.5,22.4
2026-03-24 14:00:00,Karachi,24.8607,67.0011,26.7,73.0,9.6,1008.6,unknown,2.0,10.67,21.03,0.1,0.09,108.38,48.96,0.0,53.9,,14.0,24.0,3.0,1.0,0.0,-0.5,54.4,55.2,47.3,54.333333333333336,56.75,4.131848728244059,0.5073704232049453,90.1,58.0,22.4
2026-03-24 15:00:00,Karachi,24.8607,67.0011,26.0,82.0,8.0,1009.2,unknown,2.0,10.48,20.51,0.1,0.09,108.52,49.04,0.0,53.6,,15.0,24.0,3.0,1.0,0.0,-0.2999999999999971,53.9,54.7,47.3,53.96666666666666,57.0125,3.680892200452589,0.5109702584105315,92.3,57.4,22.5
2026-03-24 16:00:00,Karachi,24.8607,67.0011,25.5,87.0,9.4,1010.1,unknown,2.0,10.32,20.1,0.1,0.1,108.45,49.2,0.0,53.3,,16.0,24.0,3.0,1.0,0.0,-0.3000000000000042,53.6,54.4,48.6,53.6,57.208333333333336,3.3213298366928514,0.5134328358208955,94.5,56.7,22.7
2026-03-24 17:00:00,Karachi,24.8607,67.0011,25.2,89.0,9.8,1010.4,unknown,2.0,10.3,20.08,0.09,0.11,108.35,49.26,0.0,53.2,,17.0,24.0,3.0,1.0,0.0,-0.0999999999999943,53.3,53.9,51.3,53.36666666666667,57.2875,3.1946031256609806,0.5129482071713148,96.8,56.1,23.1
2026-03-24 18:00:00,Karachi,24.8607,67.0011,25.3,90.0,12.0,1010.4,unknown,2.0,10.56,20.65,0.09,0.13,108.08,49.04,0.0,53.7,,18.0,24.0,3.0,1.0,0.0,0.5,53.2,53.6,52.7,53.4,57.32916666666666,3.1381910001896443,0.5113801452784504,98.8,55.2,23.7
2026-03-24 19:00:00,Karachi,24.8607,67.0011,25.3,91.0,14.4,1010.4,unknown,2.0,11.04,21.53,0.08,0.14,107.39,48.42,0.0,54.6,,19.0,24.0,3.0,1.0,0.0,0.8999999999999986,53.7,53.3,54.4,53.833333333333336,57.337500000000006,3.130330236788514,0.5127728750580585,99.6,54.1,24.8
2026-03-24 20:00:00,Karachi,24.8607,67.0011,25.2,91.0,13.1,1009.9,unknown,2.0,11.5,22.03,0.08,0.15,106.58,47.77,0.0,55.5,,20.0,24.0,3.0,1.0,0.0,0.8999999999999986,54.6,53.2,56.2,54.6,57.30833333333334,3.144618130783753,0.522015433499773,99.0,52.8,26.5
2026-03-24 21:00:00,Karachi,24.8607,67.0011,24.9,92.0,11.8,1009.6,unknown,2.0,11.76,22.14,0.08,0.16,105.57,47.41,0.0,56.0,,21.0,24.0,3.0,1.0,0.0,0.5,55.5,53.7,57.9,55.36666666666665,57.22916666666666,3.1529805314863952,0.5311653116531165,97.2,51.4,28.7
2026-03-24 22:00:00,Karachi,24.8607,67.0011,24.8,91.0,12.5,1009.3,unknown,2.0,12.01,22.71,0.07,0.16,104.86,47.65,0.0,56.4,,22.0,24.0,3.0,1.0,0.0,0.3999999999999986,56.0,54.6,59.3,55.96666666666666,57.10833333333333,3.1256187793253773,0.5288419198590929,94.2,46.7,31.1
2026-03-24 23:00:00,Karachi,24.8607,67.0011,24.9,88.0,12.1,1009.3,unknown,2.0,12.74,25.23,0.07,0.16,104.43,48.27,0.0,57.8,,23.0,24.0,3.0,1.0,0.0,1.3999999999999986,56.4,55.5,60.1,56.73333333333333,57.0125,3.064567846696312,0.5049544193420531,90.4,41.3,32.6
2026-03-25 00:00:00,Karachi,24.8607,67.0011,24.3,86.0,6.6,1008.2,unknown,2.0,13.78,28.76,0.07,0.15,104.5,48.95,0.0,59.7,,0.0,25.0,3.0,2.0,0.0,1.9000000000000057,57.8,56.0,60.7,57.96666666666666,56.97083333333333,3.018706772735392,0.4791376912378303,86.3,36.9,33.5
2026-03-25 01:00:00,Karachi,24.8607,67.0011,24.0,88.0,7.1,1008.9,unknown,2.0,14.7,31.73,0.07,0.15,105.19,49.49,0.0,61.4,,1.0,25.0,3.0,2.0,0.0,1.6999999999999955,59.7,56.4,61.2,59.633333333333326,56.97916666666666,3.031139714870112,0.4632839583989914,81.9,33.5,34.1
2026-03-25 02:00:00,Karachi,24.8607,67.0011,24.1,86.0,8.4,1009.7,unknown,2.0,15.68,34.74,0.07,0.14,105.79,50.23,0.0,63.3,,2.0,25.0,3.0,2.0,0.0,1.8999999999999984,61.4,57.8,61.8,61.46666666666666,57.04166666666666,3.1480727944075406,0.4513529073114565,77.0,30.8,34.5
2026-03-25 03:00:00,Karachi,24.8607,67.0011,25.2,78.0,7.0,1010.3,unknown,2.0,17.03,38.8,0.08,0.14,106.41,51.33,0.0,65.8,,3.0,25.0,3.0,2.0,0.0,2.5,63.3,59.7,62.2,63.49999999999999,57.19166666666666,3.473491748598869,0.4389175257731959,72.6,28.7,34.4
2026-03-25 04:00:00,Karachi,24.8607,67.0011,27.6,61.0,8.5,1010.5,unknown,2.0,18.54,43.26,0.07,0.13,106.83,52.46,0.0,68.6,,4.0,25.0,3.0,2.0,0.0,2.799999999999997,65.8,61.4,61.8,65.89999999999999,57.475,4.088610904755152,0.4285714285714285,69.0,26.9,33.6
2026-03-25 05:00:00,Karachi,24.8607,67.0011,29.5,46.0,9.0,1010.9,unknown,2.0,19.95,47.21,0.06,0.13,107.55,53.41,0.0,71.2,,5.0,25.0,3.0,2.0,0.0,2.6000000000000085,68.6,63.3,60.9,68.53333333333332,57.90416666666666,4.919833787111232,0.4225799618724846,66.7,25.8,32.2
2026-03-25 06:00:00,Karachi,24.8607,67.0011,30.1,46.0,12.5,1011.0,unknown,3.0,21.28,50.7,0.05,0.12,107.94,54.03,0.0,73.7,,6.0,25.0,3.0,2.0,0.0,2.5,71.2,65.8,59.6,71.16666666666666,58.49166666666667,5.8794348047440375,0.419723865877712,65.1,24.8,30.9
2026-03-25 07:00:00,Karachi,24.8607,67.0011,30.5,43.0,15.0,1010.9,unknown,3.0,22.5,53.94,0.04,0.12,108.0,53.97,0.0,76.0,,7.0,25.0,3.0,2.0,0.0,2.299999999999997,73.7,68.6,58.4,73.63333333333333,59.225,6.8799804094800425,0.4171301446051168,63.8,23.9,29.9
2026-03-25 08:00:00,Karachi,24.8607,67.0011,30.5,41.0,14.1,1010.0,unknown,3.0,23.44,56.66,0.04,0.11,107.79,53.29,0.0,77.7,,8.0,25.0,3.0,2.0,0.0,1.7000000000000028,76.0,71.2,57.3,75.8,60.075,7.826835109169789,0.4136957289092834,62.8,23.3,29.4
2026-03-25 09:00:00,Karachi,24.8607,67.0011,30.3,40.0,15.7,1009.6,unknown,3.0,24.03,58.64,0.04,0.1,107.52,52.31,0.0,78.8,,9.0,25.0,3.0,2.0,0.0,1.0999999999999943,77.7,73.7,56.4,77.5,61.00833333333333,8.66070168192125,0.4097885402455661,61.8,22.9,29.1
2026-03-25 10:00:00,Karachi,24.8607,67.0011,30.1,39.0,13.7,1009.0,unknown,3.0,24.94,62.34,0.04,0.09,107.68,52.03,0.0,80.5,,10.0,25.0,3.0,2.0,0.0,1.7000000000000028,78.8,76.0,55.7,79.0,62.04166666666666,9.443880773178751,0.4000641642605069,60.8,22.6,28.6
2026-03-25 11:00:00,Karachi,24.8607,67.0011,29.4,43.0,13.6,1008.5,unknown,3.0,26.14,67.08,0.04,0.08,107.73,52.17,0.0,82.7,,11.0,25.0,3.0,2.0,0.0,2.200000000000003,80.5,77.7,55.2,80.66666666666667,63.1875,10.214538338970796,0.3896839594514013,59.7,22.3,27.9
2026-03-25 12:00:00,Karachi,24.8607,67.0011,28.0,58.0,13.1,1008.4,unknown,3.0,27.36,72.04,0.05,0.08,107.76,52.59,0.0,85.0,,12.0,25.0,3.0,2.0,0.0,2.299999999999997,82.7,78.8,54.7,82.73333333333333,64.45,10.96484500971167,0.3797890061077179,59.0,22.3,27.4
2026-03-25 13:00:00,Karachi,24.8607,67.0011,26.9,68.0,12.5,1008.6,unknown,3.0,28.84,78.14,0.07,0.07,108.15,53.72,0.0,87.8,,13.0,25.0,3.0,2.0,0.0,2.799999999999997,85.0,80.5,54.4,85.16666666666666,65.84166666666667,11.726926157416129,0.369081136421807,58.5,22.4,26.7
2026-03-25 14:00:00,Karachi,24.8607,67.0011,26.1,76.0,10.3,1009.3,unknown,3.0,30.06,82.71,0.08,0.07,108.36,54.21,0.0,90.1,,14.0,25.0,3.0,2.0,0.0,2.299999999999997,87.8,82.7,53.9,87.63333333333333,67.35000000000001,12.431097051872916,0.3634385201305767,58.0,22.4,25.9
2026-03-25 15:00:00,Karachi,24.8607,67.0011,26.0,75.0,10.5,1010.0,unknown,3.0,31.25,86.77,0.08,0.08,108.53,54.42,0.0,92.3,,15.0,25.0,3.0,2.0,0.0,2.200000000000003,90.1,85.0,53.6,90.06666666666666,68.9625,13.063850304663148,0.3601475164227267,57.4,22.5,25.6
2026-03-25 16:00:00,Karachi,24.8607,67.0011,25.9,71.0,10.5,1010.5,unknown,3.0,32.44,90.27,0.08,0.08,108.71,54.87,0.0,94.5,,16.0,25.0,3.0,2.0,0.0,2.200000000000003,92.3,87.8,53.3,92.3,70.67916666666666,13.611695072754914,0.3593663454082197,56.7,22.7,25.1
2026-03-25 17:00:00,Karachi,24.8607,67.0011,25.7,73.0,8.4,1010.6,unknown,3.0,33.7,92.81,0.09,0.09,109.06,55.72,0.0,96.8,,17.0,25.0,3.0,2.0,0.0,2.299999999999997,94.5,90.1,53.2,94.53333333333336,72.49583333333334,14.078922857968054,0.3631074237689904,56.1,23.1,24.2
2026-03-25 18:00:00,Karachi,24.8607,67.0011,25.7,73.0,6.9,1010.7,unknown,3.0,34.78,93.79,0.09,0.1,109.63,56.6,0.0,98.8,,18.0,25.0,3.0,2.0,0.0,2.0,96.8,92.3,53.7,96.7,74.375,14.465618909497673,0.3708284465294807,55.2,23.7,23.2
2026-03-25 19:00:00,Karachi,24.8607,67.0011,25.7,74.0,8.6,1010.7,unknown,3.0,35.2,92.49,0.09,0.1,109.87,57.28,0.0,99.6,,19.0,25.0,3.0,2.0,0.0,0.7999999999999972,98.8,94.5,54.6,98.4,76.25,14.705396820630389,0.3805816845064332,54.1,24.8,22.8
2026-03-25 20:00:00,Karachi,24.8607,67.0011,25.4,75.0,6.1,1010.2,unknown,3.0,34.85,89.22,0.09,0.1,109.98,57.91,0.0,99.0,,20.0,25.0,3.0,2.0,0.0,-0.5999999999999943,99.6,96.8,55.5,99.13333333333333,78.0625,14.717449344822702,0.3906074871105133,52.8,26.5,24.1
2026-03-25 21:00:00,Karachi,24.8607,67.0011,25.3,77.0,6.2,1010.1,unknown,3.0,33.88,84.83,0.09,0.1,110.02,58.4,0.0,97.2,,21.0,25.0,3.0,2.0,0.0,-1.7999999999999972,99.0,98.8,56.0,98.59999999999998,79.77916666666665,14.43220972464928,0.3993870093127432,51.4,28.7,26.2
2026-03-25 22:00:00,Karachi,24.8607,67.0011,25.1,77.0,7.5,1010.6,unknown,3.0,32.3,79.16,0.08,0.1,109.66,58.94,0.0,94.2,,22.0,25.0,3.0,2.0,0.0,-3.0,97.2,99.6,56.4,96.8,81.35416666666667,13.81945632752728,0.4080343607882769,46.7,31.1,28.2
2026-03-25 23:00:00,Karachi,24.8607,67.0011,24.8,78.0,6.5,1010.5,unknown,3.0,30.24,72.71,0.08,0.1,109.17,59.7,0.0,90.4,,23.0,25.0,3.0,2.0,0.0,-3.799999999999997,94.2,99.0,57.8,93.93333333333334,82.7125,12.980296523042677,0.4158987759592903,41.3,32.6,28.9
2026-03-26 00:00:00,Karachi,24.8607,67.0011,24.8,80.0,9.7,1010.9,unknown,3.0,28.03,66.29,0.07,0.1,108.63,60.32,0.0,86.3,,0.0,26.0,3.0,3.0,0.0,-4.1000000000000085,90.4,97.2,59.7,90.3,83.82083333333334,12.030829208716298,0.4228390405792728,36.9,33.5,28.5
2026-03-26 01:00:00,Karachi,24.8607,67.0011,25.0,78.0,11.7,1012.0,unknown,3.0,25.69,59.76,0.07,0.1,108.15,61.07,0.0,81.9,,1.0,26.0,3.0,3.0,0.0,-4.399999999999992,86.3,94.2,61.4,86.2,84.675,11.058195858827922,0.4298862115127175,33.5,34.1,26.7
2026-03-26 02:00:00,Karachi,24.8607,67.0011,25.0,78.0,9.7,1012.2,unknown,3.0,23.05,52.52,0.06,0.1,107.61,61.91,0.0,77.0,,2.0,26.0,3.0,3.0,0.0,-4.900000000000006,81.9,90.4,63.3,81.73333333333333,85.24583333333334,10.229368596549962,0.4388804265041888,30.8,34.5,25.2
2026-03-26 03:00:00,Karachi,24.8607,67.0011,24.8,78.0,9.4,1013.0,unknown,2.0,20.69,46.27,0.07,0.09,107.19,62.47,0.0,72.6,,3.0,26.0,3.0,3.0,0.0,-4.400000000000006,77.0,86.3,65.8,77.16666666666666,85.52916666666665,9.750294495739476,0.447157985735898,28.7,34.4,24.2
2026-03-26 04:00:00,Karachi,24.8607,67.0011,25.3,75.0,6.4,1013.4,unknown,2.0,18.78,41.32,0.07,0.09,106.46,62.71,0.0,69.0,,4.0,26.0,3.0,3.0,0.0,-3.5999999999999943,72.6,81.9,68.6,72.86666666666666,85.54583333333333,9.720394479680545,0.4545014520813166,26.9,33.6,23.1
2026-03-26 05:00:00,Karachi,24.8607,67.0011,28.0,60.0,6.8,1013.6,unknown,2.0,17.55,38.1,0.06,0.09,105.98,62.52,0.0,66.7,,5.0,26.0,3.0,3.0,0.0,-2.299999999999997,69.0,77.0,71.2,69.43333333333332,85.35833333333333,10.047059559748112,0.4606299212598425,25.8,32.2,22.6
2026-03-26 06:00:00,Karachi,24.8607,67.0011,29.8,50.0,10.1,1013.0,unknown,2.0,16.67,35.69,0.05,0.08,105.64,62.09,0.0,65.1,,6.0,26.0,3.0,3.0,0.0,-1.6000000000000083,66.7,72.6,73.7,66.93333333333334,85.0,10.618073189656132,0.4670776127766882,24.8,30.9,23.2
2026-03-26 07:00:00,Karachi,24.8607,67.0011,30.3,47.0,15.2,1012.8,unknown,2.0,15.97,33.75,0.04,0.08,105.01,61.05,0.0,63.8,,7.0,26.0,3.0,3.0,0.0,-1.2999999999999972,65.1,69.0,76.0,65.2,84.49166666666666,11.335474009255988,0.4731851851851852,23.9,29.9,24.7
2026-03-26 08:00:00,Karachi,24.8607,67.0011,30.1,48.0,16.0,1012.6,unknown,2.0,15.41,32.22,0.03,0.07,104.22,59.38,0.0,62.8,,8.0,26.0,3.0,3.0,0.0,-1.0,63.8,66.7,77.7,63.9,83.87083333333334,12.105495667767787,0.4782743637492241,23.3,29.4,26.3
2026-03-26 09:00:00,Karachi,24.8607,67.0011,30.3,46.0,15.3,1012.0,unknown,2.0,14.92,30.89,0.03,0.07,103.55,57.57,0.0,61.8,,9.0,26.0,3.0,3.0,0.0,-1.0,62.8,65.1,78.8,62.79999999999999,83.16250000000001,12.887230366598002,0.4830042084817093,22.9,29.1,27.8
2026-03-26 10:00:00,Karachi,24.8607,67.0011,29.6,50.0,15.0,1011.1,unknown,2.0,14.35,29.35,0.03,0.07,103.06,55.99,0.0,60.8,,10.0,26.0,3.0,3.0,0.0,-1.0,61.8,63.8,80.5,61.79999999999999,82.34166666666667,13.667922353060932,0.4889267461669506,22.6,28.6,29.2
2026-03-26 11:00:00,Karachi,24.8607,67.0011,29.1,52.0,12.9,1010.3,unknown,2.0,13.79,27.9,0.03,0.06,102.55,54.73,0.0,59.7,,11.0,26.0,3.0,3.0,0.0,-1.0999999999999943,60.8,62.8,82.7,60.76666666666666,81.38333333333334,14.4269574564183,0.4942652329749104,22.3,27.9,31.0
2026-03-26 12:00:00,Karachi,24.8607,67.0011,28.3,52.0,12.3,1011.1,unknown,2.0,13.39,26.87,0.03,0.06,102.22,53.94,0.0,59.0,,12.0,26.0,3.0,3.0,0.0,-0.7000000000000028,59.7,61.8,85.0,59.833333333333336,80.3,15.10387223601181,0.4983252698176404,22.3,27.4,32.7
2026-03-26 13:00:00,Karachi,24.8607,67.0011,27.5,56.0,11.2,1011.3,unknown,2.0,13.11,26.17,0.04,0.06,102.21,53.65,0.0,58.5,,13.0,26.0,3.0,3.0,0.0,-0.5,59.0,60.8,87.8,59.06666666666666,79.07916666666667,15.645723937749327,0.5009552923194497,22.4,26.7,34.4
2026-03-26 14:00:00,Karachi,24.8607,67.0011,26.4,64.0,9.4,1011.4,unknown,2.0,12.85,25.52,0.05,0.06,102.05,53.42,0.0,58.0,,14.0,26.0,3.0,3.0,0.0,-0.5,58.5,59.7,90.1,58.5,77.74166666666666,16.029969667353196,0.5035266457680251,22.4,25.9,37.1
2026-03-26 15:00:00,Karachi,24.8607,67.0011,25.7,71.0,7.3,1012.2,unknown,2.0,12.53,24.82,0.05,0.06,101.98,53.27,0.0,57.4,,15.0,26.0,3.0,3.0,0.0,-0.6000000000000014,58.0,59.0,92.3,57.96666666666666,76.2875,16.23357531141361,0.5048348106365834,22.5,25.6,39.4
2026-03-26 16:00:00,Karachi,24.8607,67.0011,25.4,75.0,6.1,1012.8,unknown,2.0,12.15,24.0,0.05,0.06,101.67,53.02,0.0,56.7,,16.0,26.0,3.0,3.0,0.0,-0.6999999999999957,57.4,58.5,94.5,57.36666666666667,74.71249999999999,16.223448207430042,0.50625,22.7,25.1,40.8
2026-03-26 17:00:00,Karachi,24.8607,67.0011,25.2,77.0,6.9,1013.3,unknown,2.0,11.82,23.29,0.05,0.06,101.71,52.77,0.0,56.1,,17.0,26.0,3.0,3.0,0.0,-0.6000000000000014,56.7,58.0,96.8,56.73333333333333,73.01666666666667,15.93895055916708,0.5075139544869043,23.1,24.2,41.8
2026-03-26 18:00:00,Karachi,24.8607,67.0011,25.4,81.0,8.2,1013.5,unknown,2.0,11.34,22.33,0.05,0.06,101.78,52.5,0.0,55.2,,18.0,26.0,3.0,3.0,0.0,-0.8999999999999986,56.1,57.4,98.8,56.0,71.2,15.346150912399011,0.5078369905956113,23.7,23.2,42.6
2026-03-26 19:00:00,Karachi,24.8607,67.0011,25.4,81.0,7.9,1012.9,unknown,2.0,10.74,21.16,0.05,0.06,101.75,52.13,0.0,54.1,,19.0,26.0,3.0,3.0,0.0,-1.1000000000000014,55.2,56.7,99.6,55.13333333333333,69.30416666666666,14.47064432226462,0.5075614366729678,24.8,22.8,43.2
2026-03-26 20:00:00,Karachi,24.8607,67.0011,25.2,83.0,6.5,1012.5,unknown,2.0,10.07,19.95,0.05,0.06,101.99,51.78,0.0,52.8,,20.0,26.0,3.0,3.0,0.0,-1.3000000000000045,54.1,56.1,99.0,54.03333333333333,67.37916666666666,13.380387307279095,0.5047619047619047,26.5,24.1,43.7
2026-03-26 21:00:00,Karachi,24.8607,67.0011,24.7,85.0,7.0,1011.9,unknown,1.0,9.33,18.69,0.05,0.07,102.17,51.31,0.0,51.4,,21.0,26.0,3.0,3.0,0.0,-1.3999999999999986,52.8,55.2,97.2,52.76666666666666,65.47083333333335,12.152025387339204,0.4991974317817014,28.7,26.2,44.7
2026-03-26 22:00:00,Karachi,24.8607,67.0011,24.3,88.0,7.8,1011.4,unknown,1.0,8.4,17.1,0.05,0.07,102.4,50.69,0.0,46.7,,22.0,26.0,3.0,3.0,0.0,-4.699999999999996,51.4,54.1,94.2,50.29999999999999,63.49166666666667,11.091356472760346,0.4912280701754385,31.1,28.2,46.0
2026-03-26 23:00:00,Karachi,24.8607,67.0011,24.0,90.0,7.9,1011.1,unknown,1.0,7.44,15.36,0.05,0.07,102.49,49.85,0.0,41.3,,23.0,26.0,3.0,3.0,0.0,-5.400000000000006,46.7,52.8,90.4,46.46666666666666,61.44583333333333,10.420255323865176,0.484375,32.6,28.9,47.0
2026-03-27 00:00:00,Karachi,24.8607,67.0011,23.7,93.0,6.2,1011.6,unknown,1.0,6.64,13.93,0.04,0.07,102.5,48.98,0.0,36.9,,0.0,27.0,3.0,4.0,0.0,-4.399999999999999,41.3,51.4,86.3,41.633333333333326,59.3875,10.173422856086614,0.4766690595836324,33.5,28.5,47.5
2026-03-27 01:00:00,Karachi,24.8607,67.0011,23.7,93.0,6.8,1012.0,unknown,1.0,6.03,12.88,0.04,0.07,102.46,48.16,0.0,33.5,,1.0,27.0,3.0,4.0,0.0,-3.3999999999999986,36.9,46.7,81.9,37.23333333333333,57.37083333333333,10.31295003410028,0.468167701863354,34.1,26.7,47.4
2026-03-27 02:00:00,Karachi,24.8607,67.0011,23.7,93.0,7.5,1012.2,unknown,1.0,5.55,12.13,0.04,0.07,102.39,47.44,0.0,30.8,,2.0,27.0,3.0,4.0,0.0,-2.6999999999999997,33.5,41.3,77.0,33.73333333333333,55.445833333333326,10.790453879591446,0.4575432811211871,34.5,25.2,47.2
2026-03-27 03:00:00,Karachi,24.8607,67.0011,24.9,86.0,6.2,1012.9,unknown,1.0,5.16,11.57,0.04,0.08,102.22,46.77,0.0,28.7,,3.0,27.0,3.0,4.0,0.0,-2.1000000000000014,30.8,36.9,72.6,30.99999999999999,53.61666666666667,11.456445562546524,0.445980985306828,34.4,24.2,47.6
2026-03-27 04:00:00,Karachi,24.8607,67.0011,26.7,75.0,5.1,1013.3,unknown,1.0,4.85,11.1,0.04,0.09,101.88,46.04,0.0,26.9,,4.0,27.0,3.0,4.0,0.0,-1.8000000000000007,28.7,33.5,69.0,28.799999999999997,51.8625,12.197712276597864,0.4369369369369369,33.6,23.1,48.3
2026-03-27 05:00:00,Karachi,24.8607,67.0011,28.7,60.0,1.5,1013.4,unknown,1.0,4.64,10.71,0.03,0.09,101.61,45.37,0.0,25.8,,5.0,27.0,3.0,4.0,0.0,-1.099999999999998,26.9,30.8,66.7,27.13333333333333,50.15833333333333,12.873022572223933,0.4332399626517273,32.2,22.6,49.8
2026-03-27 06:00:00,Karachi,24.8607,67.0011,30.0,54.0,3.9,1013.2,unknown,1.0,4.46,10.26,0.03,0.09,101.51,44.58,0.0,24.8,,6.0,27.0,3.0,4.0,0.0,-1.0,25.8,28.7,65.1,25.83333333333333,48.47916666666666,13.454528223249078,0.4346978557504873,30.9,23.2,51.4
2026-03-27 07:00:00,Karachi,24.8607,67.0011,30.8,52.0,11.8,1012.8,unknown,1.0,4.31,9.83,0.03,0.08,100.95,43.43,0.0,23.9,,7.0,27.0,3.0,4.0,0.0,-0.9000000000000021,24.8,26.9,63.8,24.83333333333333,46.81666666666667,13.935618008377851,0.4384537131230925,29.9,24.7,52.2
2026-03-27 08:00:00,Karachi,24.8607,67.0011,30.7,52.0,13.3,1012.0,unknown,1.0,4.2,9.56,0.03,0.08,100.15,42.09,0.0,23.3,,8.0,27.0,3.0,4.0,0.0,-0.5999999999999979,23.9,25.8,62.8,24.0,45.17083333333333,14.293795527422889,0.4393305439330544,29.4,26.3,53.1
2026-03-27 09:00:00,Karachi,24.8607,67.0011,31.0,49.0,15.3,1011.2,unknown,1.0,4.12,9.41,0.02,0.07,99.03,40.56,0.0,22.9,,9.0,27.0,3.0,4.0,0.0,-0.4000000000000021,23.3,24.8,61.8,23.36666666666666,43.55,14.529729642299852,0.4378320935175345,29.1,27.8,53.9
2026-03-27 10:00:00,Karachi,24.8607,67.0011,30.1,54.0,18.2,1010.6,unknown,1.0,4.06,9.38,0.02,0.07,98.1,39.28,0.0,22.6,,10.0,27.0,3.0,4.0,0.0,-0.2999999999999971,22.9,23.9,60.8,22.933333333333326,41.958333333333336,14.649734132228996,0.4328358208955223,28.6,29.2,54.7
2026-03-27 11:00:00,Karachi,24.8607,67.0011,28.9,59.0,19.7,1010.0,unknown,1.0,4.02,9.58,0.02,0.08,96.99,38.42,0.0,22.3,,11.0,27.0,3.0,4.0,0.0,-0.3000000000000007,22.6,23.3,59.7,22.599999999999994,40.4,14.66960774200923,0.4196242171189979,27.9,31.0,55.4
2026-03-27 12:00:00,Karachi,24.8607,67.0011,27.8,66.0,20.6,1010.1,unknown,1.0,4.02,9.99,0.02,0.1,95.83,38.22,0.0,22.3,,12.0,27.0,3.0,4.0,0.0,0.0,22.3,22.9,59.0,22.399999999999995,38.87083333333333,14.558830554049326,0.4024024024024023,27.4,32.7,55.9
2026-03-27 13:00:00,Karachi,24.8607,67.0011,27.1,70.0,17.6,1009.6,unknown,1.0,4.04,10.44,0.03,0.11,95.07,38.77,0.0,22.4,,13.0,27.0,3.0,4.0,0.0,0.0999999999999978,22.3,22.6,58.5,22.33333333333333,37.36666666666667,14.305294449099426,0.3869731800766284,26.7,34.4,56.1
2026-03-27 14:00:00,Karachi,24.8607,67.0011,26.3,75.0,12.7,1009.2,unknown,1.0,4.04,10.68,0.05,0.12,93.98,39.53,0.0,22.4,,14.0,27.0,3.0,4.0,0.0,0.0,22.4,22.3,58.0,22.36666666666666,35.88333333333333,13.91310507233009,0.3782771535580524,25.9,37.1,56.1
2026-03-27 15:00:00,Karachi,24.8607,67.0011,25.8,81.0,15.0,1009.4,unknown,1.0,4.05,10.72,0.05,0.13,92.88,40.5,0.0,22.5,,15.0,27.0,3.0,4.0,0.0,0.1000000000000014,22.4,22.3,57.4,22.433333333333326,34.42916666666667,13.380078610503904,0.3777985074626865,25.6,39.4,55.8
2026-03-27 16:00:00,Karachi,24.8607,67.0011,25.7,81.0,15.0,1009.5,unknown,1.0,4.08,10.67,0.06,0.14,91.45,41.31,0.0,22.7,,16.0,27.0,3.0,4.0,0.0,0.1999999999999993,22.5,22.4,56.7,22.533333333333328,33.0125,12.70232133869166,0.3823805060918463,25.1,40.8,55.0
2026-03-27 17:00:00,Karachi,24.8607,67.0011,25.4,83.0,12.7,1009.2,unknown,1.0,4.15,10.73,0.06,0.15,90.14,41.95,0.0,23.1,,17.0,27.0,3.0,4.0,0.0,0.4000000000000021,22.7,22.4,56.1,22.766666666666666,31.6375,11.852125566110969,0.3867660764212488,24.2,41.8,54.1
2026-03-27 18:00:00,Karachi,24.8607,67.0011,25.4,84.0,12.4,1008.8,unknown,1.0,4.26,10.97,0.06,0.16,89.0,42.4,0.0,23.7,,18.0,27.0,3.0,4.0,0.0,0.5999999999999979,23.1,22.5,55.2,23.16666666666666,30.325,10.829398393507248,0.3883318140382862,23.2,42.6,52.9
2026-03-27 19:00:00,Karachi,24.8607,67.0011,25.3,86.0,15.8,1008.5,unknown,1.0,4.47,11.58,0.06,0.17,88.22,42.58,0.0,24.8,,19.0,27.0,3.0,4.0,0.0,1.1000000000000014,23.7,22.7,54.1,23.866666666666664,29.104166666666668,9.61622176400763,0.3860103626943005,22.8,43.2,51.8
2026-03-27 20:00:00,Karachi,24.8607,67.0011,25.1,87.0,19.1,1008.4,unknown,1.0,4.77,12.57,0.06,0.18,87.99,42.71,0.0,26.5,,20.0,27.0,3.0,4.0,0.0,1.6999999999999993,24.8,23.1,52.8,25.0,28.008333333333336,8.19150762079434,0.3794749403341288,24.1,43.7,25.8
2026-03-27 21:00:00,Karachi,24.8607,67.0011,25.0,87.0,18.0,1007.6,unknown,1.0,5.17,13.85,0.06,0.19,88.08,42.55,0.0,28.7,,21.0,27.0,3.0,4.0,0.0,2.1999999999999997,26.5,23.7,51.4,26.66666666666666,27.0625,6.511382174789807,0.3732851985559567,26.2,44.7,49.1
2026-03-27 22:00:00,Karachi,24.8607,67.0011,24.8,87.0,15.1,1006.7,unknown,1.0,5.6,14.97,0.07,0.19,88.83,41.96,0.0,31.1,,22.0,27.0,3.0,4.0,0.0,2.400000000000002,28.7,24.8,46.7,28.766666666666666,26.4125,5.089145524938074,0.3740814963259852,28.2,46.0,48.6
2026-03-27 23:00:00,Karachi,24.8607,67.0011,24.8,87.0,14.8,1006.4,unknown,1.0,5.86,15.41,0.07,0.2,89.79,40.37,0.0,32.6,,23.0,27.0,3.0,4.0,0.0,1.5,31.1,26.5,41.3,30.8,26.05,4.217870882648409,0.3802725502920182,28.9,47.0,48.6
2026-03-28 00:00:00,Karachi,24.8607,67.0011,25.0,83.0,15.2,1006.9,unknown,1.0,6.03,15.66,0.07,0.2,90.99,38.18,0.0,33.5,,0.0,28.0,3.0,5.0,1.0,0.8999999999999986,32.6,28.7,36.9,32.4,25.90833333333333,3.88127238961704,0.3850574712643678,28.5,47.5,48.6
2026-03-28 01:00:00,Karachi,24.8607,67.0011,25.0,82.0,14.3,1007.1,unknown,1.0,6.14,16.17,0.08,0.22,92.17,36.03,0.0,34.1,,1.0,28.0,3.0,5.0,1.0,0.6000000000000014,33.5,31.1,33.5,33.4,25.933333333333337,3.933873703987621,0.3797155225726654,26.7,47.4,48.4
2026-03-28 02:00:00,Karachi,24.8607,67.0011,25.1,80.0,14.5,1007.4,unknown,1.0,6.21,17.24,0.09,0.24,93.18,34.68,0.0,34.5,,2.0,28.0,3.0,5.0,1.0,0.3999999999999986,34.1,32.6,30.8,34.03333333333333,26.0875,4.196614836632146,0.3602088167053364,25.2,47.2,47.6
2026-03-28 03:00:00,Karachi,24.8607,67.0011,26.1,73.0,20.8,1007.8,unknown,1.0,6.19,18.3,0.12,0.27,94.67,35.17,0.0,34.4,,3.0,28.0,3.0,5.0,1.0,-0.1000000000000014,34.5,33.5,28.7,34.33333333333333,26.325000000000003,4.501135122542826,0.3382513661202186,24.2,47.6,46.8
2026-03-28 04:00:00,Karachi,24.8607,67.0011,27.2,66.0,23.2,1008.5,unknown,1.0,6.05,18.74,0.14,0.29,96.35,38.17,0.0,33.6,,4.0,28.0,3.0,5.0,1.0,-0.7999999999999972,34.4,34.1,26.9,34.16666666666666,26.60416666666667,4.739792617621048,0.3228388473852722,23.1,48.3,46.5
2026-03-28 05:00:00,Karachi,24.8607,67.0011,28.0,64.0,22.9,1008.9,unknown,1.0,5.8,18.38,0.14,0.29,98.36,42.93,0.0,32.2,,5.0,28.0,3.0,5.0,1.0,-1.3999999999999986,33.6,34.5,25.8,33.4,26.870833333333334,4.870807375870792,0.3155603917301414,22.6,49.8,46.8
2026-03-28 06:00:00,Karachi,24.8607,67.0011,29.1,54.0,19.1,1008.3,unknown,1.0,5.56,17.64,0.13,0.28,100.11,47.8,0.0,30.9,,6.0,28.0,3.0,5.0,1.0,-1.3000000000000045,32.2,34.4,24.8,32.23333333333333,27.125,4.916984760045346,0.3151927437641723,23.2,51.4,47.7
2026-03-28 07:00:00,Karachi,24.8607,67.0011,29.5,55.0,20.7,1008.0,unknown,1.0,5.39,16.84,0.12,0.27,101.1,51.08,0.0,29.9,,7.0,28.0,3.0,5.0,1.0,-1.0,30.9,33.6,23.9,31.0,27.375,4.898380388951612,0.3200712589073634,24.7,52.2,48.8
2026-03-28 08:00:00,Karachi,24.8607,67.0011,30.3,48.0,21.3,1007.0,unknown,1.0,5.3,16.31,0.1,0.25,101.5,52.25,0.0,29.4,,8.0,28.0,3.0,5.0,1.0,-0.5,29.9,32.2,23.3,30.066666666666663,27.629166666666663,4.835599793448761,0.3249540159411404,26.3,53.1,49.9
2026-03-28 09:00:00,Karachi,24.8607,67.0011,30.1,47.0,22.8,1006.5,unknown,1.0,5.23,15.93,0.09,0.24,101.5,51.93,0.0,29.1,,9.0,28.0,3.0,5.0,1.0,-0.2999999999999971,29.4,30.9,22.9,29.466666666666654,27.887500000000003,4.736565670177989,0.3283113622096673,27.8,53.9,51.0
2026-03-28 10:00:00,Karachi,24.8607,67.0011,29.4,50.0,23.4,1006.2,unknown,1.0,5.15,15.52,0.09,0.23,101.77,51.21,0.0,28.6,,10.0,28.0,3.0,5.0,1.0,-0.5,29.1,29.9,22.6,29.03333333333333,28.1375,4.60177777557049,0.3318298969072165,29.2,54.7,51.3
2026-03-28 11:00:00,Karachi,24.8607,67.0011,28.1,62.0,21.3,1005.6,unknown,1.0,5.02,15.05,0.1,0.23,101.35,50.24,0.0,27.9,,11.0,28.0,3.0,5.0,1.0,-0.7000000000000028,28.6,29.4,22.3,28.53333333333333,28.370833333333337,4.431750970750581,0.3335548172757475,31.0,55.4,51.4
2026-03-28 12:00:00,Karachi,24.8607,67.0011,27.8,60.0,20.8,1004.8,unknown,1.0,4.94,14.72,0.12,0.23,101.09,49.1,0.0,27.4,,12.0,28.0,3.0,5.0,1.0,-0.5,27.9,29.1,22.3,27.966666666666654,28.58333333333333,4.246396596886923,0.3355978260869565,32.7,55.9,51.4
2026-03-28 13:00:00,Karachi,24.8607,67.0011,27.0,66.0,19.5,1004.9,unknown,1.0,4.81,14.16,0.14,0.23,101.25,46.89,0.0,26.7,,13.0,28.0,3.0,5.0,1.0,-0.6999999999999993,27.4,28.6,22.4,27.33333333333333,28.7625,4.060821559636925,0.3396892655367231,34.4,56.1,51.3
2026-03-28 14:00:00,Karachi,24.8607,67.0011,26.3,72.0,20.4,1005.0,unknown,1.0,4.67,13.47,0.15,0.23,102.41,43.3,0.0,25.9,,14.0,28.0,3.0,5.0,1.0,-0.8000000000000007,26.7,27.9,22.4,26.66666666666666,28.90833333333333,3.881272389616621,0.3466963622865627,37.1,56.1,51.3
2026-03-28 15:00:00,Karachi,24.8607,67.0011,26.1,72.0,20.8,1005.3,unknown,1.0,4.61,13.04,0.15,0.23,104.94,39.09,0.0,25.6,,15.0,28.0,3.0,5.0,1.0,-0.2999999999999971,25.9,27.4,22.5,26.066666666666663,29.0375,3.706376702515665,0.3535276073619632,39.4,55.8,51.3
2026-03-28 16:00:00,Karachi,24.8607,67.0011,25.9,71.0,20.9,1005.9,unknown,1.0,4.52,12.61,0.14,0.22,108.06,35.62,0.0,25.1,,16.0,28.0,3.0,5.0,1.0,-0.5,25.6,26.7,22.7,25.533333333333328,29.1375,3.557333209765233,0.3584456780333069,40.8,55.0,51.3
2026-03-28 17:00:00,Karachi,24.8607,67.0011,25.8,70.0,20.8,1006.1,unknown,1.0,4.35,12.4,0.14,0.22,111.07,33.93,0.0,24.2,,17.0,28.0,3.0,5.0,1.0,-0.9000000000000021,25.1,25.9,23.1,24.966666666666665,29.183333333333337,3.4824612319400248,0.3508064516129032,41.8,54.1,51.4
2026-03-28 18:00:00,Karachi,24.8607,67.0011,26.2,68.0,19.8,1006.0,unknown,1.0,4.17,12.41,0.14,0.22,113.72,33.61,0.0,23.2,,18.0,28.0,3.0,5.0,1.0,-1.0,24.2,25.6,23.7,24.16666666666666,29.1625,3.5180049311695645,0.3360193392425463,42.6,52.9,51.6
2026-03-28 19:00:00,Karachi,24.8607,67.0011,26.0,66.0,19.3,1005.7,unknown,1.0,4.11,12.84,0.14,0.22,115.31,34.01,0.0,22.8,,19.0,28.0,3.0,5.0,1.0,-0.3999999999999986,23.2,25.1,24.8,23.399999999999995,29.079166666666666,3.647152452883488,0.3200934579439252,43.2,51.8,51.7
2026-03-28 20:00:00,Karachi,24.8607,67.0011,25.6,67.0,19.4,1005.5,unknown,1.0,4.33,13.42,0.15,0.24,116.49,35.01,0.0,24.1,,20.0,28.0,3.0,5.0,1.0,1.3000000000000007,22.8,24.2,26.5,23.366666666666664,28.97916666666667,3.752330193911426,0.3226527570789866,43.7,25.8,52.0
2026-03-28 21:00:00,Karachi,24.8607,67.0011,25.3,72.0,18.7,1005.2,unknown,1.0,4.71,14.01,0.17,0.25,117.31,36.86,0.0,26.2,,21.0,28.0,3.0,5.0,1.0,2.099999999999998,24.1,23.2,28.7,24.36666666666666,28.875,3.794876408607169,0.3361884368308351,44.7,49.1,52.1
2026-03-28 22:00:00,Karachi,24.8607,67.0011,25.1,68.0,19.6,1005.0,unknown,1.0,5.07,13.77,0.18,0.25,117.61,39.82,0.0,28.2,,22.0,28.0,3.0,5.0,1.0,2.0,26.2,22.8,31.1,26.16666666666666,28.754166666666663,3.7670169453757847,0.3681917211328976,46.0,48.6,52.3
2026-03-28 23:00:00,Karachi,24.8607,67.0011,24.9,70.0,19.7,1004.9,unknown,1.0,5.21,13.08,0.2,0.25,117.24,43.48,0.0,28.9,,23.0,28.0,3.0,5.0,1.0,0.6999999999999993,28.2,24.1,32.6,27.766666666666666,28.6,3.677428212888917,0.3983180428134557,47.0,48.6,52.5
2026-03-29 00:00:00,Karachi,24.8607,67.0011,24.6,73.0,19.7,1004.7,unknown,1.0,5.13,12.41,0.21,0.23,116.73,47.29,0.0,28.5,,0.0,29.0,3.0,6.0,1.0,-0.3999999999999986,28.9,26.2,33.5,28.533333333333328,28.391666666666666,3.526288437579883,0.4133763094278807,47.5,48.6,52.5
2026-03-29 01:00:00,Karachi,24.8607,67.0011,24.8,71.0,18.9,1005.2,unknown,1.0,4.81,12.01,0.23,0.22,116.19,50.97,0.0,26.7,,1.0,29.0,3.0,6.0,1.0,-1.8000000000000007,28.5,28.2,34.1,28.033333333333328,28.08333333333333,3.32312930923241,0.4004995836802664,47.4,48.4,52.3
2026-03-29 02:00:00,Karachi,24.8607,67.0011,24.7,69.0,17.8,1005.8,unknown,1.0,4.54,12.08,0.24,0.21,116.1,53.85,0.0,25.2,,2.0,29.0,3.0,6.0,1.0,-1.5,26.7,28.9,34.5,26.799999999999997,27.69583333333333,3.075354934165696,0.3758278145695364,47.2,47.6,51.9
2026-03-29 03:00:00,Karachi,24.8607,67.0011,25.7,62.0,18.6,1006.7,unknown,1.0,4.35,12.24,0.28,0.22,116.15,56.19,0.0,24.2,,3.0,29.0,3.0,6.0,1.0,-1.0,25.2,28.5,34.4,25.36666666666666,27.27083333333333,2.801161120548347,0.355392156862745,47.6,46.8,51.6
2026-03-29 04:00:00,Karachi,24.8607,67.0011,26.8,54.0,18.7,1007.7,unknown,1.0,4.16,12.07,0.28,0.22,116.33,57.82,0.0,23.1,,4.0,29.0,3.0,6.0,1.0,-1.099999999999998,24.2,26.7,33.6,24.16666666666666,26.83333333333333,2.580978356252927,0.3446561723280861,48.3,46.5,51.4
2026-03-29 05:00:00,Karachi,24.8607,67.0011,28.0,44.0,18.4,1008.4,unknown,1.0,4.07,11.81,0.24,0.22,116.84,59.38,0.0,22.6,,5.0,29.0,3.0,6.0,1.0,-0.5,23.1,25.2,32.2,23.3,26.433333333333334,2.4538641517913127,0.344623200677392,49.8,46.8,51.5
2026-03-29 06:00:00,Karachi,24.8607,67.0011,28.5,55.0,19.4,1008.5,unknown,2.0,4.18,11.75,0.19,0.22,117.64,61.1,0.0,23.2,,6.0,29.0,3.0,6.0,1.0,0.5999999999999979,22.6,24.2,30.9,22.966666666666654,26.1125,2.345451194212397,0.3557446808510638,51.4,47.7,51.6
2026-03-29 07:00:00,Karachi,24.8607,67.0011,29.2,53.0,21.5,1008.6,unknown,2.0,4.44,12.0,0.16,0.23,118.39,62.42,0.0,24.7,,7.0,29.0,3.0,6.0,1.0,1.5,23.2,23.1,29.9,23.5,25.89583333333333,2.217024870281588,0.37,52.2,48.8,51.9
2026-03-29 08:00:00,Karachi,24.8607,67.0011,29.0,53.0,20.1,1008.2,unknown,2.0,4.74,12.69,0.14,0.23,118.85,63.81,0.0,26.3,,8.0,29.0,3.0,6.0,1.0,1.6000000000000014,24.7,22.6,29.4,24.73333333333333,25.766666666666666,2.090697130824677,0.3735224586288416,53.1,49.9,52.3
2026-03-29 09:00:00,Karachi,24.8607,67.0011,29.1,48.0,19.7,1007.4,unknown,2.0,5.0,13.51,0.13,0.24,119.05,65.88,0.0,27.8,,9.0,29.0,3.0,6.0,1.0,1.5,26.3,23.2,29.1,26.266666666666666,25.712499999999995,2.016090167949431,0.3700962250185048,53.9,51.0,52.7
2026-03-29 10:00:00,Karachi,24.8607,67.0011,28.9,43.0,19.3,1006.8,unknown,2.0,5.26,14.34,0.13,0.25,119.15,69.99,0.0,29.2,,10.0,29.0,3.0,6.0,1.0,1.3999999999999986,27.8,24.7,28.6,27.766666666666666,25.7375,2.056762441123277,0.3668061366806137,54.7,51.3,53.3
2026-03-29 11:00:00,Karachi,24.8607,67.0011,28.5,39.0,18.7,1006.3,unknown,2.0,5.58,15.42,0.14,0.26,119.04,76.57,0.0,31.0,,11.0,29.0,3.0,6.0,1.0,1.8000000000000007,29.2,26.3,27.9,29.33333333333333,25.866666666666664,2.283335978013441,0.3618677042801556,55.4,51.4,54.0
2026-03-29 12:00:00,Karachi,24.8607,67.0011,27.7,42.0,17.7,1006.3,unknown,2.0,5.88,16.64,0.16,0.28,119.17,84.52,0.0,32.7,,12.0,29.0,3.0,6.0,1.0,1.7000000000000028,31.0,27.8,27.4,30.966666666666665,26.0875,2.6628380577541124,0.3533653846153846,55.9,51.4,54.9
2026-03-29 13:00:00,Karachi,24.8607,67.0011,26.8,50.0,17.3,1006.6,unknown,2.0,6.2,18.18,0.21,0.31,119.6,92.5,0.0,34.4,,13.0,29.0,3.0,6.0,1.0,1.6999999999999955,32.7,29.2,26.7,32.7,26.40833333333333,3.157725745555206,0.341034103410341,56.1,51.3,56.0
2026-03-29 14:00:00,Karachi,24.8607,67.0011,26.0,56.0,18.8,1007.2,unknown,2.0,6.67,20.13,0.26,0.35,120.2,98.3,0.0,37.1,,14.0,29.0,3.0,6.0,1.0,2.700000000000003,34.4,31.0,25.9,34.73333333333333,26.875,3.834426435210385,0.3313462493790363,56.1,51.3,57.1
2026-03-29 15:00:00,Karachi,24.8607,67.0011,25.7,62.0,12.7,1007.3,unknown,3.0,7.09,21.8,0.27,0.37,120.79,102.96,0.0,39.4,,15.0,29.0,3.0,6.0,1.0,2.299999999999997,37.1,32.7,25.6,36.96666666666666,27.450000000000003,4.594325422414002,0.3252293577981651,55.8,51.3,57.9
2026-03-29 16:00:00,Karachi,24.8607,67.0011,25.3,65.0,13.3,1007.2,unknown,3.0,7.34,22.97,0.26,0.39,121.19,106.25,0.0,40.8,,16.0,29.0,3.0,6.0,1.0,1.3999999999999986,39.4,34.4,25.1,39.1,28.104166666666668,5.307540097271081,0.3195472355245973,55.0,51.3,58.5
2026-03-29 17:00:00,Karachi,24.8607,67.0011,25.0,68.0,13.8,1007.4,unknown,3.0,7.53,24.04,0.25,0.41,121.56,109.97,0.0,41.8,,17.0,29.0,3.0,6.0,1.0,1.0,40.8,37.1,24.2,40.66666666666666,28.837499999999995,5.924658309728762,0.3132279534109817,54.1,51.4,58.8
2026-03-29 18:00:00,Karachi,24.8607,67.0011,25.2,64.0,12.6,1007.4,unknown,3.0,7.67,25.2,0.25,0.44,121.8,114.16,0.0,42.6,,18.0,29.0,3.0,6.0,1.0,0.8000000000000043,41.8,39.4,23.2,41.73333333333333,29.64583333333333,6.42440856129181,0.3043650793650794,52.9,51.6,59.1
2026-03-29 19:00:00,Karachi,24.8607,67.0011,25.4,65.0,12.9,1007.0,unknown,3.0,7.77,26.32,0.25,0.48,121.87,118.04,0.0,43.2,,19.0,29.0,3.0,6.0,1.0,0.6000000000000014,42.6,40.8,22.8,42.53333333333333,30.495833333333334,6.816825677609801,0.2952127659574468,51.8,51.7,59.3
2026-03-29 20:00:00,Karachi,24.8607,67.0011,25.5,58.0,14.4,1006.6,unknown,3.0,7.87,27.49,0.25,0.52,121.54,120.93,0.0,43.7,,20.0,29.0,3.0,6.0,1.0,0.5,43.2,41.8,24.1,43.16666666666666,31.3125,7.1815774275506445,0.2862859221535104,25.8,52.0,59.7
2026-03-29 21:00:00,Karachi,24.8607,67.0011,25.2,60.0,14.7,1006.2,unknown,3.0,8.05,29.0,0.25,0.56,121.3,123.02,0.0,44.7,,21.0,29.0,3.0,6.0,1.0,1.0,43.7,42.6,26.2,43.86666666666667,32.083333333333336,7.590191993146921,0.2775862068965517,49.1,52.1,60.1
2026-03-29 22:00:00,Karachi,24.8607,67.0011,24.9,65.0,15.1,1006.2,unknown,3.0,8.28,30.71,0.24,0.61,120.88,123.92,0.0,46.0,,22.0,29.0,3.0,6.0,1.0,1.2999999999999972,44.7,43.2,28.2,44.79999999999999,32.825,8.0499662435203,0.2696190166069684,48.6,52.3,59.8
2026-03-29 23:00:00,Karachi,24.8607,67.0011,24.8,66.0,14.7,1006.3,unknown,3.0,8.46,32.23,0.24,0.65,120.47,124.24,0.0,47.0,,23.0,29.0,3.0,6.0,1.0,1.0,46.0,43.7,28.9,45.9,33.579166666666666,8.501456610065713,0.2624883648774434,48.6,52.5,59.0
2026-03-30 00:00:00,Karachi,24.8607,67.0011,24.0,62.0,14.2,1006.2,unknown,3.0,8.55,33.15,0.24,0.69,120.04,123.8,0.0,47.5,,0.0,30.0,3.0,0.0,0.0,0.5,47.0,44.7,28.5,46.833333333333336,34.37083333333333,8.883961081231115,0.2579185520361991,48.6,52.5,57.9
2026-03-30 01:00:00,Karachi,24.8607,67.0011,23.8,62.0,14.2,1006.7,unknown,3.0,8.54,33.33,0.24,0.71,119.74,123.05,0.0,47.4,,1.0,30.0,3.0,0.0,0.0,-0.1000000000000014,47.5,46.0,26.7,47.29999999999999,35.23333333333333,9.108842653862686,0.2562256225622562,48.4,52.3,56.6
2026-03-30 02:00:00,Karachi,24.8607,67.0011,23.8,63.0,13.9,1007.5,unknown,3.0,8.5,33.07,0.25,0.72,119.76,123.15,0.0,47.2,,2.0,30.0,3.0,0.0,0.0,-0.1999999999999957,47.4,47.0,25.2,47.36666666666667,36.15,9.162067357367722,0.257030541276081,47.6,51.9,55.3
2026-03-30 03:00:00,Karachi,24.8607,67.0011,24.7,61.0,15.4,1008.3,unknown,3.0,8.56,32.84,0.31,0.73,120.25,123.81,0.0,47.6,,3.0,30.0,3.0,0.0,0.0,0.3999999999999986,47.2,47.5,24.2,47.4,37.125,9.079803196492149,0.2606577344701583,46.8,51.6,54.3
2026-03-30 04:00:00,Karachi,24.8607,67.0011,25.7,56.0,14.6,1009.3,unknown,3.0,8.7,32.81,0.29,0.75,120.77,124.57,0.0,48.3,,4.0,30.0,3.0,0.0,0.0,0.6999999999999957,47.6,47.4,23.1,47.69999999999999,38.175,8.841367688811898,0.2651630600426699,46.5,51.4,53.0
2026-03-30 05:00:00,Karachi,24.8607,67.0011,26.6,50.0,13.2,1009.7,unknown,3.0,8.97,33.2,0.23,0.76,121.29,125.73,0.0,49.8,,5.0,30.0,3.0,0.0,0.0,1.5,48.3,47.2,22.6,48.56666666666666,39.30833333333334,8.494597601173776,0.2701807228915662,46.8,51.5,51.5
2026-03-30 06:00:00,Karachi,24.8607,67.0011,27.5,48.0,15.3,1010.2,unknown,3.0,9.34,33.91,0.18,0.78,121.81,126.34,0.0,51.4,,6.0,30.0,3.0,0.0,0.0,1.6000000000000014,49.8,47.6,23.2,49.83333333333332,40.48333333333333,8.11127324304004,0.2754349749336479,47.7,51.6,48.7
2026-03-30 07:00:00,Karachi,24.8607,67.0011,27.9,43.0,15.7,1010.2,unknown,3.0,9.76,34.79,0.16,0.79,122.1,125.82,0.0,52.2,,7.0,30.0,3.0,0.0,0.0,0.8000000000000043,51.4,48.3,24.7,51.133333333333326,41.62916666666666,7.717539547468111,0.2805403851681518,48.8,51.9,44.3
2026-03-30 08:00:00,Karachi,24.8607,67.0011,28.2,40.0,16.5,1009.8,unknown,3.0,10.22,35.75,0.15,0.8,122.4,125.16,0.0,53.1,,8.0,30.0,3.0,0.0,0.0,0.8999999999999986,52.2,49.8,26.3,52.23333333333333,42.74583333333334,7.33235706611414,0.2858741258741259,49.9,52.3,39.6
2026-03-30 09:00:00,Karachi,24.8607,67.0011,28.3,38.0,15.7,1008.6,unknown,3.0,10.65,36.57,0.14,0.81,122.39,124.19,0.0,53.9,,9.0,30.0,3.0,0.0,0.0,0.7999999999999972,53.1,51.4,27.8,53.06666666666666,43.833333333333336,6.9445422215385735,0.2912223133716161,51.0,52.7,34.5
2026-03-30 10:00:00,Karachi,24.8607,67.0011,28.0,38.0,16.3,1007.9,unknown,3.0,11.09,37.33,0.15,0.83,122.76,124.19,0.0,54.7,,10.0,30.0,3.0,0.0,0.0,0.8000000000000043,53.9,52.2,29.2,53.9,44.895833333333336,6.547716440086134,0.2970800964371819,51.3,53.3,29.2
2026-03-30 11:00:00,Karachi,24.8607,67.0011,27.6,39.0,15.4,1007.1,unknown,3.0,11.46,37.81,0.16,0.85,122.85,124.57,0.0,55.4,,11.0,30.0,3.0,0.0,0.0,0.6999999999999957,54.7,53.1,31.0,54.66666666666666,45.9125,6.180285099662187,0.3030944194657498,51.4,54.0,25.3
2026-03-30 12:00:00,Karachi,24.8607,67.0011,26.7,42.0,15.6,1007.3,unknown,3.0,11.72,37.95,0.19,0.86,122.91,124.94,0.0,55.9,,12.0,30.0,3.0,0.0,0.0,0.5,55.4,53.9,32.7,55.33333333333332,46.87916666666666,5.828190797415302,0.3088274044795784,51.4,54.9,21.8
2026-03-30 13:00:00,Karachi,24.8607,67.0011,25.7,47.0,14.6,1007.4,unknown,3.0,11.85,37.81,0.24,0.87,122.79,126.18,0.0,56.1,,13.0,30.0,3.0,0.0,0.0,0.2000000000000028,55.9,54.7,34.4,55.79999999999999,47.78333333333334,5.480928726977377,0.3134091510182491,51.3,56.0,18.8
2026-03-30 14:00:00,Karachi,24.8607,67.0011,24.8,54.0,13.9,1007.5,unknown,3.0,11.84,37.27,0.28,0.87,122.62,127.11,0.0,56.1,,14.0,30.0,3.0,0.0,0.0,0.0,56.1,55.4,37.1,56.03333333333333,48.575,5.237511025209447,0.3176817815937751,51.3,57.1,16.9
2026-03-30 15:00:00,Karachi,24.8607,67.0011,24.7,57.0,15.2,1008.3,unknown,3.0,11.66,36.29,0.27,0.87,122.02,127.84,0.0,55.8,,15.0,30.0,3.0,0.0,0.0,-0.3000000000000042,56.1,55.9,39.4,55.99999999999999,49.25833333333333,5.055080669956659,0.3213006337834114,51.3,57.9,17.6
2026-03-30 16:00:00,Karachi,24.8607,67.0011,24.5,60.0,13.7,1008.8,unknown,3.0,11.27,34.79,0.25,0.85,121.11,128.25,0.0,55.0,,16.0,30.0,3.0,0.0,0.0,-0.7999999999999972,55.8,56.1,40.8,55.633333333333326,49.85,4.848845671691848,0.323943661971831,51.3,58.5,20.9
2026-03-30 17:00:00,Karachi,24.8607,67.0011,24.4,60.0,12.8,1009.2,unknown,3.0,10.74,32.9,0.24,0.81,120.24,128.31,0.0,54.1,,17.0,30.0,3.0,0.0,0.0,-0.8999999999999986,55.0,56.1,41.8,54.96666666666666,50.3625,4.604894607684764,0.3264437689969605,51.4,58.8,24.4
2026-03-30 18:00:00,Karachi,24.8607,67.0011,24.2,57.0,11.4,1008.8,unknown,3.0,10.12,30.88,0.22,0.76,119.41,128.21,0.0,52.9,,18.0,30.0,3.0,0.0,0.0,-1.2000000000000028,54.1,55.8,42.6,53.99999999999999,50.79166666666666,4.321223323845969,0.327720207253886,51.6,59.1,27.4
2026-03-30 19:00:00,Karachi,24.8607,67.0011,24.1,58.0,11.5,1008.8,unknown,3.0,9.51,29.03,0.21,0.71,118.42,127.47,0.0,51.8,,19.0,30.0,3.0,0.0,0.0,-1.1000000000000014,52.9,55.0,43.2,52.93333333333333,51.15,4.009662243182722,0.3275921460558043,51.7,59.3,30.0
2026-03-30 20:00:00,Karachi,24.8607,67.0011,23.9,61.0,11.3,1008.3,unknown,3.0,9.08,27.83,0.21,0.68,117.75,126.84,0.0,25.8,,20.0,30.0,3.0,0.0,0.0,-26.0,51.8,54.1,43.7,43.49999999999999,50.40416666666667,6.40498984601805,0.3262666187567373,52.0,59.7,32.8
2026-03-30 21:00:00,Karachi,24.8607,67.0011,23.9,61.0,12.8,1007.7,unknown,3.0,8.84,27.26,0.2,0.65,117.46,126.05,0.0,49.1,,21.0,30.0,3.0,0.0,0.0,23.3,25.8,52.9,44.7,42.23333333333333,50.5875,6.296673552451711,0.3242846661775495,52.1,60.1,35.8
2026-03-30 22:00:00,Karachi,24.8607,67.0011,23.7,59.0,12.9,1007.4,unknown,3.0,8.75,27.23,0.2,0.65,117.53,125.17,0.0,48.6,,22.0,30.0,3.0,0.0,0.0,-0.5,49.1,51.8,46.0,41.16666666666666,50.695833333333326,6.236392433111303,0.3213367609254499,52.3,59.8,38.7
2026-03-30 23:00:00,Karachi,24.8607,67.0011,23.4,62.0,12.6,1007.6,unknown,3.0,8.74,27.48,0.19,0.66,117.63,124.34,0.0,48.6,,23.0,30.0,3.0,0.0,0.0,0.0,48.6,25.8,47.0,48.76666666666666,50.7625,6.203632351121702,0.3180494905385735,52.5,59.0,40.7
2026-03-31 00:00:00,Karachi,24.8607,67.0011,23.4,64.0,8.2,1007.3,unknown,3.0,8.74,27.79,0.19,0.67,117.82,123.26,0.0,48.6,,0.0,31.0,3.0,1.0,0.0,0.0,48.6,49.1,47.5,48.6,50.80833333333333,6.182508050715267,0.3145016192875135,52.5,57.9,42.0
2026-03-31 01:00:00,Karachi,24.8607,67.0011,23.4,65.0,9.3,1008.1,unknown,3.0,8.71,27.86,0.19,0.68,117.89,122.29,0.0,48.4,,1.0,31.0,3.0,1.0,0.0,-0.2000000000000028,48.6,48.6,47.4,48.53333333333333,50.85,6.1618743619317256,0.3126346015793252,52.3,56.6,41.8
2026-03-31 02:00:00,Karachi,24.8607,67.0011,23.6,64.0,8.7,1009.0,unknown,3.0,8.56,27.37,0.19,0.69,117.78,121.31,0.0,47.6,,2.0,31.0,3.0,1.0,0.0,-0.7999999999999972,48.4,48.6,47.2,48.2,50.86666666666667,6.152105801850212,0.3127511874314943,51.9,55.3,40.8
2026-03-31 03:00:00,Karachi,24.8607,67.0011,24.6,60.0,8.9,1009.9,unknown,3.0,8.42,26.72,0.24,0.69,117.85,120.79,0.0,46.8,,3.0,31.0,3.0,1.0,0.0,-0.8000000000000043,47.6,48.6,47.6,47.6,50.833333333333336,6.172707577768231,0.3151197604790419,51.6,54.3,39.7
2026-03-31 04:00:00,Karachi,24.8607,67.0011,25.8,52.0,10.2,1010.5,unknown,3.0,8.37,26.23,0.25,0.69,118.08,120.68,0.0,46.5,,4.0,31.0,3.0,1.0,0.0,-0.2999999999999971,46.8,48.4,48.3,46.96666666666666,50.758333333333326,6.215612647178703,0.3191002668699961,51.4,53.0,34.9
2026-03-31 05:00:00,Karachi,24.8607,67.0011,26.7,47.0,11.3,1010.9,unknown,3.0,8.42,26.01,0.23,0.69,118.24,120.39,0.0,46.8,,5.0,31.0,3.0,1.0,0.0,0.2999999999999971,46.5,47.6,49.8,46.7,50.63333333333333,6.2656875584222975,0.3237216455209534,51.5,51.5,27.8
2026-03-31 06:00:00,Karachi,24.8607,67.0011,26.5,45.0,12.3,1010.9,unknown,3.0,8.58,26.08,0.18,0.69,118.48,119.94,0.0,47.7,,6.0,31.0,3.0,1.0,0.0,0.9000000000000057,46.8,46.8,51.4,46.99999999999999,50.47916666666666,6.291469667714225,0.3289877300613497,51.6,48.7,22.4
2026-03-31 07:00:00,Karachi,24.8607,67.0011,27.3,45.0,12.4,1010.4,unknown,3.0,8.79,26.29,0.15,0.68,118.38,118.94,0.0,48.8,,7.0,31.0,3.0,1.0,0.0,1.0999999999999943,47.7,46.5,52.2,47.76666666666666,50.337500000000006,6.289315473920269,0.3343476607074933,51.9,44.3,17.3
2026-03-31 08:00:00,Karachi,24.8607,67.0011,27.4,45.0,12.4,1010.0,unknown,3.0,8.99,26.5,0.13,0.67,118.24,117.59,0.0,49.9,,8.0,31.0,3.0,1.0,0.0,1.1000000000000014,48.8,46.8,53.1,48.79999999999999,50.20416666666666,6.262065166140148,0.3392452830188679,52.3,39.6,13.7
2026-03-31 09:00:00,Karachi,24.8607,67.0011,27.3,46.0,12.5,1009.0,unknown,3.0,9.12,26.59,0.12,0.64,117.74,115.89,0.0,51.0,,9.0,31.0,3.0,1.0,0.0,1.1000000000000014,49.9,47.7,53.9,49.9,50.083333333333336,6.215455257503623,0.3429860849943587,52.7,34.5,12.0
2026-03-31 10:00:00,Karachi,24.8607,67.0011,27.4,45.0,13.7,1008.3,unknown,3.0,9.24,26.73,0.12,0.63,117.67,114.76,0.0,51.3,,10.0,31.0,3.0,1.0,0.0,0.2999999999999971,51.0,48.8,54.7,50.73333333333333,49.94166666666666,6.143990819366869,0.345679012345679,53.3,29.2,11.4
2026-03-31 11:00:00,Karachi,24.8607,67.0011,27.2,46.0,14.6,1007.6,unknown,3.0,9.3,26.81,0.14,0.61,117.31,113.95,0.0,51.4,,11.0,31.0,3.0,1.0,0.0,0.1000000000000014,51.3,49.9,55.4,51.23333333333333,49.775,6.042908168298897,0.3468854904886237,54.0,25.3,12.0
2026-03-31 12:00:00,Karachi,24.8607,67.0011,26.5,49.0,13.1,1007.6,unknown,3.0,9.29,26.79,0.16,0.6,116.99,113.39,0.0,51.4,,12.0,31.0,3.0,1.0,0.0,0.0,51.4,51.0,55.9,51.36666666666665,49.587500000000006,5.913015305244774,0.3467711832773423,54.9,21.8,13.6
2026-03-31 13:00:00,Karachi,24.8607,67.0011,25.8,55.0,14.3,1008.0,unknown,3.0,9.26,26.8,0.19,0.58,117.16,113.54,0.0,51.3,,13.0,31.0,3.0,1.0,0.0,-0.1000000000000014,51.4,51.3,56.1,51.36666666666665,49.3875,5.762420422920732,0.3455223880597015,56.0,18.8,16.3
2026-03-31 14:00:00,Karachi,24.8607,67.0011,25.1,58.0,13.9,1008.7,unknown,3.0,9.24,26.89,0.21,0.57,117.21,113.73,0.0,51.3,,14.0,31.0,3.0,1.0,0.0,0.0,51.3,51.4,56.1,51.33333333333332,49.1875,5.600334811425061,0.343622164373373,57.1,16.9,19.9
2026-03-31 15:00:00,Karachi,24.8607,67.0011,25.1,57.0,13.0,1008.9,unknown,3.0,9.24,27.04,0.2,0.55,117.11,114.08,0.0,51.3,,15.0,31.0,3.0,1.0,0.0,0.0,51.3,51.4,55.8,51.3,49.0,5.442425929680584,0.3417159763313609,57.9,17.6,24.4
2026-03-31 16:00:00,Karachi,24.8607,67.0011,25.0,56.0,12.2,1009.7,unknown,3.0,9.25,27.21,0.18,0.54,116.96,114.38,0.0,51.3,,16.0,31.0,3.0,1.0,0.0,0.0,51.3,51.3,55.0,51.3,48.84583333333333,5.316011840103228,0.3399485483278206,58.5,20.9,28.7
2026-03-31 17:00:00,Karachi,24.8607,67.0011,24.7,58.0,9.2,1009.9,unknown,3.0,9.31,27.41,0.18,0.52,116.88,114.91,0.0,51.4,,17.0,31.0,3.0,1.0,0.0,0.1000000000000014,51.3,51.3,54.1,51.33333333333332,48.73333333333333,5.2278241102389895,0.3396570594673477,58.8,24.4,31.6
2026-03-31 18:00:00,Karachi,24.8607,67.0011,24.5,62.0,9.7,1010.1,unknown,3.0,9.41,27.65,0.17,0.5,116.8,115.23,0.0,51.6,,18.0,31.0,3.0,1.0,0.0,0.2000000000000028,51.4,51.3,52.9,51.43333333333333,48.67916666666667,5.189368661167674,0.3403254972875226,59.1,27.4,33.1
2026-03-31 19:00:00,Karachi,24.8607,67.0011,24.5,64.0,8.9,1009.6,unknown,3.0,9.5,27.79,0.16,0.48,116.36,115.31,0.0,51.7,,19.0,31.0,3.0,1.0,0.0,0.1000000000000014,51.6,51.3,51.8,51.56666666666666,48.675,5.186793430147034,0.3418495861820799,59.3,30.0,33.5
2026-03-31 20:00:00,Karachi,24.8607,67.0011,24.5,65.0,8.4,1009.2,unknown,3.0,9.61,27.97,0.15,0.46,116.21,115.35,0.0,52.0,,20.0,31.0,3.0,1.0,0.0,0.2999999999999971,51.7,51.4,25.8,51.76666666666666,49.76666666666666,1.8409984688688892,0.343582409724705,59.7,32.8,33.6
2026-03-31 21:00:00,Karachi,24.8607,67.0011,24.0,68.0,7.3,1008.5,unknown,3.0,9.71,28.13,0.15,0.44,116.11,115.39,0.0,52.1,,21.0,31.0,3.0,1.0,0.0,0.1000000000000014,52.0,51.6,49.1,51.93333333333333,49.89166666666667,1.894825142037967,0.3451830785638109,60.1,35.8,33.6
2026-03-31 22:00:00,Karachi,24.8607,67.0011,23.9,69.0,8.8,1008.1,unknown,3.0,9.81,28.31,0.14,0.42,116.03,115.4,0.0,52.3,,22.0,31.0,3.0,1.0,0.0,0.1999999999999957,52.1,51.7,48.6,52.133333333333326,50.04583333333334,1.9352517343799944,0.3465206640762981,59.8,38.7,33.1
2026-03-31 23:00:00,Karachi,24.8607,67.0011,23.4,72.0,8.4,1007.9,unknown,3.0,9.9,28.5,0.13,0.4,116.03,115.38,0.0,52.5,,23.0,31.0,3.0,1.0,0.0,0.2000000000000028,52.3,52.0,48.6,52.29999999999999,50.208333333333336,1.9719592258624616,0.3473684210526316,59.0,40.7,32.1
2026-04-01 00:00:00,Karachi,24.8607,67.0011,24.0,70.0,9.4,1008.2,unknown,3.0,9.91,28.52,0.12,0.39,116.05,115.2,0.0,52.5,,0.0,1.0,4.0,2.0,0.0,0.0,52.5,52.1,48.6,52.43333333333333,50.37083333333334,1.9942262674669615,0.3474754558204768,57.9,42.0,30.9
2026-04-01 01:00:00,Karachi,24.8607,67.0011,23.9,70.0,10.1,1008.4,unknown,3.0,9.8,28.21,0.12,0.37,115.9,115.02,0.0,52.3,,1.0,1.0,4.0,2.0,0.0,-0.2000000000000028,52.5,52.3,48.4,52.43333333333333,50.53333333333333,1.985527345728999,0.347394540942928,56.6,41.8,28.8
2026-04-01 02:00:00,Karachi,24.8607,67.0011,23.7,72.0,9.4,1008.8,unknown,3.0,9.58,27.61,0.12,0.34,115.93,114.87,0.0,51.9,,2.0,1.0,4.0,2.0,0.0,-0.3999999999999986,52.3,52.5,47.6,52.23333333333333,50.7125,1.9015582854862008,0.3469757334299167,55.3,40.8,26.9
2026-04-01 03:00:00,Karachi,24.8607,67.0011,24.9,67.0,9.9,1009.6,unknown,3.0,9.4,27.1,0.14,0.32,115.95,114.72,0.0,51.6,,3.0,1.0,4.0,2.0,0.0,-0.2999999999999971,51.9,52.5,46.8,51.93333333333333,50.9125,1.7154825661720197,0.3468634686346863,54.3,39.7,26.4
2026-04-01 04:00:00,Karachi,24.8607,67.0011,26.4,58.0,13.3,1010.2,unknown,3.0,9.33,26.87,0.14,0.31,116.02,114.34,0.0,51.4,,4.0,1.0,4.0,2.0,0.0,-0.2000000000000028,51.6,52.3,46.5,51.633333333333326,51.116666666666674,1.4363803137938127,0.3472273911425381,53.0,34.9,26.4
2026-04-01 05:00:00,Karachi,24.8607,67.0011,27.4,53.0,13.4,1010.5,unknown,3.0,9.35,26.96,0.12,0.29,116.06,113.65,0.0,51.5,,5.0,1.0,4.0,2.0,0.0,0.1000000000000014,51.4,51.9,46.8,51.5,51.3125,1.1042654454297407,0.3468100890207715,51.5,27.8,26.9
2026-04-01 06:00:00,Karachi,24.8607,67.0011,27.9,50.0,15.3,1010.8,unknown,3.0,9.44,27.27,0.1,0.28,116.19,112.65,0.0,51.6,,6.0,1.0,4.0,2.0,0.0,0.1000000000000014,51.5,51.6,47.7,51.5,51.475,0.7924919421153737,0.3461679501283461,48.7,22.4,27.6
2026-04-01 07:00:00,Karachi,24.8607,67.0011,28.5,48.0,14.9,1010.8,unknown,3.0,9.59,27.76,0.08,0.27,116.23,111.11,0.0,51.9,,7.0,1.0,4.0,2.0,0.0,0.2999999999999971,51.6,51.4,48.8,51.66666666666666,51.60416666666666,0.5544124714168915,0.3454610951008645,44.3,17.3,28.2
2026-04-01 08:00:00,Karachi,24.8607,67.0011,28.6,48.0,14.8,1010.0,unknown,3.0,9.8,28.4,0.07,0.26,116.3,108.99,0.0,52.3,,8.0,1.0,4.0,2.0,0.0,0.3999999999999986,51.9,51.5,49.9,51.93333333333333,51.70416666666667,0.4378595831421707,0.3450704225352113,39.6,13.7,28.8
2026-04-01 09:00:00,Karachi,24.8607,67.0011,29.0,44.0,13.3,1009.1,unknown,3.0,10.03,29.08,0.07,0.25,116.36,106.84,0.0,52.7,,9.0,1.0,4.0,2.0,0.0,0.4000000000000057,52.3,51.6,51.0,52.29999999999999,51.775,0.4561178338077521,0.3449105914718019,34.5,12.0,29.3
2026-04-01 10:00:00,Karachi,24.8607,67.0011,28.9,44.0,12.8,1007.8,unknown,3.0,10.32,29.96,0.07,0.24,116.74,104.7,0.0,53.3,,10.0,1.0,4.0,2.0,0.0,0.5999999999999943,52.7,51.9,51.3,52.76666666666666,51.85833333333334,0.5404641054981174,0.3444592790387183,29.2,11.4,29.8
2026-04-01 11:00:00,Karachi,24.8607,67.0011,28.0,50.0,14.9,1007.0,unknown,3.0,10.72,31.19,0.07,0.24,117.05,102.47,0.0,54.0,,11.0,1.0,4.0,2.0,0.0,0.7000000000000028,53.3,52.3,51.4,53.333333333333336,51.96666666666667,0.6856711512034289,0.3436999038153254,25.3,12.0,30.3
2026-04-01 12:00:00,Karachi,24.8607,67.0011,27.0,56.0,15.9,1007.7,unknown,3.0,11.22,32.79,0.09,0.24,117.27,100.77,0.0,54.9,,12.0,1.0,4.0,2.0,0.0,0.8999999999999986,54.0,52.7,51.4,54.06666666666666,52.11249999999999,0.8989426156007994,0.3421774931381519,21.8,13.6,30.8
2026-04-01 13:00:00,Karachi,24.8607,67.0011,26.3,60.0,15.4,1007.9,unknown,2.0,11.81,34.65,0.11,0.24,117.6,99.74,0.0,56.0,,13.0,1.0,4.0,2.0,0.0,1.1000000000000014,54.9,53.3,51.3,54.96666666666666,52.30833333333333,1.1817145490423495,0.3408369408369409,18.8,16.3,31.7
2026-04-01 14:00:00,Karachi,24.8607,67.0011,25.6,63.0,12.5,1008.3,unknown,2.0,12.35,36.36,0.13,0.25,118.04,99.06,0.0,57.1,,14.0,1.0,4.0,2.0,0.0,1.1000000000000014,56.0,54.0,51.3,56.0,52.55,1.5131309320237616,0.3396589658965896,16.9,19.9,33.2
2026-04-01 15:00:00,Karachi,24.8607,67.0011,25.2,66.0,12.3,1008.9,unknown,2.0,12.81,37.74,0.13,0.25,118.33,98.8,0.0,57.9,,15.0,1.0,4.0,2.0,0.0,0.7999999999999972,57.1,54.9,51.3,56.99999999999999,52.825,1.8404276440813911,0.3394276629570747,17.6,24.4,34.9
2026-04-01 16:00:00,Karachi,24.8607,67.0011,24.9,70.0,10.8,1009.5,unknown,2.0,13.1,38.58,0.13,0.25,118.28,98.71,0.0,58.5,,16.0,1.0,4.0,2.0,0.0,0.6000000000000014,57.9,56.0,51.3,57.83333333333332,53.125,2.142986538549182,0.3395541731467081,20.9,28.7,36.2
2026-04-01 17:00:00,Karachi,24.8607,67.0011,24.7,73.0,9.1,1009.8,unknown,2.0,13.29,39.19,0.12,0.25,118.29,99.19,0.0,58.8,,17.0,1.0,4.0,2.0,0.0,0.2999999999999971,58.5,57.1,51.4,58.4,53.43333333333333,2.400845261792051,0.3391171217147231,24.4,31.6,37.2
2026-04-01 18:00:00,Karachi,24.8607,67.0011,24.7,76.0,8.5,1009.3,unknown,2.0,13.43,39.78,0.12,0.25,118.23,99.68,0.0,59.1,,18.0,1.0,4.0,2.0,0.0,0.3000000000000042,58.8,57.9,51.6,58.79999999999999,53.74583333333334,2.629097905585861,0.3376068376068376,27.4,33.1,38.2
2026-04-01 19:00:00,Karachi,24.8607,67.0011,24.9,77.0,11.5,1009.4,unknown,3.0,13.56,40.37,0.11,0.24,118.06,100.09,0.0,59.3,,19.0,1.0,4.0,2.0,0.0,0.1999999999999957,59.1,58.5,51.7,59.06666666666666,54.0625,2.822550881439525,0.3358929898439435,30.0,33.5,39.7
2026-04-01 20:00:00,Karachi,24.8607,67.0011,25.0,76.0,11.7,1009.6,unknown,3.0,13.77,41.0,0.11,0.24,118.25,100.42,0.0,59.7,,20.0,1.0,4.0,2.0,0.0,0.4000000000000057,59.3,58.8,52.0,59.36666666666667,54.38333333333333,3.009357387235987,0.3358536585365853,32.8,33.6,42.1
2026-04-01 21:00:00,Karachi,24.8607,67.0011,24.6,78.0,7.7,1008.6,unknown,3.0,13.99,41.35,0.1,0.23,118.56,100.84,0.0,60.1,,21.0,1.0,4.0,2.0,0.0,0.3999999999999986,59.7,59.1,52.1,59.7,54.71666666666666,3.183471808211385,0.3383313180169287,35.8,33.6,45.6
2026-04-01 22:00:00,Karachi,24.8607,67.0011,24.2,80.0,4.3,1008.4,unknown,3.0,13.84,38.47,0.1,0.24,119.3,101.38,0.0,59.8,,22.0,1.0,4.0,2.0,0.0,-0.3000000000000042,60.1,59.3,52.3,59.86666666666667,55.02916666666666,3.3018412737675003,0.3597608526124253,38.7,33.1,51.1
2026-04-01 23:00:00,Karachi,24.8607,67.0011,23.6,83.0,6.5,1007.8,unknown,3.0,13.38,34.04,0.1,0.22,119.98,101.58,0.0,59.0,,23.0,1.0,4.0,2.0,0.0,-0.7999999999999972,59.8,59.7,52.5,59.633333333333326,55.29999999999999,3.3515732840434382,0.3930669800235018,40.7,32.1,53.1
2026-04-02 00:00:00,Karachi,24.8607,67.0011,23.2,86.0,1.6,1008.5,unknown,3.0,12.8,29.95,0.09,0.2,120.02,101.36,0.0,57.9,,0.0,2.0,4.0,3.0,0.0,-1.1000000000000014,59.0,60.1,52.5,58.9,55.525,3.3366541429428707,0.4273789649415693,42.0,30.9,55.5
2026-04-02 01:00:00,Karachi,24.8607,67.0011,23.4,85.0,1.2,1008.1,unknown,3.0,12.12,27.09,0.09,0.17,119.29,100.43,0.0,56.6,,1.0,2.0,4.0,3.0,0.0,-1.2999999999999972,57.9,59.8,52.3,57.83333333333332,55.70416666666666,3.2707503681979317,0.4473975636766334,41.8,28.8,57.8
2026-04-02 02:00:00,Karachi,24.8607,67.0011,23.2,87.0,6.9,1009.0,unknown,2.0,11.41,25.08,0.08,0.15,118.39,99.51,0.0,55.3,,2.0,2.0,4.0,3.0,0.0,-1.3000000000000045,56.6,59.0,51.9,56.6,55.84583333333334,3.1709248639483527,0.4549441786283892,40.8,26.9,60.1
2026-04-02 03:00:00,Karachi,24.8607,67.0011,23.8,79.0,12.8,1010.1,unknown,2.0,10.87,23.67,0.09,0.13,117.05,98.89,0.0,54.3,,3.0,2.0,4.0,3.0,0.0,-1.0,55.3,57.9,51.6,55.4,55.958333333333336,3.059684079560961,0.4592310942120827,39.7,26.4,62.1
2026-04-02 04:00:00,Karachi,24.8607,67.0011,21.4,82.0,15.1,1011.5,unknown,2.0,10.18,21.05,0.1,0.13,116.03,98.11,0.0,53.0,,4.0,2.0,4.0,3.0,0.0,-1.2999999999999972,54.3,56.6,51.4,54.2,56.025,2.9722265113605784,0.4836104513064133,34.9,26.4,63.5
2026-04-02 05:00:00,Karachi,24.8607,67.0011,21.5,81.0,10.7,1012.4,unknown,2.0,9.38,18.07,0.11,0.14,115.38,96.24,0.0,51.5,,5.0,2.0,4.0,3.0,0.0,-1.5,53.0,55.3,51.5,52.93333333333333,56.025,2.9722265113605784,0.5190924183729939,27.8,26.9,64.5
2026-04-02 06:00:00,Karachi,24.8607,67.0011,23.8,74.0,4.9,1011.9,unknown,2.0,8.77,16.02,0.11,0.17,115.45,92.89,0.0,48.7,,6.0,2.0,4.0,3.0,0.0,-2.799999999999997,51.5,54.3,51.6,51.06666666666666,55.90416666666667,3.2094262207938136,0.5474406991260924,22.4,27.6,65.5
2026-04-02 07:00:00,Karachi,24.8607,67.0011,24.3,72.0,8.7,1012.1,unknown,2.0,7.97,13.93,0.11,0.18,114.4,86.35,0.0,44.3,,7.0,2.0,4.0,3.0,0.0,-4.400000000000006,48.7,53.0,51.9,48.16666666666666,55.587500000000006,3.9183306671902822,0.5721464465183058,17.3,28.2,66.4
2026-04-02 08:00:00,Karachi,24.8607,67.0011,24.0,73.0,11.0,1011.3,unknown,2.0,7.12,12.05,0.09,0.18,113.7,79.39,0.0,39.6,,8.0,2.0,4.0,3.0,0.0,-4.699999999999996,44.3,51.5,52.3,44.2,55.05833333333333,5.0699383982817725,0.5908713692946058,13.7,28.8,67.4
2026-04-02 09:00:00,Karachi,24.8607,67.0011,24.3,75.0,10.7,1010.6,unknown,2.0,6.21,10.18,0.08,0.16,113.08,73.7,0.0,34.5,,9.0,2.0,4.0,3.0,0.0,-5.100000000000001,39.6,48.7,52.7,39.46666666666666,54.29999999999999,6.575580648856734,0.6100196463654224,12.0,29.3,68.4
2026-04-02 10:00:00,Karachi,24.8607,67.0011,21.8,82.0,6.5,1010.4,unknown,2.0,5.25,8.19,0.07,0.13,112.36,69.59,0.0,29.2,,10.0,2.0,4.0,3.0,0.0,-5.300000000000001,34.5,44.3,53.3,34.43333333333333,53.29583333333333,8.338724705265184,0.6410256410256411,11.4,29.8,69.4
2026-04-02 11:00:00,Karachi,24.8607,67.0011,23.9,73.0,8.3,1009.2,unknown,2.0,4.55,7.2,0.06,0.12,112.13,64.11,0.0,25.3,,11.0,2.0,4.0,3.0,0.0,-3.899999999999999,29.2,39.6,54.0,29.66666666666666,52.1,10.104325376016162,0.6319444444444444,12.0,30.3,70.1
2026-04-02 12:00:00,Karachi,24.8607,67.0011,20.3,86.0,1.7,1009.9,unknown,1.0,3.93,6.44,0.07,0.11,112.47,57.98,0.0,21.8,,12.0,2.0,4.0,3.0,0.0,-3.5,25.3,34.5,54.9,25.433333333333326,50.72083333333333,11.818996469086946,0.610248447204969,13.6,30.8,70.5
2026-04-02 13:00:00,Karachi,24.8607,67.0011,20.5,86.0,7.2,1009.2,unknown,1.0,3.38,5.93,0.08,0.12,113.54,51.66,0.0,18.8,,13.0,2.0,4.0,3.0,0.0,-3.0,21.8,29.2,56.0,21.966666666666654,49.17083333333334,13.426530490582897,0.5699831365935919,16.3,31.7,71.0
2026-04-02 14:00:00,Karachi,24.8607,67.0011,20.5,86.0,1.9,1008.9,unknown,1.0,3.05,6.0,0.09,0.14,116.2,46.4,0.0,16.9,,14.0,2.0,4.0,3.0,0.0,-1.900000000000002,18.8,25.3,57.1,19.16666666666666,47.49583333333333,14.8286584800818,0.5083333333333333,19.9,33.2,71.7
2026-04-02 15:00:00,Karachi,24.8607,67.0011,20.5,85.0,1.6,1009.4,unknown,1.0,3.17,6.99,0.1,0.17,120.62,43.31,0.0,17.6,,15.0,2.0,4.0,3.0,0.0,0.7000000000000028,16.9,21.8,57.9,17.766666666666662,45.81666666666667,15.846126029569204,0.4535050071530758,24.4,34.9,73.2
2026-04-02 16:00:00,Karachi,24.8607,67.0011,20.6,85.0,1.3,1010.0,unknown,1.0,3.76,9.15,0.1,0.19,125.18,42.64,0.0,20.9,,16.0,2.0,4.0,3.0,0.0,3.299999999999997,17.6,18.8,58.5,18.46666666666666,44.25,16.38711052334769,0.4109289617486338,28.7,36.2,74.9
2026-04-02 17:00:00,Karachi,24.8607,67.0011,20.5,87.0,4.4,1010.5,unknown,1.0,4.4,10.79,0.1,0.21,129.13,43.43,0.0,24.4,,17.0,2.0,4.0,3.0,0.0,3.5,20.9,16.9,58.8,20.96666666666666,42.81666666666666,16.562625990772457,0.4077849860982391,31.6,37.2,76.5
2026-04-02 18:00:00,Karachi,24.8607,67.0011,18.2,92.0,21.7,1011.1,unknown,1.0,4.94,11.55,0.1,0.21,132.06,44.42,0.0,27.4,,18.0,2.0,4.0,3.0,0.0,3.0,24.4,17.6,59.1,24.23333333333333,41.49583333333333,16.47135799070735,0.4277056277056277,33.1,38.2,77.9
2026-04-02 19:00:00,Karachi,24.8607,67.0011,19.2,89.0,6.4,1010.3,unknown,1.0,5.4,11.11,0.1,0.2,135.81,46.0,0.0,30.0,,19.0,2.0,4.0,3.0,0.0,2.6000000000000014,27.4,20.9,59.3,27.266666666666666,40.275,16.177581105803544,0.4860486048604861,33.5,39.7,78.9
2026-04-02 20:00:00,Karachi,24.8607,67.0011,19.2,91.0,6.0,1009.9,unknown,1.0,5.9,10.89,0.1,0.19,139.71,48.01,0.0,32.8,,20.0,2.0,4.0,3.0,0.0,2.799999999999997,30.0,24.4,59.7,30.066666666666663,39.15416666666666,15.697991540508214,0.54178145087236,33.6,42.1,79.4
2026-04-02 21:00:00,Karachi,24.8607,67.0011,19.6,90.0,7.6,1009.2,unknown,1.0,6.44,10.91,0.1,0.18,142.95,50.07,0.0,35.8,,21.0,2.0,4.0,3.0,0.0,3.0,32.8,27.4,60.1,32.86666666666666,38.141666666666666,15.058925323014568,0.5902841429880844,33.6,45.6,79.7
2026-04-02 22:00:00,Karachi,24.8607,67.0011,18.8,91.0,7.6,1008.4,unknown,1.0,6.96,10.88,0.1,0.18,145.93,52.78,0.0,38.7,,22.0,2.0,4.0,3.0,0.0,2.9000000000000057,35.8,30.0,59.8,35.76666666666666,37.2625,14.338176844266629,0.6397058823529411,33.1,51.1,79.9
2026-04-02 23:00:00,Karachi,24.8607,67.0011,17.9,94.0,8.1,1008.0,unknown,1.0,7.32,10.86,0.11,0.17,146.57,55.71,0.0,40.7,,23.0,2.0,4.0,3.0,0.0,2.0,38.7,32.8,59.0,38.4,36.5,13.599488481431756,0.6740331491712708,32.1,53.1,79.8
2026-04-03 00:00:00,Karachi,24.8607,67.0011,17.7,95.0,7.4,1008.8,unknown,1.0,7.56,10.92,0.11,0.17,146.57,58.8,0.0,42.0,,0.0,3.0,4.0,4.0,0.0,1.2999999999999972,40.7,35.8,57.9,40.46666666666666,35.8375,12.87990725392226,0.6923076923076923,30.9,55.5,79.5
2026-04-03 01:00:00,Karachi,24.8607,67.0011,17.8,93.0,6.7,1009.1,unknown,2.0,7.53,10.78,0.12,0.17,145.4,62.44,0.0,41.8,,1.0,3.0,4.0,4.0,0.0,-0.2000000000000028,42.0,38.7,56.6,41.49999999999999,35.22083333333333,12.177776593192116,0.6985157699443414,28.8,57.8,78.68
2026-04-03 02:00:00,Karachi,24.8607,67.0011,18.1,91.0,4.7,1009.6,unknown,2.0,7.35,10.63,0.14,0.18,142.95,65.98,0.0,40.8,,2.0,3.0,4.0,4.0,0.0,-1.0,41.8,40.7,55.3,41.53333333333333,34.61666666666667,11.47786780179305,0.6914393226716838,26.9,60.1,77.86
2026-04-03 03:00:00,Karachi,24.8607,67.0011,19.1,87.0,4.1,1010.3,unknown,2.0,7.14,10.61,0.17,0.22,140.08,69.1,0.0,39.7,,3.0,3.0,4.0,4.0,0.0,-1.0999999999999943,40.8,42.0,54.3,40.76666666666666,34.00833333333333,10.753317654556016,0.6729500471253534,26.4,62.1,77.04
2026-04-04 01:00:00,Karachi,24.8607,67.0011,20.9,84.0,5.9,1009.2,unknown,3.0,5.19,18.65,0.24,0.35,132.27,133.87,0.09,28.8,,1.0,4.0,4.0,5.0,1.0,-2.099999999999998,30.9,33.1,41.8,30.599999999999994,26.05,9.33003564931431,0.27828418230563,57.8,78.68,59.0
2026-04-04 02:00:00,Karachi,24.8607,67.0011,20.5,87.0,4.9,1009.8,unknown,3.0,4.85,17.19,0.27,0.34,131.82,133.86,0.09,26.9,,2.0,4.0,4.0,5.0,1.0,-1.900000000000002,28.8,32.1,40.8,28.86666666666666,25.47083333333333,8.790433494121777,0.2821407795229784,60.1,77.86,59.3
2026-04-04 03:00:00,Karachi,24.8607,67.0011,21.8,85.0,2.7,1010.3,unknown,3.0,4.76,16.72,0.34,0.33,131.92,133.81,0.1,26.4,,3.0,4.0,4.0,5.0,1.0,-0.5,26.9,30.9,39.7,27.36666666666666,24.916666666666668,8.257469170486505,0.284688995215311,62.1,77.04,59.6
2026-04-05 01:00:00,Karachi,24.8607,67.0011,22.4,81.0,6.7,1009.9,unknown,3.0,12.77,40.1,0.1,0.27,124.87,118.71,0.0,57.8,,1.0,5.0,4.0,6.0,1.0,2.299999999999997,55.5,51.1,28.8,55.46666666666666,36.15416666666667,9.842895436800266,0.3184538653366583,78.68,59.0,92.0
2026-04-05 02:00:00,Karachi,24.8607,67.0011,22.4,81.0,6.2,1010.3,unknown,3.0,13.97,44.14,0.1,0.26,124.83,117.95,0.0,60.1,,2.0,5.0,4.0,6.0,1.0,2.3000000000000043,57.8,53.1,26.9,57.79999999999999,37.5375,10.774640617433809,0.3164929768917082,77.86,59.3,88.8
2026-04-05 03:00:00,Karachi,24.8607,67.0011,23.4,79.0,5.2,1011.1,unknown,3.0,15.05,47.61,0.11,0.26,124.83,117.32,0.0,62.1,,3.0,5.0,4.0,6.0,1.0,2.0,60.1,55.5,26.4,60.0,39.025,11.602670232399491,0.3161100609115732,77.04,59.6,85.4
2026-04-06 01:00:00,Karachi,24.8607,67.0011,23.364,79.2,9.188,1008.496,unknown,3.0,23.9692,82.2712,0.0612,0.3224,124.5876,87.54360000000001,0.0,78.68,,1.0,6.0,4.0,0.0,0.0,-0.8199999999999932,79.5,79.9,57.8,79.32666666666667,72.04083333333334,6.393653046216615,0.2913437509116192,59.0,92.0,80.7
2026-04-06 02:00:00,Karachi,24.8607,67.0011,23.428,79.4,9.576,1008.392,unknown,3.0,23.5284,81.2124,0.0624,0.3248,124.4652,85.9072,0.0,77.86,,2.0,6.0,4.0,0.0,0.0,-0.8200000000000074,78.68,79.8,60.1,78.68,72.78083333333333,5.964930785465505,0.2897143785924317,59.3,88.8,80.7
2026-04-06 03:00:00,Karachi,24.8607,67.0011,23.492,79.6,9.964,1008.288,unknown,3.0,23.0876,80.1536,0.0636,0.3272,124.3428,84.27080000000001,0.0,77.04,,3.0,6.0,4.0,0.0,0.0,-0.8199999999999932,77.86,79.5,62.1,77.86,73.40333333333334,5.568191234433271,0.2880419594378793,59.6,85.4,80.8
2026-04-08 01:00:00,Karachi,24.8607,67.0011,23.2,89.0,7.3,1005.1,unknown,4.0,31.08,88.1,0.2,0.91,138.97,145.46,0.15,92.0,,1.0,8.0,4.0,2.0,0.0,-2.5,94.5,93.0,59.0,93.73333333333336,73.925,12.574413289106095,0.3527809307604994,80.7,76.4,76.3
2026-04-08 02:00:00,Karachi,24.8607,67.0011,23.4,89.0,6.1,1005.8,unknown,4.0,29.39,82.67,0.21,0.86,137.57,147.24,0.14,88.8,,2.0,8.0,4.0,2.0,0.0,-3.200000000000003,92.0,94.7,59.3,91.76666666666668,75.15416666666667,12.524375508746422,0.3555098584734486,80.7,76.3,79.7
2026-04-08 03:00:00,Karachi,24.8607,67.0011,24.7,82.0,2.9,1006.7,unknown,4.0,27.56,77.55,0.25,0.81,135.81,148.47,0.12,85.4,,3.0,8.0,4.0,2.0,0.0,-3.3999999999999915,88.8,94.5,59.6,88.73333333333333,76.22916666666667,12.235176627310178,0.3553836234687298,80.8,76.3,83.0
2026-04-08 04:00:00,Karachi,24.8607,67.0011,26.2,69.0,2.6,1007.4,unknown,4.0,25.77,72.9,0.22,0.79,134.18,149.15,0.1,82.1,,4.0,8.0,4.0,2.0,0.0,-3.300000000000012,85.4,92.0,59.9,85.43333333333334,77.15416666666667,11.777612482890088,0.3534979423868312,81.0,76.2,85.3
2026-04-08 05:00:00,Karachi,24.8607,67.0011,27.8,59.0,2.7,1007.8,unknown,4.0,24.41,69.72,0.16,0.78,132.67,149.49,0.09,79.5,,5.0,8.0,4.0,2.0,0.0,-2.5999999999999943,82.1,88.8,60.7,82.33333333333333,77.9375,11.248992708529409,0.350114744693058,81.4,76.5,86.5
2026-04-08 06:00:00,Karachi,24.8607,67.0011,28.6,57.0,6.1,1008.1,unknown,4.0,23.68,68.48,0.13,0.78,131.89,148.86,0.07,78.2,,6.0,8.0,4.0,2.0,0.0,-1.2999999999999972,79.5,85.4,61.4,79.93333333333334,78.6375,10.68366540667408,0.3457943925233644,81.6,77.3,86.9
2026-04-08 07:00:00,Karachi,24.8607,67.0011,28.9,59.0,9.5,1008.0,unknown,4.0,23.53,69.14,0.11,0.79,131.51,147.49,0.05,77.9,,7.0,8.0,4.0,2.0,0.0,-0.2999999999999971,78.2,82.1,62.1,78.53333333333333,79.29583333333333,10.090653409562169,0.3403239803297657,81.7,78.6,86.8
2026-04-08 08:00:00,Karachi,24.8607,67.0011,29.0,60.0,12.0,1007.6,unknown,4.0,23.9,71.25,0.1,0.81,131.59,145.88,0.02,78.6,,8.0,8.0,4.0,2.0,0.0,0.6999999999999886,77.9,79.5,63.3,78.23333333333333,79.93333333333334,9.50229567990965,0.335438596491228,81.5,79.9,86.4
2026-04-08 09:00:00,Karachi,24.8607,67.0011,28.8,58.0,12.9,1007.1,unknown,4.0,24.6,74.11,0.1,0.81,131.91,143.71,0.0,79.9,,9.0,8.0,4.0,2.0,0.0,1.3000000000000114,78.6,78.2,64.5,78.8,80.575,8.916728294519462,0.3319390095803535,81.2,80.5,85.7
2026-04-08 10:00:00,Karachi,24.8607,67.0011,28.5,59.0,13.9,1006.5,unknown,4.0,25.48,77.53,0.1,0.81,132.89,142.47,0.0,81.5,,10.0,8.0,4.0,2.0,0.0,1.5999999999999943,79.9,77.9,65.8,80.0,81.22916666666667,8.343103330801323,0.3286469753643751,80.8,79.7,85.4
2026-04-08 11:00:00,Karachi,24.8607,67.0011,28.3,60.0,13.0,1005.9,unknown,4.0,26.21,80.39,0.11,0.82,133.58,141.79,0.0,82.9,,11.0,8.0,4.0,2.0,0.0,1.4000000000000057,81.5,78.6,66.9,81.43333333333334,81.89583333333333,7.767741497439013,0.3260355765642493,80.1,78.1,85.0
2026-04-08 12:00:00,Karachi,24.8607,67.0011,27.6,64.0,11.9,1005.6,unknown,4.0,26.69,82.34,0.13,0.82,134.33,141.72,0.0,83.8,,12.0,8.0,4.0,2.0,0.0,0.8999999999999915,82.9,79.9,68.1,82.73333333333333,82.55,7.195409164425545,0.3241437940247753,79.6,76.5,84.7
2026-04-08 13:00:00,Karachi,24.8607,67.0011,26.7,72.0,12.1,1005.8,unknown,4.0,27.06,83.83,0.17,0.82,135.39,142.53,0.0,84.5,,13.0,8.0,4.0,2.0,0.0,0.7000000000000028,83.8,81.5,69.4,83.73333333333333,83.17916666666666,6.633838102564356,0.3227961350351903,79.3,74.8,84.6
2026-04-08 14:00:00,Karachi,24.8607,67.0011,25.7,80.0,9.7,1006.3,unknown,4.0,27.37,84.9,0.21,0.82,136.3,143.02,0.0,85.0,,14.0,8.0,4.0,2.0,0.0,0.5,84.5,82.9,70.8,84.43333333333334,83.77083333333333,6.092938119458931,0.322379269729093,79.0,74.3,84.3
2026-04-08 15:00:00,Karachi,24.8607,67.0011,25.1,84.0,9.2,1006.8,unknown,4.0,27.56,85.48,0.21,0.82,137.08,143.71,0.0,85.4,,15.0,8.0,4.0,2.0,0.0,0.4000000000000057,85.0,83.8,72.6,84.96666666666665,84.30416666666666,5.613994870483585,0.3224145999064108,78.7,74.3,84.2
2026-04-08 16:00:00,Karachi,24.8607,67.0011,24.8,85.0,8.2,1007.4,unknown,4.0,27.51,85.23,0.19,0.82,137.3,143.5,0.0,85.3,,16.0,8.0,4.0,2.0,0.0,-0.1000000000000085,85.4,84.5,74.8,85.23333333333333,84.74166666666666,5.237649378730039,0.3227736712425202,78.5,74.5,84.0
2026-04-08 17:00:00,Karachi,24.8607,67.0011,24.4,87.0,5.6,1007.9,unknown,4.0,27.39,84.66,0.18,0.82,137.76,143.42,0.0,85.1,,17.0,8.0,4.0,2.0,0.0,-0.2000000000000028,85.3,85.0,77.8,85.26666666666667,85.04583333333333,5.024633161317865,0.3235294117647059,78.6,75.0,83.5
2026-04-08 18:00:00,Karachi,24.8607,67.0011,24.4,89.0,5.4,1008.4,unknown,4.0,27.18,83.94,0.17,0.81,137.93,143.23,0.0,84.7,,18.0,8.0,4.0,2.0,0.0,-0.3999999999999915,85.1,85.4,81.1,85.03333333333332,85.19583333333334,4.954969325284532,0.3238027162258756,78.6,75.5,82.8
2026-04-08 19:00:00,Karachi,24.8607,67.0011,24.2,90.0,4.7,1008.6,unknown,4.0,26.82,82.86,0.16,0.8,137.48,142.1,0.0,84.0,,19.0,8.0,4.0,2.0,0.0,-0.7000000000000028,84.7,85.3,84.4,84.60000000000001,85.17916666666666,4.958434111753188,0.3236784938450398,78.3,75.6,81.9
2026-04-08 20:00:00,Karachi,24.8607,67.0011,23.6,93.0,5.9,1008.6,unknown,4.0,26.5,82.04,0.15,0.79,137.29,141.19,0.0,83.4,,20.0,8.0,4.0,2.0,0.0,-0.5999999999999943,84.0,85.1,87.3,84.03333333333335,85.01666666666667,4.949806027529061,0.3230131643100926,77.9,75.1,81.5
2026-04-08 21:00:00,Karachi,24.8607,67.0011,23.0,95.0,5.6,1008.4,unknown,3.0,26.2,81.38,0.14,0.77,137.15,139.92,0.0,82.9,,21.0,8.0,4.0,2.0,0.0,-0.5,83.4,84.7,90.2,83.43333333333334,84.71249999999999,4.840527504493448,0.3219464241828459,77.5,74.1,81.4
2026-04-08 22:00:00,Karachi,24.8607,67.0011,22.5,97.0,4.2,1008.2,unknown,3.0,25.9,80.62,0.13,0.75,137.44,138.46,0.0,82.3,,22.0,8.0,4.0,2.0,0.0,-0.6000000000000085,82.9,84.0,93.0,82.86666666666667,84.26666666666667,4.526604127550273,0.3212602331927561,77.1,73.0,82.3
2026-04-08 23:00:00,Karachi,24.8607,67.0011,22.1,99.0,2.5,1008.4,unknown,3.0,25.56,79.61,0.13,0.72,137.62,136.95,0.0,81.7,,23.0,8.0,4.0,2.0,0.0,-0.5999999999999943,82.3,83.4,94.7,82.3,83.725,3.9670655018126086,0.321065192814973,76.7,72.6,85.4
2026-04-09 00:00:00,Karachi,24.8607,67.0011,22.1,99.0,2.6,1008.8,unknown,3.0,25.27,78.7,0.12,0.69,138.03,135.4,0.0,81.1,,0.0,9.0,4.0,3.0,0.0,-0.6000000000000085,81.7,82.9,94.5,81.7,83.16666666666667,3.265586925965172,0.3210927573062261,76.5,73.7,91.8
2026-04-09 01:00:00,Karachi,24.8607,67.0011,21.9,99.0,4.3,1009.5,unknown,3.0,25.06,78.09,0.11,0.65,138.13,133.72,0.0,80.7,,1.0,9.0,4.0,3.0,0.0,-0.3999999999999915,81.1,82.3,92.0,81.16666666666667,82.69583333333334,2.7027327823472143,0.3209117684722755,76.4,76.3,101.1
2026-04-09 02:00:00,Karachi,24.8607,67.0011,21.7,98.0,3.3,1010.4,unknown,3.0,25.02,78.02,0.12,0.62,138.25,132.47,0.0,80.7,,2.0,9.0,4.0,3.0,0.0,0.0,80.7,81.7,88.8,80.83333333333333,82.35833333333333,2.3956331044288817,0.3206870033324788,76.3,79.7,111.1
2026-04-09 03:00:00,Karachi,24.8607,67.0011,22.8,89.0,0.8,1010.9,unknown,3.0,25.1,78.24,0.13,0.59,138.48,131.82,0.0,80.8,,3.0,9.0,4.0,3.0,0.0,0.0999999999999943,80.7,81.1,85.4,80.73333333333333,82.16666666666667,2.3246629800974974,0.3208077709611452,76.3,83.0,118.5
2026-04-09 04:00:00,Karachi,24.8607,67.0011,25.1,72.0,1.4,1011.4,unknown,3.0,25.21,78.45,0.1,0.58,137.78,130.97,0.0,81.0,,4.0,9.0,4.0,3.0,0.0,0.2000000000000028,80.8,80.7,82.1,80.83333333333333,82.12083333333334,2.336846475337372,0.3213511790949649,76.2,85.3,121.8
2026-04-09 05:00:00,Karachi,24.8607,67.0011,27.7,56.0,4.6,1011.7,unknown,3.0,25.4,78.76,0.07,0.59,137.24,129.9,0.0,81.4,,5.0,9.0,4.0,3.0,0.0,0.4000000000000057,81.0,80.7,79.5,81.06666666666668,82.2,2.275579238257034,0.3224987303199593,76.5,86.5,122.8
2026-04-09 06:00:00,Karachi,24.8607,67.0011,29.0,55.0,6.9,1012.0,unknown,3.0,25.53,78.85,0.06,0.6,136.36,128.23,0.0,81.6,,6.0,9.0,4.0,3.0,0.0,0.1999999999999886,81.4,80.8,78.2,81.33333333333333,82.34166666666667,2.1159675896858148,0.3237793278376665,77.3,86.9,122.8
2026-04-09 07:00:00,Karachi,24.8607,67.0011,29.7,56.0,8.7,1011.8,unknown,3.0,25.57,78.39,0.05,0.59,135.12,125.49,0.0,81.7,,7.0,9.0,4.0,3.0,0.0,0.1000000000000085,81.6,81.0,77.9,81.56666666666666,82.5,1.9003432184337117,0.3261895649955351,78.6,86.8,122.5
2026-04-09 08:00:00,Karachi,24.8607,67.0011,30.0,56.0,11.0,1011.3,unknown,3.0,25.47,77.63,0.05,0.55,133.61,122.59,0.0,81.5,,8.0,9.0,4.0,3.0,0.0,-0.2000000000000028,81.7,81.4,78.6,81.60000000000001,82.62083333333332,1.725758602367075,0.3280948087079737,79.9,86.4,122.7
2026-04-09 09:00:00,Karachi,24.8607,67.0011,30.2,55.0,11.7,1010.3,unknown,3.0,25.31,76.87,0.05,0.5,131.89,119.63,0.0,81.2,,9.0,9.0,4.0,3.0,0.0,-0.2999999999999971,81.5,81.6,79.9,81.46666666666667,82.675,1.655622830400225,0.3292571874593469,80.5,85.7,122.9
2026-04-09 10:00:00,Karachi,24.8607,67.0011,29.5,57.0,13.5,1009.8,unknown,3.0,25.09,76.18,0.05,0.46,130.47,117.52,0.0,80.8,,10.0,9.0,4.0,3.0,0.0,-0.4000000000000057,81.2,81.7,81.5,81.16666666666667,82.64583333333333,1.683159339557484,0.3293515358361774,79.7,85.4,124.3
2026-04-09 11:00:00,Karachi,24.8607,67.0011,28.3,61.0,15.3,1009.6,unknown,3.0,24.73,75.12,0.05,0.41,129.22,115.61,0.0,80.1,,11.0,9.0,4.0,3.0,0.0,-0.7000000000000028,80.8,81.5,82.9,80.69999999999999,82.52916666666667,1.7600590816888422,0.329206602768903,78.1,85.0,126.5
2026-04-09 12:00:00,Karachi,24.8607,67.0011,27.5,66.0,15.1,1009.5,unknown,3.0,24.46,74.27,0.06,0.37,128.06,114.79,0.0,79.6,,12.0,9.0,4.0,3.0,0.0,-0.5,80.1,81.2,83.8,80.16666666666667,82.35416666666667,1.835395743771071,0.3293388986131682,76.5,84.7,128.6
2026-04-09 13:00:00,Karachi,24.8607,67.0011,26.9,65.0,12.5,1010.1,unknown,3.0,24.3,73.68,0.07,0.34,127.66,114.87,0.0,79.3,,13.0,9.0,4.0,3.0,0.0,-0.2999999999999971,79.6,80.8,84.5,79.66666666666666,82.1375,1.877512808970264,0.3298045602605863,74.8,84.6,130.4
2026-04-09 14:00:00,Karachi,24.8607,67.0011,26.2,74.0,10.8,1010.8,unknown,3.0,24.12,72.99,0.09,0.33,127.26,115.17,0.0,79.0,,14.0,9.0,4.0,3.0,0.0,-0.2999999999999971,79.3,80.1,85.0,79.3,81.8875,1.8792488092262107,0.3304562268803946,74.3,84.3,132.0
2026-04-09 15:00:00,Karachi,24.8607,67.0011,25.7,77.0,8.2,1011.3,unknown,3.0,23.98,72.28,0.09,0.33,127.28,115.37,0.0,78.7,,15.0,9.0,4.0,3.0,0.0,-0.2999999999999971,79.0,79.6,85.4,79.0,81.60833333333333,1.831824148265016,0.3317653569452131,74.3,84.2,133.1
2026-04-09 16:00:00,Karachi,24.8607,67.0011,25.3,80.0,6.5,1012.3,unknown,3.0,23.86,71.53,0.09,0.32,127.25,115.32,0.0,78.5,,16.0,9.0,4.0,3.0,0.0,-0.2000000000000028,78.7,79.3,85.3,78.73333333333333,81.325,1.760496471484451,0.3335663358031595,74.5,84.0,132.6
2026-04-09 17:00:00,Karachi,24.8607,67.0011,25.0,82.0,7.4,1013.0,unknown,3.0,23.9,71.2,0.08,0.31,127.69,114.58,0.0,78.6,,17.0,9.0,4.0,3.0,0.0,0.0999999999999943,78.5,79.0,85.1,78.60000000000001,81.05416666666667,1.6510811126659617,0.3356741573033707,75.0,83.5,130.1
2026-04-09 18:00:00,Karachi,24.8607,67.0011,24.6,86.0,8.3,1013.4,unknown,3.0,23.92,70.76,0.08,0.31,128.52,113.78,0.0,78.6,,18.0,9.0,4.0,3.0,0.0,0.0,78.6,78.7,84.7,78.56666666666666,80.8,1.5305582954187091,0.3380440927077445,75.5,82.8,124.9
2026-04-09 19:00:00,Karachi,24.8607,67.0011,24.8,86.0,6.6,1013.0,unknown,3.0,23.77,69.91,0.07,0.3,129.25,112.4,0.0,78.3,,19.0,9.0,4.0,3.0,0.0,-0.2999999999999971,78.6,78.5,84.0,78.5,80.5625,1.452677438096138,0.3400085824631669,75.6,81.9,116.3
2026-04-09 20:00:00,Karachi,24.8607,67.0011,24.3,88.0,8.0,1012.9,unknown,3.0,23.56,69.0,0.07,0.29,129.79,111.38,0.0,77.9,,20.0,9.0,4.0,3.0,0.0,-0.3999999999999915,78.3,78.6,83.4,78.26666666666667,80.33333333333333,1.4190219125965535,0.3414492753623188,75.1,81.5,104.9
2026-04-09 21:00:00,Karachi,24.8607,67.0011,23.9,89.0,6.1,1012.2,unknown,3.0,23.33,68.22,0.06,0.28,130.25,110.53,0.0,77.5,,21.0,9.0,4.0,3.0,0.0,-0.4000000000000057,77.9,78.6,82.9,77.89999999999999,80.10833333333333,1.422464690994152,0.3419818235121665,74.1,81.4,92.9
2026-04-09 22:00:00,Karachi,24.8607,67.0011,24.0,87.0,3.5,1011.4,unknown,3.0,23.09,67.58,0.06,0.27,130.71,109.42,0.0,77.1,,22.0,9.0,4.0,3.0,0.0,-0.4000000000000057,77.5,78.3,82.3,77.5,79.89166666666667,1.4693733259585118,0.3416691328795502,73.0,82.3,83.0
2026-04-09 23:00:00,Karachi,24.8607,67.0011,24.0,86.0,3.4,1011.3,unknown,3.0,22.91,67.31,0.06,0.26,131.27,108.39,0.0,76.7,,23.0,9.0,4.0,3.0,0.0,-0.3999999999999915,77.1,77.9,81.7,77.10000000000001,79.68333333333334,1.5538638143824923,0.3403654731837765,72.6,85.4,76.3
2026-04-10 00:00:00,Karachi,24.8607,67.0011,23.9,84.0,5.8,1011.5,unknown,3.0,22.81,67.46,0.06,0.25,131.69,107.58,0.0,76.5,,0.0,10.0,4.0,4.0,0.0,-0.2000000000000028,76.7,77.5,81.1,76.76666666666667,79.49166666666666,1.65211765732575,0.3381262970649273,73.7,91.8,73.9
2026-04-10 01:00:00,Karachi,24.8607,67.0011,23.9,81.0,6.0,1012.2,unknown,3.0,22.74,67.7,0.06,0.24,132.25,106.97,0.0,76.4,,1.0,10.0,4.0,4.0,0.0,-0.0999999999999943,76.5,77.1,80.7,76.53333333333335,79.3125,1.7458802439203818,0.3358936484490398,76.3,101.1,75.1
2026-04-10 02:00:00,Karachi,24.8607,67.0011,24.0,78.0,5.6,1013.0,unknown,3.0,22.7,67.91,0.06,0.24,132.68,106.12,0.0,76.3,,2.0,10.0,4.0,4.0,0.0,-0.1000000000000085,76.4,76.7,80.7,76.4,79.12916666666668,1.8231552121421195,0.3342659402149904,79.7,111.1,78.6
2026-04-10 03:00:00,Karachi,24.8607,67.0011,26.0,65.0,3.2,1013.9,unknown,3.0,22.68,68.03,0.07,0.23,132.91,105.24,0.0,76.3,,3.0,10.0,4.0,4.0,0.0,0.0,76.3,76.5,80.8,76.33333333333333,78.94166666666666,1.8745240941996733,0.3333823313244157,83.0,118.5,83.8
2026-04-10 04:00:00,Karachi,24.8607,67.0011,28.9,46.0,2.8,1014.1,unknown,3.0,22.64,68.01,0.06,0.25,133.21,104.11,0.01,76.2,,4.0,10.0,4.0,4.0,0.0,-0.0999999999999943,76.3,76.4,81.0,76.26666666666667,78.74166666666666,1.9012391077801676,0.3328922217320982,85.3,121.8,89.4
2026-04-10 05:00:00,Karachi,24.8607,67.0011,30.9,36.0,5.6,1014.5,unknown,3.0,22.77,68.29,0.06,0.33,134.2,102.78,0.02,76.5,,5.0,10.0,4.0,4.0,0.0,0.2999999999999971,76.2,76.3,81.4,76.33333333333333,78.53750000000001,1.8661311990852452,0.333430956216137,86.5,122.8,95.0
2026-04-10 06:00:00,Karachi,24.8607,67.0011,31.5,36.0,9.4,1014.5,unknown,3.0,23.19,68.86,0.07,0.5,135.86,101.39,0.02,77.3,,6.0,10.0,4.0,4.0,0.0,0.7999999999999972,76.5,76.3,81.6,76.66666666666667,78.35833333333333,1.762882192097372,0.3367702584954981,86.9,122.8,98.9
2026-04-10 07:00:00,Karachi,24.8607,67.0011,31.8,35.0,11.3,1014.0,unknown,3.0,23.93,69.37,0.08,0.65,137.41,99.66,0.01,78.6,,7.0,10.0,4.0,4.0,0.0,1.2999999999999972,77.3,76.2,81.7,77.46666666666665,78.22916666666667,1.614736259712891,0.34496179904858,86.8,122.5,98.7
2026-04-10 08:00:00,Karachi,24.8607,67.0011,31.7,34.0,11.4,1013.3,unknown,3.0,24.63,69.39,0.08,0.68,138.14,97.36,0.0,79.9,,8.0,10.0,4.0,4.0,0.0,1.3000000000000114,78.6,76.5,81.5,78.60000000000001,78.16250000000001,1.502986158063409,0.3549502810203199,86.4,122.7,94.4
2026-04-10 09:00:00,Karachi,24.8607,67.0011,31.3,36.0,11.4,1012.4,unknown,3.0,24.95,68.78,0.08,0.63,137.2,95.06,0.0,80.5,,9.0,10.0,4.0,4.0,0.0,0.5999999999999943,79.9,77.3,81.2,79.66666666666667,78.13333333333334,1.4472362466608828,0.3627507996510613,85.7,122.9,88.2
2026-04-10 10:00:00,Karachi,24.8607,67.0011,31.8,36.0,11.5,1011.8,unknown,3.0,24.53,67.28,0.07,0.5,134.71,92.97,0.0,79.7,,10.0,10.0,4.0,4.0,0.0,-0.7999999999999972,80.5,78.6,80.8,80.03333333333335,78.0875,1.3747134088775317,0.3645957193816885,85.4,124.3,80.8
2026-04-10 11:00:00,Karachi,24.8607,67.0011,31.0,41.0,13.6,1011.6,unknown,3.0,23.64,65.43,0.06,0.36,131.42,90.67,0.0,78.1,,11.0,10.0,4.0,4.0,0.0,-1.6000000000000083,79.7,79.9,80.1,79.43333333333332,78.00416666666666,1.3063321259214469,0.3613021549747822,85.0,126.5,73.6
2026-04-10 12:00:00,Karachi,24.8607,67.0011,29.7,49.0,12.5,1011.5,unknown,3.0,22.77,63.98,0.05,0.26,128.57,89.12,0.0,76.5,,12.0,10.0,4.0,4.0,0.0,-1.5999999999999943,78.1,80.5,79.6,78.10000000000001,77.875,1.29488962095654,0.3558924663957487,84.7,128.6,67.6
2026-04-10 13:00:00,Karachi,24.8607,67.0011,28.3,56.0,12.0,1011.7,unknown,3.0,21.9,62.56,0.06,0.18,126.73,88.91,0.0,74.8,,13.0,10.0,4.0,4.0,0.0,-1.7000000000000028,76.5,79.7,79.3,76.46666666666665,77.6875,1.4010283490383113,0.3500639386189258,84.6,130.4,63.3
2026-04-10 14:00:00,Karachi,24.8607,67.0011,26.7,70.0,10.7,1012.2,unknown,3.0,21.59,62.17,0.07,0.13,126.41,88.15,0.0,74.3,,14.0,10.0,4.0,4.0,0.0,-0.5,74.8,78.1,79.0,75.2,77.49166666666667,1.5319543263418949,0.3472736046324594,84.3,132.0,60.6
2026-04-10 15:00:00,Karachi,24.8607,67.0011,25.9,78.0,8.0,1012.7,unknown,3.0,21.6,62.45,0.07,0.12,126.71,87.59,0.0,74.3,,15.0,10.0,4.0,4.0,0.0,0.0,74.3,76.5,78.7,74.46666666666665,77.30833333333334,1.6404974501915002,0.3458767013610889,84.2,133.1,59.3
2026-04-10 16:00:00,Karachi,24.8607,67.0011,25.4,82.0,6.6,1012.4,unknown,3.0,21.69,62.88,0.06,0.12,126.97,87.43,0.0,74.5,,16.0,10.0,4.0,4.0,0.0,0.2000000000000028,74.3,74.8,78.5,74.36666666666666,77.14166666666667,1.715635683100722,0.3449427480916031,84.0,132.6,58.6
2026-04-10 17:00:00,Karachi,24.8607,67.0011,25.0,85.0,7.8,1012.6,unknown,3.0,21.96,63.77,0.06,0.13,127.52,87.42,0.0,75.0,,17.0,10.0,4.0,4.0,0.0,0.5,74.5,74.3,78.6,74.60000000000001,76.99166666666666,1.7397942573759164,0.3443625529245727,83.5,130.1,58.1
2026-04-10 18:00:00,Karachi,24.8607,67.0011,24.9,86.0,9.9,1013.3,unknown,3.0,22.24,64.88,0.06,0.15,127.89,87.66,0.0,75.5,,18.0,10.0,4.0,4.0,0.0,0.5,75.0,74.3,78.6,75.0,76.8625,1.7302456473077314,0.3427866831072749,82.8,124.9,57.5
2026-04-10 19:00:00,Karachi,24.8607,67.0011,24.8,85.0,8.0,1012.6,unknown,3.0,22.28,65.45,0.06,0.17,127.98,88.91,0.0,75.6,,19.0,10.0,4.0,4.0,0.0,0.0999999999999943,75.5,74.5,78.3,75.36666666666666,76.75,1.7204650534165118,0.3404125286478228,81.9,116.3,56.9
2026-04-10 20:00:00,Karachi,24.8607,67.0011,24.6,85.0,9.0,1012.4,unknown,3.0,22.01,65.44,0.06,0.2,127.89,91.26,0.0,75.1,,20.0,10.0,4.0,4.0,0.0,-0.5,75.6,75.0,77.9,75.39999999999999,76.63333333333333,1.73397424049329,0.336338630806846,81.5,104.9,56.6
2026-04-10 21:00:00,Karachi,24.8607,67.0011,24.5,84.0,8.8,1011.7,unknown,3.0,21.49,65.0,0.06,0.22,127.94,94.7,0.0,74.1,,21.0,10.0,4.0,4.0,0.0,-1.0,75.1,75.5,77.5,74.93333333333332,76.49166666666666,1.797804619335244,0.3306153846153846,81.4,92.9,56.6
2026-04-10 22:00:00,Karachi,24.8607,67.0011,24.4,84.0,7.2,1011.1,unknown,3.0,20.9,64.61,0.07,0.24,128.98,99.07,0.0,73.0,,22.0,10.0,4.0,4.0,0.0,-1.0999999999999943,74.1,75.6,77.1,74.06666666666666,76.32083333333334,1.9275980021775776,0.3234793375638445,82.3,83.0,56.1
2026-04-10 23:00:00,Karachi,24.8607,67.0011,24.0,87.0,7.0,1010.7,unknown,3.0,20.7,65.22,0.07,0.26,131.29,103.51,0.0,72.6,,23.0,10.0,4.0,4.0,0.0,-0.4000000000000057,73.0,75.1,76.7,73.23333333333333,76.14999999999999,2.069026235997398,0.3173873045078196,85.4,76.3,55.6
2026-04-11 00:00:00,Karachi,24.8607,67.0011,24.1,90.0,8.0,1010.5,unknown,3.0,21.28,67.81,0.07,0.28,134.43,107.69,0.0,73.7,,0.0,11.0,4.0,5.0,1.0,1.1000000000000083,72.6,74.1,76.5,73.10000000000001,76.03333333333333,2.126574438059485,0.3138180209408642,91.8,73.9,56.0
2026-04-11 01:00:00,Karachi,24.8607,67.0011,24.4,88.0,9.7,1010.9,unknown,3.0,22.69,72.06,0.08,0.3,138.46,111.07,0.0,76.3,,1.0,11.0,4.0,5.0,1.0,2.5999999999999943,73.7,73.0,76.4,74.2,76.02916666666665,2.125922647105859,0.3148764918123786,101.1,75.1,58.5
2026-04-11 02:00:00,Karachi,24.8607,67.0011,24.6,86.0,9.8,1011.6,unknown,3.0,24.5,76.42,0.09,0.33,141.86,113.02,0.0,79.7,,2.0,11.0,4.0,5.0,1.0,3.4000000000000057,76.3,72.6,76.3,76.56666666666666,76.17083333333333,2.254170852422727,0.3205967024339178,111.1,78.6,62.3
2026-04-11 03:00:00,Karachi,24.8607,67.0011,26.2,77.0,9.9,1012.3,unknown,3.0,26.29,79.99,0.1,0.35,144.32,113.68,0.0,83.0,,3.0,11.0,4.0,5.0,1.0,3.299999999999997,79.7,73.7,76.3,79.66666666666667,76.45,2.6508407198032398,0.3286660832604076,118.5,83.8,67.4
2026-04-11 04:00:00,Karachi,24.8607,67.0011,28.0,67.0,11.2,1012.7,unknown,3.0,27.49,81.45,0.08,0.35,144.89,112.78,0.0,85.3,,4.0,11.0,4.0,5.0,1.0,2.299999999999997,83.0,76.3,76.2,82.66666666666667,76.82916666666667,3.2061732800141454,0.3375076734192756,121.8,89.4,73.5
2026-04-11 05:00:00,Karachi,24.8607,67.0011,29.7,58.0,11.5,1012.5,unknown,3.0,28.16,81.25,0.06,0.34,144.81,111.01,0.0,86.5,,5.0,11.0,4.0,5.0,1.0,1.2000000000000028,85.3,79.7,76.5,84.93333333333334,77.24583333333332,3.762975137319522,0.3465846153846154,122.8,95.0,80.3
2026-04-11 06:00:00,Karachi,24.8607,67.0011,31.2,52.0,13.1,1012.5,unknown,3.0,28.39,80.15,0.06,0.32,144.14,108.17,0.0,86.9,,6.0,11.0,4.0,5.0,1.0,0.4000000000000057,86.5,83.0,77.3,86.23333333333333,77.64583333333333,4.2479641330158096,0.3542108546475359,122.8,98.9,86.6
2026-04-11 07:00:00,Karachi,24.8607,67.0011,32.0,47.0,14.2,1012.0,unknown,3.0,28.31,78.86,0.06,0.29,142.76,104.52,0.0,86.8,,7.0,11.0,4.0,5.0,1.0,-0.1000000000000085,86.9,85.3,78.6,86.73333333333333,77.9875,4.639744417626428,0.3589906162820187,122.5,98.7,90.2
2026-04-11 08:00:00,Karachi,24.8607,67.0011,32.6,44.0,14.8,1011.3,unknown,3.0,28.08,77.8,0.06,0.28,141.28,100.79,0.0,86.4,,8.0,11.0,4.0,5.0,1.0,-0.3999999999999915,86.8,86.5,79.9,86.7,78.25833333333334,4.936458567478463,0.3609254498714653,122.7,94.4,89.9
2026-04-11 09:00:00,Karachi,24.8607,67.0011,33.1,40.0,14.2,1010.4,unknown,3.0,27.75,77.52,0.06,0.27,139.79,97.6,0.0,85.7,,9.0,11.0,4.0,5.0,1.0,-0.7000000000000028,86.4,86.9,80.5,86.30000000000001,78.475,5.148680709026705,0.3579721362229102,122.9,88.2,87.1
2026-04-11 10:00:00,Karachi,24.8607,67.0011,33.1,39.0,14.6,1009.7,unknown,3.0,27.54,77.96,0.06,0.26,138.97,95.28,0.0,85.4,,10.0,11.0,4.0,5.0,1.0,-0.2999999999999971,85.7,86.8,79.7,85.83333333333333,78.71249999999999,5.335713350297872,0.3532580810672139,124.3,80.8,83.5
2026-04-11 11:00:00,Karachi,24.8607,67.0011,32.7,39.0,14.3,1009.0,unknown,3.0,27.34,78.07,0.07,0.27,137.89,93.21,0.0,85.0,,11.0,11.0,4.0,5.0,1.0,-0.4000000000000057,85.4,86.4,78.1,85.36666666666667,79.0,5.485078573415937,0.3501985397719995,126.5,73.6,80.8
2026-04-11 12:00:00,Karachi,24.8607,67.0011,31.8,43.0,11.6,1008.4,unknown,3.0,27.17,77.9,0.08,0.27,136.75,92.0,0.0,84.7,,12.0,11.0,4.0,5.0,1.0,-0.2999999999999971,85.0,85.7,76.5,85.03333333333335,79.34166666666667,5.577198663088907,0.348780487804878,128.6,67.6,80.0
2026-04-11 13:00:00,Karachi,24.8607,67.0011,30.0,53.0,10.5,1008.6,unknown,3.0,27.11,77.64,0.11,0.28,136.38,91.81,0.0,84.6,,13.0,11.0,4.0,5.0,1.0,-0.1000000000000085,84.7,85.4,74.8,84.76666666666667,79.75,5.588964281434838,0.3491756826378155,130.4,63.3,80.3
2026-04-11 14:00:00,Karachi,24.8607,67.0011,27.8,66.0,9.4,1009.2,unknown,3.0,27.0,76.98,0.15,0.29,136.03,91.77,0.0,84.3,,14.0,11.0,4.0,5.0,1.0,-0.2999999999999971,84.6,85.0,74.3,84.53333333333335,80.16666666666666,5.537513699399578,0.3507404520654715,132.0,60.6,80.8
2026-04-11 15:00:00,Karachi,24.8607,67.0011,27.0,68.0,6.9,1009.9,unknown,3.0,26.94,76.3,0.16,0.3,135.79,91.99,0.0,84.2,,15.0,11.0,4.0,5.0,1.0,-0.0999999999999943,84.3,84.7,74.3,84.36666666666666,80.57916666666667,5.449529630016596,0.3530799475753604,133.1,59.3,81.4
2026-04-11 16:00:00,Karachi,24.8607,67.0011,26.6,68.0,10.5,1010.4,unknown,3.0,26.8,74.76,0.16,0.3,135.41,92.49,0.0,84.0,,16.0,11.0,4.0,5.0,1.0,-0.2000000000000028,84.2,84.6,74.5,84.16666666666667,80.975,5.332529377813117,0.3584804708400214,132.6,58.6,81.2
2026-04-11 17:00:00,Karachi,24.8607,67.0011,26.6,63.0,12.1,1010.3,unknown,3.0,26.54,71.74,0.15,0.3,134.95,93.57,0.0,83.5,,17.0,11.0,4.0,5.0,1.0,-0.5,84.0,84.3,75.0,83.89999999999999,81.32916666666667,5.199036630384528,0.3699470309450794,130.1,58.1,80.6
2026-04-11 18:00:00,Karachi,24.8607,67.0011,26.6,65.0,12.2,1010.7,unknown,3.0,26.18,67.41,0.15,0.29,134.25,95.11,0.0,82.8,,18.0,11.0,4.0,5.0,1.0,-0.7000000000000028,83.5,84.2,75.5,83.43333333333334,81.63333333333333,5.054715118338324,0.3883696780893043,124.9,57.5,79.5
2026-04-11 19:00:00,Karachi,24.8607,67.0011,26.1,68.0,10.4,1010.2,unknown,3.0,25.71,62.9,0.14,0.28,133.02,96.71,0.0,81.9,,19.0,11.0,4.0,5.0,1.0,-0.8999999999999915,82.8,84.0,75.6,82.73333333333333,81.89583333333333,4.888627367293744,0.4087440381558029,116.3,56.9,78.0
2026-04-11 20:00:00,Karachi,24.8607,67.0011,25.7,70.0,11.4,1009.6,unknown,3.0,25.48,59.98,0.13,0.28,131.63,97.01,0.0,81.5,,20.0,11.0,4.0,5.0,1.0,-0.4000000000000057,81.9,83.5,75.1,82.06666666666666,82.16250000000001,4.671543130210024,0.4248082694231411,104.9,56.6,76.3
2026-04-11 21:00:00,Karachi,24.8607,67.0011,25.4,70.0,10.7,1008.9,unknown,3.0,25.44,58.46,0.12,0.29,130.55,96.83,0.0,81.4,,21.0,11.0,4.0,5.0,1.0,-0.0999999999999943,81.5,82.8,74.1,81.60000000000001,82.46666666666667,4.350378960673435,0.4351693465617516,92.9,56.6,74.6
2026-04-11 22:00:00,Karachi,24.8607,67.0011,25.2,70.0,9.0,1008.3,unknown,3.0,25.88,60.48,0.11,0.3,130.56,96.87,0.0,82.3,,22.0,11.0,4.0,5.0,1.0,0.8999999999999915,81.4,81.9,73.0,81.73333333333333,82.85416666666667,3.8566688900599937,0.4279100529100529,83.0,56.1,73.2
2026-04-11 23:00:00,Karachi,24.8607,67.0011,24.7,74.0,7.2,1008.1,unknown,3.0,27.54,69.11,0.11,0.3,131.11,96.84,0.0,85.4,,23.0,11.0,4.0,5.0,1.0,3.1000000000000085,82.3,81.5,72.6,83.03333333333333,83.3875,3.207370926614087,0.3984951526551873,76.3,55.6,72.2
2026-04-12 00:00:00,Karachi,24.8607,67.0011,24.0,78.0,5.4,1008.2,unknown,3.0,31.02,86.25,0.13,0.29,132.34,96.96,0.0,91.8,,0.0,12.0,4.0,6.0,1.0,6.399999999999992,85.4,81.4,73.7,86.5,84.14166666666667,2.947942048083624,0.3596521739130435,73.9,56.0,71.8
2026-04-12 01:00:00,Karachi,24.8607,67.0011,23.5,80.0,6.3,1008.2,unknown,4.0,35.56,105.85,0.16,0.28,134.31,96.64,0.0,101.1,,1.0,12.0,4.0,6.0,1.0,9.299999999999995,91.8,82.3,76.3,92.76666666666668,85.175,4.172086330344063,0.3359470949456778,75.1,58.5,72.1
2026-04-12 02:00:00,Karachi,24.8607,67.0011,23.3,79.0,6.7,1008.6,unknown,4.0,39.61,120.66,0.2,0.26,135.85,95.51,0.0,111.1,,2.0,12.0,4.0,6.0,1.0,10.0,101.1,85.4,79.7,101.33333333333331,86.48333333333333,6.598396818904296,0.3282778054036134,78.6,62.3,72.9
2026-04-12 03:00:00,Karachi,24.8607,67.0011,25.4,65.0,3.7,1009.2,unknown,4.0,42.6,131.16,0.24,0.24,137.1,94.34,0.0,118.5,,3.0,12.0,4.0,6.0,1.0,7.400000000000006,111.1,91.8,83.0,110.23333333333332,87.96249999999999,9.235602779227063,0.3247941445562671,83.8,67.4,73.5
2026-04-12 04:00:00,Karachi,24.8607,67.0011,28.7,46.0,4.1,1009.5,unknown,4.0,43.96,134.6,0.21,0.21,137.97,92.86,0.0,121.8,,4.0,12.0,4.0,6.0,1.0,3.299999999999997,118.5,101.1,85.3,117.13333333333333,89.48333333333333,11.504617850414272,0.3265973254086181,89.4,73.5,73.9
2026-04-12 05:00:00,Karachi,24.8607,67.0011,32.7,29.0,3.6,1009.6,unknown,4.0,44.35,132.97,0.16,0.2,138.7,91.59,0.0,122.8,,5.0,12.0,4.0,6.0,1.0,1.0,121.8,111.1,86.5,121.03333333333332,90.99583333333334,13.335779893291951,0.3335338798225163,95.0,80.3,74.3
2026-04-12 06:00:00,Karachi,24.8607,67.0011,34.5,23.0,1.5,1009.7,unknown,4.0,44.34,130.2,0.13,0.19,139.25,90.37,0.0,122.8,,6.0,12.0,4.0,6.0,1.0,0.0,122.8,118.5,86.9,122.46666666666664,92.49166666666667,14.79044687765008,0.3405529953917051,98.9,86.6,74.6
2026-04-12 07:00:00,Karachi,24.8607,67.0011,34.9,27.0,7.0,1009.0,unknown,4.0,44.23,128.29,0.11,0.19,139.37,89.05,0.0,122.5,,7.0,12.0,4.0,6.0,1.0,-0.2999999999999971,122.8,121.8,86.8,122.7,93.97916666666669,15.943404774298026,0.3447657650635279,98.7,90.2,74.7
2026-04-12 08:00:00,Karachi,24.8607,67.0011,34.3,39.0,12.1,1008.2,unknown,4.0,44.3,128.42,0.1,0.18,139.06,87.04,0.0,122.7,,8.0,12.0,4.0,6.0,1.0,0.2000000000000028,122.5,122.8,86.4,122.66666666666669,95.49166666666667,16.887039451877918,0.3449618439495406,94.4,89.9,74.7
2026-04-12 09:00:00,Karachi,24.8607,67.0011,34.1,37.0,14.2,1007.5,unknown,4.0,44.39,130.3,0.09,0.18,138.76,84.95,0.0,122.9,,9.0,12.0,4.0,6.0,1.0,0.2000000000000028,122.7,122.8,85.7,122.7,97.04166666666669,17.639676539148933,0.3406753645433614,88.2,87.1,74.7
2026-04-12 10:00:00,Karachi,24.8607,67.0011,33.5,37.0,14.2,1006.8,unknown,4.0,44.98,135.02,0.09,0.19,138.58,83.82,0.0,124.3,,10.0,12.0,4.0,6.0,1.0,1.3999999999999917,122.9,122.5,85.4,123.3,98.66249999999998,18.298344246786797,0.3331358317286327,80.8,83.5,74.7
2026-04-12 11:00:00,Karachi,24.8607,67.0011,32.2,45.0,12.1,1006.4,unknown,4.0,45.86,139.15,0.09,0.18,138.24,82.28,0.0,126.5,,11.0,12.0,4.0,6.0,1.0,2.200000000000003,124.3,122.7,85.0,124.56666666666668,100.39166666666664,18.902010858444505,0.3295724038807042,73.6,80.8,74.5
2026-04-12 12:00:00,Karachi,24.8607,67.0011,31.3,50.0,10.9,1006.4,unknown,4.0,46.69,143.33,0.11,0.18,138.02,81.84,0.0,128.6,,12.0,12.0,4.0,6.0,1.0,2.0999999999999943,126.5,122.9,84.7,126.46666666666664,102.22083333333336,19.43412460789939,0.325751761668876,67.6,80.0,74.2
2026-04-12 13:00:00,Karachi,24.8607,67.0011,30.0,57.0,9.9,1006.7,unknown,4.0,47.43,146.85,0.13,0.19,138.12,82.6,0.0,130.4,,13.0,12.0,4.0,6.0,1.0,1.8000000000000114,128.6,124.3,84.6,128.5,104.12916666666666,19.872342133831484,0.3229826353421859,63.3,80.3,73.5
2026-04-12 14:00:00,Karachi,24.8607,67.0011,28.0,72.0,9.1,1007.2,unknown,4.0,48.11,148.47,0.17,0.21,138.65,82.94,0.0,132.0,,14.0,12.0,4.0,6.0,1.0,1.5999999999999943,130.4,126.5,84.3,130.33333333333334,106.11666666666666,20.185782053253305,0.3240385263016097,60.6,80.8,71.7
2026-04-12 15:00:00,Karachi,24.8607,67.0011,27.1,77.0,7.9,1007.5,unknown,4.0,48.54,148.82,0.17,0.23,139.24,83.56,0.0,133.1,,15.0,12.0,4.0,6.0,1.0,1.0999999999999943,132.0,128.6,84.2,131.83333333333334,108.15416666666664,20.344681586119044,0.3261658379250101,59.3,81.4,69.0
2026-04-12 16:00:00,Karachi,24.8607,67.0011,26.6,80.0,8.8,1008.2,unknown,4.0,48.32,146.83,0.17,0.26,139.6,84.2,0.0,132.6,,16.0,12.0,4.0,6.0,1.0,-0.5,133.1,130.4,84.0,132.56666666666666,110.17916666666667,20.25446765888743,0.3290880610229517,58.6,81.2,66.0
2026-04-12 17:00:00,Karachi,24.8607,67.0011,26.2,81.0,9.2,1008.9,unknown,4.0,47.32,141.91,0.16,0.3,139.37,85.07,0.0,130.1,,17.0,12.0,4.0,6.0,1.0,-2.5,132.6,132.0,83.5,131.9333333333333,112.12083333333334,19.814552824204124,0.3334507786625326,58.1,80.6,64.3
2026-04-12 18:00:00,Karachi,24.8607,67.0011,26.0,81.0,8.8,1009.2,unknown,4.0,45.2,133.58,0.15,0.32,138.85,85.81,0.0,124.9,,18.0,12.0,4.0,6.0,1.0,-5.199999999999989,130.1,133.1,82.8,129.2,113.875,18.95065101554637,0.3383740080850426,57.5,79.5,64.2
2026-04-12 19:00:00,Karachi,24.8607,67.0011,25.8,80.0,8.1,1008.9,unknown,4.0,41.71,121.34,0.14,0.32,136.3,86.09,0.0,116.3,,19.0,12.0,4.0,6.0,1.0,-8.600000000000009,124.9,132.6,81.9,123.76666666666668,115.30833333333332,17.685781974737633,0.3437448491841107,56.9,78.0,65.7
2026-04-12 20:00:00,Karachi,24.8607,67.0011,25.4,80.0,6.5,1008.3,unknown,4.0,37.07,105.01,0.13,0.29,132.18,86.3,0.0,104.9,,20.0,12.0,4.0,6.0,1.0,-11.399999999999991,116.3,130.1,81.5,115.36666666666667,116.28333333333332,16.3342975166458,0.3530139986667936,56.6,76.3,67.9
2026-04-12 21:00:00,Karachi,24.8607,67.0011,25.2,79.0,7.2,1007.8,unknown,3.0,31.61,85.08,0.11,0.25,126.0,86.81,0.0,92.9,,21.0,12.0,4.0,6.0,1.0,-12.0,104.9,124.9,81.4,104.7,116.7625,15.40897007251406,0.37153267512929,56.6,74.6,70.5
2026-04-12 22:00:00,Karachi,24.8607,67.0011,24.8,75.0,8.2,1007.2,unknown,3.0,26.25,66.62,0.11,0.23,119.49,87.68,0.0,83.0,,22.0,12.0,4.0,6.0,1.0,-9.900000000000006,92.9,116.3,82.3,93.6,116.79166666666669,15.34141642649062,0.3940258180726508,56.1,73.2,73.2
2026-04-12 23:00:00,Karachi,24.8607,67.0011,24.5,74.0,9.3,1006.9,unknown,3.0,22.68,56.86,0.1,0.23,115.31,87.33,0.0,76.3,,23.0,12.0,4.0,6.0,1.0,-6.700000000000003,83.0,104.9,85.4,84.06666666666668,116.41249999999998,16.237297711026425,0.3988744284206824,55.6,72.2,75.7
2026-04-13 00:00:00,Karachi,24.8607,67.0011,24.7,78.0,8.8,1007.4,unknown,3.0,21.38,56.57,0.11,0.24,113.71,86.03,0.0,73.9,,0.0,13.0,4.0,0.0,0.0,-2.3999999999999915,76.3,92.9,91.8,77.73333333333333,115.66666666666669,17.75697454319061,0.3779388368393141,56.0,71.8,78.0
2026-04-13 01:00:00,Karachi,24.8607,67.0011,24.8,81.0,8.3,1007.5,unknown,3.0,22.01,63.42,0.12,0.25,114.02,83.93,0.0,75.1,,1.0,13.0,4.0,0.0,0.0,1.1999999999999886,73.9,83.0,101.1,75.1,114.58333333333331,19.40129235199348,0.3470514033427941,58.5,72.1,80.6
2026-04-13 02:00:00,Karachi,24.8607,67.0011,25.1,81.0,7.4,1008.0,unknown,3.0,23.92,73.84,0.16,0.26,115.39,81.43,0.0,78.6,,2.0,13.0,4.0,0.0,0.0,3.5,75.1,76.3,111.1,75.86666666666666,113.22916666666669,20.74282440972636,0.323943661971831,62.3,72.9,83.2
2026-04-13 03:00:00,Karachi,24.8607,67.0011,26.8,75.0,7.4,1008.9,unknown,3.0,26.7,86.68,0.2,0.27,117.29,79.03,0.0,83.8,,3.0,13.0,4.0,0.0,0.0,5.200000000000003,78.6,73.9,118.5,79.16666666666667,111.78333333333332,21.55298156851486,0.3080295339178587,67.4,73.5,85.5
2026-04-13 04:00:00,Karachi,24.8607,67.0011,28.8,66.0,9.9,1009.5,unknown,3.0,29.73,99.03,0.19,0.28,118.95,77.15,0.0,89.4,,4.0,13.0,4.0,0.0,0.0,5.6000000000000085,83.8,75.1,121.8,83.93333333333334,110.43333333333334,21.910046666484423,0.3002120569524386,73.5,73.9,86.9
2026-04-13 05:00:00,Karachi,24.8607,67.0011,30.9,54.0,11.2,1009.6,unknown,4.0,32.74,109.24,0.16,0.3,120.97,76.15,0.0,95.0,,5.0,13.0,4.0,0.0,0.0,5.599999999999994,89.4,78.6,122.8,89.39999999999999,109.275,21.962621408439045,0.2997070670084218,80.3,74.3,87.8
2026-04-13 06:00:00,Karachi,24.8607,67.0011,31.5,51.0,15.2,1009.7,unknown,4.0,34.82,113.1,0.14,0.31,123.03,75.27,0.0,98.9,,6.0,13.0,4.0,0.0,0.0,3.9000000000000057,95.0,83.8,122.8,94.43333333333334,108.27916666666668,21.864324310076984,0.307869142351901,86.6,74.6,88.0
2026-04-13 07:00:00,Karachi,24.8607,67.0011,32.3,45.0,16.2,1009.4,unknown,4.0,34.68,106.56,0.12,0.32,124.43,74.25,0.0,98.7,,7.0,13.0,4.0,0.0,0.0,-0.2000000000000028,98.9,89.4,122.5,97.53333333333336,107.28749999999998,21.730609797562185,0.3254504504504504,90.2,74.7,87.6
2026-04-13 08:00:00,Karachi,24.8607,67.0011,32.9,40.0,16.8,1008.9,unknown,3.0,32.42,92.45,0.11,0.32,124.74,72.77,0.0,94.4,,8.0,13.0,4.0,0.0,0.0,-4.299999999999997,98.7,95.0,122.7,97.33333333333331,106.10833333333332,21.625486507051363,0.3506760411032991,89.9,74.7,86.6
2026-04-13 09:00:00,Karachi,24.8607,67.0011,33.4,37.0,16.1,1008.2,unknown,3.0,29.04,76.25,0.1,0.31,124.08,71.21,0.0,88.2,,9.0,13.0,4.0,0.0,0.0,-6.200000000000003,94.4,98.9,122.9,93.76666666666668,104.6625,21.61400134976913,0.3808524590163934,87.1,74.7,85.4
2026-04-13 10:00:00,Karachi,24.8607,67.0011,33.0,38.0,15.5,1007.6,unknown,3.0,25.09,60.95,0.09,0.3,122.81,69.91,0.0,80.8,,10.0,13.0,4.0,0.0,0.0,-7.400000000000006,88.2,98.7,124.3,87.8,102.85,21.719296169235182,0.4116488925348646,83.5,74.7,84.1
2026-04-13 11:00:00,Karachi,24.8607,67.0011,32.4,42.0,15.8,1007.0,unknown,2.0,21.25,48.86,0.09,0.29,120.91,68.83,0.0,73.6,,11.0,13.0,4.0,0.0,0.0,-7.200000000000003,80.8,94.4,126.5,80.86666666666666,100.64583333333331,21.89836164542049,0.434916086778551,80.8,74.5,82.8
2026-04-13 12:00:00,Karachi,24.8607,67.0011,30.8,49.0,17.7,1006.8,unknown,2.0,18.03,40.71,0.1,0.29,118.7,67.92,0.0,67.6,,12.0,13.0,4.0,0.0,0.0,-6.0,73.6,88.2,128.6,73.99999999999999,98.10416666666669,22.05223993683832,0.4428887251289609,80.0,74.2,81.8
2026-04-13 13:00:00,Karachi,24.8607,67.0011,29.5,54.0,16.2,1006.7,unknown,2.0,15.69,35.93,0.12,0.3,117.4,67.82,0.0,63.3,,13.0,13.0,4.0,0.0,0.0,-4.299999999999997,67.6,80.8,130.4,68.16666666666667,95.30833333333334,22.033214387190306,0.4366824380740328,80.3,73.5,81.5
2026-04-13 14:00:00,Karachi,24.8607,67.0011,28.3,60.0,13.8,1007.0,unknown,2.0,14.26,33.93,0.15,0.32,116.64,67.96,0.0,60.6,,14.0,13.0,4.0,0.0,0.0,-2.699999999999996,63.3,73.6,132.0,63.833333333333336,92.33333333333331,21.68110110044104,0.4202770409666961,80.8,71.7,82.2
2026-04-13 15:00:00,Karachi,24.8607,67.0011,27.9,62.0,10.6,1007.6,unknown,2.0,13.57,33.71,0.16,0.35,116.67,68.8,0.0,59.3,,15.0,13.0,4.0,0.0,0.0,-1.3000000000000045,60.6,67.6,133.1,61.06666666666666,89.25833333333333,20.865988899489903,0.4025511717591219,81.4,69.0,83.6
2026-04-13 16:00:00,Karachi,24.8607,67.0011,27.6,64.0,9.4,1008.1,unknown,2.0,13.17,33.89,0.17,0.36,117.33,70.07,0.0,58.6,,16.0,13.0,4.0,0.0,0.0,-0.6999999999999957,59.3,63.3,132.6,59.5,86.17500000000001,19.61280083317412,0.3886102095013278,81.2,66.0,85.5
2026-04-13 17:00:00,Karachi,24.8607,67.0011,27.3,65.0,9.9,1008.6,unknown,2.0,12.89,33.91,0.17,0.37,118.09,71.37,0.0,58.1,,17.0,13.0,4.0,0.0,0.0,-0.5,58.6,60.6,130.1,58.66666666666666,83.175,18.045865478540648,0.3801238572692422,80.6,64.3,87.5
2026-04-13 18:00:00,Karachi,24.8607,67.0011,26.9,67.0,8.4,1008.9,unknown,2.0,12.58,33.26,0.17,0.38,118.91,72.62,0.0,57.5,,18.0,13.0,4.0,0.0,0.0,-0.6000000000000014,58.1,59.3,124.9,58.06666666666666,80.36666666666667,16.443544171727677,0.3782321106434155,79.5,64.2,90.0
2026-04-13 19:00:00,Karachi,24.8607,67.0011,26.5,70.0,9.0,1008.4,unknown,2.0,12.25,32.1,0.17,0.37,118.98,73.53,0.0,56.9,,19.0,13.0,4.0,0.0,0.0,-0.6000000000000014,57.5,58.6,116.3,57.5,77.89166666666667,15.225034209048353,0.381619937694704,78.0,65.7,92.5
2026-04-13 20:00:00,Karachi,24.8607,67.0011,26.2,72.0,10.9,1007.9,unknown,2.0,12.1,31.27,0.18,0.38,119.22,74.77,0.0,56.6,,20.0,13.0,4.0,0.0,0.0,-0.2999999999999971,56.9,58.1,104.9,57.0,75.87916666666668,14.682316461195583,0.3869523504956828,76.3,67.9,95.1
2026-04-13 21:00:00,Karachi,24.8607,67.0011,26.1,73.0,11.4,1007.2,unknown,2.0,12.09,30.87,0.18,0.38,119.41,76.03,0.0,56.6,,21.0,13.0,4.0,0.0,0.0,0.0,56.6,57.5,92.9,56.70000000000001,74.36666666666666,14.722348190146633,0.391642371234208,74.6,70.5,97.3
2026-04-13 22:00:00,Karachi,24.8607,67.0011,26.1,71.0,13.2,1006.5,unknown,2.0,11.85,30.11,0.18,0.38,119.14,77.31,0.0,56.1,,22.0,13.0,4.0,0.0,0.0,-0.5,56.6,56.9,83.0,56.43333333333334,73.24583333333332,15.056674936550852,0.3935569578213218,73.2,73.2,99.0
2026-04-13 23:00:00,Karachi,24.8607,67.0011,26.0,72.0,12.8,1006.3,unknown,2.0,11.57,30.4,0.18,0.38,118.16,78.72,0.0,55.6,,23.0,13.0,4.0,0.0,0.0,-0.5,56.1,56.6,76.3,56.1,72.38333333333334,15.461555877238212,0.3805921052631579,72.2,75.7,65.3
2026-04-14 00:00:00,Karachi,24.8607,67.0011,25.8,77.0,11.3,1006.4,unknown,2.0,11.8,34.74,0.18,0.38,117.03,80.64,0.0,56.0,,0.0,14.0,4.0,1.0,0.0,0.3999999999999986,55.6,56.6,73.9,55.9,71.6375,15.812950457582096,0.3396660909614277,71.8,78.0,101.6
2026-04-14 01:00:00,Karachi,24.8607,67.0011,25.8,77.0,10.4,1006.9,unknown,2.0,13.11,44.94,0.18,0.4,116.53,83.7,0.0,58.5,,1.0,14.0,4.0,1.0,0.0,2.5,56.0,56.1,75.1,56.70000000000001,70.94583333333334,16.01664838105502,0.2917222963951936,72.1,80.6,101.0
2026-04-14 02:00:00,Karachi,24.8607,67.0011,25.9,76.0,9.1,1007.4,unknown,3.0,15.16,57.2,0.21,0.43,116.81,86.72,0.0,62.3,,2.0,14.0,4.0,1.0,0.0,3.799999999999997,58.5,55.6,78.6,58.93333333333334,70.26666666666667,16.023560551689425,0.265034965034965,72.9,83.2,99.0
2026-04-14 03:00:00,Karachi,24.8607,67.0011,27.5,69.0,7.2,1008.0,unknown,3.0,17.89,71.26,0.23,0.47,117.53,90.07,0.0,67.4,,3.0,14.0,4.0,1.0,0.0,5.1000000000000085,62.3,56.0,83.8,62.73333333333333,69.58333333333333,15.769002799016729,0.2510524838619141,73.5,85.5,96.8
2026-04-14 04:00:00,Karachi,24.8607,67.0011,29.8,57.0,8.1,1008.2,unknown,3.0,21.19,85.93,0.21,0.51,117.94,93.52,0.0,73.5,,4.0,14.0,4.0,1.0,0.0,6.099999999999994,67.4,58.5,89.4,67.73333333333333,68.92083333333333,15.224864650407376,0.2465960665658093,73.9,86.9,93.9
2026-04-14 05:00:00,Karachi,24.8607,67.0011,31.8,48.0,9.4,1008.6,unknown,3.0,24.84,99.33,0.16,0.53,118.42,96.72,0.0,80.3,,5.0,14.0,4.0,1.0,0.0,6.799999999999997,73.5,62.3,95.0,73.73333333333333,68.30833333333334,14.4036202172355,0.2500755058894593,74.3,87.8,93.7
2026-04-14 06:00:00,Karachi,24.8607,67.0011,32.0,50.0,13.1,1009.0,unknown,4.0,28.21,108.39,0.13,0.55,118.67,99.16,0.0,86.6,,6.0,14.0,4.0,1.0,0.0,6.299999999999997,80.3,67.4,98.9,80.13333333333334,67.79583333333333,13.455416855440046,0.2602638619798874,74.6,88.0,94.0
2026-04-14 07:00:00,Karachi,24.8607,67.0011,32.9,45.0,13.3,1008.6,unknown,4.0,30.12,109.51,0.11,0.55,118.69,100.91,0.0,90.2,,7.0,14.0,4.0,1.0,0.0,3.6000000000000085,86.6,73.5,98.7,85.69999999999999,67.44166666666666,12.697103971985092,0.2750433750342434,74.7,87.6,94.2
2026-04-14 08:00:00,Karachi,24.8607,67.0011,33.4,43.0,14.4,1007.8,unknown,4.0,29.98,102.72,0.1,0.55,118.74,101.83,0.0,89.9,,8.0,14.0,4.0,1.0,0.0,-0.2999999999999971,90.2,80.3,94.4,88.89999999999999,67.25416666666668,12.30899208838488,0.2918613707165109,74.7,86.6,94.2
2026-04-14 09:00:00,Karachi,24.8607,67.0011,33.2,42.0,15.0,1007.2,unknown,3.0,28.46,92.1,0.09,0.56,118.99,102.37,0.0,87.1,,9.0,14.0,4.0,1.0,0.0,-2.800000000000012,89.9,86.6,88.2,89.06666666666666,67.20833333333333,12.229398530010975,0.3090119435396308,74.7,85.4,94.1
2026-04-14 10:00:00,Karachi,24.8607,67.0011,32.5,44.0,15.0,1006.5,unknown,3.0,26.54,81.41,0.09,0.58,120.24,103.58,0.0,83.5,,10.0,14.0,4.0,1.0,0.0,-3.5999999999999943,87.1,90.2,80.8,86.83333333333333,67.32083333333334,12.371460114406718,0.3260041763911067,74.7,84.1,95.5
2026-04-14 11:00:00,Karachi,24.8607,67.0011,31.9,47.0,13.5,1006.0,unknown,3.0,25.07,73.62,0.09,0.61,121.92,105.41,0.0,80.8,,11.0,14.0,4.0,1.0,0.0,-2.700000000000003,83.5,89.9,73.6,83.8,67.62083333333332,12.61524196003319,0.3405324640043466,74.5,82.8,99.1
2026-04-14 12:00:00,Karachi,24.8607,67.0011,30.8,52.0,11.6,1005.5,unknown,3.0,24.67,70.11,0.11,0.64,124.14,107.73,0.0,80.0,,12.0,14.0,4.0,1.0,0.0,-0.7999999999999972,80.8,87.1,67.6,81.43333333333334,68.1375,12.865789233806538,0.3518756240193981,74.2,81.8,107.4
2026-04-14 13:00:00,Karachi,24.8607,67.0011,29.3,55.0,12.3,1005.7,unknown,3.0,24.83,68.52,0.15,0.68,126.59,110.6,0.0,80.3,,13.0,14.0,4.0,1.0,0.0,0.2999999999999971,80.0,83.5,63.3,80.36666666666667,68.84583333333333,13.054467140365263,0.3623759486281377,73.5,81.5,118.2
2026-04-14 14:00:00,Karachi,24.8607,67.0011,27.9,58.0,9.4,1006.0,unknown,3.0,25.08,67.27,0.2,0.71,128.97,113.62,0.0,80.8,,14.0,14.0,4.0,1.0,0.0,0.5,80.3,80.8,60.6,80.36666666666666,69.6875,13.150543467031918,0.372825925375353,71.7,82.2,132.5
2026-04-14 15:00:00,Karachi,24.8607,67.0011,27.0,66.0,9.2,1006.4,unknown,3.0,25.4,66.39,0.22,0.73,131.14,116.36,0.0,81.4,,15.0,14.0,4.0,1.0,0.0,0.6000000000000085,80.8,80.0,59.3,80.83333333333333,70.60833333333333,13.165300791382256,0.3825877391173369,69.0,83.6,149.4
2026-04-14 16:00:00,Karachi,24.8607,67.0011,26.4,74.0,8.6,1006.9,unknown,3.0,25.32,65.03,0.22,0.73,132.22,118.24,0.0,81.2,,16.0,14.0,4.0,1.0,0.0,-0.2000000000000028,81.4,80.3,58.6,81.13333333333333,71.55,13.076996065113333,0.38935875749654,66.0,85.5,155.2
2026-04-14 17:00:00,Karachi,24.8607,67.0011,25.9,78.0,8.5,1007.5,unknown,3.0,24.97,63.59,0.22,0.73,132.93,120.05,0.0,80.6,,17.0,14.0,4.0,1.0,0.0,-0.6000000000000085,81.2,80.8,58.1,81.06666666666666,72.4875,12.875805166888952,0.3926718037427268,64.3,87.5,158.7
2026-04-14 18:00:00,Karachi,24.8607,67.0011,25.8,79.0,8.6,1007.4,unknown,3.0,24.41,62.1,0.22,0.71,133.28,121.71,0.0,79.5,,18.0,14.0,4.0,1.0,0.0,-1.0999999999999943,80.6,81.4,57.5,80.43333333333334,73.40416666666665,12.541183605701464,0.3930756843800322,64.2,90.0,160.7
2026-04-14 19:00:00,Karachi,24.8607,67.0011,25.7,79.0,6.2,1007.2,unknown,3.0,23.57,60.03,0.22,0.68,132.88,123.02,0.0,78.0,,19.0,14.0,4.0,1.0,0.0,-1.5,79.5,81.2,56.9,79.36666666666667,74.28333333333333,12.064416476878046,0.3926370148259204,65.7,92.5,160.9
2026-04-14 20:00:00,Karachi,24.8607,67.0011,25.3,80.0,5.3,1006.4,unknown,3.0,22.69,57.72,0.22,0.64,132.42,123.97,0.0,76.3,,20.0,14.0,4.0,1.0,0.0,-1.7000000000000028,78.0,80.6,56.6,77.93333333333332,75.10416666666667,11.464215749612032,0.3931046431046431,67.9,95.1,159.6
2026-04-14 21:00:00,Karachi,24.8607,67.0011,25.0,80.0,7.2,1005.7,unknown,3.0,21.79,55.2,0.21,0.61,131.37,124.12,0.0,74.6,,21.0,14.0,4.0,1.0,0.0,-1.7000000000000028,76.3,79.5,56.6,76.3,75.85416666666667,10.768713909998302,0.3947463768115942,70.5,97.3,157.5
2026-04-14 22:00:00,Karachi,24.8607,67.0011,25.0,78.0,8.8,1005.2,unknown,3.0,21.04,52.88,0.2,0.58,130.32,124.15,0.0,73.2,,22.0,14.0,4.0,1.0,0.0,-1.3999999999999917,74.6,78.0,56.1,74.69999999999999,76.56666666666668,9.938579492003294,0.3978819969742813,73.2,99.0,154.9
2026-04-14 23:00:00,Karachi,24.8607,67.0011,25.0,77.0,7.7,1004.9,unknown,3.0,20.49,51.34,0.19,0.57,128.67,123.53,0.0,72.2,,23.0,14.0,4.0,1.0,0.0,-1.0,73.2,76.3,55.6,73.33333333333333,77.25833333333334,8.943830356692958,0.3991040124659135,75.7,65.3,152.2
2026-04-15 00:00:00,Karachi,24.8607,67.0011,24.6,80.0,5.2,1004.6,unknown,3.0,20.27,51.32,0.18,0.57,127.2,122.47,0.0,71.8,,0.0,15.0,4.0,2.0,0.0,-0.4000000000000057,72.2,74.6,56.0,72.39999999999999,77.91666666666667,7.822190656503658,0.3949727201870616,78.0,101.6,146.6
2026-04-15 01:00:00,Karachi,24.8607,67.0011,24.7,80.0,5.6,1005.0,unknown,3.0,20.44,53.53,0.17,0.58,126.48,121.66,0.0,72.1,,1.0,15.0,4.0,2.0,0.0,0.2999999999999971,71.8,73.2,58.5,72.03333333333335,78.48333333333333,6.77724239589964,0.3818419577806837,80.6,101.0,140.4
2026-04-15 02:00:00,Karachi,24.8607,67.0011,24.7,80.0,5.2,1005.5,unknown,3.0,20.83,56.72,0.2,0.59,126.15,120.78,0.0,72.9,,2.0,15.0,4.0,2.0,0.0,0.8000000000000114,72.1,72.2,62.3,72.26666666666667,78.925,5.974602042416113,0.3672425952045133,83.2,99.0,135.9
2026-04-15 03:00:00,Karachi,24.8607,67.0011,26.4,75.0,3.7,1006.2,unknown,3.0,21.17,59.71,0.21,0.6,126.14,119.81,0.0,73.5,,3.0,15.0,4.0,2.0,0.0,0.5999999999999943,72.9,71.8,67.4,72.83333333333333,79.17916666666666,5.579697604919462,0.3545469770557696,85.5,96.8,132.4
2026-04-15 04:00:00,Karachi,24.8607,67.0011,28.4,68.0,5.8,1006.5,unknown,3.0,21.41,61.92,0.17,0.59,126.01,118.9,0.0,73.9,,4.0,15.0,4.0,2.0,0.0,0.4000000000000057,73.5,72.1,73.5,73.43333333333334,79.19583333333333,5.562567374614583,0.3457687338501292,86.9,93.9,129.4
2026-04-15 05:00:00,Karachi,24.8607,67.0011,30.0,62.0,8.0,1006.9,unknown,3.0,21.61,63.91,0.12,0.58,125.82,117.9,0.0,74.3,,5.0,15.0,4.0,2.0,0.0,0.3999999999999915,73.9,72.9,80.3,73.89999999999999,78.94583333333334,5.645003883134634,0.3381317477703019,87.8,93.7,127.0
2026-04-15 06:00:00,Karachi,24.8607,67.0011,30.8,60.0,10.7,1007.2,unknown,3.0,21.79,65.29,0.1,0.56,125.68,115.96,0.0,74.6,,6.0,15.0,4.0,2.0,0.0,0.2999999999999971,74.3,73.5,86.6,74.26666666666667,78.44583333333334,5.466178950497914,0.3337417674988512,88.0,94.0,124.9
2026-04-15 07:00:00,Karachi,24.8607,67.0011,31.5,57.0,12.2,1007.0,unknown,3.0,21.84,65.36,0.09,0.54,125.4,113.81,0.0,74.7,,7.0,15.0,4.0,2.0,0.0,0.1000000000000085,74.6,73.9,90.2,74.53333333333332,77.8,4.903769623643192,0.3341493268053855,87.6,94.2,122.2
2026-04-15 08:00:00,Karachi,24.8607,67.0011,32.0,53.0,12.6,1006.4,unknown,3.0,21.83,64.71,0.08,0.53,125.06,111.66,0.0,74.7,,8.0,15.0,4.0,2.0,0.0,0.0,74.7,74.3,89.9,74.66666666666667,77.16666666666667,4.204828142763046,0.3373512594653067,86.6,94.2,119.1
2026-04-15 09:00:00,Karachi,24.8607,67.0011,32.3,50.0,12.9,1005.4,unknown,3.0,21.82,64.32,0.08,0.52,124.81,109.69,0.0,74.7,,9.0,15.0,4.0,2.0,0.0,0.0,74.7,74.6,87.1,74.7,76.64999999999999,3.6573927515592537,0.3392412935323383,85.4,94.1,115.3
2026-04-15 10:00:00,Karachi,24.8607,67.0011,32.1,51.0,12.3,1004.6,unknown,3.0,21.82,64.66,0.08,0.52,125.01,108.48,0.0,74.7,,10.0,15.0,4.0,2.0,0.0,0.0,74.7,74.7,83.5,74.7,76.28333333333333,3.3706748990951985,0.3374574698422518,84.1,95.5,111.0
2026-04-15 11:00:00,Karachi,24.8607,67.0011,31.2,56.0,12.4,1004.1,unknown,3.0,21.73,66.05,0.09,0.52,124.31,107.32,0.0,74.5,,11.0,15.0,4.0,2.0,0.0,-0.2000000000000028,74.7,74.7,80.8,74.63333333333334,76.02083333333333,3.246667745443586,0.328993186979561,82.8,99.1,106.4
2026-04-15 12:00:00,Karachi,24.8607,67.0011,29.3,67.0,13.5,1004.3,unknown,3.0,21.54,68.54,0.11,0.51,123.02,105.87,0.0,74.2,,12.0,15.0,4.0,2.0,0.0,-0.2999999999999971,74.5,74.7,80.0,74.46666666666665,75.77916666666667,3.152084081683044,0.3142690399766559,81.8,107.4,102.1
2026-04-15 13:00:00,Karachi,24.8607,67.0011,28.0,73.0,13.0,1004.4,unknown,3.0,21.15,71.4,0.14,0.5,121.33,104.62,0.0,73.5,,13.0,15.0,4.0,2.0,0.0,-0.7000000000000028,74.2,74.7,80.3,74.06666666666666,75.49583333333334,3.0313548652161297,0.2962184873949579,81.5,118.2,98.5
2026-04-15 14:00:00,Karachi,24.8607,67.0011,26.9,79.0,11.2,1004.8,unknown,3.0,20.23,70.08,0.19,0.49,119.53,103.5,0.0,71.7,,14.0,15.0,4.0,2.0,0.0,-1.7999999999999972,73.5,74.5,80.8,73.13333333333334,75.11666666666666,2.90556687078598,0.2886700913242009,82.2,132.5,96.7
2026-04-15 15:00:00,Karachi,24.8607,67.0011,26.5,81.0,9.7,1005.4,unknown,3.0,18.74,62.91,0.2,0.48,118.54,104.08,0.0,69.0,,15.0,15.0,4.0,2.0,0.0,-2.700000000000003,71.7,74.2,81.4,71.39999999999999,74.60000000000001,2.841463187076004,0.2978858687013193,83.6,149.4,95.9
2026-04-15 16:00:00,Karachi,24.8607,67.0011,26.1,82.0,9.4,1005.9,unknown,3.0,17.17,53.52,0.2,0.47,118.69,106.98,0.0,66.0,,16.0,15.0,4.0,2.0,0.0,-3.0,69.0,73.5,81.2,68.89999999999999,73.96666666666667,2.9961811442744715,0.3208146487294469,85.5,155.2,95.8
2026-04-15 17:00:00,Karachi,24.8607,67.0011,25.7,84.0,7.9,1006.0,unknown,3.0,16.24,47.58,0.21,0.47,120.05,111.4,0.01,64.3,,17.0,15.0,4.0,2.0,0.0,-1.7000000000000028,66.0,71.7,80.6,66.43333333333334,73.28750000000001,3.2627425780263466,0.3413198823034888,87.5,158.7,96.3
2026-04-15 18:00:00,Karachi,24.8607,67.0011,25.7,80.0,7.8,1005.9,unknown,3.0,16.21,46.82,0.21,0.46,121.24,115.93,0.02,64.2,,18.0,15.0,4.0,2.0,0.0,-0.0999999999999943,64.3,69.0,79.5,64.83333333333333,72.65,3.483376672642529,0.3462195642887655,90.0,160.7,97.1
2026-04-15 19:00:00,Karachi,24.8607,67.0011,25.8,73.0,10.0,1005.4,unknown,3.0,17.0,50.33,0.2,0.44,121.78,117.68,0.02,65.7,,19.0,15.0,4.0,2.0,0.0,1.5,64.2,66.0,78.0,64.73333333333333,72.1375,3.5658784514432327,0.337770713292271,92.5,160.9,97.7
2026-04-15 20:00:00,Karachi,24.8607,67.0011,25.7,69.0,10.9,1005.1,unknown,3.0,18.19,55.9,0.19,0.43,121.59,116.22,0.01,67.9,,20.0,15.0,4.0,2.0,0.0,2.200000000000003,65.7,64.3,76.3,65.93333333333334,71.7875,3.5517677778620125,0.3254025044722719,95.1,159.6,98.0
2026-04-15 21:00:00,Karachi,24.8607,67.0011,25.6,68.0,11.3,1004.7,unknown,3.0,19.56,63.1,0.18,0.42,120.71,112.96,0.0,70.5,,21.0,15.0,4.0,2.0,0.0,2.5999999999999943,67.9,64.2,74.6,68.03333333333335,71.61666666666666,3.508953351531103,0.3099841521394611,97.3,157.5,97.9
2026-04-15 22:00:00,Karachi,24.8607,67.0011,25.4,66.0,10.8,1004.4,unknown,3.0,21.0,71.23,0.16,0.41,119.76,108.53,0.0,73.2,,22.0,15.0,4.0,2.0,0.0,2.700000000000003,70.5,65.7,73.2,70.53333333333335,71.61666666666666,3.508953351531103,0.2948195984837849,99.0,154.9,97.7
2026-04-15 23:00:00,Karachi,24.8607,67.0011,25.0,66.0,10.2,1004.0,unknown,3.0,22.34,78.33,0.15,0.4,118.75,103.86,0.0,75.7,,23.0,15.0,4.0,2.0,0.0,2.5,73.2,67.9,72.2,73.13333333333333,71.7625,3.6056492510741993,0.2852036256861994,65.3,152.2,97.3
2026-04-16 00:00:00,Karachi,24.8607,67.0011,24.9,72.0,10.8,1003.8,unknown,3.0,23.61,84.55,0.14,0.39,117.79,99.29,0.0,78.0,,0.0,16.0,4.0,3.0,0.0,2.299999999999997,75.7,70.5,71.8,75.63333333333333,72.02083333333333,3.823949604759806,0.2792430514488468,101.6,146.6,96.7
2026-04-16 01:00:00,Karachi,24.8607,67.0011,24.9,72.0,10.9,1004.3,unknown,3.0,25.01,92.63,0.13,0.38,117.02,94.99,0.0,80.6,,1.0,16.0,4.0,3.0,0.0,2.5999999999999943,78.0,73.2,72.1,78.10000000000001,72.375,4.206129068295764,0.2699989204361438,101.0,140.4,95.8
2026-04-16 02:00:00,Karachi,24.8607,67.0011,25.2,70.0,10.8,1004.9,unknown,4.0,26.4,100.21,0.13,0.37,116.6,90.6,0.0,83.2,,2.0,16.0,4.0,3.0,0.0,2.6000000000000085,80.6,75.7,72.9,80.60000000000001,72.80416666666666,4.752068580853306,0.2634467618002195,99.0,135.9,95.2
2026-04-16 03:00:00,Karachi,24.8607,67.0011,26.7,67.0,10.4,1005.7,unknown,4.0,27.62,105.7,0.14,0.36,116.04,86.17,0.0,85.5,,3.0,16.0,4.0,3.0,0.0,2.299999999999997,83.2,78.0,73.5,83.10000000000001,73.30416666666666,5.41370877990813,0.2613055818353831,96.8,132.4,95.0
2026-04-16 04:00:00,Karachi,24.8607,67.0011,28.1,59.0,12.4,1006.3,unknown,4.0,28.39,107.37,0.11,0.33,115.04,82.35,0.0,86.9,,4.0,16.0,4.0,3.0,0.0,1.4000000000000057,85.5,80.6,73.9,85.2,73.84583333333335,6.084690636750414,0.2644127782434572,93.9,129.4,95.0
2026-04-16 05:00:00,Karachi,24.8607,67.0011,29.3,53.0,12.6,1006.6,unknown,4.0,28.85,105.87,0.08,0.31,114.59,79.72,0.0,87.8,,5.0,16.0,4.0,3.0,0.0,0.8999999999999915,86.9,83.2,74.3,86.73333333333333,74.40833333333333,6.719401931635776,0.2725040143572306,93.7,127.0,95.2
2026-04-16 06:00:00,Karachi,24.8607,67.0011,29.7,50.0,15.4,1007.3,unknown,4.0,28.97,102.14,0.07,0.29,114.27,77.59,0.0,88.0,,6.0,16.0,4.0,3.0,0.0,0.2000000000000028,87.8,85.5,74.6,87.56666666666666,74.96666666666667,7.27016934595543,0.28363031133738,94.0,124.9,95.6
2026-04-16 07:00:00,Karachi,24.8607,67.0011,29.8,50.0,16.1,1007.3,unknown,3.0,28.74,96.91,0.06,0.26,113.87,75.9,0.0,87.6,,7.0,16.0,4.0,3.0,0.0,-0.4000000000000057,88.0,86.9,74.7,87.8,75.50416666666666,7.712974904930444,0.2965638221029821,94.2,122.2,96.2
2026-04-16 08:00:00,Karachi,24.8607,67.0011,29.9,53.0,16.4,1006.9,unknown,3.0,28.22,91.04,0.05,0.24,113.26,74.62,0.0,86.6,,8.0,16.0,4.0,3.0,0.0,-1.0,87.6,87.8,74.7,87.39999999999999,76.0,8.034815546706316,0.3099736379613356,94.2,119.1,96.4
2026-04-16 09:00:00,Karachi,24.8607,67.0011,30.3,50.0,15.6,1006.1,unknown,3.0,27.56,85.26,0.05,0.23,112.89,74.27,0.0,85.4,,9.0,16.0,4.0,3.0,0.0,-1.1999999999999886,86.6,88.0,74.7,86.53333333333332,76.44583333333334,8.253430336464252,0.3232465399953084,94.1,115.3,96.1
2026-04-16 10:00:00,Karachi,24.8607,67.0011,30.2,51.0,14.8,1005.4,unknown,3.0,26.85,80.15,0.06,0.22,113.08,75.34,0.0,84.1,,10.0,16.0,4.0,3.0,0.0,-1.3000000000000114,85.4,87.6,74.7,85.36666666666667,76.8375,8.388906364957675,0.3349968808484092,95.5,111.0,95.4
2026-04-16 11:00:00,Karachi,24.8607,67.0011,29.5,54.0,14.6,1004.8,unknown,3.0,26.16,76.1,0.06,0.21,113.35,77.13,0.0,82.8,,11.0,16.0,4.0,3.0,0.0,-1.2999999999999972,84.1,86.6,74.5,84.1,77.18333333333334,8.459143068260662,0.3437582128777924,99.1,106.4,94.6
2026-04-16 12:00:00,Karachi,24.8607,67.0011,28.6,60.0,12.5,1004.3,unknown,3.0,25.65,73.64,0.08,0.21,113.97,79.77,0.0,81.8,,12.0,16.0,4.0,3.0,0.0,-1.0,82.8,85.4,74.2,82.89999999999999,77.5,8.484820205111607,0.3483161325366648,107.4,102.1,93.6
2026-04-16 13:00:00,Karachi,24.8607,67.0011,27.8,65.0,11.2,1004.4,unknown,3.0,25.47,72.77,0.1,0.21,115.21,83.06,0.0,81.5,,13.0,16.0,4.0,3.0,0.0,-0.2999999999999971,81.8,84.1,73.5,82.03333333333335,77.83333333333333,8.477985131154943,0.350006870963309,118.2,98.5,92.7
2026-04-16 14:00:00,Karachi,24.8607,67.0011,26.9,71.0,9.3,1004.8,unknown,3.0,25.83,73.44,0.13,0.21,115.99,84.8,0.0,82.2,,14.0,16.0,4.0,3.0,0.0,0.7000000000000028,81.5,82.8,71.7,81.83333333333333,78.27083333333333,8.418431082100977,0.3517156862745098,132.5,96.7,91.9
2026-04-16 15:00:00,Karachi,24.8607,67.0011,26.4,76.0,8.9,1005.4,unknown,3.0,26.62,74.86,0.14,0.21,116.68,85.39,0.0,83.6,,15.0,16.0,4.0,3.0,0.0,1.3999999999999917,82.2,81.8,69.0,82.43333333333332,78.87916666666666,8.245102850451167,0.355597114613946,149.4,95.9,90.9
2026-04-16 16:00:00,Karachi,24.8607,67.0011,26.1,79.0,9.8,1006.3,unknown,3.0,27.6,76.35,0.14,0.21,116.69,85.26,0.0,85.5,,16.0,16.0,4.0,3.0,0.0,1.9000000000000057,83.6,81.5,66.0,83.76666666666667,79.69166666666666,7.873174966809474,0.3614931237721022,155.2,95.8,89.8
2026-04-16 17:00:00,Karachi,24.8607,67.0011,25.9,80.0,9.6,1006.8,unknown,3.0,28.71,77.96,0.13,0.21,116.74,85.02,0.0,87.5,,17.0,16.0,4.0,3.0,0.0,2.0,85.5,82.2,64.3,85.53333333333335,80.65833333333333,7.304966545570717,0.3682657773217034,158.7,96.3,89.0
2026-04-16 18:00:00,Karachi,24.8607,67.0011,25.7,81.0,9.3,1007.2,unknown,3.0,30.02,79.8,0.13,0.22,116.52,84.49,0.0,90.0,,18.0,16.0,4.0,3.0,0.0,2.5,87.5,83.6,64.2,87.66666666666667,81.73333333333333,6.646324035768041,0.3761904761904762,160.7,97.1,88.4
2026-04-16 19:00:00,Karachi,24.8607,67.0011,25.7,80.0,8.7,1007.2,unknown,3.0,31.4,81.61,0.12,0.22,115.72,83.37,0.0,92.5,,19.0,16.0,4.0,3.0,0.0,2.5,90.0,85.5,65.7,90.0,82.85,6.060994322215954,0.384756770003676,160.9,97.7,88.1
2026-04-16 20:00:00,Karachi,24.8607,67.0011,25.3,83.0,8.3,1006.6,unknown,3.0,32.77,83.09,0.11,0.22,114.97,82.65,0.0,95.1,,20.0,16.0,4.0,3.0,0.0,2.5999999999999943,92.5,87.5,67.9,92.53333333333336,83.98333333333333,5.674708700946641,0.394391623540739,159.6,98.0,88.3
2026-04-16 21:00:00,Karachi,24.8607,67.0011,25.1,85.0,8.6,1006.4,unknown,3.0,33.93,84.0,0.11,0.22,114.19,82.11,0.0,97.3,,21.0,16.0,4.0,3.0,0.0,2.200000000000003,95.1,90.0,70.5,94.96666666666664,85.10000000000001,5.541385794344025,0.4039285714285714,157.5,97.9,88.9
2026-04-16 22:00:00,Karachi,24.8607,67.0011,24.9,85.0,9.4,1006.2,unknown,3.0,34.84,84.19,0.1,0.22,113.59,81.82,0.0,99.0,,22.0,16.0,4.0,3.0,0.0,1.7000000000000028,97.3,92.5,73.2,97.13333333333333,86.175,5.634231555182019,0.4138258700558261,154.9,97.7,89.7
2026-04-16 23:00:00,Karachi,24.8607,67.0011,24.9,84.0,9.6,1006.2,unknown,3.0,35.48,83.86,0.1,0.22,113.12,81.64,0.0,65.3,,23.0,16.0,4.0,3.0,0.0,-33.7,99.0,95.1,75.7,87.2,85.74166666666666,6.761972741910218,0.4230860958740758,152.2,97.3,90.3
2026-04-17 00:00:00,Karachi,24.8607,67.0011,25.0,85.0,11.1,1006.3,unknown,3.0,35.73,83.16,0.1,0.22,112.86,81.64,0.0,101.6,,0.0,17.0,4.0,4.0,0.0,36.3,65.3,97.3,78.0,88.63333333333333,86.72500000000001,7.283110300701948,0.4296536796536796,146.6,96.7,90.7
2026-04-17 01:00:00,Karachi,24.8607,67.0011,24.8,86.0,10.8,1006.7,unknown,3.0,35.5,82.02,0.1,0.22,112.93,81.79,0.0,101.0,,1.0,17.0,4.0,4.0,0.0,-0.5999999999999943,101.6,99.0,80.6,89.3,87.575,7.714821985041883,0.4328212631065594,140.4,95.8,90.6
2026-04-17 02:00:00,Karachi,24.8607,67.0011,25.0,86.0,10.4,1007.3,unknown,3.0,34.89,80.56,0.11,0.22,113.0,82.6,0.0,99.0,,2.0,17.0,4.0,4.0,0.0,-2.0,101.0,65.3,83.2,100.53333333333336,88.23333333333333,7.994327699208618,0.4330933465739821,135.9,95.2,90.3
2026-04-17 03:00:00,Karachi,24.8607,67.0011,26.6,77.0,10.8,1008.2,unknown,3.0,33.66,78.39,0.11,0.23,113.27,84.38,0.0,96.8,,3.0,17.0,4.0,4.0,0.0,-2.200000000000003,99.0,101.6,85.5,98.93333333333334,88.70416666666667,8.157444141859083,0.4293915040183696,132.4,95.0,90.2
2026-04-17 04:00:00,Karachi,24.8607,67.0011,28.7,66.0,11.9,1009.0,unknown,3.0,32.14,76.16,0.09,0.24,113.45,87.34,0.0,93.9,,4.0,17.0,4.0,4.0,0.0,-2.8999999999999915,96.8,101.0,86.9,96.56666666666666,88.99583333333334,8.215069883355852,0.4220063025210084,129.4,95.0,90.1
2026-04-17 05:00:00,Karachi,24.8607,67.0011,30.9,54.0,11.3,1009.3,unknown,3.0,32.02,76.94,0.07,0.24,113.44,86.36,0.0,93.7,,5.0,17.0,4.0,4.0,0.0,-0.2000000000000028,93.9,99.0,87.8,94.8,89.24166666666667,8.265849947968638,0.4161684429425527,127.0,95.2,90.2
2026-04-17 06:00:00,Karachi,24.8607,67.0011,32.4,45.0,13.3,1009.3,unknown,3.0,32.17,78.56,0.06,0.24,113.2,84.24,0.0,94.0,,6.0,17.0,4.0,4.0,0.0,0.2999999999999971,93.7,96.8,88.0,93.86666666666667,89.49166666666667,8.317238079757988,0.4094959266802444,124.9,95.6,90.8
2026-04-17 07:00:00,Karachi,24.8607,67.0011,33.0,43.0,14.9,1009.1,unknown,3.0,32.3,81.0,0.05,0.23,112.39,81.79,0.0,94.2,,7.0,17.0,4.0,4.0,0.0,0.2000000000000028,94.0,93.9,87.6,93.96666666666668,89.76666666666665,8.36096867004434,0.3987654320987654,122.2,96.2,91.6
2026-04-17 08:00:00,Karachi,24.8607,67.0011,33.4,40.0,15.5,1008.6,unknown,3.0,32.29,84.15,0.05,0.21,111.5,79.76,0.0,94.2,,8.0,17.0,4.0,4.0,0.0,0.0,94.2,93.7,86.6,94.13333333333333,90.08333333333331,8.379720171040375,0.3837195484254307,119.1,96.4,92.6
2026-04-17 09:00:00,Karachi,24.8607,67.0011,33.5,38.0,15.7,1007.9,unknown,3.0,32.24,88.14,0.05,0.2,110.58,78.59,0.0,94.1,,9.0,17.0,4.0,4.0,0.0,-0.1000000000000085,94.2,94.0,85.4,94.16666666666669,90.44583333333333,8.35645957727791,0.3657817109144542,115.3,96.1,93.8
2026-04-17 10:00:00,Karachi,24.8607,67.0011,33.2,37.0,14.8,1007.2,unknown,3.0,32.98,94.95,0.05,0.19,110.06,77.7,0.0,95.5,,10.0,17.0,4.0,4.0,0.0,1.4000000000000057,94.1,94.2,84.1,94.6,90.92083333333332,8.303900558940127,0.3473407056345444,111.0,95.4,95.7
2026-04-17 11:00:00,Karachi,24.8607,67.0011,32.6,36.0,13.4,1006.6,unknown,4.0,34.94,105.45,0.05,0.17,109.46,76.12,0.0,99.1,,11.0,17.0,4.0,4.0,0.0,3.5999999999999943,95.5,94.2,82.8,96.23333333333332,91.6,8.27736568049929,0.3313418681839734,106.4,94.6,97.5
2026-04-17 12:00:00,Karachi,24.8607,67.0011,31.4,36.0,13.4,1006.8,unknown,4.0,38.11,118.99,0.06,0.17,108.92,74.77,0.0,107.4,,12.0,17.0,4.0,4.0,0.0,8.300000000000011,99.1,94.1,81.8,100.66666666666669,92.66666666666669,8.602662210121933,0.3202790150432809,102.1,93.6,99.0
2026-04-17 13:00:00,Karachi,24.8607,67.0011,29.9,43.0,12.1,1006.6,unknown,4.0,42.5,134.82,0.07,0.16,108.79,74.73,0.0,118.2,,13.0,17.0,4.0,4.0,0.0,10.799999999999995,107.4,95.5,81.5,108.23333333333332,94.19583333333333,9.720595757671806,0.3152351283192405,98.5,92.7,99.9
2026-04-17 14:00:00,Karachi,24.8607,67.0011,28.1,55.0,10.5,1007.1,unknown,4.0,48.28,153.5,0.09,0.16,108.8,74.88,0.0,132.5,,14.0,17.0,4.0,4.0,0.0,14.299999999999995,118.2,99.1,82.2,119.36666666666667,96.29166666666669,12.142556018675544,0.3145276872964169,96.7,91.9,76.3
2026-04-17 15:00:00,Karachi,24.8607,67.0011,27.3,59.0,8.7,1007.7,unknown,4.0,55.14,173.89,0.09,0.17,109.19,74.92,0.0,149.4,,15.0,17.0,4.0,4.0,0.0,16.900000000000006,132.5,107.4,83.6,133.36666666666667,99.03333333333332,15.975760624653716,0.3170970153545345,95.9,90.9,99.6
2026-04-17 16:00:00,Karachi,24.8607,67.0011,26.7,66.0,8.9,1008.3,unknown,4.0,61.45,190.32,0.09,0.17,109.41,75.31,0.0,155.2,,16.0,17.0,4.0,4.0,0.0,5.799999999999983,149.4,118.2,85.5,145.70000000000002,101.9375,19.380959111637324,0.3228772593526692,95.8,89.8,98.8
2026-04-17 17:00:00,Karachi,24.8607,67.0011,26.1,72.0,8.8,1009.0,unknown,5.0,66.42,201.56,0.08,0.17,110.27,75.73,0.0,158.7,,17.0,17.0,4.0,4.0,0.0,3.5,155.2,132.5,87.5,154.4333333333333,104.90416666666664,22.30384016782496,0.3295296685850367,96.3,89.0,97.9
2026-04-17 18:00:00,Karachi,24.8607,67.0011,25.6,75.0,7.9,1009.0,unknown,5.0,69.4,206.87,0.08,0.18,111.25,76.18,0.0,160.7,,18.0,17.0,4.0,4.0,0.0,2.0,158.7,149.4,90.0,158.20000000000002,107.84999999999998,24.78111132013382,0.3354763861362208,97.1,88.4,97.0
2026-04-17 19:00:00,Karachi,24.8607,67.0011,25.2,81.0,7.7,1008.9,unknown,5.0,69.63,205.41,0.07,0.19,111.83,76.67,0.0,160.9,,19.0,17.0,4.0,4.0,0.0,0.200000000000017,160.7,155.2,92.5,160.1,110.7,26.79075116203499,0.3389805754344968,97.7,88.1,96.0
2026-04-17 20:00:00,Karachi,24.8607,67.0011,24.9,84.0,7.7,1008.5,unknown,4.0,67.77,199.57,0.07,0.2,112.61,77.79,0.0,159.6,,20.0,17.0,4.0,4.0,0.0,-1.3000000000000114,160.9,158.7,95.1,160.4,113.3875,28.34770617972755,0.3395800972089993,98.0,88.3,95.4
2026-04-17 21:00:00,Karachi,24.8607,67.0011,24.5,87.0,8.2,1007.9,unknown,4.0,64.77,192.06,0.07,0.21,113.24,78.95,0.0,157.5,,21.0,17.0,4.0,4.0,0.0,-2.0999999999999943,159.6,160.7,97.3,159.33333333333334,115.89583333333331,29.5021956318752,0.3372383630115588,97.9,88.9,94.8
2026-04-17 22:00:00,Karachi,24.8607,67.0011,24.3,86.0,8.0,1007.3,unknown,4.0,61.02,183.73,0.07,0.21,113.88,80.43,0.0,154.9,,22.0,17.0,4.0,4.0,0.0,-2.5999999999999943,157.5,160.9,99.0,157.33333333333334,118.225,30.305965118093745,0.3321177815272411,97.7,89.7,94.3
2026-04-17 23:00:00,Karachi,24.8607,67.0011,24.2,86.0,8.2,1007.0,unknown,4.0,57.21,175.57,0.07,0.22,114.38,82.14,0.0,152.2,,23.0,17.0,4.0,4.0,0.0,-2.700000000000017,154.9,159.6,65.3,154.86666666666665,121.84583333333336,28.86473671042748,0.325852936150823,97.3,90.3,93.8
2026-04-18 00:00:00,Karachi,24.8607,67.0011,24.2,85.0,8.6,1007.1,unknown,4.0,54.01,168.89,0.07,0.22,114.77,83.72,0.0,146.6,,0.0,18.0,4.0,5.0,1.0,-5.599999999999994,152.2,157.5,101.6,151.23333333333335,123.72083333333336,28.953846018712973,0.3197939487240215,96.7,90.7,93.5
2026-04-18 01:00:00,Karachi,24.8607,67.0011,23.9,86.0,9.7,1007.5,unknown,4.0,51.49,163.4,0.07,0.22,115.17,84.94,0.0,140.4,,1.0,18.0,4.0,5.0,1.0,-6.199999999999989,146.6,154.9,101.0,146.4,125.3625,28.72565604503,0.3151162790697674,95.8,90.6,93.2
2026-04-18 02:00:00,Karachi,24.8607,67.0011,24.3,84.0,9.7,1007.9,unknown,4.0,49.66,159.12,0.07,0.22,115.46,86.29,0.0,135.9,,2.0,18.0,4.0,5.0,1.0,-4.5,140.4,152.2,99.0,140.96666666666667,126.9,28.23663978037989,0.3120915032679738,95.2,90.3,92.9
2026-04-18 03:00:00,Karachi,24.8607,67.0011,25.9,75.0,9.9,1008.5,unknown,4.0,48.24,155.66,0.08,0.21,115.88,87.45,0.0,132.4,,3.0,18.0,4.0,5.0,1.0,-3.5,135.9,146.6,96.8,136.23333333333332,128.38333333333333,27.512458311078174,0.3099062058332262,95.0,90.2,92.7
2026-04-18 04:00:00,Karachi,24.8607,67.0011,27.6,64.0,10.6,1008.8,unknown,4.0,47.03,153.05,0.06,0.21,116.2,88.5,0.0,129.4,,4.0,18.0,4.0,5.0,1.0,-3.0,132.4,140.4,93.9,132.5666666666667,129.86249999999998,26.51409489801306,0.3072852009147337,95.0,90.1,92.1
2026-04-18 05:00:00,Karachi,24.8607,67.0011,28.9,55.0,12.2,1009.3,unknown,4.0,46.04,150.73,0.04,0.2,116.54,89.58,0.0,127.0,,5.0,18.0,4.0,5.0,1.0,-2.4000000000000057,129.4,135.9,93.7,129.60000000000002,131.25,25.386747655454226,0.3054468254494792,95.2,90.2,91.5
2026-04-18 06:00:00,Karachi,24.8607,67.0011,29.2,54.0,14.0,1009.5,unknown,4.0,45.19,148.69,0.04,0.2,116.88,90.23,0.0,124.9,,6.0,18.0,4.0,5.0,1.0,-2.0999999999999943,127.0,132.4,94.0,127.1,132.5375,24.16984849118684,0.3039209092743291,95.6,90.8,90.9
2026-04-18 07:00:00,Karachi,24.8607,67.0011,30.1,50.0,14.2,1009.4,unknown,4.0,44.13,145.67,0.04,0.19,117.17,91.08,0.0,122.2,,7.0,18.0,4.0,5.0,1.0,-2.700000000000003,124.9,129.4,94.2,124.7,133.70416666666668,22.88022649566045,0.3029450126999383,96.2,91.6,90.1
2026-04-18 08:00:00,Karachi,24.8607,67.0011,30.4,49.0,14.5,1009.0,unknown,4.0,42.86,141.01,0.04,0.18,117.28,91.81,0.0,119.1,,8.0,18.0,4.0,5.0,1.0,-3.1000000000000085,122.2,127.0,94.2,122.06666666666666,134.74166666666665,21.536095416696813,0.3039500744628041,96.4,92.6,89.0
2026-04-18 09:00:00,Karachi,24.8607,67.0011,30.4,49.0,14.3,1008.1,unknown,4.0,41.32,134.71,0.04,0.17,117.5,93.08,0.0,115.3,,9.0,18.0,4.0,5.0,1.0,-3.799999999999997,119.1,124.9,94.1,118.86666666666667,135.625,20.18930517571687,0.3067329819612501,96.1,93.8,87.6
2026-04-18 10:00:00,Karachi,24.8607,67.0011,30.2,47.0,14.2,1007.3,unknown,4.0,39.57,127.61,0.04,0.17,118.47,95.6,0.0,111.0,,10.0,18.0,4.0,5.0,1.0,-4.299999999999997,115.3,122.2,95.5,115.13333333333333,136.27083333333334,19.066644655150093,0.3100854165034088,95.4,95.7,86.0
2026-04-18 11:00:00,Karachi,24.8607,67.0011,29.4,55.0,14.6,1007.0,unknown,4.0,37.69,120.1,0.05,0.17,118.81,97.87,0.0,106.4,,11.0,18.0,4.0,5.0,1.0,-4.599999999999994,111.0,119.1,99.1,110.9,136.57500000000002,18.49762029347844,0.3138218151540383,94.6,97.5,83.8
2026-04-18 12:00:00,Karachi,24.8607,67.0011,27.9,64.0,14.0,1006.9,unknown,4.0,35.96,113.51,0.06,0.17,118.58,99.76,0.0,102.1,,12.0,18.0,4.0,5.0,1.0,-4.300000000000011,106.4,115.3,107.4,106.5,136.35416666666666,18.88857439706845,0.3168002819134878,93.6,99.0,81.8
2026-04-18 13:00:00,Karachi,24.8607,67.0011,27.0,70.0,14.0,1007.0,unknown,4.0,34.59,108.79,0.08,0.18,118.41,101.39,0.0,98.5,,13.0,18.0,4.0,5.0,1.0,-3.5999999999999943,102.1,111.0,118.2,102.33333333333331,135.53333333333333,20.10093371542355,0.317952017648681,92.7,99.9,80.2
2026-04-18 14:00:00,Karachi,24.8607,67.0011,26.1,75.0,13.2,1007.6,unknown,4.0,33.65,105.69,0.1,0.18,117.66,101.6,0.0,96.7,,14.0,18.0,4.0,5.0,1.0,-1.7999999999999972,98.5,106.4,132.5,99.1,134.04166666666666,21.607686166020738,0.3183839530702999,91.9,76.3,78.7
2026-04-18 15:00:00,Karachi,24.8607,67.0011,25.8,76.0,10.7,1008.0,unknown,4.0,33.21,104.2,0.11,0.18,116.89,101.09,0.0,95.9,,15.0,18.0,4.0,5.0,1.0,-0.7999999999999972,96.7,102.1,149.4,97.03333333333336,131.8125,22.68706416517468,0.3187140115163148,90.9,99.6,77.5
2026-04-18 16:00:00,Karachi,24.8607,67.0011,25.5,77.0,7.2,1008.2,unknown,4.0,33.13,103.73,0.1,0.18,116.23,100.23,0.0,95.8,,16.0,18.0,4.0,5.0,1.0,-0.1000000000000085,95.9,98.5,155.2,96.13333333333333,129.3375,23.25760861945237,0.3193868697580256,89.8,98.8,76.8
2026-04-18 17:00:00,Karachi,24.8607,67.0011,25.1,79.0,6.4,1008.3,unknown,4.0,33.41,104.03,0.1,0.19,116.02,99.7,0.0,96.3,,17.0,18.0,4.0,5.0,1.0,0.5,95.8,96.7,158.7,96.0,126.7375,23.32022470806741,0.321157358454292,89.0,97.9,76.5
2026-04-18 18:00:00,Karachi,24.8607,67.0011,24.8,77.0,8.1,1008.7,unknown,4.0,33.83,104.38,0.1,0.2,116.19,99.14,0.0,97.1,,18.0,18.0,4.0,5.0,1.0,0.7999999999999972,96.3,95.9,160.7,96.4,124.08750000000002,22.90295808690249,0.3241042345276873,88.4,97.0,76.3
2026-04-18 19:00:00,Karachi,24.8607,67.0011,24.6,79.0,8.2,1008.7,unknown,4.0,34.15,104.47,0.09,0.21,116.41,98.47,0.0,97.7,,19.0,18.0,4.0,5.0,1.0,0.6000000000000085,97.1,95.8,160.9,97.03333333333336,121.45416666666668,22.105733648646623,0.3268881018474203,88.1,96.0,76.2
2026-04-18 20:00:00,Karachi,24.8607,67.0011,24.4,83.0,7.6,1008.2,unknown,4.0,34.3,104.36,0.09,0.22,116.66,98.57,0.0,98.0,,20.0,18.0,4.0,5.0,1.0,0.2999999999999971,97.7,96.3,159.6,97.59999999999998,118.8875,21.034284901187632,0.3286699885013415,88.3,95.4,76.2
2026-04-18 21:00:00,Karachi,24.8607,67.0011,24.1,85.0,8.6,1007.6,unknown,4.0,34.29,104.04,0.09,0.24,117.06,99.16,0.0,97.9,,21.0,18.0,4.0,5.0,1.0,-0.0999999999999943,98.0,97.1,157.5,97.86666666666667,116.40416666666668,19.756880566276887,0.3295847750865052,88.9,94.8,76.3
2026-04-18 22:00:00,Karachi,24.8607,67.0011,23.8,86.0,7.8,1007.1,unknown,4.0,34.15,103.58,0.09,0.26,117.72,100.42,0.0,97.7,,22.0,18.0,4.0,5.0,1.0,-0.2000000000000028,97.9,97.7,154.9,97.86666666666667,114.02083333333331,18.308087525478083,0.3296968526742614,89.7,94.3,76.5
2026-04-18 23:00:00,Karachi,24.8607,67.0011,23.6,87.0,8.3,1006.7,unknown,4.0,33.95,102.86,0.09,0.27,117.98,101.5,0.0,97.3,,23.0,18.0,4.0,5.0,1.0,-0.4000000000000057,97.7,98.0,152.2,97.63333333333333,111.73333333333336,16.688492954770897,0.3300602761034416,90.3,93.8,76.7
2026-04-19 00:00:00,Karachi,24.8607,67.0011,23.8,90.0,9.2,1006.5,unknown,4.0,33.61,101.72,0.08,0.28,118.22,102.58,0.0,96.7,,0.0,19.0,4.0,6.0,1.0,-0.5999999999999943,97.3,97.9,146.6,97.23333333333332,109.65416666666664,15.197539250660045,0.3304168305151396,90.7,93.5,76.9
2026-04-19 01:00:00,Karachi,24.8607,67.0011,23.8,89.0,8.5,1006.8,unknown,4.0,33.14,100.04,0.08,0.3,118.49,104.2,0.0,95.8,,1.0,19.0,4.0,6.0,1.0,-0.9000000000000057,96.7,97.7,140.4,96.6,107.79583333333336,13.950143498300667,0.3312674930027988,90.6,93.2,77.2
2026-04-19 02:00:00,Karachi,24.8607,67.0011,24.3,85.0,7.4,1007.4,unknown,3.0,32.82,98.54,0.09,0.31,118.85,105.09,0.0,95.2,,2.0,19.0,4.0,6.0,1.0,-0.5999999999999943,95.8,97.3,135.9,95.9,106.1,12.812595704838484,0.3330627156484676,90.3,92.9,77.7
2026-04-19 03:00:00,Karachi,24.8607,67.0011,25.9,76.0,7.7,1008.0,unknown,3.0,32.71,97.46,0.1,0.31,119.16,105.41,0.0,95.0,,3.0,19.0,4.0,6.0,1.0,-0.2000000000000028,95.2,96.7,132.4,95.33333333333331,104.54166666666669,11.700944468258545,0.3356248717422532,90.2,92.7,78.5
2026-04-19 04:00:00,Karachi,24.8607,67.0011,27.5,68.0,8.5,1008.5,unknown,3.0,32.7,96.49,0.08,0.32,119.38,105.04,0.0,95.0,,4.0,19.0,4.0,6.0,1.0,0.0,95.0,95.8,129.4,95.06666666666666,103.10833333333332,10.576385371960871,0.3388952223028293,90.1,92.1,79.1
2026-04-19 05:00:00,Karachi,24.8607,67.0011,28.9,61.0,10.2,1008.8,unknown,3.0,32.82,95.66,0.06,0.34,119.63,104.65,0.0,95.2,,5.0,19.0,4.0,6.0,1.0,0.2000000000000028,95.0,95.2,127.0,95.06666666666668,101.78333333333336,9.37706112608402,0.3430901108091156,90.2,91.5,79.9
2026-04-19 06:00:00,Karachi,24.8607,67.0011,29.6,59.0,13.3,1009.3,unknown,3.0,33.05,94.9,0.05,0.36,120.37,103.96,0.0,95.6,,6.0,19.0,4.0,6.0,1.0,0.3999999999999915,95.2,95.0,124.9,95.26666666666668,100.5625,8.049996624357819,0.3482613277133825,90.8,90.9,80.7
2026-04-19 07:00:00,Karachi,24.8607,67.0011,30.2,56.0,14.9,1009.3,unknown,3.0,33.34,94.12,0.05,0.38,120.99,103.2,0.0,96.2,,7.0,19.0,4.0,6.0,1.0,0.6000000000000085,95.6,95.0,122.2,95.66666666666669,99.47916666666669,6.636983283197918,0.3542286442838929,91.6,90.1,81.7
2026-04-19 08:00:00,Karachi,24.8607,67.0011,30.7,54.0,14.9,1008.7,unknown,3.0,33.47,92.85,0.05,0.41,121.91,102.58,0.0,96.4,,8.0,19.0,4.0,6.0,1.0,0.2000000000000028,96.2,95.2,119.1,96.06666666666666,98.53333333333336,5.175919718034319,0.3604738826063543,92.6,89.0,82.9
2026-04-19 09:00:00,Karachi,24.8607,67.0011,30.9,53.0,14.5,1007.9,unknown,3.0,33.32,91.12,0.05,0.43,122.62,102.57,0.0,96.1,,9.0,19.0,4.0,6.0,1.0,-0.3000000000000113,96.4,95.6,115.3,96.23333333333332,97.73333333333332,3.762592384151693,0.3656716417910448,93.8,87.6,84.2
2026-04-19 10:00:00,Karachi,24.8607,67.0011,30.8,53.0,14.1,1007.3,unknown,3.0,32.94,89.0,0.06,0.46,123.74,103.6,0.0,95.4,,10.0,19.0,4.0,6.0,1.0,-0.6999999999999886,96.1,96.2,111.0,95.96666666666668,97.08333333333331,2.510095557971144,0.3701123595505617,95.7,86.0,85.9
2026-04-19 11:00:00,Karachi,24.8607,67.0011,30.3,53.0,13.7,1006.8,unknown,3.0,32.48,86.79,0.07,0.48,124.44,104.53,0.0,94.6,,11.0,19.0,4.0,6.0,1.0,-0.8000000000000114,95.4,96.4,106.4,95.36666666666666,96.59166666666664,1.5945332332334847,0.3742366632100471,97.5,83.8,87.4
2026-04-19 12:00:00,Karachi,24.8607,67.0011,29.4,53.0,12.6,1006.6,unknown,3.0,31.96,84.7,0.08,0.5,124.53,105.62,0.0,93.6,,12.0,19.0,4.0,6.0,1.0,-1.0,94.6,96.1,102.1,94.53333333333336,96.2375,1.2172001014454503,0.377331759149941,99.0,81.8,89.0
2026-04-19 13:00:00,Karachi,24.8607,67.0011,28.3,60.0,11.2,1006.8,unknown,3.0,31.5,83.09,0.11,0.53,124.96,107.61,0.0,92.7,,13.0,19.0,4.0,6.0,1.0,-0.8999999999999915,93.6,95.4,98.5,93.63333333333333,95.99583333333334,1.3199074956617065,0.3791069924178601,99.9,80.2,90.5
2026-04-19 14:00:00,Karachi,24.8607,67.0011,26.8,72.0,11.7,1006.9,unknown,3.0,31.03,81.75,0.14,0.55,124.73,108.97,0.0,91.9,,14.0,19.0,4.0,6.0,1.0,-0.7999999999999972,92.7,94.6,96.7,92.73333333333336,95.79583333333336,1.5518513954711874,0.3795718654434251,76.3,78.7,91.6
2026-04-19 15:00:00,Karachi,24.8607,67.0011,26.1,79.0,10.9,1007.5,unknown,3.0,30.49,80.36,0.14,0.57,124.1,109.83,0.0,90.9,,15.0,19.0,4.0,6.0,1.0,-1.0,91.9,93.6,95.9,91.83333333333331,95.5875,1.8451611217506887,0.3794176207068193,99.6,77.5,92.3
2026-04-19 16:00:00,Karachi,24.8607,67.0011,25.8,81.0,9.6,1007.8,unknown,3.0,29.93,79.02,0.13,0.59,122.93,109.88,0.0,89.8,,16.0,19.0,4.0,6.0,1.0,-1.1000000000000083,90.9,92.7,95.8,90.86666666666667,95.3375,2.189463404581838,0.3787648696532523,98.8,76.8,92.7
2026-04-19 17:00:00,Karachi,24.8607,67.0011,25.5,84.0,6.6,1008.4,unknown,3.0,29.49,78.14,0.12,0.6,122.04,109.93,0.0,89.0,,17.0,19.0,4.0,6.0,1.0,-0.7999999999999972,89.8,91.9,96.3,89.89999999999999,95.03333333333336,2.530452213696294,0.3773995392884566,97.9,76.5,93.5
2026-04-19 18:00:00,Karachi,24.8607,67.0011,25.1,85.0,6.3,1008.6,unknown,3.0,29.19,77.63,0.11,0.62,121.15,109.85,0.0,88.4,,18.0,19.0,4.0,6.0,1.0,-0.5999999999999943,89.0,90.9,97.1,89.06666666666666,94.67083333333332,2.827270794411324,0.376014427412083,97.0,76.3,94.4
2026-04-19 19:00:00,Karachi,24.8607,67.0011,24.9,86.0,7.5,1008.4,unknown,3.0,29.01,77.27,0.11,0.62,120.2,109.11,0.0,88.1,,19.0,19.0,4.0,6.0,1.0,-0.3000000000000113,88.4,89.8,97.7,88.5,94.27083333333331,3.0503712057318046,0.3754367801216514,96.0,76.2,94.9
2026-04-19 20:00:00,Karachi,24.8607,67.0011,24.6,88.0,8.2,1007.8,unknown,3.0,29.12,77.49,0.1,0.62,119.42,107.93,0.0,88.3,,20.0,19.0,4.0,6.0,1.0,0.2000000000000028,88.1,89.0,98.0,88.26666666666665,93.86666666666667,3.174855925066836,0.3757904245709124,95.4,76.2,95.1
2026-04-19 21:00:00,Karachi,24.8607,67.0011,24.4,89.0,8.6,1007.2,unknown,3.0,29.44,78.13,0.1,0.62,118.96,106.66,0.0,88.9,,21.0,19.0,4.0,6.0,1.0,0.6000000000000085,88.3,88.4,97.9,88.43333333333334,93.49166666666666,3.209079058826988,0.3768078842954051,94.8,76.3,95.0
2026-04-19 22:00:00,Karachi,24.8607,67.0011,24.2,90.0,9.6,1007.0,unknown,3.0,29.86,78.97,0.09,0.62,118.81,105.78,0.0,89.7,,22.0,19.0,4.0,6.0,1.0,0.7999999999999972,88.9,88.1,97.7,88.96666666666665,93.15833333333336,3.1681727920971774,0.3781182727618082,94.3,76.5,94.8
2026-04-19 23:00:00,Karachi,24.8607,67.0011,24.1,91.0,8.8,1007.2,unknown,3.0,30.2,79.75,0.09,0.62,118.69,105.3,0.0,90.3,,23.0,19.0,4.0,6.0,1.0,0.5999999999999943,89.7,88.3,97.3,89.63333333333333,92.86666666666666,3.0915968389326163,0.3786833855799373,93.8,76.7,94.7
2026-04-20 00:00:00,Karachi,24.8607,67.0011,24.2,95.0,7.6,1006.9,unknown,3.0,30.4,80.38,0.09,0.62,118.86,105.42,0.0,90.7,,0.0,20.0,4.0,0.0,0.0,0.4000000000000057,90.3,88.9,96.7,90.23333333333332,92.61666666666667,3.0096463271451643,0.3782035332172182,93.5,76.9,94.5
2026-04-20 01:00:00,Karachi,24.8607,67.0011,24.2,95.0,7.7,1007.0,unknown,3.0,30.34,80.58,0.09,0.64,118.95,106.16,0.0,90.6,,1.0,20.0,4.0,0.0,0.0,-0.1000000000000085,90.7,89.7,95.8,90.53333333333336,92.4,2.9572313726372808,0.3765202283445024,93.2,77.2,94.4
2026-04-20 02:00:00,Karachi,24.8607,67.0011,24.6,93.0,8.1,1007.4,unknown,3.0,30.22,80.57,0.1,0.65,119.1,106.94,0.0,90.3,,2.0,20.0,4.0,0.0,0.0,-0.2999999999999971,90.6,90.3,95.2,90.53333333333336,92.19583333333334,2.9244812496776524,0.3750775722973812,92.9,77.7,94.5
2026-04-20 03:00:00,Karachi,24.8607,67.0011,26.3,83.0,10.6,1008.1,unknown,3.0,30.12,80.54,0.1,0.64,118.75,107.06,0.0,90.2,,3.0,20.0,4.0,0.0,0.0,-0.0999999999999943,90.3,90.7,95.0,90.36666666666667,91.99583333333334,2.888279037265557,0.3739756642662031,92.7,78.5,94.8
2026-04-20 04:00:00,Karachi,24.8607,67.0011,27.9,74.0,9.9,1008.8,unknown,3.0,30.06,80.48,0.08,0.61,117.85,106.07,0.0,90.1,,4.0,20.0,4.0,0.0,0.0,-0.1000000000000085,90.2,90.6,95.0,90.2,91.79166666666669,2.8394605529731263,0.3735089463220675,92.1,79.1,95.0
2026-04-20 05:00:00,Karachi,24.8607,67.0011,29.6,65.0,9.9,1008.8,unknown,3.0,30.16,80.85,0.06,0.56,116.89,104.02,0.0,90.2,,5.0,20.0,4.0,0.0,0.0,0.1000000000000085,90.1,90.3,95.2,90.16666666666669,91.58333333333331,2.7608547300765927,0.3730364873222016,91.5,79.9,95.3
2026-04-20 06:00:00,Karachi,24.8607,67.0011,30.6,62.0,11.0,1008.7,unknown,3.0,30.44,81.67,0.05,0.5,115.64,100.71,0.0,90.8,,6.0,20.0,4.0,0.0,0.0,0.5999999999999943,90.2,90.2,95.6,90.36666666666667,91.38333333333333,2.6278883350431856,0.3727194808375168,90.9,80.7,95.4
2026-04-20 07:00:00,Karachi,24.8607,67.0011,31.3,59.0,12.5,1008.3,unknown,3.0,30.89,83.17,0.04,0.43,114.01,96.47,0.0,91.6,,7.0,20.0,4.0,0.0,0.0,0.7999999999999972,90.8,90.1,96.2,90.86666666666666,91.19166666666666,2.420908321571931,0.3714079596008176,90.1,81.7,95.4
2026-04-20 08:00:00,Karachi,24.8607,67.0011,31.6,56.0,13.6,1007.8,unknown,3.0,31.43,85.26,0.04,0.36,112.42,91.79,0.0,92.6,,8.0,20.0,4.0,0.0,0.0,1.0,91.6,90.2,96.4,91.66666666666669,91.03333333333336,2.17748691738192,0.3686371100164203,89.0,82.9,95.3
2026-04-20 09:00:00,Karachi,24.8607,67.0011,31.6,53.0,14.1,1006.9,unknown,3.0,32.08,87.86,0.04,0.31,111.01,87.3,0.0,93.8,,9.0,20.0,4.0,0.0,0.0,1.2000000000000028,92.6,90.8,96.1,92.66666666666669,90.9375,1.9870914947990796,0.3651263373548827,87.6,84.2,95.2
2026-04-20 10:00:00,Karachi,24.8607,67.0011,31.4,51.0,13.6,1006.4,unknown,3.0,33.1,91.65,0.04,0.27,110.27,83.29,0.0,95.7,,10.0,20.0,4.0,0.0,0.0,1.9000000000000057,93.8,91.6,95.4,94.03333333333336,90.95,2.0171008036737006,0.3611565739225313,86.0,85.9,95.3
2026-04-20 11:00:00,Karachi,24.8607,67.0011,30.9,52.0,13.7,1006.0,unknown,3.0,34.08,95.8,0.04,0.23,109.52,79.27,0.0,97.5,,11.0,20.0,4.0,0.0,0.0,1.7999999999999972,95.7,92.6,94.6,95.66666666666669,91.07083333333334,2.310746005396599,0.355741127348643,83.8,87.4,95.3
2026-04-20 12:00:00,Karachi,24.8607,67.0011,29.1,59.0,13.8,1005.9,unknown,3.0,34.87,99.73,0.05,0.22,109.12,76.24,0.0,99.0,,12.0,20.0,4.0,0.0,0.0,1.5,97.5,93.8,93.6,97.4,91.29583333333336,2.7824729643086026,0.3496440389050436,81.8,89.0,95.5
2026-04-20 13:00:00,Karachi,24.8607,67.0011,28.0,66.0,12.7,1006.2,unknown,4.0,35.33,103.29,0.06,0.21,109.15,74.39,0.0,99.9,,13.0,20.0,4.0,0.0,0.0,0.9000000000000057,99.0,95.7,92.7,98.8,91.59583333333332,3.2834869014343018,0.3420466647303707,80.2,90.5,96.0
2026-04-20 14:00:00,Karachi,24.8607,67.0011,26.7,78.0,13.1,1006.7,unknown,4.0,35.43,106.08,0.08,0.21,109.21,72.81,0.0,76.3,,14.0,20.0,4.0,0.0,0.0,-23.60000000000001,99.9,97.5,91.9,91.73333333333336,90.94583333333333,4.528650741251646,0.3339932126696832,78.7,91.6,96.2
2026-04-20 15:00:00,Karachi,24.8607,67.0011,26.1,81.0,11.1,1007.2,unknown,4.0,35.2,108.5,0.09,0.22,109.28,70.97,0.0,99.6,,15.0,20.0,4.0,0.0,0.0,23.3,76.3,99.0,90.9,91.93333333333334,91.30833333333334,4.860838777741477,0.3244239631336406,77.5,92.3,96.4
2026-04-20 16:00:00,Karachi,24.8607,67.0011,25.9,81.0,9.2,1007.8,unknown,4.0,34.75,109.95,0.08,0.22,109.25,69.35,0.0,98.8,,16.0,20.0,4.0,0.0,0.0,-0.7999999999999972,99.6,99.9,89.8,91.56666666666666,91.68333333333334,5.08156657346789,0.3160527512505684,76.8,92.7,96.3
2026-04-20 17:00:00,Karachi,24.8607,67.0011,25.7,81.0,7.4,1008.1,unknown,4.0,34.28,111.15,0.08,0.23,109.51,67.97,0.0,97.9,,17.0,20.0,4.0,0.0,0.0,-0.8999999999999915,98.8,76.3,89.0,98.76666666666668,92.05416666666667,5.2005835096252255,0.3084120557804768,76.5,93.5,96.4
2026-04-20 18:00:00,Karachi,24.8607,67.0011,25.5,84.0,9.0,1008.0,unknown,4.0,33.77,111.8,0.08,0.24,109.84,66.9,0.0,97.0,,18.0,20.0,4.0,0.0,0.0,-0.9000000000000057,97.9,99.6,88.4,97.9,92.4125,5.234028500861632,0.3020572450805009,76.3,94.4,96.5
2026-04-20 19:00:00,Karachi,24.8607,67.0011,25.4,85.0,7.9,1008.3,unknown,4.0,33.23,111.51,0.08,0.26,110.01,66.48,0.0,96.0,,19.0,20.0,4.0,0.0,0.0,-1.0,97.0,98.8,88.1,96.96666666666664,92.74166666666667,5.1993240920814126,0.2980001793561115,76.2,94.9,96.3
2026-04-20 20:00:00,Karachi,24.8607,67.0011,25.2,86.0,8.8,1007.9,unknown,4.0,32.91,110.73,0.07,0.28,110.29,66.61,0.0,95.4,,20.0,20.0,4.0,0.0,0.0,-0.5999999999999943,96.0,97.9,88.3,96.13333333333334,93.03749999999998,5.137230898485389,0.2972094283392034,76.2,95.1,96.3
2026-04-20 21:00:00,Karachi,24.8607,67.0011,24.8,87.0,7.7,1007.7,unknown,4.0,32.62,109.22,0.07,0.3,110.68,67.35,0.0,94.8,,21.0,20.0,4.0,0.0,0.0,-0.6000000000000085,95.4,97.0,88.9,95.40000000000002,93.28333333333336,5.071374624272504,0.2986632484892876,76.3,95.0,96.3
2026-04-20 22:00:00,Karachi,24.8607,67.0011,24.6,89.0,6.3,1007.3,unknown,4.0,32.33,107.2,0.07,0.32,110.81,68.64,0.0,94.3,,22.0,20.0,4.0,0.0,0.0,-0.5,94.8,96.0,89.7,94.83333333333331,93.475,5.016689537239496,0.3015858208955224,76.5,94.8,96.4
2026-04-20 23:00:00,Karachi,24.8607,67.0011,24.4,91.0,7.8,1007.0,unknown,4.0,32.08,104.99,0.07,0.34,110.8,69.63,0.0,93.8,,23.0,20.0,4.0,0.0,0.0,-0.5,94.3,95.4,90.3,94.3,93.62083333333334,4.97104478272814,0.3055529098009334,76.7,94.7,96.5
2026-04-21 00:00:00,Karachi,24.8607,67.0011,24.5,92.0,8.6,1006.8,unknown,4.0,31.89,102.83,0.07,0.34,110.69,69.71,0.0,93.5,,0.0,21.0,4.0,1.0,0.0,-0.2999999999999971,93.8,94.8,90.7,93.86666666666667,93.7375,4.932219934093101,0.3101235048137703,76.9,94.5,96.6
2026-04-21 01:00:00,Karachi,24.8607,67.0011,24.5,93.0,9.0,1007.0,unknown,4.0,31.74,100.83,0.07,0.35,110.56,70.34,0.0,93.2,,1.0,21.0,4.0,1.0,0.0,-0.2999999999999971,93.5,94.3,90.6,93.5,93.84583333333336,4.888671835871678,0.3147872656947337,77.2,94.4,96.6
2026-04-21 02:00:00,Karachi,24.8607,67.0011,24.8,92.0,9.8,1007.5,unknown,3.0,31.59,98.93,0.07,0.36,110.53,71.92,0.0,92.9,,2.0,21.0,4.0,1.0,0.0,-0.2999999999999971,93.2,93.8,90.3,93.2,93.95416666666664,4.835195168640544,0.3193166885676741,77.7,94.5,96.6
2026-04-21 03:00:00,Karachi,24.8607,67.0011,26.3,83.0,12.6,1008.1,unknown,3.0,31.46,97.47,0.07,0.37,110.5,73.67,0.0,92.7,,3.0,21.0,4.0,1.0,0.0,-0.2000000000000028,92.9,93.5,90.2,92.93333333333334,94.05833333333334,4.777384828240826,0.3227659792756746,78.5,94.8,96.5
2026-04-21 04:00:00,Karachi,24.8607,67.0011,27.9,69.0,12.3,1008.6,unknown,3.0,31.15,96.05,0.05,0.39,110.09,75.48,0.0,92.1,,4.0,21.0,4.0,1.0,0.0,-0.6000000000000085,92.7,93.2,90.1,92.56666666666668,94.14166666666668,4.722464046096143,0.3243102550754815,79.1,95.0,95.9
2026-04-21 05:00:00,Karachi,24.8607,67.0011,29.3,61.0,13.5,1008.9,unknown,3.0,30.86,95.11,0.04,0.39,109.8,76.16,0.0,91.5,,5.0,21.0,4.0,1.0,0.0,-0.5999999999999943,92.1,92.9,90.2,92.09999999999998,94.19583333333333,4.682574465312052,0.3244664073178425,79.9,95.3,95.3
2026-04-21 06:00:00,Karachi,24.8607,67.0011,29.8,58.0,14.9,1008.9,unknown,3.0,30.53,94.4,0.03,0.38,109.3,74.92,0.0,90.9,,6.0,21.0,4.0,1.0,0.0,-0.5999999999999943,91.5,92.7,90.8,91.5,94.2,4.679464852347099,0.3234110169491525,80.7,95.4,94.9
2026-04-21 07:00:00,Karachi,24.8607,67.0011,30.5,54.0,15.3,1008.6,unknown,3.0,30.09,93.74,0.03,0.37,108.37,71.94,0.0,90.1,,7.0,21.0,4.0,1.0,0.0,-0.8000000000000114,90.9,92.1,91.6,90.83333333333331,94.1375,4.725491692843669,0.3209942393855344,81.7,95.4,94.7
2026-04-21 08:00:00,Karachi,24.8607,67.0011,31.0,50.0,15.4,1008.0,unknown,3.0,29.5,93.09,0.03,0.34,107.15,68.0,0.0,89.0,,8.0,21.0,4.0,1.0,0.0,-1.0999999999999943,90.1,91.5,92.6,90.0,93.9875,4.832346850854227,0.3168976259533784,82.9,95.3,94.9
2026-04-21 09:00:00,Karachi,24.8607,67.0011,31.1,47.0,15.5,1007.0,unknown,3.0,28.74,92.28,0.03,0.31,105.58,63.94,0.0,87.6,,9.0,21.0,4.0,1.0,0.0,-1.4000000000000057,89.0,90.9,93.8,88.89999999999999,93.72916666666669,5.005430022500509,0.3114434330299089,84.2,95.2,95.2
2026-04-21 10:00:00,Karachi,24.8607,67.0011,30.6,51.0,15.7,1006.5,unknown,3.0,27.87,91.31,0.04,0.28,104.32,59.91,0.0,86.0,,10.0,21.0,4.0,1.0,0.0,-1.5999999999999943,87.6,90.1,95.7,87.53333333333335,93.325,5.2261258408454685,0.3052239623261417,85.9,95.3,95.5
2026-04-21 11:00:00,Karachi,24.8607,67.0011,29.8,56.0,15.4,1006.0,unknown,3.0,26.73,89.75,0.04,0.25,102.69,56.13,0.0,83.8,,11.0,21.0,4.0,1.0,0.0,-2.200000000000003,86.0,89.0,97.5,85.8,92.75416666666666,5.491731267901415,0.2978272980501393,87.4,95.3,95.4
2026-04-21 12:00:00,Karachi,24.8607,67.0011,28.8,58.0,14.0,1005.6,unknown,3.0,25.64,88.04,0.05,0.23,101.1,53.32,0.0,81.8,,12.0,21.0,4.0,1.0,0.0,-2.0,83.8,87.6,99.0,83.86666666666666,92.03749999999998,5.75709864277267,0.291231258518855,89.0,95.5,95.4
2026-04-21 13:00:00,Karachi,24.8607,67.0011,27.8,64.0,12.7,1005.6,unknown,3.0,24.75,86.63,0.06,0.21,100.06,51.56,0.0,80.2,,13.0,21.0,4.0,1.0,0.0,-1.5999999999999943,81.8,86.0,99.9,81.93333333333334,91.21666666666668,5.987135968178468,0.2856977952210551,90.5,96.0,95.7
2026-04-21 14:00:00,Karachi,24.8607,67.0011,26.7,75.0,11.2,1006.0,unknown,3.0,23.97,85.15,0.08,0.2,99.17,50.16,0.0,78.7,,14.0,21.0,4.0,1.0,0.0,-1.5,80.2,83.8,76.3,80.23333333333333,91.31666666666666,5.742190664127701,0.2815032295948326,91.6,96.2,96.1
2026-04-21 15:00:00,Karachi,24.8607,67.0011,26.2,81.0,11.1,1006.4,unknown,3.0,23.35,83.81,0.08,0.2,98.57,49.09,0.0,77.5,,15.0,21.0,4.0,1.0,0.0,-1.2000000000000028,78.7,81.8,99.6,78.8,90.39583333333331,6.115943467099862,0.2786063715547071,92.3,96.4,96.6
2026-04-21 16:00:00,Karachi,24.8607,67.0011,26.0,82.0,9.1,1006.8,unknown,3.0,22.96,82.64,0.08,0.2,98.12,48.55,0.0,76.8,,16.0,21.0,4.0,1.0,0.0,-0.7000000000000028,77.5,80.2,98.8,77.66666666666667,89.47916666666667,6.441575500414864,0.2778315585672797,92.7,96.3,96.9
2026-04-21 17:00:00,Karachi,24.8607,67.0011,25.7,83.0,8.2,1007.3,unknown,3.0,22.76,81.97,0.08,0.2,97.94,48.25,0.0,76.5,,17.0,21.0,4.0,1.0,0.0,-0.2999999999999971,76.8,78.7,97.9,76.93333333333334,88.58749999999999,6.701155805564025,0.2776625594729779,93.5,96.4,97.3
2026-04-21 18:00:00,Karachi,24.8607,67.0011,25.7,86.0,7.9,1007.4,unknown,3.0,22.67,81.64,0.08,0.2,97.94,48.09,0.0,76.3,,18.0,21.0,4.0,1.0,0.0,-0.2000000000000028,76.5,77.5,97.0,76.53333333333333,87.72500000000001,6.900488325506051,0.2776825085742283,94.4,96.5,97.7
2026-04-21 19:00:00,Karachi,24.8607,67.0011,25.6,88.0,6.0,1007.5,unknown,3.0,22.6,81.65,0.08,0.21,97.69,48.17,0.0,76.2,,19.0,21.0,4.0,1.0,0.0,-0.0999999999999943,76.3,76.8,96.0,76.33333333333333,86.89999999999999,7.050131050278307,0.2767911818738518,94.9,96.3,98.0
2026-04-21 20:00:00,Karachi,24.8607,67.0011,25.2,90.0,6.5,1007.1,unknown,3.0,22.62,82.14,0.08,0.21,97.84,48.73,0.0,76.2,,20.0,21.0,4.0,1.0,0.0,0.0,76.2,76.5,95.4,76.23333333333333,86.10000000000001,7.132534155422813,0.2753834915997078,95.1,96.3,98.2
2026-04-21 21:00:00,Karachi,24.8607,67.0011,25.0,92.0,8.4,1006.8,unknown,3.0,22.69,82.7,0.08,0.22,97.94,49.52,0.0,76.3,,21.0,21.0,4.0,1.0,0.0,0.0999999999999943,76.2,76.3,94.8,76.23333333333333,85.32916666666667,7.151070407360527,0.2743651753325272,95.0,96.3,98.5
2026-04-21 22:00:00,Karachi,24.8607,67.0011,25.0,92.0,8.8,1006.2,unknown,3.0,22.79,83.41,0.08,0.22,98.21,50.36,0.0,76.5,,22.0,21.0,4.0,1.0,0.0,0.2000000000000028,76.3,76.2,94.3,76.33333333333333,84.58749999999999,7.103110922871922,0.2732286296607121,94.8,96.4,99.2
2026-04-21 23:00:00,Karachi,24.8607,67.0011,24.9,92.0,9.9,1006.0,unknown,3.0,22.87,83.96,0.07,0.22,98.18,50.87,0.0,76.7,,23.0,21.0,4.0,1.0,0.0,0.2000000000000028,76.5,76.2,93.8,76.5,83.875,6.995666360404948,0.272391615054788,94.7,96.5,99.9
2026-04-22 00:00:00,Karachi,24.8607,67.0011,24.7,93.0,8.9,1006.2,unknown,3.0,22.98,84.7,0.07,0.22,98.29,51.11,0.0,76.9,,0.0,22.0,4.0,2.0,0.0,0.2000000000000028,76.7,76.3,93.5,76.7,83.18333333333334,6.821109604155267,0.271310507674144,94.5,96.6,101.6
2026-04-22 01:00:00,Karachi,24.8607,67.0011,25.0,91.0,9.4,1006.4,unknown,3.0,23.17,85.86,0.07,0.22,98.62,51.44,0.0,77.2,,1.0,22.0,4.0,2.0,0.0,0.2999999999999971,76.9,76.5,93.2,76.93333333333334,82.51666666666667,6.577079216073698,0.2698579082226881,94.4,96.6,102.2
2026-04-22 02:00:00,Karachi,24.8607,67.0011,25.5,87.0,11.0,1006.9,unknown,3.0,23.45,87.14,0.08,0.22,98.78,51.7,0.0,77.7,,2.0,22.0,4.0,2.0,0.0,0.5,77.2,76.7,92.9,77.26666666666667,81.88333333333333,6.25784145773616,0.2691071838420932,94.5,96.6,102.9
2026-04-22 03:00:00,Karachi,24.8607,67.0011,26.8,79.0,12.3,1007.9,unknown,3.0,23.84,88.73,0.08,0.22,98.84,51.97,0.0,78.5,,3.0,22.0,4.0,2.0,0.0,0.7999999999999972,77.7,76.9,92.7,77.8,81.29166666666667,5.848590812560813,0.268680265975431,94.8,96.5,103.2
2026-04-22 04:00:00,Karachi,24.8607,67.0011,28.1,71.0,13.7,1008.3,unknown,3.0,24.19,90.16,0.07,0.22,98.71,52.13,0.0,79.1,,4.0,22.0,4.0,2.0,0.0,0.5999999999999943,78.5,77.2,92.1,78.43333333333332,80.75,5.387909169372569,0.2683007985803017,95.0,95.9,103.3
2026-04-22 05:00:00,Karachi,24.8607,67.0011,29.2,66.0,14.3,1008.5,unknown,3.0,24.61,91.52,0.05,0.23,98.65,51.91,0.0,79.9,,5.0,22.0,4.0,2.0,0.0,0.8000000000000114,79.1,77.7,91.5,79.16666666666667,80.26666666666667,4.87778162930718,0.268902972027972,95.3,95.3,103.4
2026-04-22 06:00:00,Karachi,24.8607,67.0011,30.1,61.0,15.8,1008.1,unknown,3.0,25.05,92.99,0.05,0.23,98.47,51.36,0.0,80.7,,6.0,22.0,4.0,2.0,0.0,0.7999999999999972,79.9,78.5,90.9,79.89999999999999,79.84166666666665,4.323939092468922,0.2693838047101839,95.4,94.9,103.4
2026-04-22 07:00:00,Karachi,24.8607,67.0011,30.7,60.0,16.7,1007.7,unknown,3.0,25.58,94.88,0.04,0.24,98.33,50.66,0.0,81.7,,7.0,22.0,4.0,2.0,0.0,1.0,80.7,79.1,90.1,80.76666666666667,79.49166666666666,3.760771968242752,0.2696037099494098,95.4,94.7,103.4
2026-04-22 08:00:00,Karachi,24.8607,67.0011,31.3,56.0,15.8,1006.7,unknown,3.0,26.2,97.38,0.04,0.25,98.23,50.06,0.0,82.9,,8.0,22.0,4.0,2.0,0.0,1.2000000000000028,81.7,79.9,89.0,81.76666666666667,79.2375,3.2634754080810406,0.2690490860546313,95.3,94.9,103.2
2026-04-22 09:00:00,Karachi,24.8607,67.0011,31.2,57.0,16.1,1005.9,unknown,4.0,26.92,100.21,0.04,0.26,98.28,49.62,0.0,84.2,,9.0,22.0,4.0,2.0,0.0,1.2999999999999972,82.9,80.7,87.6,82.93333333333334,79.09583333333335,2.9427108423133763,0.2686358646841633,95.2,95.2,103.0
2026-04-22 10:00:00,Karachi,24.8607,67.0011,30.3,63.0,17.1,1005.4,unknown,4.0,27.81,103.27,0.05,0.27,98.75,49.3,0.0,85.9,,10.0,22.0,4.0,2.0,0.0,1.7000000000000028,84.2,81.7,86.0,84.33333333333333,79.09166666666667,2.932563304730406,0.2692940834705142,95.3,95.5,103.1
2026-04-22 11:00:00,Karachi,24.8607,67.0011,29.6,70.0,16.7,1005.0,unknown,4.0,28.66,105.54,0.05,0.28,99.05,49.13,0.0,87.4,,11.0,22.0,4.0,2.0,0.0,1.5,85.9,82.9,83.8,85.83333333333333,79.24166666666667,3.2578889759673264,0.2715558082243698,95.3,95.4,103.2
2026-04-22 12:00:00,Karachi,24.8607,67.0011,28.7,74.0,14.5,1004.7,unknown,4.0,29.5,106.98,0.06,0.3,99.4,49.36,0.0,89.0,,12.0,22.0,4.0,2.0,0.0,1.5999999999999943,87.4,84.2,81.8,87.43333333333334,79.54166666666667,3.791514171167492,0.2757524770985231,95.5,95.4,103.4
2026-04-22 13:00:00,Karachi,24.8607,67.0011,27.9,78.0,14.6,1004.9,unknown,4.0,30.31,107.45,0.08,0.31,100.11,50.47,0.0,90.5,,13.0,22.0,4.0,2.0,0.0,1.5,89.0,85.9,80.2,88.96666666666665,79.97083333333335,4.402911997529539,0.2820846905537459,96.0,95.7,104.3
2026-04-22 14:00:00,Karachi,24.8607,67.0011,26.9,84.0,12.6,1005.0,unknown,4.0,30.89,106.26,0.1,0.31,100.7,51.92,0.0,91.6,,14.0,22.0,4.0,2.0,0.0,1.0999999999999943,90.5,87.4,78.7,90.36666666666667,80.50833333333334,4.9893727641586505,0.2907020515716167,96.2,96.1,104.9
2026-04-22 15:00:00,Karachi,24.8607,67.0011,26.8,86.0,11.6,1005.4,unknown,4.0,31.26,103.88,0.1,0.31,101.25,53.32,0.0,92.3,,15.0,22.0,4.0,2.0,0.0,0.7000000000000028,91.6,89.0,77.5,91.46666666666664,81.125,5.490802586461801,0.3009241432422025,96.4,96.6,105.2
2026-04-22 16:00:00,Karachi,24.8607,67.0011,26.6,88.0,10.3,1005.8,unknown,4.0,31.49,101.28,0.1,0.31,101.73,54.12,0.0,92.7,,16.0,22.0,4.0,2.0,0.0,0.4000000000000057,92.3,90.5,76.8,92.2,81.78750000000001,5.890915076182923,0.3109202211690363,96.3,96.9,104.7
2026-04-22 17:00:00,Karachi,24.8607,67.0011,26.4,90.0,7.9,1006.2,unknown,4.0,31.91,100.09,0.1,0.32,102.32,54.36,0.0,93.5,,17.0,22.0,4.0,2.0,0.0,0.7999999999999972,92.7,91.6,76.5,92.83333333333331,82.49583333333334,6.2392501755931455,0.3188130682385852,96.4,97.3,104.0
2026-04-22 18:00:00,Karachi,24.8607,67.0011,26.4,89.0,8.9,1006.4,unknown,3.0,32.37,99.65,0.1,0.33,103.0,54.37,0.0,94.4,,18.0,22.0,4.0,2.0,0.0,0.9000000000000057,93.5,92.3,76.3,93.53333333333336,83.25,6.544230781516974,0.3248369292523833,96.5,97.7,102.7
2026-04-22 19:00:00,Karachi,24.8607,67.0011,26.4,89.0,8.9,1006.4,unknown,3.0,32.68,99.14,0.09,0.34,103.37,54.28,0.0,94.9,,19.0,22.0,4.0,2.0,0.0,0.5,94.4,92.7,76.2,94.26666666666668,84.02916666666667,6.777422824713082,0.3296348597942303,96.3,98.0,71.2
2026-04-22 20:00:00,Karachi,24.8607,67.0011,26.1,90.0,10.0,1006.2,unknown,3.0,32.77,98.17,0.09,0.34,103.43,54.24,0.0,95.1,,20.0,22.0,4.0,2.0,0.0,0.1999999999999886,94.9,93.5,76.2,94.8,84.81666666666668,6.9246043155944825,0.3338086991952735,96.3,98.2,98.8
2026-04-22 21:00:00,Karachi,24.8607,67.0011,25.9,91.0,10.6,1005.5,unknown,3.0,32.71,96.96,0.09,0.34,103.34,54.36,0.0,95.0,,21.0,22.0,4.0,2.0,0.0,-0.0999999999999943,95.1,94.4,76.3,95.0,85.59583333333335,6.976512095202405,0.3373556105610561,96.3,98.5,97.8
2026-04-22 22:00:00,Karachi,24.8607,67.0011,25.7,93.0,10.5,1005.5,unknown,3.0,32.59,95.46,0.09,0.33,103.25,54.63,0.0,94.8,,22.0,22.0,4.0,2.0,0.0,-0.2000000000000028,95.0,94.9,76.5,94.96666666666664,86.35833333333335,6.9391088681522985,0.3413995390739577,96.4,99.2,97.4
2026-04-22 23:00:00,Karachi,24.8607,67.0011,25.6,93.0,9.8,1005.4,unknown,3.0,32.53,93.88,0.08,0.33,103.66,55.12,0.0,94.7,,23.0,22.0,4.0,2.0,0.0,-0.0999999999999943,94.8,95.1,76.7,94.83333333333331,87.10833333333333,6.821571708904137,0.3465061780997018,96.5,99.9,97.7
2026-04-23 00:00:00,Karachi,24.8607,67.0011,25.5,95.0,11.2,1005.5,unknown,3.0,32.45,92.12,0.08,0.33,104.17,55.83,0.0,94.5,,0.0,23.0,4.0,3.0,0.0,-0.2000000000000028,94.7,95.0,76.9,94.66666666666669,87.84166666666665,6.619465147622588,0.3522579244463743,96.6,101.6,98.6
2026-04-23 01:00:00,Karachi,24.8607,67.0011,25.5,94.0,12.6,1005.9,unknown,3.0,32.39,90.41,0.08,0.33,104.68,56.37,0.0,94.4,,1.0,23.0,4.0,3.0,0.0,-0.0999999999999943,94.5,94.8,77.2,94.53333333333336,88.55833333333334,6.342535267793006,0.3582568299966818,96.6,102.2,99.9
2026-04-23 02:00:00,Karachi,24.8607,67.0011,26.1,90.0,14.6,1006.4,unknown,3.0,32.45,89.17,0.09,0.33,105.07,56.23,0.0,94.5,,2.0,23.0,4.0,3.0,0.0,0.0999999999999943,94.4,94.7,77.7,94.46666666666668,89.25833333333334,6.010419696455916,0.3639116294717954,96.6,102.9,102.7
2026-04-23 03:00:00,Karachi,24.8607,67.0011,27.2,82.0,14.6,1007.3,unknown,3.0,32.6,88.29,0.09,0.33,105.05,55.69,0.0,94.8,,3.0,23.0,4.0,3.0,0.0,0.2999999999999971,94.5,94.5,78.5,94.56666666666668,89.9375,5.652149456469562,0.3692377392683203,96.5,103.2,104.7
2026-04-23 04:00:00,Karachi,24.8607,67.0011,28.3,75.0,14.1,1007.6,unknown,3.0,32.73,87.65,0.08,0.33,104.87,54.99,0.0,95.0,,4.0,23.0,4.0,3.0,0.0,0.2000000000000028,94.8,94.4,79.1,94.76666666666664,90.6,5.243712591202729,0.3734169994295492,95.9,103.3,106.4
2026-04-23 05:00:00,Karachi,24.8607,67.0011,29.5,71.0,13.4,1007.5,unknown,3.0,32.88,87.03,0.06,0.33,104.99,54.43,0.0,95.3,,5.0,23.0,4.0,3.0,0.0,0.2999999999999971,95.0,94.5,79.9,95.03333333333332,91.24166666666667,4.800988726671845,0.3778007583591865,95.3,103.4,108.1
2026-04-23 06:00:00,Karachi,24.8607,67.0011,30.0,66.0,14.5,1008.0,unknown,3.0,32.95,86.04,0.06,0.33,105.08,53.65,0.0,95.4,,6.0,23.0,4.0,3.0,0.0,0.1000000000000085,95.3,94.8,80.7,95.23333333333332,91.85416666666669,4.310248572139375,0.3829614132961413,94.9,103.4,109.7
2026-04-23 07:00:00,Karachi,24.8607,67.0011,30.9,62.0,15.8,1007.7,unknown,3.0,32.94,84.76,0.05,0.32,105.07,52.72,0.0,95.4,,7.0,23.0,4.0,3.0,0.0,0.0,95.4,95.0,81.7,95.36666666666667,92.425,3.781792765573608,0.3886267107126002,94.7,103.4,111.1
2026-04-23 08:00:00,Karachi,24.8607,67.0011,31.5,57.0,16.1,1007.0,unknown,3.0,32.88,83.33,0.05,0.32,105.02,51.77,0.0,95.3,,8.0,23.0,4.0,3.0,0.0,-0.1000000000000085,95.4,95.3,82.9,95.36666666666667,92.94166666666666,3.2308185349540013,0.3945757830313213,94.9,103.2,112.3
2026-04-23 09:00:00,Karachi,24.8607,67.0011,31.6,58.0,16.4,1006.3,unknown,3.0,32.81,82.03,0.05,0.31,104.96,50.97,0.0,95.2,,9.0,23.0,4.0,3.0,0.0,-0.0999999999999943,95.3,95.4,84.2,95.3,93.40000000000002,2.668006909580626,0.3999756186760941,95.2,103.0,113.0
2026-04-23 10:00:00,Karachi,24.8607,67.0011,31.2,60.0,15.9,1005.7,unknown,3.0,32.86,81.03,0.05,0.31,105.26,50.47,0.0,95.3,,10.0,23.0,4.0,3.0,0.0,0.0999999999999943,95.2,95.4,85.9,95.26666666666664,93.79166666666669,2.1609009124963423,0.4055288164877206,95.5,103.1,113.8
2026-04-23 11:00:00,Karachi,24.8607,67.0011,31.1,61.0,14.0,1005.4,unknown,3.0,32.9,80.21,0.06,0.31,105.45,50.26,0.0,95.3,,11.0,23.0,4.0,3.0,0.0,0.0,95.3,95.3,87.4,95.26666666666668,94.12083333333334,1.6967947191232575,0.4101732951003615,95.4,103.2,113.4
2026-04-23 12:00:00,Karachi,24.8607,67.0011,29.8,67.0,12.1,1004.9,unknown,3.0,33.0,79.84,0.07,0.32,105.61,50.32,0.0,95.5,,12.0,23.0,4.0,3.0,0.0,0.2000000000000028,95.3,95.2,89.0,95.36666666666667,94.39166666666668,1.3210393361062132,0.4133266533066132,95.4,103.4,111.8
2026-04-23 13:00:00,Karachi,24.8607,67.0011,29.0,71.0,7.3,1005.6,unknown,3.0,33.24,79.91,0.09,0.32,105.96,50.64,0.0,96.0,,13.0,23.0,4.0,3.0,0.0,0.5,95.5,95.3,90.5,95.6,94.62083333333334,1.0697334762212507,0.4159679639594544,95.7,104.3,109.1
2026-04-23 14:00:00,Karachi,24.8607,67.0011,28.0,76.0,8.7,1006.2,unknown,3.0,33.37,79.79,0.11,0.32,106.31,50.66,0.0,96.2,,14.0,23.0,4.0,3.0,0.0,0.2000000000000028,96.0,95.3,91.6,95.9,94.8125,0.9042472247574403,0.4182228349417219,96.1,104.9,105.0
2026-04-23 15:00:00,Karachi,24.8607,67.0011,27.2,82.0,10.7,1006.1,unknown,3.0,33.47,79.64,0.12,0.31,106.49,50.46,0.0,96.4,,15.0,23.0,4.0,3.0,0.0,0.2000000000000028,96.2,95.5,92.3,96.2,94.98333333333332,0.7888718784332506,0.4202661978905073,96.6,105.2,99.6
2026-04-23 16:00:00,Karachi,24.8607,67.0011,26.8,86.0,10.8,1006.2,unknown,3.0,33.44,79.37,0.12,0.3,106.32,50.06,0.0,96.3,,16.0,23.0,4.0,3.0,0.0,-0.1000000000000085,96.4,96.0,92.7,96.3,95.13333333333334,0.6689814884486692,0.4213178782915459,96.9,104.7,96.6
2026-04-23 17:00:00,Karachi,24.8607,67.0011,26.6,87.0,6.8,1007.2,unknown,3.0,33.47,79.42,0.12,0.3,106.37,49.78,0.0,96.4,,17.0,23.0,4.0,3.0,0.0,0.1000000000000085,96.3,96.2,93.5,96.36666666666667,95.25416666666666,0.621344381629481,0.4214303701838328,97.3,104.0,95.0
2026-04-23 18:00:00,Karachi,24.8607,67.0011,26.6,89.0,6.5,1006.9,unknown,3.0,33.5,79.48,0.11,0.3,106.39,49.39,0.0,96.5,,18.0,23.0,4.0,3.0,0.0,0.0999999999999943,96.4,96.4,94.4,96.4,95.34166666666664,0.6433044222705652,0.4214896829391041,97.7,102.7,94.7
2026-04-23 19:00:00,Karachi,24.8607,67.0011,26.4,90.0,6.0,1006.8,unknown,3.0,33.42,79.3,0.11,0.29,106.24,48.89,0.0,96.3,,19.0,23.0,4.0,3.0,0.0,-0.2000000000000028,96.5,96.3,94.9,96.4,95.4,0.6646345841418745,0.421437578814628,98.0,71.2,95.5
2026-04-23 20:00:00,Karachi,24.8607,67.0011,26.2,92.0,6.9,1006.3,unknown,3.0,33.42,79.26,0.11,0.3,106.01,48.37,0.0,96.3,,20.0,23.0,4.0,3.0,0.0,0.0,96.3,96.4,95.1,96.36666666666667,95.45,0.6858824845491405,0.4216502649507948,98.2,98.8,97.1
2026-04-23 21:00:00,Karachi,24.8607,67.0011,26.1,92.0,8.0,1006.1,unknown,3.0,33.43,79.21,0.1,0.3,105.8,47.75,0.0,96.3,,21.0,23.0,4.0,3.0,0.0,0.0,96.3,96.5,95.0,96.3,95.50416666666666,0.6999870599236234,0.4220426713798763,98.5,97.8,98.8
2026-04-23 22:00:00,Karachi,24.8607,67.0011,25.9,93.0,7.1,1006.1,unknown,3.0,33.46,79.03,0.1,0.31,105.63,47.19,0.0,96.4,,22.0,23.0,4.0,3.0,0.0,0.1000000000000085,96.3,96.3,94.8,96.33333333333331,95.57083333333334,0.7061710389377063,0.4233835252435784,99.2,97.4,101.4
2026-04-23 23:00:00,Karachi,24.8607,67.0011,25.7,94.0,6.4,1006.1,unknown,3.0,33.5,78.66,0.1,0.31,105.55,46.6,0.0,96.5,,23.0,23.0,4.0,3.0,0.0,0.0999999999999943,96.4,96.3,94.7,96.4,95.64583333333331,0.7052468989000892,0.4258835494533435,99.9,97.7,103.5
2026-04-24 00:00:00,Karachi,24.8607,67.0011,25.6,97.0,7.1,1005.9,unknown,3.0,33.56,78.25,0.1,0.3,105.5,46.23,0.0,96.6,,0.0,24.0,4.0,4.0,0.0,0.0999999999999943,96.5,96.3,94.5,96.5,95.73333333333332,0.6869381762380926,0.4288817891373802,101.6,98.6,105.1
2026-04-24 01:00:00,Karachi,24.8607,67.0011,25.8,96.0,7.7,1006.4,unknown,3.0,33.58,77.75,0.1,0.3,105.44,46.03,0.0,96.6,,1.0,24.0,4.0,4.0,0.0,0.0,96.6,96.4,94.4,96.56666666666666,95.825,0.6468989572350301,0.4318971061093247,102.2,99.9,105.9
2026-04-24 02:00:00,Karachi,24.8607,67.0011,26.2,93.0,8.5,1007.0,unknown,3.0,33.6,76.96,0.11,0.3,105.47,46.07,0.0,96.6,,2.0,24.0,4.0,4.0,0.0,0.0,96.6,96.5,94.5,96.6,95.91249999999998,0.6002264065605122,0.4365904365904366,102.9,102.7,105.9
2026-04-24 03:00:00,Karachi,24.8607,67.0011,27.6,83.0,11.7,1007.7,unknown,3.0,33.52,75.73,0.11,0.29,105.64,46.48,0.0,96.5,,3.0,24.0,4.0,4.0,0.0,-0.0999999999999943,96.6,96.6,94.8,96.56666666666666,95.98333333333336,0.5623449866941167,0.4426251155420573,103.2,104.7,104.9
2026-04-24 04:00:00,Karachi,24.8607,67.0011,29.1,76.0,10.9,1007.9,unknown,3.0,33.21,74.07,0.08,0.29,105.83,47.4,0.0,95.9,,4.0,24.0,4.0,4.0,0.0,-0.5999999999999943,96.5,96.6,95.0,96.33333333333331,96.02083333333331,0.5225182889821518,0.448359659781288,103.3,106.4,102.5
2026-04-24 05:00:00,Karachi,24.8607,67.0011,30.1,72.0,11.7,1008.0,unknown,3.0,32.87,72.65,0.07,0.28,106.3,48.52,0.0,95.3,,5.0,24.0,4.0,4.0,0.0,-0.6000000000000085,95.9,96.6,95.3,95.9,96.02083333333331,0.5225182889821518,0.4524432209222297,103.4,108.1,99.2
2026-04-24 06:00:00,Karachi,24.8607,67.0011,30.3,69.0,14.0,1008.1,unknown,3.0,32.64,71.44,0.06,0.27,106.63,49.21,0.0,94.9,,6.0,24.0,4.0,4.0,0.0,-0.3999999999999915,95.3,96.5,95.4,95.36666666666667,96.0,0.5571667457868537,0.4568868980963046,103.4,109.7,97.0
2026-04-24 07:00:00,Karachi,24.8607,67.0011,31.0,64.0,14.4,1007.8,unknown,3.0,32.56,70.43,0.05,0.27,106.95,49.08,0.0,94.7,,7.0,24.0,4.0,4.0,0.0,-0.2000000000000028,94.9,95.9,95.4,94.96666666666664,95.97083333333332,0.6061131811863565,0.4623029958824364,103.4,111.1,95.0
2026-04-24 08:00:00,Karachi,24.8607,67.0011,31.3,63.0,14.5,1007.3,unknown,3.0,32.65,69.37,0.05,0.27,106.81,48.1,0.0,94.9,,8.0,24.0,4.0,4.0,0.0,0.2000000000000028,94.7,95.3,95.3,94.83333333333331,95.95416666666668,0.6303754344895286,0.4706645524001729,103.2,112.3,92.9
2026-04-24 09:00:00,Karachi,24.8607,67.0011,31.0,64.0,15.5,1006.7,unknown,3.0,32.8,68.47,0.05,0.28,106.51,47.11,0.0,95.2,,9.0,24.0,4.0,4.0,0.0,0.2999999999999971,94.9,94.9,95.2,94.93333333333334,95.95416666666664,0.6303754344895286,0.4790419161676646,103.0,113.0,91.1
2026-04-24 10:00:00,Karachi,24.8607,67.0011,30.6,68.0,16.5,1006.0,unknown,3.0,32.96,67.82,0.06,0.29,106.7,46.82,0.0,95.5,,10.0,24.0,4.0,4.0,0.0,0.2999999999999971,95.2,94.7,95.3,95.2,95.9625,0.6226259258016137,0.4859923326452374,103.1,113.8,89.5
2026-04-24 11:00:00,Karachi,24.8607,67.0011,30.3,67.0,14.7,1005.9,unknown,3.0,32.94,67.2,0.06,0.29,106.63,47.21,0.0,95.4,,11.0,24.0,4.0,4.0,0.0,-0.0999999999999943,95.5,94.9,95.3,95.36666666666667,95.96666666666664,0.6183193677880072,0.4901785714285713,103.2,113.4,87.8
2026-04-24 12:00:00,Karachi,24.8607,67.0011,29.7,70.0,13.1,1005.4,unknown,3.0,32.92,67.02,0.07,0.29,106.71,48.2,0.0,95.4,,12.0,24.0,4.0,4.0,0.0,0.0,95.4,95.2,95.5,95.43333333333334,95.9625,0.6219272290734058,0.4911966577141152,103.4,111.8,86.3
2026-04-24 13:00:00,Karachi,24.8607,67.0011,28.8,75.0,11.3,1005.4,unknown,3.0,33.11,67.46,0.09,0.29,107.01,49.18,0.0,95.7,,13.0,24.0,4.0,4.0,0.0,0.2999999999999971,95.4,95.5,96.0,95.5,95.95,0.6241515980860519,0.4908093685146754,104.3,109.1,85.5
2026-04-24 14:00:00,Karachi,24.8607,67.0011,27.7,83.0,8.7,1006.0,unknown,3.0,33.3,67.8,0.12,0.28,106.91,49.72,0.0,96.1,,14.0,24.0,4.0,4.0,0.0,0.3999999999999915,95.7,95.4,96.2,95.73333333333332,95.94583333333334,0.6227422990423608,0.4911504424778761,104.9,105.0,85.4
2026-04-24 15:00:00,Karachi,24.8607,67.0011,27.1,88.0,7.9,1006.7,unknown,3.0,33.55,68.21,0.12,0.28,106.75,49.8,0.0,96.6,,15.0,24.0,4.0,4.0,0.0,0.5,96.1,95.4,96.4,96.13333333333333,95.95416666666668,0.6303754344895272,0.4918633631432341,105.2,99.6,85.9
2026-04-24 16:00:00,Karachi,24.8607,67.0011,26.9,89.0,6.8,1007.2,unknown,3.0,33.71,68.54,0.12,0.26,106.54,49.74,0.0,96.9,,16.0,24.0,4.0,4.0,0.0,0.3000000000000113,96.6,95.7,96.3,96.53333333333336,95.97916666666669,0.6560614808603724,0.4918295885614239,104.7,96.6,86.9
2026-04-24 17:00:00,Karachi,24.8607,67.0011,26.6,90.0,5.8,1007.5,unknown,3.0,33.96,68.86,0.12,0.25,106.53,49.7,0.0,97.3,,17.0,24.0,4.0,4.0,0.0,0.3999999999999915,96.9,96.1,96.4,96.93333333333334,96.01666666666668,0.7050542172608862,0.4931745570723206,104.0,95.0,88.4
2026-04-24 18:00:00,Karachi,24.8607,67.0011,26.5,92.0,7.6,1007.7,unknown,3.0,34.19,69.23,0.12,0.25,106.73,49.7,0.0,97.7,,18.0,24.0,4.0,4.0,0.0,0.4000000000000057,97.3,96.6,96.5,97.3,96.06666666666668,0.7794461058251595,0.4938610429004766,102.7,94.7,90.1
2026-04-24 19:00:00,Karachi,24.8607,67.0011,26.5,91.0,6.9,1007.2,unknown,3.0,34.31,69.78,0.12,0.24,106.77,49.77,0.0,98.0,,19.0,24.0,4.0,4.0,0.0,0.2999999999999971,97.7,96.9,96.3,97.66666666666669,96.1375,0.873181339800496,0.4916881627973631,71.2,95.5,91.7
2026-04-24 20:00:00,Karachi,24.8607,67.0011,26.2,92.0,5.4,1007.0,unknown,3.0,34.43,71.0,0.12,0.24,106.8,49.8,0.0,98.2,,20.0,24.0,4.0,4.0,0.0,0.2000000000000028,98.0,97.3,96.3,97.96666666666664,96.21666666666664,0.9693864786189936,0.4849295774647887,98.8,97.1,93.1
2026-04-24 21:00:00,Karachi,24.8607,67.0011,25.8,95.0,8.0,1006.9,unknown,3.0,34.61,72.95,0.11,0.24,106.62,49.74,0.0,98.5,,21.0,24.0,4.0,4.0,0.0,0.2999999999999971,98.2,97.7,96.3,98.23333333333332,96.30833333333334,1.0757875443513072,0.4744345442083618,97.8,98.8,94.0
2026-04-24 22:00:00,Karachi,24.8607,67.0011,25.4,97.0,7.5,1007.0,unknown,3.0,34.97,75.61,0.11,0.25,106.6,49.35,0.0,99.2,,22.0,24.0,4.0,4.0,0.0,0.7000000000000028,98.5,98.0,96.4,98.63333333333333,96.425,1.227315911991561,0.4625049596614204,97.4,101.4,94.7
2026-04-24 23:00:00,Karachi,24.8607,67.0011,25.1,98.0,6.8,1006.9,unknown,3.0,35.37,78.25,0.11,0.26,106.27,48.79,0.0,99.9,,23.0,24.0,4.0,4.0,0.0,0.7000000000000028,99.2,98.2,96.5,99.2,96.56666666666666,1.4177957989561407,0.4520127795527156,97.7,103.5,95.2
2026-04-25 00:00:00,Karachi,24.8607,67.0011,25.1,99.0,6.9,1006.6,unknown,3.0,35.73,81.17,0.11,0.25,106.11,48.32,0.0,101.6,,0.0,25.0,4.0,5.0,1.0,1.6999999999999886,99.9,98.5,96.6,100.23333333333336,96.775,1.751086619167461,0.4401872613034371,98.6,105.1,95.5
2026-04-25 01:00:00,Karachi,24.8607,67.0011,25.0,99.0,6.5,1006.9,unknown,3.0,35.99,84.35,0.11,0.25,105.62,48.09,0.0,102.2,,1.0,25.0,4.0,5.0,1.0,0.6000000000000085,101.6,99.2,96.6,101.23333333333332,97.00833333333334,2.070689166241379,0.426674570243035,99.9,105.9,95.5
2026-04-25 02:00:00,Karachi,24.8607,67.0011,25.3,96.0,6.5,1007.4,unknown,3.0,36.26,87.3,0.12,0.24,105.49,47.87,0.0,102.9,,2.0,25.0,4.0,5.0,1.0,0.7000000000000028,102.2,99.9,96.6,102.23333333333332,97.27083333333336,2.3911938380263624,0.4153493699885452,102.7,105.9,95.2
2026-04-25 03:00:00,Karachi,24.8607,67.0011,27.1,84.0,6.0,1008.1,unknown,3.0,36.4,89.87,0.12,0.23,105.53,47.95,0.0,103.2,,3.0,25.0,4.0,5.0,1.0,0.2999999999999971,102.9,101.6,96.5,102.76666666666668,97.55,2.671915124921277,0.4050294870368309,104.7,104.9,94.4
2026-04-25 04:00:00,Karachi,24.8607,67.0011,28.8,76.0,6.4,1008.7,unknown,3.0,36.42,92.23,0.1,0.22,105.51,48.16,0.0,103.3,,4.0,25.0,4.0,5.0,1.0,0.0999999999999943,103.2,102.2,95.9,103.13333333333334,97.85833333333336,2.8912035506021807,0.3948823593190935,106.4,102.5,93.3
2026-04-25 05:00:00,Karachi,24.8607,67.0011,30.3,70.0,8.8,1008.9,unknown,3.0,36.46,94.59,0.08,0.22,105.34,48.34,0.0,103.4,,5.0,25.0,4.0,5.0,1.0,0.1000000000000085,103.3,102.9,95.3,103.3,98.19583333333333,3.048089803348187,0.3854530077175177,108.1,99.2,92.2
2026-04-25 06:00:00,Karachi,24.8607,67.0011,31.4,65.0,10.5,1008.7,unknown,3.0,36.48,96.74,0.07,0.22,105.28,48.34,0.0,103.4,,6.0,25.0,4.0,5.0,1.0,0.0,103.4,103.2,94.9,103.36666666666667,98.55,3.1408943616912417,0.3770932396113293,109.7,97.0,91.8
2026-04-25 07:00:00,Karachi,24.8607,67.0011,32.3,59.0,12.2,1008.4,unknown,3.0,36.47,98.33,0.06,0.23,105.07,47.99,0.0,103.4,,7.0,25.0,4.0,5.0,1.0,0.0,103.4,103.3,94.7,103.4,98.9125,3.179049967466902,0.3708939286077494,111.1,95.0,92.0
2026-04-25 08:00:00,Karachi,24.8607,67.0011,33.0,56.0,12.6,1007.6,unknown,3.0,36.39,99.13,0.06,0.23,104.71,47.3,0.0,103.2,,8.0,25.0,4.0,5.0,1.0,-0.2000000000000028,103.4,103.4,94.9,103.33333333333331,99.25833333333333,3.1750271024745733,0.3670937153233128,112.3,92.9,92.3
2026-04-25 09:00:00,Karachi,24.8607,67.0011,33.1,56.0,13.3,1007.0,unknown,4.0,36.32,100.22,0.06,0.24,104.35,46.62,0.0,103.0,,9.0,25.0,4.0,5.0,1.0,-0.2000000000000028,103.2,103.4,95.2,103.2,99.58333333333331,3.140571350215689,0.3624027140291359,113.0,91.1,92.4
2026-04-25 10:00:00,Karachi,24.8607,67.0011,32.8,56.0,13.9,1006.3,unknown,4.0,36.37,102.0,0.06,0.26,104.37,46.67,0.0,103.1,,10.0,25.0,4.0,5.0,1.0,0.0999999999999943,103.0,103.4,95.5,103.1,99.90000000000002,3.093752470354452,0.3565686274509804,113.8,89.5,92.5
2026-04-25 11:00:00,Karachi,24.8607,67.0011,32.0,59.0,13.5,1006.1,unknown,4.0,36.39,103.38,0.06,0.29,103.96,46.99,0.0,103.2,,11.0,25.0,4.0,5.0,1.0,0.1000000000000085,103.1,103.2,95.4,103.1,100.225,3.0090082144754087,0.3520023215322113,113.4,87.8,92.6
2026-04-25 12:00:00,Karachi,24.8607,67.0011,30.6,64.0,11.7,1005.8,unknown,4.0,36.49,105.06,0.07,0.34,103.93,48.04,0.0,103.4,,12.0,25.0,4.0,5.0,1.0,0.2000000000000028,103.2,103.0,95.4,103.23333333333332,100.55833333333334,2.8921056969475365,0.3473253379021511,111.8,86.3,92.9
2026-04-25 13:00:00,Karachi,24.8607,67.0011,29.6,68.0,10.7,1005.8,unknown,4.0,36.84,107.33,0.1,0.39,104.55,50.11,0.0,104.3,,13.0,25.0,4.0,5.0,1.0,0.8999999999999915,103.4,103.1,95.7,103.63333333333333,100.91666666666669,2.7951303410012223,0.3432404733066245,109.1,85.5,93.8
2026-04-25 14:00:00,Karachi,24.8607,67.0011,28.4,75.0,9.7,1006.3,unknown,4.0,37.09,108.24,0.13,0.44,105.16,52.42,0.0,104.9,,14.0,25.0,4.0,5.0,1.0,0.6000000000000085,104.3,103.2,96.1,104.2,101.28333333333332,2.7117564766037967,0.3426644493717665,105.0,85.4,94.6
2026-04-25 15:00:00,Karachi,24.8607,67.0011,27.9,77.0,8.9,1006.9,unknown,4.0,37.2,107.63,0.14,0.49,105.79,54.57,0.0,105.2,,15.0,25.0,4.0,5.0,1.0,0.2999999999999971,104.9,103.4,96.6,104.8,101.64166666666668,2.633053553289269,0.3456285422280034,99.6,85.9,95.4
2026-04-25 16:00:00,Karachi,24.8607,67.0011,27.6,78.0,8.0,1007.4,unknown,4.0,37.02,105.59,0.15,0.52,106.18,56.31,0.0,104.7,,16.0,25.0,4.0,5.0,1.0,-0.5,105.2,104.3,96.9,104.93333333333334,101.96666666666664,2.500376783200322,0.3506013827066957,96.6,86.9,96.0
2026-04-25 17:00:00,Karachi,24.8607,67.0011,27.3,79.0,7.6,1007.7,unknown,4.0,36.7,102.82,0.15,0.54,106.62,57.83,0.0,104.0,,17.0,25.0,4.0,5.0,1.0,-0.7000000000000028,104.7,104.9,97.3,104.63333333333333,102.24583333333334,2.3245343931470317,0.3569344485508656,95.0,88.4,96.2
2026-04-25 18:00:00,Karachi,24.8607,67.0011,27.3,82.0,8.0,1007.7,unknown,3.0,36.21,99.42,0.15,0.54,106.95,59.2,0.0,102.7,,18.0,25.0,4.0,5.0,1.0,-1.2999999999999972,104.0,105.2,97.7,103.8,102.45416666666664,2.113924676100732,0.364212432106216,94.7,90.1,96.3
2026-04-25 19:00:00,Karachi,24.8607,67.0011,27.2,81.0,7.7,1007.4,unknown,3.0,35.48,95.8,0.15,0.53,107.06,60.19,0.0,71.2,,19.0,25.0,4.0,5.0,1.0,-31.5,102.7,104.7,98.0,92.63333333333333,101.3375,6.691448955975946,0.3703549060542797,95.5,91.7,96.1
2026-04-25 20:00:00,Karachi,24.8607,67.0011,26.9,81.0,6.2,1006.9,unknown,3.0,34.76,92.57,0.14,0.5,106.66,60.49,0.0,98.8,,20.0,25.0,4.0,5.0,1.0,27.599999999999994,71.2,104.0,98.2,90.9,101.3625,6.680328845068755,0.3754996219077455,97.1,93.1,96.1
2026-04-25 21:00:00,Karachi,24.8607,67.0011,26.6,81.0,6.4,1006.4,unknown,3.0,34.2,90.22,0.14,0.46,106.31,60.34,0.0,97.8,,21.0,25.0,4.0,5.0,1.0,-1.0,98.8,102.7,98.5,89.26666666666667,101.33333333333331,6.69488231975433,0.3790733761915318,98.8,94.0,96.5
2026-04-25 22:00:00,Karachi,24.8607,67.0011,26.4,81.0,6.9,1006.1,unknown,3.0,34.01,88.95,0.14,0.41,106.15,60.0,0.0,97.4,,22.0,25.0,4.0,5.0,1.0,-0.3999999999999915,97.8,71.2,99.2,98.0,101.25833333333334,6.7298114623544585,0.3823496346261945,101.4,94.7,97.2
2026-04-25 23:00:00,Karachi,24.8607,67.0011,26.2,82.0,7.6,1006.0,unknown,3.0,34.17,88.33,0.14,0.37,105.95,59.63,0.0,97.7,,23.0,25.0,4.0,5.0,1.0,0.2999999999999971,97.4,98.8,99.9,97.63333333333333,101.16666666666669,6.764013901373058,0.3868447865957206,103.5,95.2,98.1
2026-04-26 00:00:00,Karachi,24.8607,67.0011,26.0,86.0,8.6,1005.9,unknown,3.0,34.67,88.99,0.14,0.35,105.94,60.04,0.0,98.6,,0.0,26.0,4.0,6.0,1.0,0.8999999999999915,97.7,97.8,101.6,97.9,101.04166666666669,6.7833502474593805,0.3895943364422969,105.1,95.5,98.9
2026-04-26 01:00:00,Karachi,24.8607,67.0011,26.1,86.0,9.4,1006.1,unknown,3.0,35.37,90.83,0.13,0.34,106.2,61.1,0.0,99.9,,1.0,26.0,4.0,6.0,1.0,1.3000000000000114,98.6,97.4,102.2,98.73333333333332,100.94583333333333,6.782520960506303,0.3894087856435098,105.9,95.5,99.4
2026-04-26 02:00:00,Karachi,24.8607,67.0011,26.6,84.0,8.3,1006.5,unknown,3.0,36.19,93.21,0.15,0.33,106.68,62.45,0.0,102.7,,2.0,26.0,4.0,6.0,1.0,2.799999999999997,99.9,97.7,102.9,100.40000000000002,100.9375,6.780138032453885,0.3882630619032293,105.9,95.2,99.9
2026-04-26 03:00:00,Karachi,24.8607,67.0011,28.5,75.0,8.1,1007.0,unknown,3.0,37.02,95.6,0.15,0.33,107.25,63.73,0.0,104.7,,3.0,26.0,4.0,6.0,1.0,2.0,102.7,98.6,103.2,102.43333333333334,101.0,6.808753956105313,0.3872384937238494,104.9,94.4,101.0
2026-04-26 04:00:00,Karachi,24.8607,67.0011,30.9,63.0,11.0,1007.4,unknown,3.0,37.71,97.82,0.13,0.33,107.75,64.78,0.0,106.4,,4.0,26.0,4.0,6.0,1.0,1.7000000000000028,104.7,99.9,103.3,104.6,101.12916666666666,6.883280257366128,0.3855039869147414,102.5,93.3,101.1
2026-04-26 05:00:00,Karachi,24.8607,67.0011,32.7,53.0,13.0,1007.4,unknown,3.0,38.39,99.87,0.1,0.33,108.11,65.49,0.0,108.1,,5.0,26.0,4.0,6.0,1.0,1.6999999999999886,106.4,102.7,103.4,106.4,101.325,7.0162699120157646,0.3843997196355261,99.2,92.2,101.1
2026-04-26 06:00:00,Karachi,24.8607,67.0011,33.5,51.0,13.7,1007.4,unknown,4.0,39.03,101.5,0.08,0.33,108.52,65.65,0.0,109.7,,6.0,26.0,4.0,6.0,1.0,1.6000000000000083,108.1,104.7,103.4,108.06666666666668,101.58750000000002,7.212387441665363,0.3845320197044335,97.0,91.8,101.2
2026-04-26 07:00:00,Karachi,24.8607,67.0011,34.3,47.0,14.8,1006.8,unknown,4.0,39.62,103.01,0.07,0.33,108.65,65.31,0.0,111.1,,7.0,26.0,4.0,6.0,1.0,1.3999999999999917,109.7,106.4,103.4,109.63333333333333,101.90833333333336,7.463413175744749,0.3846228521502766,95.0,92.0,101.2
2026-04-26 08:00:00,Karachi,24.8607,67.0011,35.0,43.0,15.3,1006.2,unknown,4.0,40.07,104.66,0.07,0.34,108.71,64.69,0.0,112.3,,8.0,26.0,4.0,6.0,1.0,1.2000000000000028,111.1,108.1,103.2,111.03333333333336,102.2875,7.757258172049063,0.3828587808140646,92.9,92.3,100.0
2026-04-26 09:00:00,Karachi,24.8607,67.0011,35.3,41.0,15.5,1005.3,unknown,4.0,40.37,106.25,0.07,0.34,108.77,64.08,0.0,113.0,,9.0,26.0,4.0,6.0,1.0,0.7000000000000028,112.3,109.7,103.0,112.13333333333333,102.70416666666668,8.059856464719426,0.3799529411764705,91.1,92.4,99.0
2026-04-26 10:00:00,Karachi,24.8607,67.0011,35.2,39.0,15.5,1004.4,unknown,4.0,40.69,107.78,0.07,0.36,109.25,63.91,0.0,113.8,,10.0,26.0,4.0,6.0,1.0,0.7999999999999972,113.0,111.1,103.1,113.03333333333336,103.15,8.372574275573495,0.3775282983856002,89.5,92.5,97.3
2026-04-26 11:00:00,Karachi,24.8607,67.0011,34.7,39.0,14.6,1003.9,unknown,4.0,40.55,108.05,0.07,0.37,109.3,63.61,0.0,113.4,,11.0,26.0,4.0,6.0,1.0,-0.3999999999999915,113.8,112.3,103.2,113.4,103.575,8.630141819581041,0.3752892179546506,87.8,92.6,94.9
2026-04-26 12:00:00,Karachi,24.8607,67.0011,33.6,43.0,12.8,1003.6,unknown,4.0,39.87,107.42,0.08,0.37,109.26,63.4,0.0,111.8,,12.0,26.0,4.0,6.0,1.0,-1.6000000000000083,113.4,113.0,103.4,113.0,103.925,8.791559687514196,0.3711599329733755,86.3,92.9,92.7
2026-04-26 13:00:00,Karachi,24.8607,67.0011,32.0,48.0,11.9,1003.9,unknown,4.0,38.78,106.26,0.1,0.35,109.55,63.24,0.0,109.1,,13.0,26.0,4.0,6.0,1.0,-2.700000000000003,111.8,113.8,104.3,111.43333333333334,104.125,8.854831645957756,0.3649538866930171,85.5,93.8,91.0
2026-04-26 14:00:00,Karachi,24.8607,67.0011,30.2,60.0,11.1,1004.2,unknown,4.0,37.14,103.86,0.13,0.33,109.27,62.94,0.0,105.0,,14.0,26.0,4.0,6.0,1.0,-4.099999999999994,109.1,113.4,104.9,108.63333333333333,104.12916666666666,8.855235698464291,0.3575967648757943,85.4,94.6,89.8
2026-04-26 15:00:00,Karachi,24.8607,67.0011,29.2,65.0,9.9,1004.8,unknown,4.0,35.21,101.22,0.14,0.3,108.56,63.19,0.0,99.6,,15.0,26.0,4.0,6.0,1.0,-5.400000000000006,105.0,111.8,105.2,104.56666666666666,103.89583333333331,8.899461594201131,0.3478561549100968,85.9,95.4,89.2
2026-04-26 16:00:00,Karachi,24.8607,67.0011,28.7,69.0,8.8,1005.2,unknown,3.0,33.57,99.3,0.13,0.28,107.61,64.11,0.0,96.6,,16.0,26.0,4.0,6.0,1.0,-3.0,99.6,109.1,104.7,100.4,103.55833333333334,9.020407619569252,0.3380664652567976,86.9,96.0,89.7
2026-04-26 17:00:00,Karachi,24.8607,67.0011,28.2,72.0,7.8,1005.4,unknown,3.0,32.69,97.61,0.13,0.29,106.72,65.02,0.0,95.0,,17.0,26.0,4.0,6.0,1.0,-1.5999999999999943,96.6,105.0,104.0,97.06666666666666,103.18333333333334,9.186789507182056,0.3349042106341563,88.4,96.2,91.5
2026-04-26 18:00:00,Karachi,24.8607,67.0011,28.1,74.0,8.0,1005.5,unknown,3.0,32.55,96.74,0.12,0.3,106.04,66.15,0.0,94.7,,18.0,26.0,4.0,6.0,1.0,-0.2999999999999971,95.0,99.6,102.7,95.43333333333332,102.85,9.348796714015943,0.3364688856729377,90.1,96.3,94.5
2026-04-26 19:00:00,Karachi,24.8607,67.0011,27.8,76.0,7.7,1005.1,unknown,3.0,33.01,97.2,0.12,0.32,105.92,67.62,0.0,95.5,,19.0,26.0,4.0,6.0,1.0,0.7999999999999972,94.7,96.6,71.2,95.06666666666668,103.8625,6.717583189885913,0.3396090534979423,91.7,96.1,97.9
2026-04-26 20:00:00,Karachi,24.8607,67.0011,27.2,80.0,6.6,1004.5,unknown,3.0,33.86,98.57,0.11,0.33,106.19,68.99,0.0,97.1,,20.0,26.0,4.0,6.0,1.0,1.5999999999999943,95.5,95.0,98.8,95.76666666666668,103.79166666666669,6.7819399986229545,0.3435122248148524,93.1,96.1,101.6
2026-04-26 21:00:00,Karachi,24.8607,67.0011,26.8,83.0,7.3,1004.2,unknown,4.0,34.76,100.01,0.11,0.34,106.52,70.27,0.0,98.8,,21.0,26.0,4.0,6.0,1.0,1.7000000000000028,97.1,94.7,97.8,97.13333333333333,103.83333333333331,6.74650741634773,0.3475652434756524,94.0,96.5,103.8
2026-04-26 22:00:00,Karachi,24.8607,67.0011,26.5,85.0,7.6,1003.8,unknown,4.0,35.68,101.49,0.11,0.36,106.94,71.37,0.0,101.4,,22.0,26.0,4.0,6.0,1.0,2.6000000000000085,98.8,95.5,97.4,99.1,104.0,6.629053312961145,0.3515617302197261,94.7,97.2,104.7
2026-04-26 23:00:00,Karachi,24.8607,67.0011,26.3,87.0,8.2,1003.5,unknown,4.0,36.52,102.78,0.11,0.37,107.52,72.44,0.0,103.5,,23.0,26.0,4.0,6.0,1.0,2.0999999999999943,101.4,97.1,97.7,101.23333333333332,104.24166666666667,6.493737228160661,0.3553220470908737,95.2,98.1,104.4
2026-04-27 00:00:00,Karachi,24.8607,67.0011,26.2,88.0,8.5,1003.2,unknown,4.0,37.16,103.74,0.11,0.38,107.99,73.2,0.0,105.1,,0.0,27.0,4.0,0.0,0.0,1.5999999999999943,103.5,98.8,98.6,103.33333333333331,104.5125,6.382810645720588,0.3582032003084635,95.5,98.9,103.9
2026-04-27 01:00:00,Karachi,24.8607,67.0011,26.4,88.0,9.6,1003.4,unknown,4.0,37.49,104.23,0.11,0.38,108.34,73.77,0.0,105.9,,1.0,27.0,4.0,0.0,0.0,0.8000000000000114,105.1,101.4,99.9,104.83333333333331,104.7625,6.311398418733631,0.3596853113307109,95.5,99.4,103.4
2026-04-27 02:00:00,Karachi,24.8607,67.0011,27.0,85.0,8.9,1003.8,unknown,4.0,37.51,104.19,0.13,0.39,108.82,74.08,0.0,105.9,,2.0,27.0,4.0,0.0,0.0,0.0,105.9,103.5,102.7,105.63333333333334,104.89583333333331,6.299722503664875,0.3600153565601305,95.2,99.9,103.6
2026-04-27 03:00:00,Karachi,24.8607,67.0011,28.8,75.0,9.9,1004.4,unknown,4.0,37.09,103.58,0.14,0.38,109.45,73.96,0.0,104.9,,3.0,27.0,4.0,0.0,0.0,-1.0,105.9,105.1,104.7,105.56666666666666,104.90416666666664,6.2995844698477415,0.3580807105618845,94.4,101.0,104.3
2026-04-27 04:00:00,Karachi,24.8607,67.0011,30.5,65.0,12.4,1004.6,unknown,4.0,36.1,101.39,0.12,0.37,109.62,73.46,0.0,102.5,,4.0,27.0,4.0,0.0,0.0,-2.4000000000000057,104.9,105.9,106.4,104.43333333333334,104.74166666666666,6.309614242095263,0.3560508925929579,93.3,101.1,105.1
2026-04-27 05:00:00,Karachi,24.8607,67.0011,31.8,58.0,13.8,1004.8,unknown,3.0,34.96,96.96,0.09,0.35,109.53,72.47,0.0,99.2,,5.0,27.0,4.0,0.0,0.0,-3.299999999999997,102.5,105.9,108.1,102.2,104.37083333333334,6.364950163175195,0.3605610561056105,92.2,101.1,105.8
2026-04-27 06:00:00,Karachi,24.8607,67.0011,32.7,54.0,14.0,1004.5,unknown,3.0,33.8,90.79,0.08,0.34,109.48,71.09,0.0,97.0,,6.0,27.0,4.0,0.0,0.0,-2.200000000000003,99.2,104.9,109.7,99.56666666666668,103.84166666666664,6.43022189533011,0.3722876968829166,91.8,101.2,105.8
2026-04-27 07:00:00,Karachi,24.8607,67.0011,32.8,55.0,15.7,1004.2,unknown,3.0,32.7,84.51,0.07,0.33,109.16,69.32,0.0,95.0,,7.0,27.0,4.0,0.0,0.0,-2.0,97.0,102.5,111.1,97.06666666666668,103.17083333333332,6.479699346665974,0.3869364572239971,92.0,101.2,104.7
2026-04-27 08:00:00,Karachi,24.8607,67.0011,33.2,53.0,15.1,1003.7,unknown,3.0,31.61,79.29,0.07,0.33,108.34,67.43,0.0,92.9,,8.0,27.0,4.0,0.0,0.0,-2.0999999999999943,95.0,99.2,112.3,94.96666666666664,102.3625,6.501358553677389,0.3986631353260184,92.3,100.0,103.1
2026-04-27 09:00:00,Karachi,24.8607,67.0011,33.3,52.0,15.4,1002.7,unknown,3.0,30.61,75.79,0.06,0.32,107.32,66.04,0.0,91.1,,9.0,27.0,4.0,0.0,0.0,-1.8000000000000114,92.9,97.0,113.0,93.0,101.45,6.48027106250002,0.4038791397281963,92.4,99.0,101.2
2026-04-27 10:00:00,Karachi,24.8607,67.0011,32.9,55.0,15.2,1001.8,unknown,3.0,29.78,74.04,0.06,0.32,106.41,65.53,0.0,89.5,,10.0,27.0,4.0,0.0,0.0,-1.5999999999999943,91.1,95.0,113.8,91.16666666666669,100.4375,6.364084858560143,0.402215018908698,92.5,97.3,99.2
2026-04-27 11:00:00,Karachi,24.8607,67.0011,32.5,56.0,14.5,1001.1,unknown,3.0,28.85,72.55,0.07,0.33,105.23,65.85,0.0,87.8,,11.0,27.0,4.0,0.0,0.0,-1.7000000000000028,89.5,92.9,113.4,89.46666666666665,99.37083333333332,6.241201052658794,0.3976567884217781,92.6,94.9,98.6
2026-04-27 12:00:00,Karachi,24.8607,67.0011,31.4,58.0,13.5,1001.2,unknown,3.0,28.04,71.4,0.07,0.35,104.11,66.87,0.0,86.3,,12.0,27.0,4.0,0.0,0.0,-1.5,87.8,91.1,111.8,87.86666666666667,98.30833333333334,6.203709736339528,0.3927170868347338,92.9,92.7,98.7
2026-04-27 13:00:00,Karachi,24.8607,67.0011,30.5,63.0,13.0,1001.4,unknown,3.0,27.63,71.34,0.09,0.37,103.96,68.57,0.0,85.5,,13.0,27.0,4.0,0.0,0.0,-0.7999999999999972,86.3,89.5,109.1,86.53333333333335,97.325,6.288585242153229,0.3873002523128679,93.8,91.0,99.7
2026-04-27 14:00:00,Karachi,24.8607,67.0011,29.6,69.0,10.4,1001.4,unknown,3.0,27.56,71.91,0.12,0.4,104.22,70.44,0.0,85.4,,14.0,27.0,4.0,0.0,0.0,-0.0999999999999943,85.5,87.8,105.0,85.73333333333333,96.50833333333334,6.517062332775216,0.3832568488388263,94.6,89.8,102.0
2026-04-27 15:00:00,Karachi,24.8607,67.0011,28.9,73.0,9.3,1001.5,unknown,3.0,27.84,73.19,0.13,0.44,105.11,72.56,0.0,85.9,,15.0,27.0,4.0,0.0,0.0,0.5,85.4,86.3,99.6,85.60000000000001,95.9375,6.827107892359388,0.3803798333105616,95.4,89.2,103.5
2026-04-27 16:00:00,Karachi,24.8607,67.0011,28.6,75.0,9.2,1002.2,unknown,3.0,28.36,74.83,0.13,0.48,106.23,74.65,0.0,86.9,,16.0,27.0,4.0,0.0,0.0,1.0,85.9,85.5,96.6,86.06666666666668,95.53333333333336,7.069017929865283,0.3789923827341975,96.0,89.7,104.3
2026-04-27 17:00:00,Karachi,24.8607,67.0011,28.5,75.0,8.9,1002.8,unknown,3.0,29.15,76.98,0.14,0.53,107.78,77.19,0.0,88.4,,17.0,27.0,4.0,0.0,0.0,1.5,86.9,85.4,95.0,87.06666666666668,95.25833333333333,7.217485812197963,0.3786697843595739,96.2,91.5,104.7
2026-04-27 18:00:00,Karachi,24.8607,67.0011,28.6,75.0,11.4,1002.5,unknown,3.0,30.11,79.34,0.14,0.59,109.68,80.17,0.0,90.1,,18.0,27.0,4.0,0.0,0.0,1.6999999999999886,88.4,85.9,94.7,88.46666666666665,95.06666666666668,7.293634310087057,0.3795059238719435,96.3,94.5,104.7
2026-04-27 19:00:00,Karachi,24.8607,67.0011,28.4,75.0,11.6,1002.3,unknown,3.0,30.96,81.27,0.14,0.64,111.32,82.99,0.0,91.7,,19.0,27.0,4.0,0.0,0.0,1.6000000000000083,90.1,86.9,95.5,90.06666666666666,94.90833333333336,7.324996908541932,0.380952380952381,96.1,97.9,104.2
2026-04-27 20:00:00,Karachi,24.8607,67.0011,27.9,77.0,10.8,1002.0,unknown,3.0,31.67,82.81,0.14,0.66,112.76,85.27,0.0,93.1,,20.0,27.0,4.0,0.0,0.0,1.3999999999999917,91.7,88.4,97.1,91.63333333333333,94.74166666666667,7.318464834665532,0.3824417340900857,96.1,101.6,103.7
2026-04-27 21:00:00,Karachi,24.8607,67.0011,27.5,80.0,11.2,1001.4,unknown,3.0,32.18,84.3,0.14,0.67,113.97,86.72,0.0,94.0,,21.0,27.0,4.0,0.0,0.0,0.9000000000000057,93.1,90.1,98.8,92.93333333333334,94.54166666666669,7.268150692766211,0.3817319098457888,96.5,103.8,103.7
2026-04-27 22:00:00,Karachi,24.8607,67.0011,27.3,80.0,11.1,1001.5,unknown,3.0,32.54,85.99,0.13,0.66,114.88,87.7,0.0,94.7,,22.0,27.0,4.0,0.0,0.0,0.7000000000000028,94.0,91.7,101.4,93.93333333333334,94.2625,7.120442859945143,0.3784160948947552,97.2,104.7,104.3
2026-04-27 23:00:00,Karachi,24.8607,67.0011,27.1,81.0,10.9,1001.4,unknown,3.0,32.81,87.64,0.13,0.66,115.7,88.3,0.0,95.2,,23.0,27.0,4.0,0.0,0.0,0.5,94.7,93.1,103.5,94.63333333333333,93.91666666666669,6.848653734203499,0.3743724326791419,98.1,104.4,105.2
2026-04-28 00:00:00,Karachi,24.8607,67.0011,27.7,79.0,13.4,1000.4,unknown,3.0,32.98,88.88,0.12,0.65,116.2,88.23,0.0,95.5,,0.0,28.0,4.0,1.0,0.0,0.2999999999999971,95.2,94.0,105.1,95.13333333333333,93.51666666666668,6.434936347556746,0.371062106210621,98.9,103.9,106.1
2026-04-28 01:00:00,Karachi,24.8607,67.0011,27.5,80.0,12.5,1000.5,unknown,3.0,33.0,89.25,0.12,0.63,116.27,87.32,0.0,95.5,,1.0,28.0,4.0,1.0,0.0,0.0,95.5,94.7,105.9,95.4,93.08333333333331,5.892048190914935,0.3697478991596639,99.4,103.4,106.6
2026-04-28 02:00:00,Karachi,24.8607,67.0011,27.9,78.0,10.6,1001.6,unknown,3.0,32.82,88.57,0.14,0.6,116.4,85.74,0.0,95.2,,2.0,28.0,4.0,1.0,0.0,-0.2999999999999971,95.5,95.2,105.9,95.40000000000002,92.6375,5.249912007544797,0.370554363780061,99.9,103.6,106.6
2026-04-28 03:00:00,Karachi,24.8607,67.0011,29.5,70.0,12.3,1002.3,unknown,3.0,32.42,87.13,0.15,0.57,116.58,83.6,0.0,94.4,,3.0,28.0,4.0,1.0,0.0,-0.7999999999999972,95.2,95.5,104.9,95.03333333333336,92.2,4.578114288087359,0.3720876850682888,101.0,104.3,106.1
2026-04-28 04:00:00,Karachi,24.8607,67.0011,31.0,61.0,14.7,1003.1,unknown,3.0,31.82,84.85,0.12,0.54,116.61,82.05,0.0,93.3,,4.0,28.0,4.0,1.0,0.0,-1.1000000000000083,94.4,95.5,102.5,94.3,91.81666666666668,4.030607535032,0.3750147318797879,101.1,105.1,105.9
2026-04-28 05:00:00,Karachi,24.8607,67.0011,32.1,57.0,15.7,1003.4,unknown,3.0,31.22,82.36,0.1,0.53,116.11,80.71,0.0,92.2,,5.0,28.0,4.0,1.0,0.0,-1.0999999999999943,93.3,95.2,99.2,93.3,91.525,3.7139279569713,0.3790675084992714,101.1,105.8,106.5
2026-04-28 06:00:00,Karachi,24.8607,67.0011,32.1,57.0,15.5,1004.4,unknown,3.0,31.0,80.96,0.09,0.52,115.65,78.58,0.0,91.8,,6.0,28.0,4.0,1.0,0.0,-0.4000000000000057,92.2,94.4,97.0,92.43333333333334,91.30833333333334,3.5276444495338373,0.3829051383399209,101.2,105.8,108.4
2026-04-28 07:00:00,Karachi,24.8607,67.0011,32.6,56.0,15.4,1004.1,unknown,3.0,31.08,80.73,0.08,0.51,114.85,75.97,0.0,92.0,,7.0,28.0,4.0,1.0,0.0,0.2000000000000028,91.8,93.3,95.0,92.0,91.18333333333334,3.443287946725653,0.3849869936826458,101.2,104.7,110.8
2026-04-28 08:00:00,Karachi,24.8607,67.0011,32.9,54.0,15.8,1003.5,unknown,3.0,31.27,80.91,0.07,0.5,114.27,73.7,0.0,92.3,,8.0,28.0,4.0,1.0,0.0,0.2999999999999971,92.0,92.2,92.9,92.03333333333336,91.15833333333332,3.4324432503211018,0.3864788036089482,100.0,103.1,113.3
2026-04-28 09:00:00,Karachi,24.8607,67.0011,32.9,54.0,16.6,1002.7,unknown,3.0,31.34,80.98,0.07,0.51,113.58,72.58,0.0,92.4,,9.0,28.0,4.0,1.0,0.0,0.1000000000000085,92.3,91.8,91.1,92.23333333333332,91.2125,3.4417276374581043,0.3870091380587799,99.0,101.2,115.9
2026-04-28 10:00:00,Karachi,24.8607,67.0011,32.6,55.0,16.7,1001.8,unknown,3.0,31.39,81.18,0.07,0.54,113.5,72.91,0.0,92.5,,10.0,28.0,4.0,1.0,0.0,0.0999999999999943,92.4,92.0,89.5,92.4,91.3375,3.4312898449428637,0.3866715939886671,97.3,99.2,118.6
2026-04-28 11:00:00,Karachi,24.8607,67.0011,32.2,56.0,15.7,1001.0,unknown,3.0,31.42,81.4,0.08,0.58,113.3,74.05,0.0,92.6,,11.0,28.0,4.0,1.0,0.0,0.0999999999999943,92.5,92.3,87.8,92.5,91.5375,3.355179318736534,0.385995085995086,94.9,98.6,119.7
2026-04-28 12:00:00,Karachi,24.8607,67.0011,31.3,59.0,12.5,1001.2,unknown,3.0,31.61,82.26,0.09,0.62,113.65,75.7,0.0,92.9,,12.0,28.0,4.0,1.0,0.0,0.3000000000000113,92.6,92.4,86.3,92.66666666666669,91.8125,3.172752542455785,0.3842693897398492,92.7,98.7,119.3
2026-04-28 13:00:00,Karachi,24.8607,67.0011,30.6,64.0,11.5,1001.3,unknown,3.0,32.06,84.11,0.12,0.66,114.73,77.67,0.0,93.8,,13.0,28.0,4.0,1.0,0.0,0.8999999999999915,92.9,92.5,85.5,93.1,92.15833333333336,2.894960639016765,0.3811675187254785,91.0,99.7,118.3
2026-04-28 14:00:00,Karachi,24.8607,67.0011,29.5,70.0,11.5,1001.7,unknown,3.0,32.48,86.08,0.15,0.68,115.62,78.58,0.0,94.6,,14.0,28.0,4.0,1.0,0.0,0.7999999999999972,93.8,92.6,85.4,93.76666666666668,92.54166666666669,2.5496660764609813,0.3773234200743494,89.8,102.0,117.0
2026-04-28 15:00:00,Karachi,24.8607,67.0011,29.0,73.0,13.7,1001.8,unknown,3.0,32.93,88.14,0.15,0.66,116.29,78.11,0.0,95.4,,15.0,28.0,4.0,1.0,0.0,0.8000000000000114,94.6,92.9,85.9,94.6,92.9375,2.185090287659441,0.3736101656455639,89.2,103.5,116.1
2026-04-28 16:00:00,Karachi,24.8607,67.0011,28.7,74.0,11.1,1002.5,unknown,3.0,33.23,89.16,0.14,0.62,116.68,77.03,0.0,96.0,,16.0,28.0,4.0,1.0,0.0,0.5999999999999943,95.4,93.8,86.9,95.33333333333331,93.31666666666668,1.856754219569697,0.3727007626738448,89.7,104.3,115.6
2026-04-28 17:00:00,Karachi,24.8607,67.0011,28.6,73.0,11.2,1003.6,unknown,3.0,33.36,88.05,0.13,0.58,116.9,75.84,0.0,96.2,,17.0,28.0,4.0,1.0,0.0,0.2000000000000028,96.0,94.6,88.4,95.86666666666667,93.64166666666668,1.6271919441768006,0.3788756388415673,91.5,104.7,116.0
2026-04-28 18:00:00,Karachi,24.8607,67.0011,28.3,75.0,9.9,1003.1,unknown,3.0,33.41,85.29,0.11,0.54,117.32,75.35,0.0,96.3,,18.0,28.0,4.0,1.0,0.0,0.0999999999999943,96.2,95.4,90.1,96.16666666666669,93.90000000000002,1.529705854079532,0.3917223590104349,94.5,104.7,116.6
2026-04-28 19:00:00,Karachi,24.8607,67.0011,28.0,78.0,9.2,1002.9,unknown,3.0,33.32,81.95,0.11,0.52,117.81,75.51,0.0,96.1,,19.0,28.0,4.0,1.0,0.0,-0.2000000000000028,96.3,96.0,91.7,96.2,94.08333333333331,1.5181987802118917,0.4065893837705918,97.9,104.2,116.5
2026-04-28 20:00:00,Karachi,24.8607,67.0011,27.6,81.0,8.8,1002.4,unknown,3.0,33.33,80.33,0.1,0.5,118.66,76.42,0.0,96.1,,20.0,28.0,4.0,1.0,0.0,0.0,96.1,96.2,93.1,96.16666666666669,94.20833333333331,1.5567291983856095,0.4149134818872152,101.6,103.7,114.9
2026-04-28 21:00:00,Karachi,24.8607,67.0011,27.4,83.0,7.9,1002.1,unknown,3.0,33.52,80.92,0.1,0.49,119.56,77.54,0.0,96.5,,21.0,28.0,4.0,1.0,0.0,0.4000000000000057,96.1,96.3,94.0,96.23333333333332,94.3125,1.6243560597050122,0.4142362827483935,103.8,103.7,113.1
2026-04-28 22:00:00,Karachi,24.8607,67.0011,27.1,85.0,7.9,1001.9,unknown,3.0,33.91,83.25,0.1,0.48,120.61,78.39,0.0,97.2,,22.0,28.0,4.0,1.0,0.0,0.7000000000000028,96.5,96.1,94.7,96.6,94.41666666666669,1.727190900219697,0.4073273273273273,104.7,104.3,112.4
2026-04-28 23:00:00,Karachi,24.8607,67.0011,26.9,87.0,7.8,1001.7,unknown,3.0,34.4,85.82,0.1,0.48,121.88,78.72,0.0,98.1,,23.0,28.0,4.0,1.0,0.0,0.8999999999999915,97.2,96.1,95.2,97.26666666666664,94.5375,1.8791331257663249,0.4008389652761594,104.4,105.2,112.9
2026-04-29 00:00:00,Karachi,24.8607,67.0011,26.8,89.0,7.2,1001.7,unknown,3.0,34.82,88.15,0.1,0.48,122.92,79.1,0.0,98.9,,0.0,29.0,4.0,2.0,0.0,0.8000000000000114,98.1,96.5,95.5,98.06666666666666,94.67916666666667,2.073010658055124,0.3950085082246171,103.9,106.1,113.9
2026-04-29 01:00:00,Karachi,24.8607,67.0011,26.7,90.0,7.8,1002.0,unknown,3.0,35.08,89.59,0.1,0.48,123.41,79.33,0.0,99.4,,1.0,29.0,4.0,2.0,0.0,0.5,98.9,97.2,95.5,98.8,94.84166666666664,2.282431325062674,0.3915615582096216,103.4,106.6,114.6
2026-04-29 02:00:00,Karachi,24.8607,67.0011,27.0,89.0,5.3,1002.7,unknown,3.0,35.34,90.49,0.12,0.48,124.05,79.38,0.0,99.9,,2.0,29.0,4.0,2.0,0.0,0.5,99.4,98.1,95.2,99.40000000000002,95.0375,2.505266192574379,0.3905403912034479,103.6,106.6,115.3
2026-04-29 03:00:00,Karachi,24.8607,67.0011,28.5,81.0,6.5,1003.3,unknown,3.0,35.52,91.01,0.12,0.48,124.48,79.21,0.0,101.0,,3.0,29.0,4.0,2.0,0.0,1.0999999999999943,99.9,98.9,94.4,100.1,95.3125,2.779476413002713,0.3902867816723437,104.3,106.1,115.4
2026-04-29 04:00:00,Karachi,24.8607,67.0011,30.3,70.0,7.3,1003.7,unknown,3.0,35.54,91.0,0.1,0.48,124.44,78.9,0.0,101.1,,4.0,29.0,4.0,2.0,0.0,0.0999999999999943,101.0,99.4,93.3,100.66666666666669,95.6375,2.982530658759113,0.3905494505494505,105.1,105.9,114.2
2026-04-29 05:00:00,Karachi,24.8607,67.0011,32.0,62.0,8.1,1003.8,unknown,3.0,35.56,90.82,0.08,0.48,124.78,78.88,0.0,101.1,,5.0,29.0,4.0,2.0,0.0,0.0,101.1,99.9,92.2,101.06666666666666,96.00833333333333,3.08797339854925,0.3915437128385818,105.8,106.5,112.0
2026-04-29 06:00:00,Karachi,24.8607,67.0011,32.4,63.0,11.3,1004.1,unknown,3.0,35.59,90.35,0.07,0.49,124.85,78.94,0.0,101.2,,6.0,29.0,4.0,2.0,0.0,0.1000000000000085,101.1,101.0,91.8,101.13333333333333,96.4,3.12688204196293,0.393912562257886,105.8,108.4,109.4
2026-04-29 07:00:00,Karachi,24.8607,67.0011,32.4,63.0,13.2,1003.7,unknown,3.0,35.57,89.44,0.06,0.5,124.34,78.61,0.0,101.2,,7.0,29.0,4.0,2.0,0.0,0.0,101.2,101.1,92.0,101.16666666666669,96.78333333333332,3.1279478849585254,0.3976967799642218,104.7,110.8,106.6
2026-04-29 08:00:00,Karachi,24.8607,67.0011,32.8,60.0,13.7,1003.3,unknown,3.0,35.39,87.48,0.06,0.5,123.52,77.99,0.0,100.0,,8.0,29.0,4.0,2.0,0.0,-1.2000000000000028,101.2,101.1,92.3,100.8,97.10416666666669,3.0418071240155604,0.4045496113397347,103.1,113.3,103.5
2026-04-29 09:00:00,Karachi,24.8607,67.0011,32.9,59.0,13.8,1002.5,unknown,3.0,34.88,84.06,0.06,0.5,122.51,77.64,0.0,99.0,,9.0,29.0,4.0,2.0,0.0,-1.0,100.0,101.2,92.4,100.06666666666668,97.37916666666666,2.892716365462724,0.4149417083035926,101.2,115.9,99.6
2026-04-29 10:00:00,Karachi,24.8607,67.0011,32.8,58.0,13.2,1001.6,unknown,3.0,33.95,79.17,0.06,0.5,121.92,78.2,0.0,97.3,,10.0,29.0,4.0,2.0,0.0,-1.7000000000000028,99.0,101.2,92.5,98.76666666666668,97.57916666666668,2.7002381805843023,0.4288240495137047,99.2,118.6,97.4
2026-04-29 11:00:00,Karachi,24.8607,67.0011,32.3,61.0,12.7,1001.5,unknown,3.0,32.67,74.23,0.06,0.5,120.82,78.97,0.0,94.9,,11.0,29.0,4.0,2.0,0.0,-2.3999999999999915,97.3,100.0,92.6,97.06666666666666,97.675,2.552620137274336,0.4401185504513,98.6,119.7,96.6
2026-04-29 12:00:00,Karachi,24.8607,67.0011,31.3,64.0,12.5,1001.4,unknown,3.0,31.47,70.84,0.08,0.5,119.7,79.86,0.0,92.7,,12.0,29.0,4.0,2.0,0.0,-2.200000000000003,94.9,99.0,92.9,94.96666666666664,97.66666666666669,2.5691593391897665,0.444240542066629,98.7,119.3,97.4
2026-04-29 13:00:00,Karachi,24.8607,67.0011,30.5,66.0,10.1,1001.3,unknown,3.0,30.57,68.95,0.1,0.52,119.0,81.19,0.0,91.0,,13.0,29.0,4.0,2.0,0.0,-1.7000000000000028,92.7,97.3,93.8,92.86666666666667,97.55,2.805119543294921,0.4433647570703408,99.7,118.3,99.4
2026-04-29 14:00:00,Karachi,24.8607,67.0011,29.4,70.0,8.0,1001.5,unknown,3.0,29.91,67.82,0.14,0.56,118.17,82.64,0.0,89.8,,14.0,29.0,4.0,2.0,0.0,-1.2000000000000028,91.0,94.9,94.6,91.16666666666669,97.35,3.1717503054309626,0.441020347979947,102.0,117.0,102.6
2026-04-29 15:00:00,Karachi,24.8607,67.0011,28.8,76.0,8.6,1001.8,unknown,3.0,29.63,67.48,0.15,0.63,117.76,84.89,0.0,89.2,,15.0,29.0,4.0,2.0,0.0,-0.5999999999999943,89.8,92.7,95.4,90.0,97.09166666666664,3.5655253490186314,0.4390930646117367,103.5,116.1,104.8
2026-04-29 16:00:00,Karachi,24.8607,67.0011,28.2,83.0,10.6,1002.0,unknown,3.0,29.88,68.66,0.16,0.71,117.23,87.54,0.0,89.7,,16.0,29.0,4.0,2.0,0.0,0.5,89.2,91.0,96.0,89.56666666666666,96.82916666666668,3.868431787269304,0.4351878823186717,104.3,115.6,106.6
2026-04-29 17:00:00,Karachi,24.8607,67.0011,27.9,85.0,8.2,1002.5,unknown,3.0,30.85,71.52,0.16,0.79,117.36,90.68,0.0,91.5,,17.0,29.0,4.0,2.0,0.0,1.7999999999999972,89.7,89.8,96.2,90.13333333333333,96.63333333333334,4.0177504701738105,0.4313478747203579,104.7,116.0,108.7
2026-04-29 18:00:00,Karachi,24.8607,67.0011,27.9,86.0,6.0,1002.7,unknown,3.0,32.45,75.8,0.15,0.86,117.78,93.61,0.0,94.5,,18.0,29.0,4.0,2.0,0.0,3.0,91.5,89.2,96.3,91.9,96.55833333333334,4.040976707879598,0.4281002638522428,104.7,116.6,111.0
2026-04-29 19:00:00,Karachi,24.8607,67.0011,27.8,86.0,4.3,1002.7,unknown,3.0,34.29,80.76,0.15,0.89,118.09,95.72,0.0,97.9,,19.0,29.0,4.0,2.0,0.0,3.4000000000000057,94.5,89.7,96.1,94.63333333333334,96.63333333333333,4.048796564806704,0.4245913818722139,104.2,116.5,112.6
2026-04-29 20:00:00,Karachi,24.8607,67.0011,27.5,87.0,5.2,1002.2,unknown,3.0,35.75,84.68,0.15,0.88,118.07,95.87,0.0,101.6,,20.0,29.0,4.0,2.0,0.0,3.6999999999999886,97.9,91.5,96.1,98.0,96.8625,4.171102711045229,0.4221776098252243,103.7,114.9,113.4
2026-04-29 21:00:00,Karachi,24.8607,67.0011,27.2,88.0,6.4,1001.8,unknown,3.0,36.62,87.03,0.14,0.84,117.64,94.61,0.0,103.8,,21.0,29.0,4.0,2.0,0.0,2.200000000000003,101.6,94.5,96.5,101.1,97.16666666666669,4.403226748317989,0.4207744455934735,103.7,113.1,112.7
2026-04-29 22:00:00,Karachi,24.8607,67.0011,27.0,89.0,6.5,1001.7,unknown,3.0,36.99,88.28,0.13,0.79,117.32,93.16,0.0,104.7,,22.0,29.0,4.0,2.0,0.0,0.9000000000000057,103.8,97.9,97.2,103.36666666666666,97.47916666666669,4.66410708791484,0.4190077027639329,104.3,112.4,110.8
2026-04-29 23:00:00,Karachi,24.8607,67.0011,26.8,90.0,7.4,1001.5,unknown,3.0,36.87,88.65,0.12,0.75,117.01,92.09,0.0,104.4,,23.0,29.0,4.0,2.0,0.0,-0.2999999999999971,104.7,101.6,98.1,104.3,97.74166666666666,4.8731666935565965,0.4159052453468697,105.2,112.9,108.8
2026-04-30 00:00:00,Karachi,24.8607,67.0011,26.9,92.0,8.9,1001.4,unknown,3.0,36.67,88.96,0.12,0.72,116.84,91.67,0.0,103.9,,0.0,30.0,4.0,3.0,0.0,-0.5,104.4,103.8,98.9,104.33333333333331,97.95,5.02921897298791,0.4122077338129497,106.1,113.9,106.7
2026-04-30 01:00:00,Karachi,24.8607,67.0011,27.0,90.0,9.7,1001.9,unknown,3.0,36.47,89.14,0.12,0.69,116.68,91.33,0.0,103.4,,1.0,30.0,4.0,3.0,0.0,-0.5,103.9,104.7,99.4,103.90000000000002,98.11666666666667,5.144322887515423,0.4091317029391967,106.6,114.6,104.5
2026-04-30 02:00:00,Karachi,24.8607,67.0011,27.6,87.0,8.0,1002.4,unknown,3.0,36.56,90.24,0.14,0.64,116.61,89.8,0.0,103.6,,2.0,30.0,4.0,3.0,0.0,0.1999999999999886,103.4,104.4,99.9,103.63333333333333,98.27083333333331,5.254354646730989,0.4051418439716313,106.6,115.3,102.6
2026-04-30 03:00:00,Karachi,24.8607,67.0011,29.2,76.0,8.9,1003.2,unknown,3.0,36.84,92.71,0.14,0.59,116.6,86.81,0.0,104.3,,3.0,30.0,4.0,3.0,0.0,0.7000000000000028,103.6,103.9,101.0,103.76666666666668,98.40833333333336,5.370767629262732,0.3973681372020279,106.1,115.4,67.8
2026-04-30 04:00:00,Karachi,24.8607,67.0011,31.0,64.0,10.5,1003.8,unknown,3.0,37.17,95.87,0.12,0.53,116.27,82.53,0.0,105.1,,4.0,30.0,4.0,3.0,0.0,0.7999999999999972,104.3,103.4,101.1,104.33333333333331,98.575,5.517974581153929,0.3877125273808282,105.9,114.2,99.1
2026-04-30 05:00:00,Karachi,24.8607,67.0011,32.4,56.0,12.4,1004.1,unknown,3.0,37.43,98.62,0.09,0.48,115.45,77.73,0.0,105.8,,5.0,30.0,4.0,3.0,0.0,0.7000000000000028,105.1,103.6,101.1,105.06666666666666,98.77083333333331,5.692136388621276,0.3795376191441898,106.5,112.0,98.1
2026-04-30 06:00:00,Karachi,24.8607,67.0011,33.3,52.0,12.4,1004.2,unknown,3.0,37.44,99.75,0.08,0.44,114.34,72.41,0.0,105.8,,6.0,30.0,4.0,3.0,0.0,0.0,105.8,104.3,101.2,105.56666666666666,98.9625,5.852670330712261,0.3753383458646616,108.4,109.4,96.9
2026-04-30 07:00:00,Karachi,24.8607,67.0011,34.0,50.0,13.5,1003.8,unknown,3.0,37.02,98.65,0.07,0.4,112.66,67.38,0.0,104.7,,7.0,30.0,4.0,3.0,0.0,-1.0999999999999943,105.8,105.1,101.2,105.43333333333334,99.10833333333336,5.953582528825451,0.3752660922453117,110.8,106.6,95.5
2026-04-30 08:00:00,Karachi,24.8607,67.0011,33.9,52.0,14.2,1003.5,unknown,3.0,36.35,96.12,0.07,0.38,110.99,63.31,0.0,103.1,,8.0,30.0,4.0,3.0,0.0,-1.6000000000000083,104.7,105.8,100.0,104.53333333333332,99.2375,6.007156058655606,0.3781731169371619,113.3,103.5,94.5
2026-04-30 09:00:00,Karachi,24.8607,67.0011,33.7,53.0,13.9,1002.8,unknown,3.0,35.59,93.46,0.06,0.37,109.5,60.4,0.0,101.2,,9.0,30.0,4.0,3.0,0.0,-1.8999999999999917,103.1,105.8,99.0,103.0,99.32916666666668,6.020145828557695,0.3808046222983095,115.9,99.6,94.1
2026-04-30 10:00:00,Karachi,24.8607,67.0011,33.1,56.0,14.0,1002.2,unknown,3.0,34.98,91.75,0.06,0.37,108.32,58.97,0.0,99.2,,10.0,30.0,4.0,3.0,0.0,-2.0,101.2,104.7,97.3,101.16666666666669,99.40833333333336,6.00477467025856,0.3812534059945504,118.6,97.4,94.2
2026-04-30 11:00:00,Karachi,24.8607,67.0011,32.6,57.0,12.9,1001.7,unknown,3.0,34.65,91.36,0.07,0.38,107.3,58.83,0.0,98.6,,11.0,30.0,4.0,3.0,0.0,-0.6000000000000085,99.2,103.1,94.9,99.66666666666669,99.5625,5.931039391276076,0.3792688266199649,119.7,96.6,94.6
2026-04-30 12:00:00,Karachi,24.8607,67.0011,31.5,61.0,13.5,1001.7,unknown,3.0,34.71,92.54,0.08,0.41,106.71,59.93,0.0,98.7,,12.0,30.0,4.0,3.0,0.0,0.1000000000000085,98.6,101.2,92.7,98.83333333333331,99.8125,5.75298126872142,0.3750810460341474,119.3,97.4,95.2
2026-04-30 13:00:00,Karachi,24.8607,67.0011,30.8,65.0,11.7,1001.5,unknown,3.0,35.23,95.08,0.1,0.45,106.84,62.44,0.0,99.7,,13.0,30.0,4.0,3.0,0.0,1.0,98.7,99.2,91.0,99.0,100.175,5.439089597733444,0.3705300799326882,118.3,99.4,96.2
2026-04-30 14:00:00,Karachi,24.8607,67.0011,29.5,73.0,10.2,1001.5,unknown,3.0,35.9,97.21,0.13,0.49,107.31,65.19,0.0,102.0,,14.0,30.0,4.0,3.0,0.0,2.299999999999997,99.7,98.6,89.8,100.13333333333333,100.68333333333334,4.977834928933244,0.3693035695916058,117.0,102.6,97.5
2026-04-30 15:00:00,Karachi,24.8607,67.0011,29.0,77.0,9.4,1002.2,unknown,3.0,36.51,99.08,0.14,0.54,108.07,67.78,0.0,103.5,,15.0,30.0,4.0,3.0,0.0,1.5,102.0,98.7,89.2,101.73333333333332,101.27916666666668,4.361190420522245,0.3684901090028259,116.1,104.8,99.0
2026-04-30 16:00:00,Karachi,24.8607,67.0011,28.7,79.0,8.8,1002.9,unknown,4.0,36.84,100.28,0.14,0.56,108.81,69.4,0.0,104.3,,16.0,30.0,4.0,3.0,0.0,0.7999999999999972,103.5,99.7,89.7,103.26666666666668,101.8875,3.6333374883630296,0.3673713601914639,115.6,106.6,101.4
2026-04-30 17:00:00,Karachi,24.8607,67.0011,28.3,80.0,9.7,1003.1,unknown,4.0,37.0,101.05,0.14,0.55,109.32,70.2,0.0,104.7,,17.0,30.0,4.0,3.0,0.0,0.4000000000000057,104.3,102.0,91.5,104.16666666666669,102.4375,2.9220023658585017,0.3661553686293914,116.0,108.7,103.2
2026-04-30 18:00:00,Karachi,24.8607,67.0011,28.5,77.0,12.3,1002.9,unknown,4.0,37.0,101.79,0.13,0.54,109.52,70.55,0.0,104.7,,18.0,30.0,4.0,3.0,0.0,0.0,104.7,103.5,94.5,104.56666666666668,102.8625,2.4151356969698106,0.3634934669417428,116.6,111.0,104.7
2026-04-30 19:00:00,Karachi,24.8607,67.0011,28.5,75.0,10.6,1002.8,unknown,4.0,36.79,102.2,0.13,0.51,109.13,70.44,0.0,104.2,,19.0,30.0,4.0,3.0,0.0,-0.5,104.7,104.3,97.9,104.53333333333336,103.125,2.1835850059605697,0.3599804305283757,116.5,112.6,105.8
2026-04-30 20:00:00,Karachi,24.8607,67.0011,28.4,74.0,12.4,1002.4,unknown,4.0,36.6,103.06,0.12,0.49,108.49,70.59,0.0,103.7,,20.0,30.0,4.0,3.0,0.0,-0.5,104.2,104.7,101.6,104.2,103.2125,2.1617851922395426,0.3551329322724627,114.9,113.4,107.1
2026-04-30 21:00:00,Karachi,24.8607,67.0011,28.5,72.0,14.4,1001.8,unknown,4.0,36.58,104.72,0.12,0.49,107.7,71.05,0.0,103.7,,21.0,30.0,4.0,3.0,0.0,0.0,103.7,104.7,103.8,103.86666666666667,103.20833333333331,2.160699698801445,0.3493124522536287,113.1,112.7,108.2
2026-04-30 22:00:00,Karachi,24.8607,67.0011,28.5,71.0,14.5,1001.6,unknown,4.0,36.84,107.24,0.11,0.49,106.99,71.83,0.0,104.3,,22.0,30.0,4.0,3.0,0.0,0.5999999999999943,103.7,104.2,104.7,103.90000000000002,103.19166666666666,2.15021064016908,0.3435285341290564,112.4,110.8,108.6
2026-04-30 23:00:00,Karachi,24.8607,67.0011,28.4,71.0,13.8,1001.4,unknown,4.0,37.22,110.11,0.11,0.49,106.61,72.69,0.0,105.2,,23.0,30.0,4.0,3.0,0.0,0.9000000000000057,104.3,103.7,104.4,104.4,103.225,2.175805697845616,0.3380256107528834,112.9,108.8,107.2
2026-05-01 00:00:00,Karachi,24.8607,67.0011,28.7,71.0,13.2,1001.5,unknown,4.0,37.57,112.81,0.11,0.49,106.55,73.35,0.0,106.1,,0.0,1.0,5.0,4.0,0.0,0.8999999999999915,105.2,103.7,103.9,105.2,103.31666666666666,2.250539387841638,0.3330378512543214,113.9,106.7,103.0
2026-05-01 01:00:00,Karachi,24.8607,67.0011,28.8,70.0,13.4,1001.8,unknown,4.0,37.78,114.81,0.11,0.5,106.01,73.76,0.0,106.6,,1.0,1.0,5.0,4.0,0.0,0.5,106.1,104.3,103.4,105.96666666666664,103.45,2.34835742779719,0.3290654124205208,114.6,104.5,97.0
2026-05-01 02:00:00,Karachi,24.8607,67.0011,29.4,68.0,14.1,1002.5,unknown,4.0,37.77,114.35,0.13,0.53,105.45,73.94,0.0,106.6,,2.0,1.0,5.0,4.0,0.0,0.0,106.6,105.2,103.6,106.43333333333334,103.575,2.4349359423756303,0.3303017052907739,115.3,102.6,92.6
2026-05-01 03:00:00,Karachi,24.8607,67.0011,31.0,62.0,13.5,1003.1,unknown,4.0,37.58,111.96,0.14,0.57,104.87,73.84,0.0,106.1,,3.0,1.0,5.0,4.0,0.0,-0.5,106.6,106.1,104.3,106.43333333333332,103.65,2.4854358379049293,0.3356555912826009,115.4,67.8,89.9
2026-05-01 04:00:00,Karachi,24.8607,67.0011,32.3,56.0,15.7,1003.7,unknown,4.0,37.47,109.47,0.12,0.62,104.57,74.16,0.0,105.9,,4.0,1.0,5.0,4.0,0.0,-0.1999999999999886,106.1,106.6,105.1,106.2,103.68333333333334,2.5109614764520383,0.3422855576870375,114.2,99.1,88.7
2026-05-01 05:00:00,Karachi,24.8607,67.0011,33.4,52.0,14.9,1003.9,unknown,4.0,37.72,108.53,0.11,0.67,104.49,74.66,0.0,106.5,,5.0,1.0,5.0,4.0,0.0,0.5999999999999943,105.9,106.6,105.8,106.16666666666669,103.7125,2.5405087645200086,0.3475536717958168,112.0,98.1,88.8
2026-05-01 06:00:00,Karachi,24.8607,67.0011,34.2,52.0,14.7,1003.9,unknown,4.0,38.51,109.78,0.09,0.7,104.76,75.46,0.0,108.4,,6.0,1.0,5.0,4.0,0.0,1.9000000000000057,106.5,106.1,105.8,106.93333333333334,103.82083333333334,2.6847361082625336,0.3507924940790672,109.4,96.9,90.0
2026-05-01 07:00:00,Karachi,24.8607,67.0011,35.1,49.0,14.2,1003.7,unknown,4.0,39.49,111.81,0.08,0.71,105.08,76.05,0.0,110.8,,7.0,1.0,5.0,4.0,0.0,2.3999999999999915,108.4,105.9,104.7,108.56666666666666,104.075,3.0371969342446623,0.3531884446829443,106.6,95.5,92.0
2026-05-01 08:00:00,Karachi,24.8607,67.0011,35.8,46.0,13.5,1002.9,unknown,4.0,40.49,113.22,0.08,0.7,105.39,76.24,0.0,113.3,,8.0,1.0,5.0,4.0,0.0,2.5,110.8,106.5,103.1,110.83333333333331,104.5,3.562973843391086,0.3576223282105635,103.5,94.5,93.6
2026-05-01 09:00:00,Karachi,24.8607,67.0011,35.9,45.0,14.3,1002.1,unknown,4.0,41.57,114.18,0.07,0.68,105.57,76.39,0.0,115.9,,9.0,1.0,5.0,4.0,0.0,2.6000000000000085,113.3,108.4,101.2,113.33333333333331,105.1125,4.180941489559875,0.3640742686985461,99.6,94.1,94.6
2026-05-01 10:00:00,Karachi,24.8607,67.0011,35.4,46.0,14.3,1001.1,unknown,4.0,42.63,114.55,0.07,0.66,106.15,76.87,0.0,118.6,,10.0,1.0,5.0,4.0,0.0,2.6999999999999886,115.9,110.8,99.2,115.93333333333334,105.92083333333332,4.815372049074328,0.3721518987341772,97.4,94.2,95.2
2026-05-01 11:00:00,Karachi,24.8607,67.0011,34.4,50.0,13.9,1000.4,unknown,4.0,43.09,113.4,0.07,0.65,106.19,77.33,0.0,119.7,,11.0,1.0,5.0,4.0,0.0,1.1000000000000083,118.6,113.3,98.6,118.06666666666666,106.8,5.320346507184709,0.3799823633156967,96.6,94.6,95.4
2026-05-01 12:00:00,Karachi,24.8607,67.0011,32.7,55.0,13.0,1000.3,unknown,4.0,42.92,111.21,0.08,0.64,106.24,77.94,0.0,119.3,,12.0,1.0,5.0,4.0,0.0,-0.4000000000000057,119.7,115.9,98.7,119.2,107.65833333333336,5.610542612420559,0.3859365165003147,97.4,95.2,95.6
2026-05-01 13:00:00,Karachi,24.8607,67.0011,31.7,60.0,13.1,999.8,unknown,4.0,42.53,108.85,0.1,0.65,106.7,78.95,0.0,118.3,,13.0,1.0,5.0,4.0,0.0,-1.0,119.3,118.6,99.7,119.09999999999998,108.43333333333332,5.746429263059907,0.3907211759301792,99.4,96.2,95.8
2026-05-01 14:00:00,Karachi,24.8607,67.0011,31.2,60.0,10.7,1000.2,unknown,4.0,42.01,106.33,0.13,0.66,107.08,80.38,0.0,117.0,,14.0,1.0,5.0,4.0,0.0,-1.2999999999999972,118.3,119.7,102.0,118.2,109.05833333333332,5.831393052052349,0.3950907551960876,102.6,97.5,96.0
2026-05-01 15:00:00,Karachi,24.8607,67.0011,31.1,58.0,8.4,1000.9,unknown,4.0,41.63,104.96,0.14,0.67,107.66,82.06,0.0,116.1,,15.0,1.0,5.0,4.0,0.0,-0.9000000000000057,117.0,119.3,103.5,117.13333333333333,109.58333333333331,5.876235608578319,0.3966272865853659,104.8,99.0,96.0
2026-05-01 16:00:00,Karachi,24.8607,67.0011,31.0,56.0,10.9,1001.4,unknown,4.0,41.44,104.84,0.14,0.7,108.17,83.85,0.0,115.6,,16.0,1.0,5.0,4.0,0.0,-0.5,116.1,118.3,104.3,116.23333333333332,110.05416666666667,5.887199021506543,0.3952689813048454,106.6,101.4,95.5
2026-05-01 17:00:00,Karachi,24.8607,67.0011,30.7,56.0,10.2,1002.1,unknown,4.0,41.6,105.27,0.14,0.78,108.94,86.29,0.0,116.0,,17.0,1.0,5.0,4.0,0.0,0.4000000000000057,115.6,117.0,104.7,115.9,110.525,5.892238815667271,0.3951743136696115,108.7,103.2,95.6
2026-05-01 18:00:00,Karachi,24.8607,67.0011,30.2,58.0,10.2,1002.5,unknown,4.0,41.85,105.33,0.14,0.89,109.88,89.15,0.0,116.6,,18.0,1.0,5.0,4.0,0.0,0.5999999999999943,116.0,116.1,104.7,116.06666666666666,111.02083333333331,5.881435728788506,0.3973227000854457,111.0,104.7,96.3
2026-05-01 19:00:00,Karachi,24.8607,67.0011,30.0,60.0,12.8,1001.9,unknown,4.0,41.81,104.12,0.14,0.99,110.93,92.1,0.0,116.5,,19.0,1.0,5.0,4.0,0.0,-0.0999999999999943,116.6,115.6,104.2,116.36666666666667,111.53333333333336,5.79652569604525,0.4015558970418748,112.6,105.8,97.5
2026-05-01 20:00:00,Karachi,24.8607,67.0011,29.7,61.0,13.5,1001.3,unknown,4.0,41.15,101.21,0.14,1.05,111.86,94.35,0.0,114.9,,20.0,1.0,5.0,4.0,0.0,-1.5999999999999943,116.5,116.0,103.7,116.0,112.0,5.585462496905035,0.4065803774330599,113.4,107.1,98.4
2026-05-01 21:00:00,Karachi,24.8607,67.0011,29.7,59.0,13.6,1000.9,unknown,3.0,40.4,98.37,0.13,1.06,112.48,95.54,0.0,113.1,,21.0,1.0,5.0,4.0,0.0,-1.8000000000000114,114.9,116.6,103.7,114.83333333333331,112.39166666666668,5.300444334667792,0.4106943173731828,112.7,108.2,98.8
2026-05-01 22:00:00,Karachi,24.8607,67.0011,29.6,59.0,14.6,1000.6,unknown,3.0,40.12,97.49,0.13,1.06,113.1,95.93,0.0,112.4,,22.0,1.0,5.0,4.0,0.0,-0.6999999999999886,113.1,116.5,104.3,113.46666666666664,112.72916666666669,5.01289460479916,0.4115293876295005,110.8,108.6,98.5
2026-05-01 23:00:00,Karachi,24.8607,67.0011,29.5,61.0,15.6,1000.4,unknown,3.0,40.32,99.04,0.12,1.04,113.55,95.18,0.0,112.9,,23.0,1.0,5.0,4.0,0.0,0.5,112.4,114.9,105.2,112.8,113.05,4.749553754780422,0.407108239095315,108.8,107.2,97.9
2026-05-02 00:00:00,Karachi,24.8607,67.0011,29.2,65.0,14.1,1000.1,unknown,4.0,40.74,102.13,0.12,1.01,113.98,93.99,0.0,113.9,,0.0,2.0,5.0,5.0,1.0,1.0,112.9,113.1,106.1,113.06666666666668,113.375,4.514349103256211,0.3989033584647019,106.7,103.0,97.0
2026-05-02 01:00:00,Karachi,24.8607,67.0011,29.1,63.0,12.8,1000.3,unknown,4.0,41.04,104.69,0.11,0.98,113.96,92.47,0.0,114.6,,1.0,2.0,5.0,5.0,1.0,0.6999999999999886,113.9,112.4,106.6,113.8,113.70833333333331,4.281701882952101,0.3920145190562613,104.5,97.0,95.8
2026-05-02 02:00:00,Karachi,24.8607,67.0011,29.7,60.0,13.5,1000.9,unknown,4.0,41.32,105.95,0.14,0.96,114.2,91.14,0.0,115.3,,2.0,2.0,5.0,5.0,1.0,0.7000000000000028,114.6,112.9,106.6,114.6,114.07083333333333,4.013615865877424,0.3899952807928268,102.6,92.6,94.7
2026-05-02 03:00:00,Karachi,24.8607,67.0011,31.4,57.0,13.3,1001.5,unknown,4.0,41.36,106.16,0.15,0.95,114.49,89.91,0.0,115.4,,3.0,2.0,5.0,5.0,1.0,0.1000000000000085,115.3,113.9,106.1,115.1,114.45833333333331,3.6423734100106993,0.3896006028636021,67.8,89.9,92.8
2026-05-02 04:00:00,Karachi,24.8607,67.0011,33.0,51.0,15.5,1002.0,unknown,4.0,40.85,104.68,0.13,0.95,114.47,89.05,0.0,114.2,,4.0,2.0,5.0,5.0,1.0,-1.2000000000000028,115.4,114.6,105.9,114.96666666666664,114.80416666666666,3.1560127798613595,0.3902369124952235,99.1,88.7,89.9
2026-05-02 05:00:00,Karachi,24.8607,67.0011,34.2,46.0,17.1,1002.2,unknown,4.0,39.95,102.18,0.11,0.96,114.3,89.2,0.0,112.0,,5.0,2.0,5.0,5.0,1.0,-2.200000000000003,114.2,115.3,106.5,113.86666666666667,115.03333333333332,2.692447838361988,0.3909767077706009,98.1,88.8,86.4
2026-05-02 06:00:00,Karachi,24.8607,67.0011,34.9,43.0,16.1,1002.8,unknown,3.0,38.9,99.69,0.1,0.97,114.14,89.9,0.0,109.4,,6.0,2.0,5.0,5.0,1.0,-2.5999999999999943,112.0,115.4,108.4,111.86666666666667,115.075,2.5911639150705734,0.3902096499147356,96.9,90.0,82.2
2026-05-02 07:00:00,Karachi,24.8607,67.0011,35.6,40.0,17.3,1002.5,unknown,3.0,37.78,97.54,0.08,0.97,113.93,90.35,0.0,106.6,,7.0,2.0,5.0,5.0,1.0,-2.800000000000012,109.4,114.2,110.8,109.33333333333331,114.9,3.0017386266279344,0.3873282755792495,95.5,92.0,77.9
2026-05-02 08:00:00,Karachi,24.8607,67.0011,35.6,41.0,18.9,1001.8,unknown,3.0,36.53,95.07,0.08,0.96,113.14,90.22,0.0,103.5,,8.0,2.0,5.0,5.0,1.0,-3.0999999999999943,106.6,112.0,113.3,106.5,114.49166666666666,3.791514171162606,0.3842431892289892,94.5,93.6,74.8
2026-05-02 09:00:00,Karachi,24.8607,67.0011,35.5,41.0,19.4,1001.3,unknown,3.0,35.17,92.15,0.07,0.96,112.1,90.04,0.0,99.6,,9.0,2.0,5.0,5.0,1.0,-3.9000000000000057,103.5,109.4,115.9,103.23333333333332,113.8125,4.8425031705208506,0.3816603364080304,94.1,94.6,72.8
2026-05-02 10:00:00,Karachi,24.8607,67.0011,35.1,42.0,19.1,1000.5,unknown,3.0,34.02,89.97,0.07,1.0,111.84,90.89,0.0,97.4,,10.0,2.0,5.0,5.0,1.0,-2.1999999999999886,99.6,106.6,118.6,100.16666666666669,112.92916666666666,5.775019605963182,0.3781260420140047,94.2,95.2,71.5
2026-05-02 11:00:00,Karachi,24.8607,67.0011,34.2,45.0,18.3,999.8,unknown,3.0,33.55,89.68,0.08,1.09,111.83,92.07,0.0,96.6,,11.0,2.0,5.0,5.0,1.0,-0.8000000000000114,97.4,103.5,119.7,97.86666666666667,111.96666666666664,6.479510627431629,0.3741079393398751,94.6,95.4,70.5
2026-05-02 12:00:00,Karachi,24.8607,67.0011,32.9,47.0,17.6,999.5,unknown,3.0,34.02,91.11,0.1,1.21,112.55,93.37,0.0,97.4,,12.0,2.0,5.0,5.0,1.0,0.8000000000000114,96.6,99.6,119.3,97.13333333333333,111.05416666666666,6.928390186738629,0.3733947974975305,95.2,95.6,70.2
2026-05-02 13:00:00,Karachi,24.8607,67.0011,31.8,51.0,17.1,999.3,unknown,3.0,35.08,93.44,0.14,1.33,113.92,94.91,0.0,99.4,,13.0,2.0,5.0,5.0,1.0,2.0,97.4,97.4,118.3,97.8,110.26666666666668,7.13988592447244,0.3754280821917808,96.2,95.8,70.4
2026-05-02 14:00:00,Karachi,24.8607,67.0011,30.7,56.0,15.2,999.5,unknown,3.0,36.15,95.41,0.2,1.44,115.06,96.66,0.0,102.6,,14.0,2.0,5.0,5.0,1.0,3.1999999999999886,99.4,96.6,117.0,99.8,109.66666666666669,7.154485772342711,0.3788911015616811,97.5,96.0,71.0
2026-05-02 15:00:00,Karachi,24.8607,67.0011,30.3,58.0,13.5,1000.1,unknown,3.0,37.06,97.09,0.23,1.54,116.01,99.56,0.0,104.8,,15.0,2.0,5.0,5.0,1.0,2.200000000000003,102.6,97.4,116.1,102.26666666666668,109.19583333333333,7.084181961098908,0.3817076938922649,99.0,96.0,71.7
2026-05-02 16:00:00,Karachi,24.8607,67.0011,30.1,57.0,13.5,1000.7,unknown,3.0,37.76,98.29,0.22,1.6,116.79,102.82,0.0,106.6,,16.0,2.0,5.0,5.0,1.0,1.7999999999999972,104.8,99.4,115.6,104.66666666666669,108.82083333333333,6.967688105549824,0.3841692949435344,101.4,95.5,72.2
2026-05-02 17:00:00,Karachi,24.8607,67.0011,30.0,57.0,13.0,1001.2,unknown,4.0,38.62,100.11,0.21,1.59,117.53,104.81,0.0,108.7,,17.0,2.0,5.0,5.0,1.0,2.1000000000000085,106.6,102.6,116.0,106.7,108.51666666666664,6.797932336965408,0.3857756467885326,103.2,95.6,72.8
2026-05-02 18:00:00,Karachi,24.8607,67.0011,30.1,56.0,15.5,1000.9,unknown,4.0,39.55,102.28,0.19,1.54,117.95,104.78,0.0,111.0,,18.0,2.0,5.0,5.0,1.0,2.299999999999997,108.7,104.8,116.6,108.76666666666664,108.28333333333336,6.601690604729137,0.3866836136096988,104.7,96.3,73.2
2026-05-02 19:00:00,Karachi,24.8607,67.0011,30.0,56.0,14.8,1000.6,unknown,4.0,40.21,104.13,0.17,1.44,117.95,102.96,0.0,112.6,,19.0,2.0,5.0,5.0,1.0,1.5999999999999943,111.0,106.6,116.5,110.76666666666668,108.12083333333334,6.436578835176238,0.3861519254777682,105.8,97.5,73.1
2026-05-02 20:00:00,Karachi,24.8607,67.0011,29.7,56.0,13.1,999.8,unknown,4.0,40.52,105.13,0.15,1.34,118.25,101.51,0.0,113.4,,20.0,2.0,5.0,5.0,1.0,0.8000000000000114,112.6,108.7,114.9,112.33333333333331,108.05833333333332,6.374877094580255,0.3854275658708266,107.1,98.4,73.0
2026-05-02 21:00:00,Karachi,24.8607,67.0011,29.5,56.0,12.7,999.7,unknown,4.0,40.26,104.2,0.14,1.27,118.75,100.7,0.0,112.7,,21.0,2.0,5.0,5.0,1.0,-0.7000000000000028,113.4,111.0,113.1,112.9,108.04166666666669,6.361632048368571,0.3863723608445297,108.2,98.8,72.6
2026-05-02 22:00:00,Karachi,24.8607,67.0011,29.2,60.0,13.0,999.2,unknown,4.0,39.49,101.15,0.13,1.2,119.31,100.54,0.0,110.8,,22.0,2.0,5.0,5.0,1.0,-1.9000000000000057,112.7,112.6,112.4,112.3,107.97499999999998,6.322234745238636,0.3904102817597627,108.6,98.5,72.1
2026-05-02 23:00:00,Karachi,24.8607,67.0011,28.8,62.0,11.8,999.1,unknown,3.0,38.67,97.94,0.13,1.13,120.08,100.48,0.0,108.8,,23.0,2.0,5.0,5.0,1.0,-2.0,110.8,113.4,112.9,110.76666666666668,107.80416666666667,6.238204811911204,0.3948335715744333,107.2,97.9,71.6
2026-05-03 00:00:00,Karachi,24.8607,67.0011,28.7,66.0,13.9,999.2,unknown,3.0,37.81,94.79,0.12,1.08,120.59,100.57,0.0,106.7,,0.0,3.0,5.0,6.0,1.0,-2.0999999999999943,108.8,112.7,113.9,108.76666666666668,107.50416666666668,6.103988657936873,0.3988817385800189,103.0,97.0,71.3
2026-05-03 01:00:00,Karachi,24.8607,67.0011,28.4,67.0,12.2,999.7,unknown,3.0,36.94,91.98,0.12,1.06,120.88,101.31,0.0,104.5,,1.0,3.0,5.0,6.0,1.0,-2.200000000000003,106.7,110.8,114.6,106.66666666666669,107.08333333333331,5.939452958755204,0.4016090454446618,97.0,95.8,71.3
2026-05-03 02:00:00,Karachi,24.8607,67.0011,28.7,68.0,10.8,1000.5,unknown,3.0,36.14,90.05,0.15,1.07,121.2,102.77,0.0,102.6,,2.0,3.0,5.0,6.0,1.0,-1.9000000000000057,104.5,108.8,115.3,104.59999999999998,106.55416666666667,5.737896839863777,0.4013325930038867,92.6,94.7,71.4
2026-05-03 03:00:00,Karachi,24.8607,67.0011,30.4,64.0,8.1,1001.3,unknown,3.0,35.43,88.99,0.16,1.08,121.23,103.79,0.0,67.8,,3.0,3.0,5.0,6.0,1.0,-34.8,102.6,106.7,115.4,91.63333333333333,104.57083333333333,9.524498351124487,0.3981346218676256,89.9,92.8,71.2
2026-05-03 04:00:00,Karachi,24.8607,67.0011,32.9,52.0,6.5,1001.8,unknown,3.0,34.91,88.31,0.13,1.09,121.35,103.99,0.0,99.1,,4.0,3.0,5.0,6.0,1.0,31.3,67.8,104.5,114.2,89.83333333333333,103.94166666666666,9.358043118862344,0.3953119691994111,88.7,89.9,70.8
2026-05-03 05:00:00,Karachi,24.8607,67.0011,35.4,41.0,6.8,1002.3,unknown,3.0,34.39,87.28,0.11,1.08,121.45,103.53,0.0,98.1,,5.0,3.0,5.0,6.0,1.0,-1.0,99.1,102.6,112.0,88.33333333333333,103.3625,9.267325138214698,0.394019248395967,88.8,86.4,70.4
2026-05-03 06:00:00,Karachi,24.8607,67.0011,35.7,44.0,10.6,1002.2,unknown,3.0,33.74,85.43,0.09,1.07,121.23,102.43,0.0,96.9,,6.0,3.0,5.0,6.0,1.0,-1.1999999999999886,98.1,67.8,109.4,98.03333333333332,102.84166666666664,9.264514659929754,0.3949432283741074,90.0,82.2,69.9
2026-05-03 07:00:00,Karachi,24.8607,67.0011,36.2,43.0,12.6,1002.2,unknown,3.0,32.96,82.68,0.09,1.06,120.61,100.36,0.0,95.5,,7.0,3.0,5.0,6.0,1.0,-1.4000000000000057,96.9,99.1,106.6,96.83333333333331,102.37916666666666,9.345446655371893,0.3986453797774552,92.0,77.9,69.2
2026-05-03 08:00:00,Karachi,24.8607,67.0011,36.7,42.0,13.9,1001.7,unknown,3.0,32.43,80.77,0.08,1.06,119.65,97.63,0.0,94.5,,8.0,3.0,5.0,6.0,1.0,-1.0,95.5,98.1,103.5,95.63333333333333,102.00416666666666,9.478143239862892,0.4015104618051257,93.6,74.8,68.5
2026-05-03 09:00:00,Karachi,24.8607,67.0011,36.5,41.0,14.4,1001.2,unknown,3.0,32.24,80.27,0.08,1.08,118.91,95.5,0.0,94.1,,9.0,3.0,5.0,6.0,1.0,-0.4000000000000057,94.5,96.9,99.6,94.7,101.77500000000002,9.604448697484164,0.4016444499813131,94.6,72.8,68.0
2026-05-03 10:00:00,Karachi,24.8607,67.0011,36.1,41.0,13.7,1000.4,unknown,3.0,32.29,80.6,0.08,1.13,118.99,95.1,0.0,94.2,,10.0,3.0,5.0,6.0,1.0,0.1000000000000085,94.1,95.5,97.4,94.26666666666668,101.64166666666668,9.689659062816396,0.4006203473945409,95.2,71.5,67.6
2026-05-03 11:00:00,Karachi,24.8607,67.0011,35.2,46.0,12.9,1000.0,unknown,3.0,32.48,81.32,0.09,1.18,119.66,95.97,0.0,94.6,,11.0,3.0,5.0,6.0,1.0,0.3999999999999915,94.2,94.5,96.6,94.3,101.55833333333334,9.743355223663436,0.3994097393015248,95.4,70.5,66.8
2026-05-03 12:00:00,Karachi,24.8607,67.0011,33.0,55.0,12.8,999.5,unknown,3.0,32.82,82.94,0.11,1.21,120.7,97.68,0.0,95.2,,12.0,3.0,5.0,6.0,1.0,0.6000000000000085,94.6,94.1,97.4,94.66666666666669,101.46666666666668,9.794393545673625,0.3957077405353267,95.6,70.2,65.9
2026-05-03 13:00:00,Karachi,24.8607,67.0011,31.5,65.0,10.3,999.3,unknown,3.0,33.34,85.21,0.14,1.22,122.07,99.96,0.0,96.2,,13.0,3.0,5.0,6.0,1.0,1.0,95.2,94.2,99.4,95.33333333333331,101.33333333333331,9.845399131470908,0.3912686304424364,95.8,70.4,65.3
2026-05-03 14:00:00,Karachi,24.8607,67.0011,30.2,71.0,7.0,999.5,unknown,3.0,34.07,87.58,0.18,1.2,123.44,101.8,0.0,97.5,,14.0,3.0,5.0,6.0,1.0,1.2999999999999972,96.2,94.6,102.6,96.3,101.12083333333334,9.871873931910477,0.3890157570221512,96.0,71.0,64.6
2026-05-03 15:00:00,Karachi,24.8607,67.0011,29.5,73.0,6.1,999.7,unknown,3.0,34.89,90.2,0.2,1.18,124.7,103.67,0.0,99.0,,15.0,3.0,5.0,6.0,1.0,1.5,97.5,95.2,104.8,97.56666666666668,100.87916666666666,9.848856882098326,0.3868070953436807,96.0,71.7,63.9
2026-05-03 16:00:00,Karachi,24.8607,67.0011,29.2,71.0,16.7,1001.2,unknown,3.0,35.65,92.93,0.19,1.14,125.44,105.02,0.0,101.4,,16.0,3.0,5.0,6.0,1.0,2.4000000000000057,99.0,96.2,106.6,99.3,100.6625,9.77444816634267,0.3836220811363391,95.5,72.2,63.5
2026-05-03 17:00:00,Karachi,24.8607,67.0011,29.1,70.0,9.9,1001.6,unknown,3.0,36.38,96.12,0.17,1.09,126.14,106.09,0.0,103.2,,17.0,3.0,5.0,6.0,1.0,1.7999999999999972,101.4,97.5,108.7,101.2,100.43333333333332,9.641381222836078,0.3784852267998335,95.6,72.8,63.4
2026-05-03 18:00:00,Karachi,24.8607,67.0011,29.9,56.0,10.0,1001.4,unknown,4.0,36.99,100.16,0.16,1.02,126.38,106.71,0.0,104.7,,18.0,3.0,5.0,6.0,1.0,1.5,103.2,99.0,111.0,103.1,100.17083333333332,9.424504561613968,0.3693091054313099,96.3,73.2,63.4
2026-05-03 19:00:00,Karachi,24.8607,67.0011,30.6,47.0,11.2,1001.1,unknown,4.0,37.43,105.69,0.14,0.93,125.78,106.72,0.0,105.8,,19.0,3.0,5.0,6.0,1.0,1.0999999999999943,104.7,101.4,112.6,104.56666666666666,99.8875,9.132279704909088,0.3541489261046456,97.5,73.1,63.3
2026-05-03 20:00:00,Karachi,24.8607,67.0011,31.1,40.0,13.0,1000.8,unknown,4.0,37.97,110.6,0.13,0.84,125.12,106.33,0.0,107.1,,20.0,3.0,5.0,6.0,1.0,1.2999999999999972,105.8,103.2,113.4,105.86666666666667,99.625,8.811911404950386,0.3433092224231465,98.4,73.0,63.4
2026-05-03 21:00:00,Karachi,24.8607,67.0011,29.9,49.0,10.2,1000.2,unknown,4.0,38.42,113.28,0.12,0.77,124.78,105.69,0.0,108.2,,21.0,3.0,5.0,6.0,1.0,1.1000000000000083,107.1,104.7,112.7,107.03333333333336,99.4375,8.566050913978323,0.339159604519774,98.8,72.6,63.6
2026-05-03 22:00:00,Karachi,24.8607,67.0011,30.3,40.0,10.6,999.7,unknown,4.0,38.57,113.07,0.13,0.72,125.49,105.36,0.0,108.6,,22.0,3.0,5.0,6.0,1.0,0.3999999999999915,108.2,105.8,110.8,107.96666666666664,99.34583333333332,8.450159718926129,0.341116122755815,98.5,72.1,63.8
2026-05-03 23:00:00,Karachi,24.8607,67.0011,29.5,42.0,14.3,1000.4,unknown,4.0,38.01,109.45,0.15,0.67,126.56,104.92,0.0,107.2,,23.0,3.0,5.0,6.0,1.0,-1.3999999999999917,108.6,107.1,108.8,108.0,99.27916666666664,8.378335373043255,0.3472818638647784,97.9,71.6,63.9
2026-05-04 00:00:00,Karachi,24.8607,67.0011,29.4,44.0,11.2,1000.3,unknown,4.0,36.32,102.35,0.18,0.63,127.91,105.31,0.02,103.0,,0.0,4.0,5.0,0.0,0.0,-4.200000000000003,107.2,108.2,106.7,106.26666666666668,99.125,8.26918060185449,0.3548607718612604,97.0,71.3,63.8
2026-05-04 01:00:00,Karachi,24.8607,67.0011,29.1,43.0,11.7,1000.8,unknown,3.0,33.77,93.57,0.22,0.6,129.49,107.17,0.04,97.0,,1.0,4.0,5.0,0.0,0.0,-6.0,103.0,108.6,104.5,102.4,98.8125,8.198637877323176,0.3609062733782195,95.8,71.3,63.4
2026-05-04 02:00:00,Karachi,24.8607,67.0011,30.1,35.0,13.1,1001.6,unknown,3.0,31.45,87.4,0.32,0.56,129.36,109.0,0.07,92.6,,2.0,4.0,5.0,0.0,0.0,-4.400000000000006,97.0,107.2,102.6,97.53333333333336,98.39583333333331,8.251718090753938,0.3598398169336384,94.7,71.4,62.8
2026-05-04 03:00:00,Karachi,24.8607,67.0011,32.6,27.0,11.0,1002.3,unknown,3.0,29.99,85.19,0.36,0.53,128.01,110.59,0.09,89.9,,3.0,4.0,5.0,0.0,0.0,-2.6999999999999886,92.6,103.0,67.8,93.16666666666669,99.31666666666666,5.444635705996675,0.3520366240169034,92.8,71.2,62.2
2026-05-04 04:00:00,Karachi,24.8607,67.0011,35.7,17.0,11.3,1002.8,unknown,3.0,29.34,85.42,0.3,0.48,125.95,111.15,0.1,88.7,,4.0,4.0,5.0,0.0,0.0,-1.2000000000000028,89.9,97.0,99.1,90.40000000000002,98.88333333333334,5.860602926889569,0.3434792788574104,89.9,70.8,61.9
2026-05-04 05:00:00,Karachi,24.8607,67.0011,38.7,9.0,14.7,1003.2,unknown,3.0,29.4,87.89,0.23,0.43,123.97,111.58,0.11,88.8,,5.0,4.0,5.0,0.0,0.0,0.0999999999999943,88.7,92.6,98.1,89.13333333333333,98.49583333333332,6.211593590016703,0.3345090453976561,86.4,70.4,61.7
2026-05-04 06:00:00,Karachi,24.8607,67.0011,40.3,7.0,15.3,1003.2,unknown,3.0,30.04,92.76,0.18,0.4,122.22,111.36,0.13,90.0,,6.0,4.0,5.0,0.0,0.0,1.2000000000000028,88.8,89.9,96.9,89.16666666666667,98.20833333333331,6.4440006927014615,0.3238464855541181,82.2,69.9,61.6
2026-05-04 07:00:00,Karachi,24.8607,67.0011,41.0,7.0,16.5,1002.7,unknown,3.0,31.12,98.38,0.14,0.38,120.73,110.48,0.13,92.0,,7.0,4.0,5.0,0.0,0.0,2.0,90.0,88.7,95.5,90.26666666666668,98.0625,6.546742469085109,0.3163244561902826,77.9,69.2,61.3
2026-05-04 08:00:00,Karachi,24.8607,67.0011,41.0,7.0,15.5,1002.1,unknown,4.0,31.97,102.55,0.12,0.34,119.46,108.0,0.12,93.6,,8.0,4.0,5.0,0.0,0.0,1.5999999999999943,92.0,88.8,94.5,91.86666666666666,98.02500000000002,6.570570089752389,0.3117503656752803,74.8,68.5,60.8
2026-05-04 09:00:00,Karachi,24.8607,67.0011,41.2,7.0,15.4,1001.3,unknown,4.0,32.49,107.33,0.1,0.31,118.34,105.21,0.1,94.6,,9.0,4.0,5.0,0.0,0.0,1.0,93.6,90.0,94.1,93.4,98.04583333333332,6.558365329645972,0.3027112643249791,72.8,68.0,60.3
2026-05-04 10:00:00,Karachi,24.8607,67.0011,40.8,8.0,16.7,1000.4,unknown,4.0,32.81,112.96,0.09,0.28,117.61,103.05,0.09,95.2,,10.0,4.0,5.0,0.0,0.0,0.6000000000000085,94.6,92.0,94.2,94.46666666666664,98.0875,6.536008122234386,0.2904567988668555,71.5,67.6,59.8
2026-05-04 11:00:00,Karachi,24.8607,67.0011,39.4,14.0,16.4,999.6,unknown,4.0,32.91,117.41,0.09,0.27,116.94,101.41,0.08,95.4,,11.0,4.0,5.0,0.0,0.0,0.2000000000000028,95.2,93.6,94.6,95.06666666666668,98.12083333333334,6.519467780802994,0.2802998041052721,70.5,66.8,59.5
2026-05-04 12:00:00,Karachi,24.8607,67.0011,38.0,16.0,11.0,999.6,unknown,4.0,33.02,119.65,0.09,0.29,116.87,99.97,0.06,95.6,,12.0,4.0,5.0,0.0,0.0,0.1999999999999886,95.4,94.6,95.2,95.4,98.1375,6.512183397962346,0.2759715837860426,70.2,65.9,59.5
2026-05-04 13:00:00,Karachi,24.8607,67.0011,36.1,23.0,11.1,999.6,unknown,4.0,33.16,119.0,0.11,0.32,117.51,98.85,0.05,95.8,,13.0,4.0,5.0,0.0,0.0,0.2000000000000028,95.6,95.2,96.2,95.6,98.12083333333334,6.517867026850957,0.2786554621848739,70.4,65.3,59.7
2026-05-04 14:00:00,Karachi,24.8607,67.0011,32.7,42.0,12.5,1000.4,unknown,4.0,33.26,115.5,0.13,0.35,118.74,97.66,0.04,96.0,,14.0,4.0,5.0,0.0,0.0,0.2000000000000028,95.8,95.4,97.5,95.8,98.05833333333334,6.531257064346844,0.2879653679653679,71.0,64.6,60.1
2026-05-04 15:00:00,Karachi,24.8607,67.0011,31.9,45.0,9.0,1001.1,unknown,4.0,33.26,112.74,0.14,0.4,120.2,97.0,0.03,96.0,,15.0,4.0,5.0,0.0,0.0,0.0,96.0,95.6,99.0,95.93333333333334,97.93333333333334,6.5411517844082825,0.2950150789427,71.7,63.9,60.4
2026-05-04 16:00:00,Karachi,24.8607,67.0011,31.5,44.0,5.7,1001.9,unknown,4.0,33.0,110.93,0.13,0.45,121.14,97.96,0.03,95.5,,16.0,4.0,5.0,0.0,0.0,-0.5,96.0,95.8,101.4,95.83333333333331,97.6875,6.5160212253104985,0.2974849003876318,72.2,63.5,60.7
2026-05-04 17:00:00,Karachi,24.8607,67.0011,31.0,46.0,6.3,1002.8,unknown,4.0,33.03,108.18,0.11,0.5,122.36,99.35,0.02,95.6,,17.0,4.0,5.0,0.0,0.0,0.0999999999999943,95.5,96.0,103.2,95.7,97.37083333333334,6.420448255153458,0.305324459234609,72.8,63.4,60.8
2026-05-04 18:00:00,Karachi,24.8607,67.0011,30.4,49.0,9.9,1002.7,unknown,4.0,33.4,104.52,0.1,0.55,123.69,100.54,0.01,96.3,,18.0,4.0,5.0,0.0,0.0,0.7000000000000028,95.6,96.0,104.7,95.8,97.02083333333331,6.229661109260591,0.3195560658247225,73.2,63.4,60.8
2026-05-04 19:00:00,Karachi,24.8607,67.0011,30.1,49.0,6.9,1002.8,unknown,4.0,34.06,100.84,0.1,0.59,125.13,101.1,0.0,97.5,,19.0,4.0,5.0,0.0,0.0,1.2000000000000028,96.3,95.5,105.8,96.46666666666664,96.675,5.944983270536505,0.3377627925426418,73.1,63.3,60.7
2026-05-04 20:00:00,Karachi,24.8607,67.0011,29.5,50.0,5.8,1002.8,unknown,3.0,34.56,97.51,0.09,0.61,126.18,100.96,0.0,98.4,,20.0,4.0,5.0,0.0,0.0,0.9000000000000057,97.5,95.6,107.1,97.40000000000002,96.3125,5.532615742713796,0.3544251871602912,73.0,63.4,60.6
2026-05-04 21:00:00,Karachi,24.8607,67.0011,28.8,53.0,7.4,1002.6,unknown,3.0,34.77,95.11,0.09,0.6,126.48,100.32,0.0,98.8,,21.0,4.0,5.0,0.0,0.0,0.3999999999999915,98.4,96.3,108.2,98.23333333333332,95.92083333333332,4.95729406962678,0.3655767006623909,72.6,63.6,60.6
2026-05-04 22:00:00,Karachi,24.8607,67.0011,28.5,57.0,10.1,1002.7,unknown,3.0,34.61,92.72,0.08,0.57,126.06,99.03,0.0,98.5,,22.0,4.0,5.0,0.0,0.0,-0.2999999999999971,98.8,97.5,108.6,98.56666666666666,95.5,4.205896482011296,0.373274374460742,72.1,63.8,60.7
2026-05-04 23:00:00,Karachi,24.8607,67.0011,28.4,59.0,11.4,1002.6,unknown,3.0,34.26,90.47,0.08,0.53,125.49,97.2,0.0,97.9,,23.0,4.0,5.0,0.0,0.0,-0.5999999999999943,98.5,98.4,107.2,98.4,95.1125,3.4397058140138426,0.3786890681994031,71.6,63.9,60.9
2026-05-05 00:00:00,Karachi,24.8607,67.0011,28.7,59.0,10.5,1002.9,unknown,3.0,33.78,88.66,0.08,0.49,124.8,94.87,0.0,97.0,,0.0,5.0,5.0,1.0,0.0,-0.9000000000000057,97.9,98.8,103.0,97.8,94.8625,3.0358456310650195,0.38100609068351,71.3,63.8,61.1
2026-05-05 01:00:00,Karachi,24.8607,67.0011,28.6,60.0,9.1,1003.4,unknown,3.0,33.17,87.3,0.08,0.47,123.95,92.36,0.0,95.8,,1.0,5.0,5.0,1.0,0.0,-1.2000000000000028,97.0,98.5,97.0,96.9,94.8125,3.008872748621276,0.3799541809851088,71.3,63.4,61.3
2026-05-05 02:00:00,Karachi,24.8607,67.0011,29.0,59.0,6.5,1004.1,unknown,3.0,32.55,86.85,0.1,0.45,123.58,89.49,0.0,94.7,,2.0,5.0,5.0,1.0,0.0,-1.0999999999999943,95.8,97.9,92.6,95.83333333333331,94.9,2.9720436534925287,0.3747841105354059,71.4,62.8,61.3
2026-05-05 03:00:00,Karachi,24.8607,67.0011,30.9,53.0,5.1,1004.6,unknown,3.0,31.56,86.68,0.1,0.44,123.19,85.4,0.0,92.8,,3.0,5.0,5.0,1.0,0.0,-1.9000000000000057,94.7,97.0,89.9,94.43333333333334,95.02083333333331,2.8147096794721764,0.3640978311029072,71.2,62.2,61.2
2026-05-05 04:00:00,Karachi,24.8607,67.0011,33.0,45.0,5.7,1005.1,unknown,3.0,29.98,86.06,0.08,0.44,121.93,80.19,0.0,89.9,,4.0,5.0,5.0,1.0,0.0,-2.8999999999999915,92.8,95.8,88.7,92.46666666666664,95.07083333333333,2.706108896981606,0.3483616081803393,70.8,61.9,60.9
2026-05-05 05:00:00,Karachi,24.8607,67.0011,34.6,41.0,6.9,1005.6,unknown,3.0,28.08,85.52,0.06,0.44,120.93,73.94,0.0,86.4,,5.0,5.0,5.0,1.0,0.0,-3.5,89.9,94.7,88.8,89.7,94.97083333333336,2.9785434384102936,0.3283442469597755,70.4,61.7,60.6
2026-05-05 06:00:00,Karachi,24.8607,67.0011,34.0,48.0,12.0,1006.5,unknown,3.0,25.87,84.83,0.06,0.44,119.9,67.21,0.0,82.2,,6.0,5.0,5.0,1.0,0.0,-4.200000000000003,86.4,92.8,90.0,86.16666666666667,94.64583333333331,3.8442480088604833,0.3049628669102912,69.9,61.6,60.3
2026-05-05 07:00:00,Karachi,24.8607,67.0011,33.5,50.0,15.2,1006.7,unknown,3.0,23.56,84.16,0.05,0.43,118.78,60.84,0.0,77.9,,7.0,5.0,5.0,1.0,0.0,-4.299999999999997,82.2,89.9,92.0,82.16666666666667,94.05833333333334,5.128938924646971,0.2799429657794677,69.2,61.3,60.2
2026-05-05 08:00:00,Karachi,24.8607,67.0011,33.2,52.0,16.6,1006.5,unknown,3.0,21.9,83.87,0.05,0.42,118.05,56.32,0.0,74.8,,8.0,5.0,5.0,1.0,0.0,-3.1000000000000085,77.9,86.4,93.6,78.3,93.275,6.46389638853727,0.2611183975199713,68.5,60.8,60.2
2026-05-05 09:00:00,Karachi,24.8607,67.0011,32.5,60.0,16.9,1006.3,unknown,3.0,20.82,84.16,0.05,0.4,117.34,53.34,0.0,72.8,,9.0,5.0,5.0,1.0,0.0,-2.0,74.8,82.2,94.6,75.16666666666667,92.36666666666666,7.685823577078647,0.2473859315589353,68.0,60.3,60.3
2026-05-05 10:00:00,Karachi,24.8607,67.0011,31.8,65.0,16.0,1005.9,unknown,3.0,20.08,84.73,0.05,0.39,117.09,51.3,0.0,71.5,,10.0,5.0,5.0,1.0,0.0,-1.2999999999999972,72.8,77.9,95.2,73.03333333333335,91.37916666666666,8.754227757100933,0.2369880797828396,67.6,59.8,60.5
2026-05-05 11:00:00,Karachi,24.8607,67.0011,31.8,67.0,14.5,1005.5,unknown,3.0,19.58,85.14,0.06,0.38,116.53,49.82,0.0,70.5,,11.0,5.0,5.0,1.0,0.0,-1.0,71.5,74.8,95.4,71.60000000000001,90.34166666666664,9.683195513998877,0.2299741602067183,66.8,59.5,60.8
2026-05-05 12:00:00,Karachi,24.8607,67.0011,31.2,65.0,13.7,1005.4,unknown,3.0,19.38,85.64,0.06,0.37,116.05,49.5,0.0,70.2,,12.0,5.0,5.0,1.0,0.0,-0.2999999999999971,70.5,72.8,95.6,70.73333333333333,89.28333333333335,10.44183336670248,0.2262961233068659,65.9,59.5,61.0
2026-05-05 13:00:00,Karachi,24.8607,67.0011,30.2,76.0,11.3,1005.5,unknown,3.0,19.5,86.43,0.08,0.37,115.81,50.49,0.0,70.4,,13.0,5.0,5.0,1.0,0.0,0.2000000000000028,70.2,71.5,95.8,70.36666666666666,88.22500000000001,11.023620883870947,0.225616105518917,65.3,59.7,61.2
2026-05-05 14:00:00,Karachi,24.8607,67.0011,29.1,81.0,9.2,1005.8,unknown,3.0,19.83,87.21,0.1,0.37,115.36,52.18,0.0,71.0,,14.0,5.0,5.0,1.0,0.0,0.5999999999999943,70.4,70.5,96.0,70.53333333333335,87.18333333333334,11.43064784449858,0.2273821809425524,64.6,60.1,61.5
2026-05-05 15:00:00,Karachi,24.8607,67.0011,28.4,88.0,5.9,1006.2,unknown,3.0,20.19,87.76,0.1,0.37,114.97,54.14,0.0,71.7,,15.0,5.0,5.0,1.0,0.0,0.7000000000000028,71.0,70.2,96.0,71.03333333333335,86.17083333333333,11.68903161707338,0.2300592525068368,63.9,60.4,61.8
2026-05-05 16:00:00,Karachi,24.8607,67.0011,28.0,89.0,6.7,1006.6,unknown,3.0,20.5,87.95,0.1,0.36,114.67,55.67,0.0,72.2,,16.0,5.0,5.0,1.0,0.0,0.5,71.7,70.4,95.5,71.63333333333334,85.2,11.8470322829415,0.2330869812393405,63.5,60.7,62.0
2026-05-05 17:00:00,Karachi,24.8607,67.0011,27.6,90.0,5.4,1007.1,unknown,3.0,20.79,88.48,0.09,0.36,114.86,56.93,0.0,72.8,,17.0,5.0,5.0,1.0,0.0,0.5999999999999943,72.2,71.0,95.6,72.23333333333333,84.25,11.890880685562214,0.2349683544303797,63.4,60.8,62.3
2026-05-05 18:00:00,Karachi,24.8607,67.0011,27.3,95.0,7.6,1007.1,unknown,3.0,20.99,89.31,0.09,0.34,115.21,57.67,0.0,73.2,,18.0,5.0,5.0,1.0,0.0,0.4000000000000057,72.8,71.7,96.3,72.73333333333333,83.28750000000001,11.807709806291054,0.235024073452021,63.4,60.8,62.7
2026-05-05 19:00:00,Karachi,24.8607,67.0011,27.4,93.0,10.7,1007.2,unknown,3.0,20.97,89.63,0.09,0.33,115.08,57.8,0.0,73.1,,19.0,5.0,5.0,1.0,0.0,-0.1000000000000085,73.2,72.2,97.5,73.03333333333333,82.27083333333333,11.579009463030305,0.2339618431328796,63.3,60.7,62.9
2026-05-05 20:00:00,Karachi,24.8607,67.0011,27.1,94.0,8.9,1006.9,unknown,3.0,20.89,90.07,0.08,0.32,115.04,57.48,0.0,73.0,,20.0,5.0,5.0,1.0,0.0,-0.0999999999999943,73.1,72.8,98.4,73.10000000000001,81.21249999999999,11.195119763618342,0.2319307205506828,63.4,60.6,63.1
2026-05-05 21:00:00,Karachi,24.8607,67.0011,26.9,94.0,5.8,1006.6,unknown,3.0,20.7,90.14,0.08,0.31,114.96,56.96,0.0,72.6,,21.0,5.0,5.0,1.0,0.0,-0.4000000000000057,73.0,73.2,98.8,72.89999999999999,80.12083333333334,10.670682271764424,0.2296427779010428,63.6,60.6,63.1
2026-05-05 22:00:00,Karachi,24.8607,67.0011,26.7,94.0,3.3,1006.4,unknown,3.0,20.42,90.03,0.08,0.3,114.73,56.12,0.0,72.1,,22.0,5.0,5.0,1.0,0.0,-0.5,72.6,73.1,98.5,72.56666666666666,79.02083333333333,10.035501294499705,0.2268132844607353,63.8,60.7,63.2
2026-05-05 23:00:00,Karachi,24.8607,67.0011,26.4,95.0,1.1,1006.4,unknown,3.0,20.18,89.93,0.08,0.28,114.54,55.64,0.0,71.6,,23.0,5.0,5.0,1.0,0.0,-0.5,72.1,73.0,97.9,72.1,77.925,9.29278588827052,0.2243967530301345,63.9,60.9,63.4
2026-05-06 00:00:00,Karachi,24.8607,67.0011,25.6,98.0,5.4,1006.7,unknown,3.0,19.99,89.6,0.07,0.27,114.49,55.25,0.0,71.3,,0.0,6.0,5.0,2.0,0.0,-0.2999999999999971,71.6,72.6,97.0,71.66666666666667,76.85416666666667,8.440841662478803,0.2231026785714285,63.8,61.1,63.6
2026-05-06 01:00:00,Karachi,24.8607,67.0011,25.4,96.0,4.8,1007.0,unknown,3.0,19.99,89.6,0.07,0.26,114.39,55.32,0.0,71.3,,1.0,6.0,5.0,2.0,0.0,0.0,71.3,72.1,95.8,71.39999999999999,75.83333333333333,7.476320105430552,0.2231026785714285,63.4,61.3,63.9
2026-05-06 02:00:00,Karachi,24.8607,67.0011,25.5,93.0,3.5,1007.5,unknown,3.0,20.03,89.53,0.08,0.26,114.41,55.67,0.0,71.4,,2.0,6.0,5.0,2.0,0.0,0.1000000000000085,71.3,71.6,94.7,71.33333333333333,74.8625,6.347461834399319,0.2237238914330392,62.8,61.3,64.1
2026-05-06 03:00:00,Karachi,24.8607,67.0011,27.4,79.0,2.1,1007.8,unknown,3.0,19.93,89.01,0.07,0.25,114.54,56.0,0.0,71.2,,3.0,6.0,5.0,2.0,0.0,-0.2000000000000028,71.4,71.3,92.8,71.3,73.96249999999999,5.102839150054687,0.2239074261318952,62.2,61.2,64.1
2026-05-06 04:00:00,Karachi,24.8607,67.0011,30.6,60.0,1.5,1008.0,unknown,3.0,19.73,88.21,0.06,0.24,114.31,56.24,0.0,70.8,,4.0,6.0,5.0,2.0,0.0,-0.4000000000000057,71.2,71.3,89.9,71.13333333333334,73.16666666666667,3.8430814930659727,0.2236707856252126,61.9,60.9,63.9
2026-05-06 05:00:00,Karachi,24.8607,67.0011,33.4,49.0,5.4,1008.0,unknown,3.0,19.53,87.16,0.05,0.24,114.14,56.38,0.0,70.4,,5.0,6.0,5.0,2.0,0.0,-0.3999999999999915,70.8,71.4,86.4,70.8,72.5,2.650348623505031,0.2240706746213859,61.7,60.6,63.6
2026-05-06 06:00:00,Karachi,24.8607,67.0011,32.5,63.0,13.4,1008.2,unknown,3.0,19.23,85.73,0.04,0.25,113.5,56.17,0.0,69.9,,6.0,6.0,5.0,2.0,0.0,-0.5,70.4,71.2,82.2,70.36666666666666,71.9875,1.7185212298426529,0.2243088767059372,61.6,60.3,63.1
2026-05-06 07:00:00,Karachi,24.8607,67.0011,32.5,61.0,14.0,1007.8,unknown,3.0,18.85,84.06,0.03,0.27,112.76,55.71,0.0,69.2,,7.0,6.0,5.0,2.0,0.0,-0.7000000000000028,69.9,70.8,77.9,69.83333333333333,71.625,1.2783311131360244,0.2242445871996193,61.3,60.2,62.6
2026-05-06 08:00:00,Karachi,24.8607,67.0011,32.6,60.0,15.3,1007.2,unknown,3.0,18.51,82.0,0.03,0.28,111.57,54.82,0.0,68.5,,8.0,6.0,5.0,2.0,0.0,-0.7000000000000028,69.2,70.4,74.8,69.2,71.3625,1.24440050173765,0.2257317073170731,60.8,60.2,62.0
2026-05-06 09:00:00,Karachi,24.8607,67.0011,32.2,61.0,16.4,1006.7,unknown,3.0,18.25,80.15,0.03,0.28,110.33,53.69,0.0,68.0,,9.0,6.0,5.0,2.0,0.0,-0.5,68.5,69.9,72.8,68.56666666666666,71.16250000000001,1.3814965105729136,0.2276980661260137,60.3,60.3,61.5
2026-05-06 10:00:00,Karachi,24.8607,67.0011,31.8,61.0,15.1,1005.9,unknown,3.0,18.01,78.54,0.03,0.29,109.27,52.54,0.0,67.6,,10.0,6.0,5.0,2.0,0.0,-0.4000000000000057,68.0,69.2,71.5,68.03333333333335,71.0,1.5581482878680677,0.229309905780494,59.8,60.5,61.2
2026-05-06 11:00:00,Karachi,24.8607,67.0011,31.5,60.0,15.2,1005.3,unknown,3.0,17.57,76.65,0.04,0.29,107.73,50.91,0.0,66.8,,11.0,6.0,5.0,2.0,0.0,-0.7999999999999972,67.6,68.5,70.5,67.46666666666667,70.84583333333333,1.7773891861014637,0.2292237442922374,59.5,60.8,60.9
2026-05-06 12:00:00,Karachi,24.8607,67.0011,30.5,62.0,12.6,1005.3,unknown,3.0,17.11,75.24,0.04,0.29,106.14,49.35,0.0,65.9,,12.0,6.0,5.0,2.0,0.0,-0.8999999999999915,66.8,68.0,70.2,66.76666666666667,70.66666666666667,2.042306170186945,0.2274056353003721,59.5,61.0,60.6
2026-05-06 13:00:00,Karachi,24.8607,67.0011,29.8,67.0,11.4,1004.6,unknown,3.0,16.78,74.58,0.06,0.3,105.04,48.35,0.0,65.3,,13.0,6.0,5.0,2.0,0.0,-0.6000000000000085,65.9,67.6,70.4,66.0,70.45416666666667,2.317978723446169,0.224993295789756,59.7,61.2,60.4
2026-05-06 14:00:00,Karachi,24.8607,67.0011,27.9,82.0,10.6,1004.1,unknown,3.0,16.4,73.67,0.08,0.3,103.76,47.22,0.0,64.6,,14.0,6.0,5.0,2.0,0.0,-0.7000000000000028,65.3,66.8,71.0,65.26666666666667,70.1875,2.6030604897070826,0.2226143613411157,60.1,61.5,60.3
2026-05-06 15:00:00,Karachi,24.8607,67.0011,27.5,84.0,11.2,1005.0,unknown,3.0,16.02,72.49,0.09,0.29,102.48,46.27,0.0,63.9,,15.0,6.0,5.0,2.0,0.0,-0.6999999999999957,64.6,65.9,71.7,64.6,69.8625,2.878377033652308,0.2209959994481997,60.4,61.8,60.1
2026-05-06 16:00:00,Karachi,24.8607,67.0011,27.6,85.0,9.4,1005.7,unknown,3.0,15.8,71.6,0.09,0.29,101.5,45.85,0.0,63.5,,16.0,6.0,5.0,2.0,0.0,-0.3999999999999986,63.9,65.3,72.2,64.0,69.5,3.1097322686430884,0.2206703910614525,60.7,62.0,60.1
2026-05-06 17:00:00,Karachi,24.8607,67.0011,27.3,87.0,7.6,1005.9,unknown,3.0,15.77,71.28,0.09,0.28,100.67,45.66,0.0,63.4,,17.0,6.0,5.0,2.0,0.0,-0.1000000000000014,63.5,64.6,72.8,63.6,69.10833333333333,3.26415534939123,0.2212401795735128,60.8,62.3,60.2
2026-05-06 18:00:00,Karachi,24.8607,67.0011,27.5,88.0,9.1,1005.9,unknown,3.0,15.74,71.02,0.1,0.28,99.88,45.45,0.0,63.4,,18.0,6.0,5.0,2.0,0.0,0.0,63.4,63.9,73.2,63.43333333333333,68.7,3.342089947536365,0.2216277105040833,60.8,62.7,60.4
2026-05-06 19:00:00,Karachi,24.8607,67.0011,27.3,89.0,7.7,1005.2,unknown,3.0,15.7,70.66,0.1,0.28,99.06,45.27,0.0,63.3,,19.0,6.0,5.0,2.0,0.0,-0.1000000000000014,63.4,63.5,73.1,63.36666666666667,68.29166666666667,3.3795956365665183,0.222190772714407,60.7,62.9,60.5
2026-05-06 20:00:00,Karachi,24.8607,67.0011,27.1,90.0,7.6,1004.4,unknown,3.0,15.74,70.16,0.09,0.28,98.64,45.47,0.0,63.4,,20.0,6.0,5.0,2.0,0.0,0.1000000000000014,63.3,63.4,73.0,63.36666666666667,67.89166666666667,3.366189519930689,0.2243443557582668,60.6,63.1,60.7
2026-05-06 21:00:00,Karachi,24.8607,67.0011,26.9,92.0,8.5,1004.2,unknown,3.0,15.85,69.41,0.09,0.27,98.43,46.05,0.0,63.6,,21.0,6.0,5.0,2.0,0.0,0.2000000000000028,63.4,63.4,72.6,63.43333333333333,67.51666666666667,3.3198568154961103,0.2283532632185564,60.6,63.1,60.8
2026-05-06 22:00:00,Karachi,24.8607,67.0011,26.5,95.0,9.6,1003.7,unknown,3.0,15.98,68.44,0.09,0.26,98.46,47.04,0.0,63.8,,22.0,6.0,5.0,2.0,0.0,0.1999999999999957,63.6,63.3,72.1,63.6,67.17083333333333,3.253289862211832,0.233489187609585,60.7,63.2,61.0
2026-05-06 23:00:00,Karachi,24.8607,67.0011,26.3,96.0,9.4,1003.8,unknown,3.0,16.03,67.14,0.08,0.26,98.55,47.59,0.0,63.9,,23.0,6.0,5.0,2.0,0.0,0.1000000000000014,63.8,63.4,71.6,63.76666666666667,66.85000000000001,3.1762707145657987,0.2387548406315162,60.9,63.4,61.2
2026-05-07 00:00:00,Karachi,24.8607,67.0011,26.5,94.0,12.5,1003.8,unknown,3.0,15.95,65.85,0.08,0.26,98.55,47.16,0.0,63.8,,0.0,7.0,5.0,3.0,0.0,-0.1000000000000014,63.9,63.6,71.3,63.833333333333336,66.5375,3.0871138202478394,0.2422171602126044,61.1,63.6,61.5
2026-05-07 01:00:00,Karachi,24.8607,67.0011,26.7,93.0,12.8,1004.0,unknown,3.0,15.75,64.65,0.08,0.26,98.33,45.85,0.0,63.4,,1.0,7.0,5.0,3.0,0.0,-0.3999999999999986,63.8,63.8,71.3,63.7,66.20833333333333,2.976416968613378,0.2436194895591647,61.3,63.9,62.0
2026-05-07 02:00:00,Karachi,24.8607,67.0011,27.4,89.0,14.2,1004.6,unknown,3.0,15.45,62.98,0.09,0.27,97.99,44.59,0.0,62.8,,2.0,7.0,5.0,3.0,0.0,-0.6000000000000014,63.4,63.9,71.4,63.333333333333336,65.85,2.8387076055136045,0.245315973324865,61.3,64.1,62.5
2026-05-07 03:00:00,Karachi,24.8607,67.0011,28.8,78.0,15.1,1005.1,unknown,3.0,15.13,60.91,0.08,0.27,97.78,44.56,0.0,62.2,,3.0,7.0,5.0,3.0,0.0,-0.5999999999999943,62.8,63.8,71.2,62.8,65.47500000000001,2.6918960507163123,0.248399277622722,61.2,64.1,63.0
2026-05-07 04:00:00,Karachi,24.8607,67.0011,30.2,70.0,15.5,1005.3,unknown,3.0,14.93,58.71,0.06,0.28,97.91,46.49,0.0,61.9,,4.0,7.0,5.0,3.0,0.0,-0.3000000000000042,62.2,63.4,70.8,62.29999999999999,65.10416666666666,2.534883440714273,0.2543008005450519,60.9,63.9,63.4
2026-05-07 05:00:00,Karachi,24.8607,67.0011,31.2,64.0,15.7,1005.4,unknown,3.0,14.84,56.68,0.05,0.29,98.2,49.13,0.0,61.7,,5.0,7.0,5.0,3.0,0.0,-0.1999999999999957,61.9,62.8,70.4,61.93333333333334,64.74166666666666,2.3607140899587087,0.2618207480592802,60.6,63.6,63.5
2026-05-07 06:00:00,Karachi,24.8607,67.0011,31.9,63.0,16.1,1005.5,unknown,3.0,14.78,55.09,0.04,0.29,98.36,50.67,0.0,61.6,,6.0,7.0,5.0,3.0,0.0,-0.1000000000000014,61.7,62.2,69.9,61.73333333333333,64.39583333333333,2.1726519893217757,0.2682882555817752,60.3,63.1,63.5
2026-05-07 07:00:00,Karachi,24.8607,67.0011,32.3,61.0,15.8,1005.3,unknown,3.0,14.64,54.06,0.04,0.3,98.13,50.41,0.0,61.3,,7.0,7.0,5.0,3.0,0.0,-0.3000000000000042,61.6,61.9,69.2,61.53333333333333,64.06666666666666,2.0051383269446763,0.2708102108768035,60.2,62.6,63.3
2026-05-07 08:00:00,Karachi,24.8607,67.0011,32.5,59.0,16.1,1005.1,unknown,3.0,14.38,53.31,0.04,0.3,97.28,48.84,0.0,60.8,,8.0,7.0,5.0,3.0,0.0,-0.5,61.3,61.7,68.5,61.23333333333333,63.74583333333333,1.8768565687734569,0.2697430125679985,60.2,62.0,62.8
2026-05-07 09:00:00,Karachi,24.8607,67.0011,32.1,61.0,16.6,1004.7,unknown,3.0,14.1,52.79,0.04,0.31,96.53,47.32,0.0,60.3,,9.0,7.0,5.0,3.0,0.0,-0.5,60.8,61.6,68.0,60.8,63.42499999999999,1.7732921974197011,0.2670960409168403,60.3,61.5,62.3
2026-05-07 10:00:00,Karachi,24.8607,67.0011,31.6,65.0,16.5,1004.3,unknown,3.0,13.83,52.34,0.05,0.32,95.98,46.97,0.0,59.8,,10.0,7.0,5.0,3.0,0.0,-0.5,60.3,61.3,67.6,60.29999999999999,63.1,1.6875503213223535,0.2642338555598013,60.5,61.2,61.8
2026-05-07 11:00:00,Karachi,24.8607,67.0011,31.0,68.0,15.7,1004.0,unknown,3.0,13.66,52.04,0.05,0.33,95.55,47.43,0.0,59.5,,11.0,7.0,5.0,3.0,0.0,-0.2999999999999971,59.8,60.8,66.8,59.86666666666667,62.79583333333333,1.6491049395015094,0.2624903920061491,60.8,60.9,61.2
2026-05-07 12:00:00,Karachi,24.8607,67.0011,30.2,74.0,17.1,1003.5,unknown,3.0,13.65,52.36,0.06,0.33,95.29,48.19,0.0,59.5,,12.0,7.0,5.0,3.0,0.0,0.0,59.5,60.3,65.9,59.6,62.52916666666666,1.6427652103301875,0.2606951871657754,61.0,60.6,60.9
2026-05-07 13:00:00,Karachi,24.8607,67.0011,29.6,78.0,16.7,1003.5,unknown,3.0,13.79,53.09,0.07,0.33,95.48,49.04,0.0,59.7,,13.0,7.0,5.0,3.0,0.0,0.2000000000000028,59.5,59.8,65.3,59.56666666666667,62.29583333333333,1.6297450231920565,0.2597475984177811,61.2,60.4,60.8
2026-05-07 14:00:00,Karachi,24.8607,67.0011,28.8,83.0,14.2,1003.9,unknown,3.0,13.98,54.03,0.09,0.33,95.53,49.57,0.0,60.1,,14.0,7.0,5.0,3.0,0.0,0.3999999999999986,59.7,59.5,64.6,59.76666666666667,62.10833333333334,1.6118897002701147,0.2587451415880066,61.5,60.3,60.9
2026-05-07 15:00:00,Karachi,24.8607,67.0011,28.6,85.0,13.9,1003.8,unknown,3.0,14.17,55.11,0.09,0.34,95.56,50.0,0.0,60.4,,15.0,7.0,5.0,3.0,0.0,0.2999999999999971,60.1,59.5,63.9,60.06666666666667,61.9625,1.601035670255741,0.2571221193975685,61.8,60.1,61.0
2026-05-07 16:00:00,Karachi,24.8607,67.0011,28.4,87.0,14.9,1004.3,unknown,3.0,14.3,56.06,0.09,0.35,95.42,50.49,0.0,60.7,,16.0,7.0,5.0,3.0,0.0,0.3000000000000042,60.4,59.7,63.5,60.4,61.84583333333333,1.58607504803874,0.2550838387442026,62.0,60.1,61.2
2026-05-07 17:00:00,Karachi,24.8607,67.0011,28.2,88.0,10.5,1005.6,unknown,3.0,14.35,56.79,0.09,0.36,95.38,50.91,0.0,60.8,,17.0,7.0,5.0,3.0,0.0,0.0999999999999943,60.7,60.1,63.4,60.63333333333333,61.7375,1.5639449840335429,0.2526853319246346,62.3,60.2,61.5
2026-05-07 18:00:00,Karachi,24.8607,67.0011,28.2,89.0,8.8,1005.7,unknown,3.0,14.35,57.18,0.09,0.36,95.3,51.51,0.0,60.8,,18.0,7.0,5.0,3.0,0.0,0.0,60.8,60.4,63.4,60.76666666666666,61.62916666666666,1.5335322019876456,0.2509618747813921,62.7,60.4,61.6
2026-05-07 19:00:00,Karachi,24.8607,67.0011,28.1,88.0,6.5,1005.6,unknown,3.0,14.28,57.34,0.09,0.37,95.03,51.85,0.0,60.7,,19.0,7.0,5.0,3.0,0.0,-0.0999999999999943,60.8,60.7,63.3,60.76666666666667,61.520833333333336,1.5018768451545756,0.2490408092082315,62.9,60.5,61.7
2026-05-07 20:00:00,Karachi,24.8607,67.0011,27.8,90.0,7.9,1004.7,unknown,3.0,14.24,57.63,0.09,0.37,94.7,51.86,0.0,60.6,,20.0,7.0,5.0,3.0,0.0,-0.1000000000000014,60.7,60.8,63.4,60.7,61.40416666666667,1.457657193167928,0.2470935276765573,63.1,60.7,61.7
2026-05-07 21:00:00,Karachi,24.8607,67.0011,27.5,91.0,8.4,1004.0,unknown,3.0,14.25,58.08,0.09,0.37,94.45,51.79,0.0,60.6,,21.0,7.0,5.0,3.0,0.0,0.0,60.6,60.8,63.6,60.63333333333333,61.27916666666667,1.388142069760088,0.2453512396694215,63.1,60.8,61.7
2026-05-07 22:00:00,Karachi,24.8607,67.0011,27.3,92.0,7.6,1003.7,unknown,3.0,14.32,58.77,0.09,0.37,94.38,51.75,0.0,60.7,,22.0,7.0,5.0,3.0,0.0,0.1000000000000014,60.6,60.7,63.8,60.63333333333333,61.150000000000006,1.2836767844739534,0.2436617321762804,63.2,61.0,61.8
2026-05-07 23:00:00,Karachi,24.8607,67.0011,27.1,93.0,7.3,1003.4,unknown,3.0,14.43,59.54,0.1,0.36,94.5,51.88,0.0,60.9,,23.0,7.0,5.0,3.0,0.0,0.1999999999999957,60.7,60.6,63.9,60.73333333333333,61.025,1.1425562492278902,0.2423580786026201,63.4,61.2,61.9
2026-05-08 00:00:00,Karachi,24.8607,67.0011,26.9,95.0,6.5,1003.8,unknown,3.0,14.54,60.08,0.1,0.36,94.61,51.94,0.0,61.1,,0.0,8.0,5.0,4.0,0.0,0.2000000000000028,60.9,60.6,63.8,60.900000000000006,60.9125,0.9786025973393891,0.2420106524633821,63.6,61.5,62.1
2026-05-08 01:00:00,Karachi,24.8607,67.0011,27.0,95.0,7.2,1004.3,unknown,3.0,14.63,60.4,0.1,0.36,94.87,51.98,0.0,61.3,,1.0,8.0,5.0,4.0,0.0,0.1999999999999957,61.1,60.7,63.4,61.1,60.825,0.8289595364580319,0.2422185430463576,63.9,62.0,62.388
2026-05-08 02:00:00,Karachi,24.8607,67.0011,27.6,90.0,8.1,1004.9,unknown,3.0,14.65,60.19,0.12,0.35,95.09,52.06,0.0,61.3,,2.0,8.0,5.0,4.0,0.0,0.0,61.3,60.9,62.8,61.23333333333333,60.7625,0.7234052926490188,0.2433959129423492,64.1,62.5,62.676
2026-05-08 03:00:00,Karachi,24.8607,67.0011,28.7,83.0,8.6,1005.3,unknown,3.0,14.58,59.49,0.11,0.35,95.25,52.15,0.0,61.2,,3.0,8.0,5.0,4.0,0.0,-0.0999999999999943,61.3,61.1,62.2,61.26666666666667,60.72083333333333,0.6633113025565945,0.2450832072617246,64.1,63.0,62.964
2026-05-09 01:00:00,Karachi,24.8607,67.0011,27.1,96.0,4.5,1006.8,unknown,3.0,16.01,65.94,0.07,0.3,95.58,57.22,0.0,63.9,,1.0,9.0,5.0,5.0,1.0,0.2999999999999971,63.6,63.2,61.3,63.63333333333333,61.75,1.2169098426989469,0.2427964816499848,62.0,62.388,69.3
2026-05-09 02:00:00,Karachi,24.8607,67.0011,27.5,92.0,3.6,1007.4,unknown,3.0,16.11,67.04,0.08,0.29,95.57,58.46,0.0,64.1,,2.0,9.0,5.0,5.0,1.0,0.1999999999999957,63.9,63.4,61.3,63.86666666666667,61.86666666666667,1.303062168329971,0.2403042959427207,62.5,62.676,69.8
2026-05-09 03:00:00,Karachi,24.8607,67.0011,28.8,82.0,5.3,1008.1,unknown,3.0,16.14,67.6,0.08,0.28,95.59,59.26,0.0,64.1,,3.0,9.0,5.0,5.0,1.0,0.0,64.1,63.6,61.2,64.03333333333333,61.9875,1.3712300095791197,0.2387573964497041,63.0,62.964,70.1
2026-05-10 01:00:00,Karachi,24.8607,67.0011,27.1,93.0,8.3,1005.9,unknown,3.0,14.99,59.8,0.06,0.32,92.39,63.88,0.0,62.0,,1.0,10.0,5.0,6.0,1.0,0.5,61.5,61.0,63.9,61.56666666666666,61.53333333333333,1.33731290173312,0.2506688963210702,62.388,69.3,113.0
2026-05-10 02:00:00,Karachi,24.8607,67.0011,27.7,89.0,8.5,1006.5,unknown,3.0,15.28,62.76,0.07,0.32,92.39,64.86,0.0,62.5,,2.0,10.0,5.0,6.0,1.0,0.5,62.0,61.2,64.1,62.0,61.46666666666667,1.2401495936108826,0.2434671765455704,62.676,69.8,106.4
2026-05-10 03:00:00,Karachi,24.8607,67.0011,29.0,80.0,9.0,1007.3,unknown,3.0,15.55,65.6,0.07,0.32,92.59,65.95,0.0,63.0,,3.0,10.0,5.0,6.0,1.0,0.5,62.5,61.5,64.1,62.5,61.42083333333333,1.1560724991231912,0.2370426829268293,62.964,70.1,97.9
2026-05-11 01:00:00,Karachi,24.8607,67.0011,26.944,94.88,7.74,1004.06,unknown,3.0,15.2044,64.60079999999999,0.0712,0.3232,90.6588,60.462,0.0,62.388,,1.0,11.0,5.0,0.0,0.0,0.2879999999999967,62.1,61.8,62.0,62.129333333333335,62.02033333333333,0.8645335845879377,0.2353593144357346,69.3,113.0,51.9
2026-05-11 02:00:00,Karachi,24.8607,67.0011,26.988,94.76,7.78,1004.02,unknown,3.0,15.3588,65.13159999999999,0.0724,0.3264,90.6176,60.584,0.0,62.676,,2.0,11.0,5.0,0.0,0.0,0.2880000000000038,62.388,61.9,62.5,62.388,62.02766666666667,0.8695113403828464,0.235811802565882,69.8,106.4,51.2
2026-05-11 03:00:00,Karachi,24.8607,67.0011,27.032,94.64,7.82,1003.98,unknown,3.0,15.5132,65.66239999999999,0.0736,0.3296,90.5764,60.706,0.0,62.964,,3.0,11.0,5.0,0.0,0.0,0.2879999999999967,62.676,62.1,63.0,62.676,62.02616666666666,0.867790380776037,0.236256975072492,70.1,97.9,48.9
2026-05-13 01:00:00,Karachi,24.8607,67.0011,27.3,93.0,5.6,1000.9,unknown,4.0,40.36,113.31,0.09,0.87,111.18,104.77,0.0,113.0,,1.0,13.0,5.0,2.0,0.0,-4.0,117.0,118.2,69.3,116.33333333333331,87.18333333333334,18.5668162770756,0.3561909804959844,51.9,41.4,44.6
2026-05-13 02:00:00,Karachi,24.8607,67.0011,28.6,86.0,4.0,1001.4,unknown,4.0,37.69,105.46,0.11,0.9,110.5,104.31,0.0,106.4,,2.0,13.0,5.0,2.0,0.0,-6.599999999999994,113.0,119.0,69.8,112.13333333333334,88.70833333333333,18.580024726587173,0.3573866868955054,51.2,42.2,44.9
2026-05-13 03:00:00,Karachi,24.8607,67.0011,30.8,70.0,5.3,1002.0,unknown,3.0,34.26,96.66,0.12,0.89,109.42,102.13,0.0,97.9,,3.0,13.0,5.0,2.0,0.0,-8.5,106.4,117.0,70.1,105.7666666666667,89.86666666666667,18.23281004998545,0.3544382371198014,48.9,42.8,45.5
2026-05-13 04:00:00,Karachi,24.8607,67.0011,32.7,58.0,7.2,1002.4,unknown,3.0,30.59,88.27,0.11,0.84,108.25,98.53,0.01,91.0,,4.0,13.0,5.0,2.0,0.0,-6.900000000000006,97.9,113.0,69.9,98.43333333333337,90.74583333333334,17.729954490406705,0.3465503568596352,46.4,43.1,46.3
2026-05-13 05:00:00,Karachi,24.8607,67.0011,34.2,53.0,8.7,1002.7,unknown,3.0,27.02,80.22,0.09,0.75,106.32,93.43,0.02,84.4,,5.0,13.0,5.0,2.0,0.0,-6.599999999999994,91.0,106.4,69.7,91.1,91.35833333333332,17.217809704329436,0.3368237347294939,44.2,43.2,47.3
2026-05-13 06:00:00,Karachi,24.8607,67.0011,35.7,45.0,13.1,1002.6,unknown,3.0,23.61,72.24,0.08,0.66,103.1,87.02,0.04,78.0,,6.0,13.0,5.0,2.0,0.0,-6.400000000000006,84.4,97.9,69.8,84.46666666666668,91.7,16.848816240189095,0.3268272425249169,43.4,43.6,48.3
2026-05-13 07:00:00,Karachi,24.8607,67.0011,36.3,39.0,17.3,1002.2,unknown,3.0,20.64,65.28,0.08,0.58,99.42,80.4,0.06,72.5,,7.0,13.0,5.0,2.0,0.0,-5.5,78.0,91.0,70.3,78.30000000000001,91.79166666666669,16.732912547397365,0.3161764705882353,42.9,44.1,49.3
2026-05-13 08:00:00,Karachi,24.8607,67.0011,36.3,38.0,19.8,1001.8,unknown,3.0,18.83,61.05,0.07,0.52,96.44,74.94,0.09,69.1,,8.0,13.0,5.0,2.0,0.0,-3.4000000000000057,72.5,84.4,71.3,73.2,91.7,16.85562736634419,0.3084357084357084,42.1,44.6,45.5
2026-05-13 09:00:00,Karachi,24.8607,67.0011,36.6,35.0,20.5,1001.1,unknown,3.0,18.36,59.45,0.07,0.48,94.92,71.13,0.13,68.3,,9.0,13.0,5.0,2.0,0.0,-0.7999999999999972,69.1,78.0,72.5,69.96666666666668,91.52500000000002,17.083891471971334,0.3088309503784693,41.2,44.9,45.8
2026-05-13 10:00:00,Karachi,24.8607,67.0011,36.3,36.0,19.9,1000.5,unknown,3.0,18.68,58.59,0.07,0.45,95.14,69.16,0.18,68.8,,10.0,13.0,5.0,2.0,0.0,0.5,68.3,72.5,74.1,68.73333333333333,91.30416666666666,17.351092664920984,0.3188257381805768,40.7,45.2,45.8
2026-05-13 11:00:00,Karachi,24.8607,67.0011,35.4,39.0,20.4,1000.0,unknown,3.0,19.08,57.38,0.07,0.43,96.39,68.49,0.23,69.6,,11.0,13.0,5.0,2.0,0.0,0.7999999999999972,68.8,69.1,75.3,68.9,91.06666666666666,17.616658782716858,0.3325200418264203,40.3,45.4,50.0
2026-05-13 12:00:00,Karachi,24.8607,67.0011,34.6,42.0,22.4,999.5,unknown,3.0,19.12,55.58,0.08,0.41,98.27,69.07,0.29,69.7,,12.0,13.0,5.0,2.0,0.0,0.1000000000000085,69.6,68.3,76.1,69.36666666666667,90.8,17.899234863414158,0.344008636200072,40.3,45.4,49.8
2026-05-13 13:00:00,Karachi,24.8607,67.0011,33.3,46.0,19.5,999.4,unknown,3.0,18.86,53.59,0.09,0.39,100.55,70.15,0.34,69.2,,13.0,13.0,5.0,2.0,0.0,-0.5,69.7,68.8,77.5,69.5,90.45416666666668,18.24423623496228,0.3519313304721029,40.4,45.4,49.8
2026-05-13 14:00:00,Karachi,24.8607,67.0011,32.3,50.0,16.8,999.5,unknown,3.0,18.44,51.9,0.11,0.39,102.13,70.68,0.38,68.4,,14.0,13.0,5.0,2.0,0.0,-0.7999999999999972,69.2,69.6,79.4,69.10000000000001,89.99583333333334,18.667280819348477,0.3552986512524085,40.5,45.2,49.8
2026-05-13 15:00:00,Karachi,24.8607,67.0011,31.8,51.0,14.1,1000.2,unknown,3.0,17.95,50.08,0.11,0.39,103.73,71.06,0.42,67.5,,15.0,13.0,5.0,2.0,0.0,-0.9000000000000057,68.4,69.7,82.3,68.36666666666667,89.37916666666666,19.17024368007964,0.358426517571885,40.9,44.9,49.9
2026-05-13 16:00:00,Karachi,24.8607,67.0011,31.4,53.0,15.2,1000.6,unknown,2.0,17.38,48.2,0.11,0.39,104.96,71.32,0.44,66.4,,16.0,13.0,5.0,2.0,0.0,-1.0999999999999943,67.5,69.2,85.7,67.43333333333335,88.575,19.72798167247669,0.3605809128630705,41.3,44.6,49.8
2026-05-13 17:00:00,Karachi,24.8607,67.0011,30.9,56.0,15.3,1001.0,unknown,2.0,16.75,46.28,0.11,0.38,105.83,70.88,0.42,65.3,,17.0,13.0,5.0,2.0,0.0,-1.1000000000000083,66.4,68.4,90.1,66.40000000000002,87.54166666666667,20.286232569998557,0.3619273984442523,41.3,44.4,49.9
2026-05-13 18:00:00,Karachi,24.8607,67.0011,30.8,58.0,13.9,1000.7,unknown,2.0,15.88,44.07,0.1,0.37,105.55,69.13,0.37,63.6,,18.0,13.0,5.0,2.0,0.0,-1.6999999999999955,65.3,67.5,95.5,65.10000000000001,86.21249999999999,20.781143469815543,0.360335829362378,40.9,44.4,43.4
2026-05-13 19:00:00,Karachi,24.8607,67.0011,30.3,60.0,13.2,1000.6,unknown,2.0,14.71,41.72,0.1,0.37,103.04,65.74,0.3,61.5,,19.0,13.0,5.0,2.0,0.0,-2.1000000000000014,63.6,66.4,102.2,63.46666666666668,84.51666666666667,21.078294351148024,0.352588686481304,39.9,44.3,50.0
2026-05-13 20:00:00,Karachi,24.8607,67.0011,29.6,66.0,11.9,1000.4,unknown,2.0,13.5,39.99,0.1,0.36,99.76,62.37,0.23,59.2,,20.0,13.0,5.0,2.0,0.0,-2.299999999999997,61.5,65.3,109.1,61.43333333333334,82.4375,21.00891762003067,0.3375843960990247,39.1,44.4,43.0
2026-05-13 21:00:00,Karachi,24.8607,67.0011,29.1,71.0,11.7,1000.3,unknown,2.0,12.38,38.7,0.1,0.36,96.36,59.54,0.17,57.1,,21.0,13.0,5.0,2.0,0.0,-2.1000000000000014,59.2,63.6,114.5,59.26666666666667,80.04583333333333,20.46026858522953,0.3198966408268733,38.6,44.4,43.1
2026-05-13 22:00:00,Karachi,24.8607,67.0011,28.7,75.0,13.2,1000.5,unknown,2.0,11.35,37.52,0.09,0.36,93.12,57.61,0.12,55.2,,22.0,13.0,5.0,2.0,0.0,-1.8999999999999984,57.1,61.5,118.2,57.16666666666668,77.42083333333333,19.364377405918933,0.302505330490405,38.8,44.5,51.2
2026-05-13 23:00:00,Karachi,24.8607,67.0011,28.5,78.0,14.1,1000.7,unknown,2.0,10.56,36.94,0.09,0.36,90.25,56.09,0.09,53.7,,23.0,13.0,5.0,2.0,0.0,-1.5,55.2,59.2,119.0,55.333333333333336,74.7,17.791913160564533,0.2858689767190038,39.4,44.5,51.4
2026-05-14 00:00:00,Karachi,24.8607,67.0011,28.3,84.0,14.0,1001.0,unknown,2.0,10.0,37.47,0.09,0.37,87.27,54.35,0.05,52.7,,0.0,14.0,5.0,3.0,0.0,-1.0,53.7,57.1,117.0,53.866666666666674,72.02083333333333,15.88428206330697,0.2668801708033093,40.4,44.4,51.8
2026-05-14 01:00:00,Karachi,24.8607,67.0011,27.9,87.0,15.0,1001.5,unknown,2.0,9.57,38.57,0.09,0.38,84.18,52.42,0.01,51.9,,1.0,14.0,5.0,3.0,0.0,-0.8000000000000043,52.7,55.2,113.0,52.76666666666667,69.475,13.789007909580237,0.2481203007518797,41.4,44.6,52.3
2026-05-14 02:00:00,Karachi,24.8607,67.0011,28.5,86.0,15.7,1002.5,unknown,2.0,9.19,39.83,0.09,0.4,81.53,50.62,0.0,51.2,,2.0,14.0,5.0,3.0,0.0,-0.6999999999999957,51.9,53.7,106.4,51.93333333333334,67.175,11.826104140014529,0.2307306050715541,42.2,44.9,52.8
2026-05-14 03:00:00,Karachi,24.8607,67.0011,29.6,79.0,17.4,1003.0,unknown,2.0,8.81,40.72,0.09,0.4,79.22,49.13,0.0,48.9,,3.0,14.0,5.0,3.0,0.0,-2.3000000000000043,51.2,52.7,97.9,50.66666666666666,65.13333333333334,10.439501348523944,0.2163555992141454,42.8,45.5,53.4
2026-05-14 04:00:00,Karachi,24.8607,67.0011,30.7,73.0,18.4,1003.6,unknown,2.0,8.35,40.19,0.07,0.39,77.62,48.21,0.0,46.4,,4.0,14.0,5.0,3.0,0.0,-2.5,48.9,51.9,91.0,48.833333333333336,63.275,9.5680287370535,0.2077631251555113,43.1,46.3,53.9
2026-05-14 05:00:00,Karachi,24.8607,67.0011,31.5,69.0,18.9,1004.0,unknown,2.0,7.95,39.07,0.06,0.37,76.63,47.44,0.0,44.2,,5.0,14.0,5.0,3.0,0.0,-2.199999999999996,46.4,51.2,84.4,46.50000000000001,61.6,9.221524913980897,0.203480931661121,43.2,47.3,54.4
2026-05-14 06:00:00,Karachi,24.8607,67.0011,32.4,64.0,20.1,1004.3,unknown,2.0,7.82,39.13,0.05,0.37,75.52,45.64,0.0,43.4,,6.0,14.0,5.0,3.0,0.0,-0.8000000000000043,44.2,48.9,78.0,44.66666666666666,60.15833333333334,9.25070698434376,0.199846664962944,43.6,48.3,54.8
2026-05-14 07:00:00,Karachi,24.8607,67.0011,32.6,62.0,20.6,1003.7,unknown,2.0,7.73,38.93,0.04,0.35,75.03,43.3,0.0,42.9,,7.0,14.0,5.0,3.0,0.0,-0.5,43.4,46.4,72.5,43.5,58.925,9.503466186884667,0.1985615206781402,44.1,49.3,55.1
2026-05-14 08:00:00,Karachi,24.8607,67.0011,32.8,62.0,19.8,1003.1,unknown,2.0,7.57,38.1,0.04,0.34,74.96,41.25,0.0,42.1,,8.0,14.0,5.0,3.0,0.0,-0.7999999999999972,42.9,44.2,69.1,42.80000000000001,57.8,9.838787482737844,0.1986876640419947,44.6,45.5,55.4
2026-05-14 09:00:00,Karachi,24.8607,67.0011,32.7,62.0,19.2,1002.5,unknown,2.0,7.42,37.04,0.04,0.32,75.36,39.57,0.0,41.2,,9.0,14.0,5.0,3.0,0.0,-0.8999999999999986,42.1,43.4,68.3,42.06666666666667,56.67083333333334,10.132061860069609,0.2003239740820734,44.9,45.8,55.6
2026-05-14 10:00:00,Karachi,24.8607,67.0011,32.4,63.0,18.6,1001.7,unknown,2.0,7.32,36.19,0.04,0.31,76.4,38.44,0.0,40.7,,10.0,14.0,5.0,3.0,0.0,-0.5,41.2,42.9,68.8,41.333333333333336,55.5,10.291828755400148,0.2022658192870959,45.2,45.8,55.8
2026-05-14 11:00:00,Karachi,24.8607,67.0011,31.6,67.0,18.2,1001.1,unknown,2.0,7.26,35.77,0.04,0.31,77.14,37.48,0.0,40.3,,11.0,14.0,5.0,3.0,0.0,-0.4000000000000057,40.7,42.1,69.6,40.73333333333334,54.27916666666667,10.284347717335423,0.2029633771316745,45.4,50.0,55.8
2026-05-14 12:00:00,Karachi,24.8607,67.0011,31.0,69.0,18.0,1000.7,unknown,2.0,7.26,36.1,0.04,0.31,77.65,36.77,0.0,40.3,,12.0,14.0,5.0,3.0,0.0,0.0,40.3,41.2,69.7,40.43333333333334,53.054166666666674,10.117268026443194,0.2011080332409972,45.4,49.8,55.7
2026-05-14 13:00:00,Karachi,24.8607,67.0011,29.8,75.0,18.1,1000.5,unknown,2.0,7.27,37.04,0.05,0.31,77.67,36.22,0.0,40.4,,13.0,14.0,5.0,3.0,0.0,0.1000000000000014,40.3,40.7,69.2,40.333333333333336,51.85416666666666,9.822643723061292,0.1962742980561555,45.4,49.8,55.5
2026-05-14 14:00:00,Karachi,24.8607,67.0011,29.1,78.0,17.3,1000.7,unknown,2.0,7.29,38.48,0.06,0.32,77.05,35.51,0.0,40.5,,14.0,14.0,5.0,3.0,0.0,0.1000000000000014,40.4,40.3,68.4,40.400000000000006,50.69166666666666,9.42212551791866,0.1894490644490644,45.2,49.8,55.0
2026-05-14 15:00:00,Karachi,24.8607,67.0011,28.9,78.0,16.9,1001.0,unknown,2.0,7.37,40.42,0.07,0.33,75.92,34.56,0.0,40.9,,15.0,14.0,5.0,3.0,0.0,0.3999999999999986,40.5,40.3,67.5,40.6,49.583333333333336,8.909529176392004,0.1823354774863928,44.9,49.9,54.4
2026-05-14 16:00:00,Karachi,24.8607,67.0011,28.7,80.0,16.3,1001.6,unknown,2.0,7.43,42.22,0.08,0.33,74.41,33.56,0.0,41.3,,16.0,14.0,5.0,3.0,0.0,0.3999999999999986,40.9,40.4,66.4,40.9,48.5375,8.302163809098047,0.1759829464708668,44.6,49.8,53.8
2026-05-14 17:00:00,Karachi,24.8607,67.0011,28.5,81.0,15.9,1002.2,unknown,2.0,7.43,43.48,0.08,0.33,73.02,32.72,0.0,41.3,,17.0,14.0,5.0,3.0,0.0,0.0,41.3,40.5,65.3,41.16666666666667,47.5375,7.612050657835002,0.170883164673413,44.4,49.9,53.3
2026-05-14 18:00:00,Karachi,24.8607,67.0011,28.7,82.0,14.2,1001.8,unknown,2.0,7.36,43.76,0.08,0.33,71.77,31.93,0.0,40.9,,18.0,14.0,5.0,3.0,0.0,-0.3999999999999986,41.3,40.9,63.6,41.16666666666666,46.59166666666667,6.907079963576822,0.1681901279707495,44.4,43.4,53.0
2026-05-14 19:00:00,Karachi,24.8607,67.0011,28.6,82.0,13.6,1001.9,unknown,2.0,7.19,42.93,0.08,0.33,70.76,31.37,0.0,39.9,,19.0,14.0,5.0,3.0,0.0,-1.0,40.9,41.3,61.5,40.7,45.69166666666666,6.256677592205831,0.1674819473561612,44.3,50.0,52.5
2026-05-14 20:00:00,Karachi,24.8607,67.0011,28.4,84.0,14.8,1001.6,unknown,2.0,7.04,41.83,0.09,0.33,70.31,31.33,0.0,39.1,,20.0,14.0,5.0,3.0,0.0,-0.7999999999999972,39.9,41.3,59.2,39.96666666666667,44.85416666666666,5.689424144982258,0.1683002629691609,44.4,43.0,52.2
2026-05-14 21:00:00,Karachi,24.8607,67.0011,28.3,85.0,14.5,1001.2,unknown,2.0,6.95,41.07,0.09,0.32,70.29,31.92,0.0,38.6,,21.0,14.0,5.0,3.0,0.0,-0.5,39.1,40.9,57.1,39.2,44.083333333333336,5.189426261890119,0.1692232773313854,44.4,43.1,51.8
2026-05-14 22:00:00,Karachi,24.8607,67.0011,28.3,85.0,14.7,1001.2,unknown,2.0,6.99,41.02,0.08,0.32,70.97,33.13,0.0,38.8,,22.0,14.0,5.0,3.0,0.0,0.1999999999999957,38.6,39.9,55.2,38.833333333333336,43.4,4.720537920717183,0.1704046806435885,44.5,51.2,51.4
2026-05-14 23:00:00,Karachi,24.8607,67.0011,28.2,85.0,16.0,1001.2,unknown,2.0,7.1,41.47,0.08,0.32,71.73,34.18,0.0,39.4,,23.0,14.0,5.0,3.0,0.0,0.6000000000000014,38.8,39.1,53.7,38.93333333333334,42.80416666666667,4.24217737024746,0.171208102242585,44.5,51.4,46.0
2026-05-15 00:00:00,Karachi,24.8607,67.0011,28.5,80.0,15.4,1001.5,unknown,2.0,7.27,42.05,0.08,0.33,72.46,34.63,0.0,40.4,,0.0,15.0,5.0,4.0,0.0,1.0,39.4,38.6,52.7,39.53333333333334,42.29166666666666,3.703455104386361,0.1728894173602853,44.4,51.8,49.0
2026-05-15 01:00:00,Karachi,24.8607,67.0011,28.3,80.0,14.2,1002.0,unknown,2.0,7.45,42.77,0.08,0.33,72.95,34.76,0.0,41.4,,1.0,15.0,5.0,4.0,0.0,1.0,40.4,38.8,51.9,40.400000000000006,41.85416666666666,3.0881229935430548,0.1741875146130465,44.6,52.3,48.2
2026-05-15 02:00:00,Karachi,24.8607,67.0011,28.9,76.0,17.5,1003.0,unknown,2.0,7.59,43.31,0.09,0.34,73.66,35.05,0.0,42.2,,2.0,15.0,5.0,4.0,0.0,0.8000000000000043,41.4,39.4,51.2,41.333333333333336,41.47916666666666,2.365876832902992,0.1752482105749249,44.9,52.8,48.6
2026-05-15 03:00:00,Karachi,24.8607,67.0011,29.9,68.0,16.2,1003.6,unknown,2.0,7.7,43.54,0.08,0.34,74.57,35.78,0.0,42.8,,3.0,15.0,5.0,4.0,0.0,0.5999999999999943,42.2,40.4,48.9,42.13333333333333,41.225,1.7920719123941389,0.1768488745980707,45.5,53.4,49.9
2026-05-15 04:00:00,Karachi,24.8607,67.0011,30.9,63.0,18.7,1004.1,unknown,2.0,7.75,43.42,0.07,0.34,75.28,36.73,0.0,43.1,,4.0,15.0,5.0,4.0,0.0,0.3000000000000042,42.8,41.4,46.4,42.70000000000001,41.0875,1.4765743256579156,0.1784891754951635,46.3,53.9,51.6
2026-05-15 05:00:00,Karachi,24.8607,67.0011,31.8,60.0,17.7,1004.7,unknown,2.0,7.78,43.09,0.06,0.33,75.88,37.47,0.0,43.2,,5.0,15.0,5.0,4.0,0.0,0.1000000000000014,43.1,42.2,44.2,43.03333333333334,41.04583333333333,1.3968844733712928,0.1805523323276862,47.3,54.4,53.3
2026-05-15 06:00:00,Karachi,24.8607,67.0011,32.4,58.0,17.4,1005.1,unknown,2.0,7.84,42.84,0.05,0.32,76.11,37.82,0.0,43.6,,6.0,15.0,5.0,4.0,0.0,0.3999999999999986,43.2,42.8,43.4,43.3,41.05416666666667,1.4120534436054326,0.1830065359477124,48.3,54.8,54.5
2026-05-15 07:00:00,Karachi,24.8607,67.0011,32.8,56.0,17.3,1004.4,unknown,2.0,7.93,42.78,0.05,0.31,76.31,37.95,0.0,44.1,,7.0,15.0,5.0,4.0,0.0,0.5,43.6,43.1,42.9,43.63333333333335,41.10416666666666,1.4988340879664046,0.1853669939223936,49.3,55.1,55.4
2026-05-15 08:00:00,Karachi,24.8607,67.0011,32.9,58.0,17.3,1003.8,unknown,2.0,8.02,42.76,0.04,0.31,76.14,37.41,0.0,44.6,,8.0,15.0,5.0,4.0,0.0,0.5,44.1,43.2,42.1,44.1,41.208333333333336,1.6502744611618465,0.1875584658559401,45.5,55.4,55.9
2026-05-15 09:00:00,Karachi,24.8607,67.0011,32.8,59.0,16.9,1003.1,unknown,2.0,8.09,42.7,0.04,0.3,76.14,36.89,0.0,44.9,,9.0,15.0,5.0,4.0,0.0,0.2999999999999971,44.6,43.6,41.2,44.53333333333334,41.3625,1.8141502981862447,0.1894613583138173,45.8,55.6,56.1
2026-05-15 10:00:00,Karachi,24.8607,67.0011,32.5,62.0,16.4,1002.2,unknown,2.0,8.13,42.6,0.04,0.29,76.42,36.7,0.0,45.2,,10.0,15.0,5.0,4.0,0.0,0.3000000000000042,44.9,44.1,40.7,44.900000000000006,41.55,1.9686676138887107,0.1908450704225352,45.8,55.8,56.1
2026-05-15 11:00:00,Karachi,24.8607,67.0011,32.0,64.0,16.1,1001.5,unknown,2.0,8.17,42.44,0.04,0.29,76.63,36.74,0.0,45.4,,11.0,15.0,5.0,4.0,0.0,0.1999999999999957,45.2,44.6,40.3,45.16666666666668,41.7625,2.098822133456548,0.192507068803016,50.0,55.8,55.8
2026-05-15 12:00:00,Karachi,24.8607,67.0011,31.5,66.0,15.3,1001.3,unknown,2.0,8.17,42.14,0.04,0.28,76.89,37.02,0.0,45.4,,12.0,15.0,5.0,4.0,0.0,0.0,45.4,44.9,40.3,45.333333333333336,41.975,2.2000494065736667,0.1938775510204081,49.8,55.7,54.8
2026-05-15 13:00:00,Karachi,24.8607,67.0011,30.4,72.0,14.5,1001.2,unknown,2.0,8.17,41.9,0.05,0.28,77.22,37.55,0.0,45.4,,13.0,15.0,5.0,4.0,0.0,0.0,45.4,45.2,40.4,45.4,42.18333333333333,2.279715212331563,0.1949880668257756,49.8,55.5,53.2
2026-05-15 14:00:00,Karachi,24.8607,67.0011,29.5,79.0,13.4,1001.6,unknown,2.0,8.14,41.62,0.06,0.28,77.39,38.03,0.0,45.2,,14.0,15.0,5.0,4.0,0.0,-0.1999999999999957,45.4,45.4,40.5,45.333333333333336,42.37916666666666,2.330138858847184,0.1955790485343585,49.8,55.0,51.1
2026-05-15 15:00:00,Karachi,24.8607,67.0011,29.0,83.0,12.1,1002.1,unknown,2.0,8.09,41.46,0.07,0.27,77.42,38.32,0.0,44.9,,15.0,15.0,5.0,4.0,0.0,-0.3000000000000042,45.2,45.4,40.9,45.16666666666666,42.54583333333333,2.362566615897415,0.1951278340569223,49.9,54.4,47.2
2026-05-15 16:00:00,Karachi,24.8607,67.0011,28.7,84.0,11.3,1002.7,unknown,2.0,8.03,41.22,0.07,0.27,77.41,38.64,0.0,44.6,,16.0,15.0,5.0,4.0,0.0,-0.2999999999999971,44.9,45.4,41.3,44.900000000000006,42.68333333333334,2.382849347850766,0.1948083454633672,49.8,53.8,44.3
2026-05-15 17:00:00,Karachi,24.8607,67.0011,28.5,85.0,11.7,1003.2,unknown,2.0,8.0,41.29,0.06,0.27,77.49,39.12,0.0,44.4,,17.0,15.0,5.0,4.0,0.0,-0.2000000000000028,44.6,45.2,41.3,44.63333333333335,42.8125,2.388616572515295,0.1937515136837006,49.9,53.3,43.3
2026-05-15 18:00:00,Karachi,24.8607,67.0011,28.7,83.0,12.8,1003.3,unknown,2.0,7.99,41.42,0.06,0.28,77.71,39.88,0.0,44.4,,18.0,15.0,5.0,4.0,0.0,0.0,44.4,44.9,40.9,44.46666666666667,42.958333333333336,2.3735712712640264,0.192901979719942,43.4,53.0,44.1
2026-05-15 19:00:00,Karachi,24.8607,67.0011,28.5,84.0,13.7,1003.3,unknown,2.0,7.98,41.66,0.06,0.28,77.93,40.71,0.0,44.3,,19.0,15.0,5.0,4.0,0.0,-0.1000000000000014,44.4,44.6,39.9,44.366666666666674,43.14166666666667,2.2957269695894094,0.1915506481036966,50.0,52.5,46.4
2026-05-15 20:00:00,Karachi,24.8607,67.0011,28.2,85.0,12.6,1002.8,unknown,2.0,7.99,41.97,0.06,0.28,78.24,41.76,0.0,44.4,,20.0,15.0,5.0,4.0,0.0,0.1000000000000014,44.3,44.4,39.1,44.366666666666674,43.3625,2.139648996014609,0.1903740767214677,43.0,52.2,49.3
2026-05-15 21:00:00,Karachi,24.8607,67.0011,28.0,86.0,10.9,1002.4,unknown,2.0,8.0,42.15,0.06,0.28,78.5,42.9,0.0,44.4,,21.0,15.0,5.0,4.0,0.0,0.0,44.4,44.4,38.6,44.36666666666667,43.60416666666666,1.8915094425018384,0.1897983392645314,43.1,51.8,51.5
2026-05-15 22:00:00,Karachi,24.8607,67.0011,27.9,86.0,10.6,1002.7,unknown,2.0,8.01,42.45,0.06,0.29,78.93,44.19,0.0,44.5,,22.0,15.0,5.0,4.0,0.0,0.1000000000000014,44.4,44.3,38.8,44.43333333333334,43.84166666666667,1.5969853846856146,0.1886925795053003,51.2,51.4,52.3
2026-05-15 23:00:00,Karachi,24.8607,67.0011,27.8,86.0,9.1,1003.2,unknown,2.0,8.01,42.38,0.06,0.29,79.0,44.99,0.0,44.5,,23.0,15.0,5.0,4.0,0.0,0.0,44.5,44.4,39.4,44.46666666666667,44.05416666666667,1.290089031890277,0.1890042472864558,51.4,46.0,52.8
2026-05-16 00:00:00,Karachi,24.8607,67.0011,27.7,86.0,9.6,1003.5,unknown,2.0,8.0,42.24,0.06,0.29,79.18,45.52,0.0,44.4,,0.0,16.0,5.0,5.0,1.0,-0.1000000000000014,44.5,44.4,40.4,44.46666666666667,44.22083333333333,1.0295542162103286,0.1893939393939394,51.8,49.0,53.1
2026-05-16 01:00:00,Karachi,24.8607,67.0011,27.6,86.0,9.0,1003.8,unknown,2.0,8.03,42.25,0.06,0.29,79.33,46.16,0.0,44.6,,1.0,16.0,5.0,5.0,1.0,0.2000000000000028,44.4,44.5,41.4,44.5,44.35416666666666,0.837687898056972,0.1900591715976331,52.3,48.2,53.896
2026-05-16 02:00:00,Karachi,24.8607,67.0011,28.5,79.0,8.8,1004.3,unknown,2.0,8.09,42.55,0.07,0.29,79.56,46.87,0.0,44.9,,2.0,16.0,5.0,5.0,1.0,0.2999999999999971,44.6,44.5,42.2,44.63333333333333,44.46666666666667,0.7069017930276973,0.190129259694477,52.8,48.6,54.692
2026-05-16 03:00:00,Karachi,24.8607,67.0011,29.7,71.0,9.8,1004.8,unknown,2.0,8.19,43.25,0.06,0.29,79.71,47.49,0.0,45.5,,3.0,16.0,5.0,5.0,1.0,0.6000000000000014,44.9,44.4,42.8,45.0,44.57916666666667,0.6419936114632048,0.1893641618497109,53.4,49.9,55.488
2026-05-17 01:00:00,Karachi,24.8607,67.0011,27.0,88.0,11.7,1005.2,unknown,2.0,9.8,48.16,0.05,0.2,83.53,48.62,0.0,52.3,,1.0,17.0,5.0,6.0,1.0,0.5,51.8,51.2,44.6,51.833333333333336,48.07916666666667,2.87326191949591,0.2034883720930232,48.2,53.896,73.0
2026-05-17 02:00:00,Karachi,24.8607,67.0011,27.7,82.0,12.4,1005.7,unknown,2.0,10.09,49.08,0.06,0.2,84.08,49.23,0.0,52.8,,2.0,17.0,5.0,6.0,1.0,0.5,52.3,51.4,44.9,52.3,48.40833333333333,2.944843196051244,0.2055827220863895,48.6,54.692,77.9
2026-05-17 03:00:00,Karachi,24.8607,67.0011,28.9,74.0,12.3,1006.2,unknown,2.0,10.38,49.97,0.05,0.19,84.63,49.85,0.0,53.4,,3.0,17.0,5.0,6.0,1.0,0.6000000000000014,52.8,51.8,45.5,52.833333333333336,48.73749999999999,3.0454260071902874,0.2077246347808685,49.9,55.488,82.5
2026-05-18 01:00:00,Karachi,24.8607,67.0011,27.2,82.0,14.6,1004.0,unknown,2.0,8.68,47.72,0.06,0.22,82.28,47.63,0.0,48.2,,1.0,18.0,5.0,0.0,0.0,-0.7999999999999972,49.0,51.4,52.3,47.73333333333334,53.28333333333333,2.554223555420127,0.181894383906119,53.896,73.0,63.2
2026-05-18 02:00:00,Karachi,24.8607,67.0011,27.9,76.0,17.0,1004.5,unknown,2.0,8.74,49.11,0.06,0.22,82.74,49.22,0.0,48.6,,2.0,18.0,5.0,0.0,0.0,0.3999999999999986,48.2,46.0,52.8,48.6,53.10833333333333,2.7268259405751705,0.1779678273264101,54.692,77.9,63.6
2026-05-18 03:00:00,Karachi,24.8607,67.0011,28.8,71.0,18.0,1005.0,unknown,3.0,8.99,52.05,0.05,0.22,83.24,51.6,0.0,49.9,,3.0,18.0,5.0,0.0,0.0,1.2999999999999972,48.6,49.0,53.4,48.900000000000006,52.9625,2.803074786893576,0.1727185398655139,55.488,82.5,64.3
2026-05-19 01:00:00,Karachi,24.8607,67.0011,28.28,82.28,16.688000000000002,1001.94,unknown,3.0,10.5364,58.4848,0.0608,0.3316,85.4932,54.5436,0.0,53.896,,1.0,19.0,5.0,1.0,0.0,0.7959999999999994,53.1,52.3,48.2,53.26533333333333,51.43733333333333,3.990513562538559,0.1801562115284655,73.0,63.2,76.7
2026-05-19 02:00:00,Karachi,24.8607,67.0011,28.26,82.56,16.576,1001.98,unknown,3.0,10.8228,60.1896,0.0615999999999999,0.3332,85.54639999999999,54.3772,0.0,54.692,,2.0,19.0,5.0,1.0,0.0,0.7959999999999994,53.896,52.8,48.6,53.89600000000001,51.69116666666667,3.995936018846768,0.1798117947286574,77.9,63.6,75.3
2026-05-19 03:00:00,Karachi,24.8607,67.0011,28.24,82.84,16.464000000000002,1002.02,unknown,3.0,11.1092,61.894400000000005,0.0624,0.3348,85.5996,54.2108,0.0,55.488,,3.0,19.0,5.0,1.0,0.0,0.7959999999999994,54.692,53.1,49.9,54.69200000000001,51.924,4.049472322044758,0.1794863509461275,82.5,64.3,74.3
2026-05-21 01:00:00,Karachi,24.8607,67.0011,28.1,84.0,12.1,1003.0,unknown,3.0,15.67,76.79,0.07,0.33,89.34,53.58,0.0,63.2,,1.0,21.0,5.0,3.0,0.0,0.2000000000000028,63.0,62.9,73.0,63.00000000000001,75.85833333333333,11.418288787756442,0.2040630290402396,76.7,80.0,45.3
2026-05-21 02:00:00,Karachi,24.8607,67.0011,28.7,80.0,13.6,1003.6,unknown,3.0,15.84,79.47,0.08,0.33,89.11,53.96,0.0,63.6,,2.0,21.0,5.0,3.0,0.0,0.3999999999999986,63.2,62.8,77.9,63.26666666666668,75.2625,11.677284247260996,0.1993204983012457,75.3,82.1,49.2
2026-05-21 03:00:00,Karachi,24.8607,67.0011,29.8,74.0,14.9,1004.2,unknown,3.0,15.96,81.87,0.07,0.33,89.08,54.19,0.0,64.3,,3.0,21.0,5.0,3.0,0.0,0.6999999999999957,63.6,63.0,82.5,63.70000000000001,74.50416666666666,11.77737252629867,0.194943202638329,74.3,83.5,48.1
2026-05-21 04:00:00,Karachi,24.8607,67.0011,30.9,67.0,15.5,1004.4,unknown,3.0,16.05,83.85,0.06,0.33,89.0,54.34,0.0,65.3,,4.0,21.0,5.0,3.0,0.0,1.0,64.3,63.2,87.0,64.4,73.6,11.60809312880388,0.1914132379248658,74.1,83.9,47.0
2026-05-21 05:00:00,Karachi,24.8607,67.0011,31.6,65.0,15.9,1004.6,unknown,3.0,16.0,84.48,0.05,0.32,88.63,53.94,0.0,65.6,,5.0,21.0,5.0,3.0,0.0,0.2999999999999971,65.3,63.6,89.1,65.06666666666668,72.62083333333334,11.228727875862578,0.1893939393939394,74.8,83.9,46.3
2026-05-21 06:00:00,Karachi,24.8607,67.0011,32.5,62.0,15.9,1004.6,unknown,3.0,15.84,83.78,0.04,0.31,88.2,52.72,0.0,65.2,,6.0,21.0,5.0,3.0,0.0,-0.3999999999999915,65.6,64.3,90.5,65.36666666666667,71.56666666666666,10.649909845166508,0.1890666030078777,75.4,83.7,45.8
2026-05-21 07:00:00,Karachi,24.8607,67.0011,32.5,63.0,15.9,1004.4,unknown,3.0,15.55,82.18,0.04,0.3,87.63,50.92,0.0,64.5,,7.0,21.0,5.0,3.0,0.0,-0.7000000000000028,65.2,65.3,91.3,65.10000000000001,70.45,9.867117106836767,0.1892187880262837,75.9,83.0,45.4
2026-05-21 08:00:00,Karachi,24.8607,67.0011,32.6,63.0,16.6,1003.9,unknown,3.0,15.22,80.6,0.04,0.3,86.9,48.96,0.0,63.7,,8.0,21.0,5.0,3.0,0.0,-0.7999999999999972,64.5,65.6,90.9,64.46666666666668,69.31666666666666,8.93409038540157,0.188833746898263,76.1,81.6,44.9
2026-05-21 09:00:00,Karachi,24.8607,67.0011,32.4,64.0,16.7,1003.3,unknown,3.0,14.92,79.66,0.04,0.29,86.41,47.31,0.0,63.2,,9.0,21.0,5.0,3.0,0.0,-0.5,63.7,65.2,90.1,63.80000000000001,68.19583333333334,7.832844958567783,0.1872960080341451,76.2,79.5,44.4
2026-05-21 10:00:00,Karachi,24.8607,67.0011,32.1,65.0,17.1,1002.9,unknown,3.0,14.66,79.63,0.04,0.29,86.28,46.19,0.0,63.2,,10.0,21.0,5.0,3.0,0.0,0.0,63.2,64.5,88.8,63.366666666666674,67.12916666666668,6.54167105141812,0.1841014692954916,76.2,77.0,43.9
2026-05-21 11:00:00,Karachi,24.8607,67.0011,31.7,66.0,16.1,1002.5,unknown,3.0,14.41,79.65,0.04,0.29,86.03,45.47,0.0,63.2,,11.0,21.0,5.0,3.0,0.0,0.0,63.2,63.7,86.4,63.2,66.16250000000001,5.13257393686897,0.180916509730069,76.1,74.1,42.9
2026-05-21 12:00:00,Karachi,24.8607,67.0011,31.6,66.0,15.3,1002.5,unknown,3.0,14.29,80.36,0.04,0.29,85.98,45.59,0.0,63.6,,12.0,21.0,5.0,3.0,0.0,0.3999999999999986,63.2,63.2,82.6,63.33333333333334,65.37083333333334,3.771919032593617,0.1778247884519661,75.9,71.0,41.3
2026-05-21 13:00:00,Karachi,24.8607,67.0011,30.6,70.0,15.4,1002.7,unknown,3.0,14.44,82.92,0.05,0.3,86.23,46.5,0.0,64.8,,13.0,21.0,5.0,3.0,0.0,1.1999999999999955,63.6,63.2,78.4,63.866666666666674,64.80416666666666,2.554532062434874,0.1741437530149541,75.7,68.2,39.8
2026-05-21 14:00:00,Karachi,24.8607,67.0011,29.9,73.0,15.0,1003.2,unknown,3.0,14.75,85.96,0.07,0.31,86.7,47.71,0.0,66.3,,14.0,21.0,5.0,3.0,0.0,1.5,64.8,63.2,74.0,64.9,64.48333333333333,1.684885924846914,0.1715914378780828,75.5,65.8,38.4
2026-05-21 15:00:00,Karachi,24.8607,67.0011,29.6,75.0,14.4,1003.7,unknown,3.0,15.11,89.03,0.07,0.32,87.0,48.96,0.0,67.8,,15.0,21.0,5.0,3.0,0.0,1.5,66.3,63.6,69.8,66.3,64.4,1.4425219461951269,0.1697180725598112,75.3,64.0,37.8
2026-05-21 16:00:00,Karachi,24.8607,67.0011,29.3,78.0,13.2,1004.3,unknown,3.0,15.46,91.7,0.07,0.32,87.3,49.92,0.0,69.2,,16.0,21.0,5.0,3.0,0.0,1.4000000000000057,67.8,64.8,67.4,67.76666666666667,64.475,1.6387296246317753,0.1685932388222464,75.2,62.5,38.0
2026-05-21 17:00:00,Karachi,24.8607,67.0011,29.0,81.0,12.7,1004.8,unknown,3.0,15.8,94.52,0.07,0.32,87.6,50.8,0.0,70.6,,17.0,21.0,5.0,3.0,0.0,1.3999999999999917,69.2,66.3,66.2,69.2,64.65833333333333,2.037670593916559,0.1671603893355903,75.1,60.8,39.5
2026-05-21 18:00:00,Karachi,24.8607,67.0011,29.0,81.0,13.3,1004.9,unknown,3.0,16.22,97.46,0.07,0.32,87.72,51.63,0.0,72.0,,18.0,21.0,5.0,3.0,0.0,1.4000000000000057,70.6,67.8,65.1,70.60000000000001,64.94583333333334,2.529990404984167,0.1664272522060332,75.0,58.7,42.3
2026-05-21 19:00:00,Karachi,24.8607,67.0011,28.7,82.0,13.0,1004.9,unknown,4.0,16.61,100.22,0.07,0.32,87.6,52.17,0.0,73.4,,19.0,21.0,5.0,3.0,0.0,1.4000000000000057,72.0,69.2,64.1,72.00000000000001,65.33333333333333,3.0529624482101148,0.1657353821592496,74.5,56.1,45.9
2026-05-21 20:00:00,Karachi,24.8607,67.0011,28.5,84.0,12.2,1004.7,unknown,4.0,17.02,103.03,0.06,0.31,87.43,52.58,0.0,74.8,,20.0,21.0,5.0,3.0,0.0,1.3999999999999917,73.4,70.6,63.5,73.40000000000002,65.80416666666667,3.583231377051297,0.1651946035135397,74.1,54.5,39.4
2026-05-21 21:00:00,Karachi,24.8607,67.0011,28.3,85.0,11.3,1004.4,unknown,4.0,17.37,105.43,0.06,0.31,87.08,52.77,0.0,76.0,,21.0,21.0,5.0,3.0,0.0,1.2000000000000028,74.8,72.0,63.1,74.73333333333335,66.34166666666667,4.0914456535883446,0.1647538651237788,73.8,53.3,52.6
2026-05-21 22:00:00,Karachi,24.8607,67.0011,28.1,87.0,10.6,1004.7,unknown,4.0,17.64,107.61,0.06,0.31,86.8,52.92,0.0,77.0,,22.0,21.0,5.0,3.0,0.0,1.0,76.0,73.4,62.9,75.93333333333334,66.92916666666667,4.561128690090935,0.163925285754112,74.0,52.4,54.6
2026-05-21 23:00:00,Karachi,24.8607,67.0011,27.9,88.0,9.7,1004.9,unknown,4.0,17.76,109.04,0.06,0.3,86.28,52.85,0.0,77.7,,23.0,21.0,5.0,3.0,0.0,0.7000000000000028,77.0,74.8,62.8,76.9,67.55,4.970346851691608,0.1628760088041086,75.3,51.8,56.7
2026-05-22 00:00:00,Karachi,24.8607,67.0011,28.1,86.0,9.6,1004.9,unknown,4.0,17.72,109.16,0.06,0.29,85.85,52.48,0.0,77.8,,0.0,22.0,5.0,4.0,0.0,0.0999999999999943,77.7,76.0,63.0,77.5,68.16666666666667,5.289174067741921,0.1623305240014657,77.4,51.3,58.7
2026-05-22 01:00:00,Karachi,24.8607,67.0011,27.9,87.0,9.7,1005.4,unknown,4.0,17.54,106.97,0.06,0.28,85.17,51.77,0.0,76.7,,1.0,22.0,5.0,4.0,0.0,-1.0999999999999943,77.8,77.0,63.2,77.4,68.72916666666667,5.453318029994611,0.1639712068804337,80.0,45.3,60.3
2026-05-22 02:00:00,Karachi,24.8607,67.0011,28.7,82.0,10.2,1006.3,unknown,4.0,17.35,104.19,0.07,0.27,84.83,51.2,0.0,75.3,,2.0,22.0,5.0,4.0,0.0,-1.4000000000000057,76.7,77.7,63.6,76.60000000000001,69.21666666666667,5.497641127888066,0.1665226989154429,82.1,49.2,61.3
2026-05-22 03:00:00,Karachi,24.8607,67.0011,29.9,75.0,10.5,1006.9,unknown,4.0,17.15,102.03,0.06,0.26,84.59,50.82,0.0,74.3,,3.0,22.0,5.0,4.0,0.0,-1.0,75.3,77.8,64.3,75.43333333333334,69.63333333333334,5.487746561100649,0.1680878173086347,83.5,48.1,61.4
2026-05-22 04:00:00,Karachi,24.8607,67.0011,30.9,70.0,10.8,1007.4,unknown,4.0,17.0,101.62,0.05,0.25,84.24,50.5,0.0,74.1,,4.0,22.0,5.0,4.0,0.0,-0.2000000000000028,74.3,76.7,65.3,74.56666666666668,70.0,5.479606460007211,0.1672899035622908,83.9,47.0,61.1
2026-05-22 05:00:00,Karachi,24.8607,67.0011,31.7,67.0,11.8,1007.7,unknown,4.0,17.05,103.02,0.04,0.23,84.27,50.39,0.0,74.8,,5.0,22.0,5.0,4.0,0.0,0.7000000000000028,74.1,75.3,65.6,74.39999999999999,70.38333333333333,5.480214742436561,0.1655018443020773,83.9,46.3,60.9
2026-05-22 06:00:00,Karachi,24.8607,67.0011,32.4,63.0,11.7,1007.7,unknown,4.0,17.12,104.26,0.04,0.22,84.38,49.98,0.0,75.4,,6.0,22.0,5.0,4.0,0.0,0.6000000000000085,74.8,74.3,65.2,74.76666666666667,70.80833333333334,5.456222348738251,0.1642048724342988,83.7,45.8,60.8
2026-05-22 07:00:00,Karachi,24.8607,67.0011,32.7,61.0,12.4,1007.4,unknown,4.0,17.18,105.29,0.03,0.21,84.47,49.25,0.0,75.9,,7.0,22.0,5.0,4.0,0.0,0.5,75.4,74.1,64.5,75.36666666666667,71.28333333333335,5.378836682592315,0.1631683920600246,83.0,45.4,60.8
2026-05-22 08:00:00,Karachi,24.8607,67.0011,33.0,59.0,13.2,1006.8,unknown,4.0,17.2,105.68,0.03,0.2,84.49,48.17,0.0,76.1,,8.0,22.0,5.0,4.0,0.0,0.1999999999999886,75.9,74.8,63.7,75.80000000000001,71.8,5.211692539901403,0.1627554882664647,81.6,44.9,61.1
2026-05-22 09:00:00,Karachi,24.8607,67.0011,32.9,60.0,14.1,1006.1,unknown,4.0,17.21,105.87,0.03,0.2,84.52,47.07,0.0,76.2,,9.0,22.0,5.0,4.0,0.0,0.1000000000000085,76.1,75.4,63.2,76.06666666666668,72.34166666666667,4.947895175394812,0.1625578539718522,79.5,44.4,61.7
2026-05-22 10:00:00,Karachi,24.8607,67.0011,32.4,62.0,15.2,1005.6,unknown,4.0,17.23,105.99,0.03,0.19,84.81,46.28,0.0,76.2,,10.0,22.0,5.0,4.0,0.0,0.0,76.2,75.9,63.2,76.16666666666667,72.88333333333334,4.603181004734321,0.1625625058967827,77.0,43.9,63.1
2026-05-22 11:00:00,Karachi,24.8607,67.0011,31.5,66.0,15.6,1005.4,unknown,4.0,17.21,105.79,0.03,0.19,84.99,45.76,0.0,76.1,,11.0,22.0,5.0,4.0,0.0,-0.1000000000000085,76.2,76.1,63.2,76.16666666666667,73.42083333333333,4.154618087057201,0.1626807826826732,74.1,42.9,65.2
2026-05-22 12:00:00,Karachi,24.8607,67.0011,31.3,70.0,13.7,1005.3,unknown,4.0,17.19,105.3,0.03,0.19,85.11,45.71,0.0,75.9,,12.0,22.0,5.0,4.0,0.0,-0.1999999999999886,76.1,76.2,63.6,76.06666666666668,73.93333333333334,3.6139424054862666,0.1632478632478632,71.0,41.3,67.4
2026-05-22 13:00:00,Karachi,24.8607,67.0011,30.1,75.0,13.7,1005.6,unknown,4.0,17.23,104.94,0.04,0.2,85.63,46.11,0.0,75.7,,13.0,22.0,5.0,4.0,0.0,-0.2000000000000028,75.9,76.2,64.8,75.9,74.3875,3.058461178866777,0.1641890604154755,68.2,39.8,69.1
2026-05-22 14:00:00,Karachi,24.8607,67.0011,29.6,78.0,13.1,1006.0,unknown,4.0,17.27,104.4,0.05,0.2,85.75,46.38,0.0,75.5,,14.0,22.0,5.0,4.0,0.0,-0.2000000000000028,75.7,76.1,66.3,75.7,74.77083333333333,2.5319659257781133,0.1654214559386973,65.8,38.4,69.6
2026-05-22 15:00:00,Karachi,24.8607,67.0011,29.4,79.0,14.8,1006.5,unknown,4.0,17.34,104.06,0.06,0.2,85.58,46.56,0.0,75.3,,15.0,22.0,5.0,4.0,0.0,-0.2000000000000028,75.5,75.9,67.8,75.5,75.08333333333333,2.051439932614936,0.1666346338650778,64.0,37.8,68.5
2026-05-22 16:00:00,Karachi,24.8607,67.0011,29.2,79.0,15.7,1006.8,unknown,4.0,17.45,103.86,0.06,0.21,85.57,46.84,0.0,75.2,,16.0,22.0,5.0,4.0,0.0,-0.0999999999999943,75.3,75.7,69.2,75.33333333333334,75.33333333333333,1.6244508548231311,0.1680146350856922,62.5,38.0,66.1
2026-05-22 17:00:00,Karachi,24.8607,67.0011,29.1,79.0,14.5,1007.4,unknown,4.0,17.59,103.74,0.06,0.21,85.59,47.38,0.0,75.1,,17.0,22.0,5.0,4.0,0.0,-0.1000000000000085,75.2,75.5,70.6,75.2,75.52083333333333,1.2768777023238853,0.1695585116637748,60.8,39.5,63.1
2026-05-22 18:00:00,Karachi,24.8607,67.0011,29.1,80.0,14.3,1007.5,unknown,4.0,17.65,103.4,0.06,0.22,85.73,47.95,0.0,75.0,,18.0,22.0,5.0,4.0,0.0,-0.0999999999999943,75.1,75.3,72.0,75.10000000000001,75.64583333333333,1.0425633821606373,0.170696324951644,58.7,42.3,60.4
2026-05-22 19:00:00,Karachi,24.8607,67.0011,29.0,80.0,13.7,1007.5,unknown,4.0,17.55,102.38,0.06,0.23,85.58,48.26,0.0,74.5,,19.0,22.0,5.0,4.0,0.0,-0.5,75.0,75.2,73.4,74.86666666666667,75.69166666666668,0.9604874970082308,0.1714201992576675,56.1,45.9,58.3
2026-05-22 20:00:00,Karachi,24.8607,67.0011,28.8,81.0,12.8,1007.3,unknown,4.0,17.41,101.6,0.06,0.23,85.33,48.43,0.0,74.1,,20.0,22.0,5.0,4.0,0.0,-0.4000000000000057,74.5,75.1,74.8,74.53333333333333,75.6625,0.9986131687969444,0.1713582677165354,54.5,39.4,57.1
2026-05-22 21:00:00,Karachi,24.8607,67.0011,28.5,83.0,11.8,1007.2,unknown,4.0,17.28,101.09,0.06,0.24,85.19,48.56,0.0,73.8,,21.0,22.0,5.0,4.0,0.0,-0.2999999999999971,74.1,75.0,76.0,74.13333333333334,75.57083333333333,1.065049158569751,0.170936788999901,53.3,52.6,56.4
2026-05-22 22:00:00,Karachi,24.8607,67.0011,28.4,82.0,10.7,1007.1,unknown,4.0,17.33,101.49,0.06,0.25,85.11,49.07,0.0,74.0,,22.0,22.0,5.0,4.0,0.0,0.2000000000000028,73.8,74.5,77.0,73.96666666666668,75.44583333333333,1.066069239408841,0.1707557394817223,52.4,54.6,56.4
2026-05-22 23:00:00,Karachi,24.8607,67.0011,28.2,82.0,10.0,1007.2,unknown,4.0,17.72,104.15,0.06,0.25,85.53,50.46,0.0,75.3,,23.0,22.0,5.0,4.0,0.0,1.2999999999999972,74.0,74.1,77.7,74.36666666666666,75.34583333333335,0.951876483901747,0.170139222275564,51.8,56.7,56.9
2026-05-23 00:00:00,Karachi,24.8607,67.0011,28.0,82.0,10.3,1007.0,unknown,4.0,18.27,108.25,0.06,0.26,85.74,51.81,0.0,77.4,,0.0,23.0,5.0,5.0,1.0,2.1000000000000085,75.3,73.8,77.8,75.56666666666668,75.32916666666667,0.9096005653204368,0.1687759815242494,51.3,58.7,58.1
2026-05-23 01:00:00,Karachi,24.8607,67.0011,27.7,84.0,10.0,1007.4,unknown,4.0,18.9,113.5,0.06,0.26,86.23,53.19,0.0,80.0,,1.0,23.0,5.0,5.0,1.0,2.5999999999999943,77.4,74.0,76.7,77.56666666666668,75.46666666666667,1.2940219293537902,0.1665198237885462,45.3,60.3,59.3
2026-05-23 02:00:00,Karachi,24.8607,67.0011,28.3,78.0,10.3,1007.8,unknown,4.0,19.42,117.89,0.07,0.26,86.49,54.3,0.0,82.1,,2.0,23.0,5.0,5.0,1.0,2.0999999999999943,80.0,75.3,75.3,79.83333333333334,75.75,1.8715257667681704,0.1647298328950717,49.2,61.3,60.0
2026-05-23 03:00:00,Karachi,24.8607,67.0011,29.4,73.0,9.9,1008.3,unknown,4.0,19.74,120.68,0.06,0.25,86.72,55.17,0.0,83.5,,3.0,23.0,5.0,5.0,1.0,1.4000000000000057,82.1,77.4,74.3,81.86666666666667,76.13333333333334,2.422658738316943,0.1635730858468677,48.1,61.4,60.2
2026-05-23 04:00:00,Karachi,24.8607,67.0011,30.6,66.0,10.7,1008.8,unknown,4.0,19.81,121.42,0.05,0.24,86.77,55.58,0.0,83.9,,4.0,23.0,5.0,5.0,1.0,0.4000000000000057,83.5,80.0,74.1,83.16666666666667,76.54166666666667,2.852751024155677,0.1631526931312798,47.0,61.1,60.2
2026-05-23 05:00:00,Karachi,24.8607,67.0011,31.6,62.0,12.0,1009.0,unknown,4.0,19.79,121.44,0.04,0.23,86.89,55.35,0.0,83.9,,5.0,23.0,5.0,5.0,1.0,0.0,83.9,82.1,74.8,83.76666666666668,76.92083333333333,3.195374260816787,0.1629611330698287,46.3,60.9,60.4
2026-05-23 06:00:00,Karachi,24.8607,67.0011,32.3,60.0,12.8,1008.7,unknown,4.0,19.71,121.0,0.04,0.21,86.8,54.3,0.0,83.7,,6.0,23.0,5.0,5.0,1.0,-0.2000000000000028,83.9,83.5,75.4,83.83333333333333,77.26666666666667,3.4616742200589137,0.162892561983471,45.8,60.8,61.0
2026-05-23 07:00:00,Karachi,24.8607,67.0011,32.6,58.0,13.4,1008.4,unknown,4.0,19.5,119.74,0.03,0.19,86.68,52.7,0.0,83.0,,7.0,23.0,5.0,5.0,1.0,-0.7000000000000028,83.7,83.9,75.9,83.53333333333335,77.5625,3.638658675466112,0.1628528478369801,45.4,60.8,61.6
2026-05-23 08:00:00,Karachi,24.8607,67.0011,32.5,58.0,14.4,1007.9,unknown,4.0,19.09,116.89,0.03,0.18,86.35,50.91,0.0,81.6,,8.0,23.0,5.0,5.0,1.0,-1.4000000000000057,83.0,83.9,76.1,82.76666666666667,77.79166666666667,3.714942408903816,0.1633159380614252,44.9,61.1,62.1
2026-05-23 09:00:00,Karachi,24.8607,67.0011,32.0,62.0,15.5,1007.4,unknown,4.0,18.48,112.57,0.03,0.17,86.26,49.2,0.0,79.5,,9.0,23.0,5.0,5.0,1.0,-2.0999999999999943,81.6,83.7,76.2,81.36666666666667,77.92916666666666,3.714540075303691,0.1641645198543128,44.4,61.7,62.5
2026-05-23 10:00:00,Karachi,24.8607,67.0011,31.5,65.0,16.4,1007.0,unknown,4.0,17.76,107.44,0.03,0.16,86.17,47.7,0.0,77.0,,10.0,23.0,5.0,5.0,1.0,-2.5,79.5,83.0,76.2,79.36666666666667,77.96249999999999,3.701916366239426,0.16530156366344,43.9,63.1,62.8
2026-05-23 11:00:00,Karachi,24.8607,67.0011,31.0,67.0,16.7,1006.5,unknown,4.0,16.91,101.73,0.03,0.16,85.86,46.14,0.0,74.1,,11.0,23.0,5.0,5.0,1.0,-2.9000000000000057,77.0,81.6,76.1,76.86666666666667,77.87916666666666,3.767593992560283,0.1662243192765162,42.9,65.2,62.6
2026-05-23 12:00:00,Karachi,24.8607,67.0011,30.9,67.0,15.8,1006.3,unknown,3.0,15.97,95.49,0.03,0.16,85.54,45.03,0.0,71.0,,12.0,23.0,5.0,5.0,1.0,-3.0999999999999943,74.1,79.5,75.9,74.03333333333335,77.675,4.004806894332422,0.1672426432087129,41.3,67.4,61.9
2026-05-23 13:00:00,Karachi,24.8607,67.0011,29.9,71.0,14.9,1006.1,unknown,3.0,15.12,89.7,0.04,0.16,85.48,44.63,0.0,68.2,,13.0,23.0,5.0,5.0,1.0,-2.799999999999997,71.0,77.0,75.7,71.10000000000001,77.3625,4.435118007353772,0.1685618729096989,39.8,69.1,60.9
2026-05-23 14:00:00,Karachi,24.8607,67.0011,29.0,76.0,14.0,1006.1,unknown,3.0,14.4,84.95,0.06,0.17,85.4,44.55,0.0,65.8,,14.0,23.0,5.0,5.0,1.0,-2.4000000000000057,68.2,74.1,75.5,68.33333333333333,76.95833333333333,5.016140614724667,0.1695114773396115,38.4,69.6,59.6
2026-05-23 15:00:00,Karachi,24.8607,67.0011,28.6,78.0,13.4,1006.4,unknown,3.0,13.82,81.27,0.06,0.18,85.49,44.59,0.0,64.0,,15.0,23.0,5.0,5.0,1.0,-1.7999999999999972,65.8,71.0,75.3,66.0,76.4875,5.666707693800759,0.1700504491202165,37.8,68.5,58.5
2026-05-23 16:00:00,Karachi,24.8607,67.0011,28.6,77.0,13.9,1007.0,unknown,3.0,13.35,78.18,0.06,0.18,85.56,44.94,0.0,62.5,,16.0,23.0,5.0,5.0,1.0,-1.5,64.0,68.2,75.2,64.10000000000001,75.95833333333333,6.344591443090319,0.1707597851112816,38.0,66.1,57.7
2026-05-23 17:00:00,Karachi,24.8607,67.0011,28.5,78.0,14.3,1007.6,unknown,3.0,12.91,74.82,0.07,0.19,85.8,45.89,0.0,60.8,,17.0,23.0,5.0,5.0,1.0,-1.7000000000000028,62.5,65.8,75.1,62.43333333333334,75.3625,7.0598566619289045,0.1725474472066292,39.5,63.1,57.3
2026-05-23 18:00:00,Karachi,24.8607,67.0011,28.5,79.0,14.0,1007.5,unknown,3.0,12.36,70.62,0.07,0.19,86.11,46.99,0.0,58.7,,18.0,23.0,5.0,5.0,1.0,-2.0999999999999943,60.8,64.0,75.0,60.66666666666666,74.68333333333332,7.837461138753763,0.1750212404418011,42.3,60.4,57.0
2026-05-23 19:00:00,Karachi,24.8607,67.0011,28.2,80.0,13.6,1007.2,unknown,3.0,11.66,65.33,0.06,0.2,86.15,47.88,0.0,56.1,,19.0,23.0,5.0,5.0,1.0,-2.6000000000000014,58.7,62.5,74.5,58.53333333333334,73.91666666666667,8.707800933730415,0.1784784938007041,45.9,58.3,56.8
2026-05-23 20:00:00,Karachi,24.8607,67.0011,28.0,82.0,14.3,1006.7,unknown,3.0,10.96,60.22,0.06,0.2,86.27,48.57,0.0,54.5,,20.0,23.0,5.0,5.0,1.0,-1.6000000000000014,56.1,60.8,74.1,56.43333333333334,73.10000000000001,9.566608594482576,0.1819993357688475,39.4,57.1,56.5
2026-05-23 21:00:00,Karachi,24.8607,67.0011,27.8,82.0,14.6,1006.3,unknown,3.0,10.33,55.98,0.06,0.2,86.45,49.06,0.0,53.3,,21.0,23.0,5.0,5.0,1.0,-1.2000000000000028,54.5,58.7,73.8,54.63333333333333,72.24583333333334,10.381839460314296,0.1845301893533404,52.6,56.4,56.2
2026-05-23 22:00:00,Karachi,24.8607,67.0011,27.8,81.0,14.6,1006.0,unknown,3.0,9.86,53.04,0.06,0.21,86.74,49.57,0.0,52.4,,22.0,23.0,5.0,5.0,1.0,-0.8999999999999986,53.3,56.1,74.0,53.400000000000006,71.34583333333335,11.132286735933656,0.1858974358974359,54.6,56.4,55.8
2026-05-23 23:00:00,Karachi,24.8607,67.0011,27.8,79.0,14.2,1006.4,unknown,3.0,9.55,51.31,0.06,0.21,86.92,49.88,0.0,51.8,,23.0,23.0,5.0,5.0,1.0,-0.6000000000000014,52.4,54.5,75.3,52.5,70.36666666666666,11.783801212449394,0.1861235626583512,56.7,56.9,55.4
2026-05-24 00:00:00,Karachi,24.8607,67.0011,27.9,81.0,14.8,1006.7,unknown,2.0,9.28,49.98,0.06,0.21,86.69,49.66,0.0,51.3,,0.0,24.0,5.0,6.0,1.0,-0.5,51.8,53.3,77.4,51.833333333333336,69.27916666666667,12.299557403373216,0.1856742697078831,58.7,58.1,54.9
2026-05-24 01:00:00,Karachi,24.8607,67.0011,28.0,78.0,14.5,1007.2,unknown,2.0,9.04,48.93,0.06,0.21,86.5,49.2,0.0,45.3,,1.0,24.0,5.0,6.0,1.0,-6.0,51.3,52.4,80.0,49.46666666666667,67.83333333333333,13.003867874989304,0.1847537298181074,60.3,59.3,54.2
2026-05-24 02:00:00,Karachi,24.8607,67.0011,28.8,73.0,15.6,1007.9,unknown,2.0,8.85,48.0,0.07,0.22,86.21,48.63,0.0,49.2,,2.0,24.0,5.0,6.0,1.0,3.9000000000000057,45.3,51.8,82.1,48.6,66.46249999999999,13.167608891255805,0.1843749999999999,61.3,60.0,53.6
2026-05-24 03:00:00,Karachi,24.8607,67.0011,29.7,70.0,17.7,1008.4,unknown,2.0,8.65,46.88,0.06,0.22,86.09,48.06,0.0,48.1,,3.0,24.0,5.0,6.0,1.0,-1.1000000000000014,49.2,51.3,83.5,47.53333333333334,64.9875,13.15883939972911,0.1845136518771331,61.4,60.2,53.0
2026-05-24 04:00:00,Karachi,24.8607,67.0011,30.7,65.0,18.3,1008.7,unknown,2.0,8.46,45.66,0.05,0.22,85.9,47.55,0.0,47.0,,4.0,24.0,5.0,6.0,1.0,-1.1000000000000014,48.1,45.3,83.9,48.1,63.45,13.007857157354,0.1852825229960578,61.1,60.2,52.4
2026-05-24 05:00:00,Karachi,24.8607,67.0011,31.5,61.0,18.8,1008.8,unknown,2.0,8.34,44.73,0.05,0.22,85.8,46.97,0.0,46.3,,5.0,24.0,5.0,6.0,1.0,-0.7000000000000028,47.0,49.2,83.9,47.13333333333333,61.88333333333333,12.69836232736891,0.1864520456069752,60.9,60.4,52.1
2026-05-24 06:00:00,Karachi,24.8607,67.0011,32.4,60.0,19.8,1008.7,unknown,2.0,8.25,43.98,0.04,0.22,85.73,46.25,0.0,45.8,,6.0,24.0,5.0,6.0,1.0,-0.5,46.3,48.1,83.7,46.366666666666674,60.30416666666667,12.214691053656418,0.1875852660300136,60.8,61.0,52.0
2026-05-24 07:00:00,Karachi,24.8607,67.0011,32.7,58.0,20.0,1008.3,unknown,2.0,8.18,43.36,0.04,0.22,85.66,45.42,0.0,45.4,,7.0,24.0,5.0,6.0,1.0,-0.3999999999999986,45.8,47.0,83.0,45.833333333333336,58.73749999999999,11.571509709478956,0.1886531365313653,60.8,61.6,52.0
2026-05-24 08:00:00,Karachi,24.8607,67.0011,32.6,59.0,19.2,1007.6,unknown,2.0,8.09,42.85,0.03,0.21,85.62,44.57,0.0,44.9,,8.0,24.0,5.0,6.0,1.0,-0.5,45.4,46.3,81.6,45.36666666666667,57.208333333333336,10.819383437657631,0.1887981330221703,61.1,62.1,52.1
2026-05-24 09:00:00,Karachi,24.8607,67.0011,32.9,59.0,18.8,1006.8,unknown,2.0,7.99,42.52,0.03,0.2,85.6,43.63,0.0,44.4,,9.0,24.0,5.0,6.0,1.0,-0.5,44.9,45.8,79.5,44.900000000000006,55.74583333333334,10.017722520253844,0.1879115710253998,61.7,62.5,52.2
2026-05-24 10:00:00,Karachi,24.8607,67.0011,32.5,62.0,18.7,1005.9,unknown,2.0,7.91,42.42,0.03,0.2,85.81,42.83,0.0,43.9,,10.0,24.0,5.0,6.0,1.0,-0.5,44.4,45.4,77.0,44.400000000000006,54.36666666666667,9.210328166117923,0.1864686468646864,63.1,62.8,52.3
2026-05-24 11:00:00,Karachi,24.8607,67.0011,31.8,66.0,18.6,1005.6,unknown,2.0,7.73,41.36,0.03,0.2,85.79,41.75,0.0,42.9,,11.0,24.0,5.0,6.0,1.0,-1.0,43.9,44.9,74.1,43.73333333333333,53.06666666666667,8.476600357645676,0.1868955512572534,65.2,62.6,52.4
2026-05-24 12:00:00,Karachi,24.8607,67.0011,31.1,67.0,18.3,1005.5,unknown,2.0,7.44,39.54,0.03,0.2,85.56,40.77,0.0,41.3,,12.0,24.0,5.0,6.0,1.0,-1.6000000000000014,42.9,44.4,71.0,42.70000000000001,51.82916666666667,7.8925104380383635,0.1881638846737481,67.4,61.9,52.6
2026-05-24 13:00:00,Karachi,24.8607,67.0011,30.0,72.0,17.2,1005.4,unknown,2.0,7.16,37.78,0.04,0.21,85.47,40.1,0.0,39.8,,13.0,24.0,5.0,6.0,1.0,-1.5,41.3,43.9,68.2,41.333333333333336,50.645833333333336,7.447788067708583,0.189518263631551,69.1,60.9,53.0
2026-05-24 14:00:00,Karachi,24.8607,67.0011,29.1,79.0,16.4,1005.7,unknown,2.0,6.92,36.39,0.05,0.22,85.27,39.35,0.0,38.4,,14.0,24.0,5.0,6.0,1.0,-1.3999999999999986,39.8,42.9,65.8,39.833333333333336,49.50416666666667,7.116513506823966,0.1901621324539708,69.6,59.6,53.6
2026-05-24 15:00:00,Karachi,24.8607,67.0011,28.8,81.0,17.6,1006.0,unknown,2.0,6.8,35.46,0.06,0.24,85.12,38.63,0.0,37.8,,15.0,24.0,5.0,6.0,1.0,-0.6000000000000014,38.4,41.3,64.0,38.66666666666666,48.4125,6.798613189791235,0.191765369430344,68.5,58.5,54.2
2026-05-24 16:00:00,Karachi,24.8607,67.0011,28.8,80.0,18.2,1006.4,unknown,2.0,6.84,35.27,0.06,0.25,84.86,37.87,0.0,38.0,,16.0,24.0,5.0,6.0,1.0,0.2000000000000028,37.8,39.8,62.5,38.06666666666667,47.39166666666667,6.420207003755497,0.193932520555713,66.1,57.7,54.7
2026-05-24 17:00:00,Karachi,24.8607,67.0011,28.8,81.0,16.9,1007.1,unknown,2.0,7.11,36.04,0.07,0.27,84.68,37.36,0.0,39.5,,17.0,24.0,5.0,6.0,1.0,1.5,38.0,38.4,60.8,38.43333333333334,46.50416666666666,5.940390791326847,0.1972807991120976,63.1,57.3,55.2
2026-05-24 18:00:00,Karachi,24.8607,67.0011,28.9,79.0,17.4,1007.1,unknown,2.0,7.61,37.67,0.07,0.28,84.41,37.04,0.0,42.3,,18.0,24.0,5.0,6.0,1.0,2.799999999999997,39.5,37.8,58.7,39.93333333333334,45.82083333333333,5.394681694017592,0.2020175205734005,60.4,57.0,55.5
2026-05-24 19:00:00,Karachi,24.8607,67.0011,28.7,80.0,17.6,1006.7,unknown,2.0,8.26,39.91,0.07,0.3,84.27,37.2,0.0,45.9,,19.0,24.0,5.0,6.0,1.0,3.6000000000000014,42.3,38.0,56.1,42.56666666666667,45.395833333333336,4.9315734473619575,0.2069656727637183,58.3,56.8,55.6
2026-05-24 20:00:00,Karachi,24.8607,67.0011,28.8,78.0,17.4,1006.1,unknown,2.0,9.04,42.5,0.07,0.3,84.39,37.92,0.0,39.4,,20.0,24.0,5.0,6.0,1.0,-6.5,45.9,39.5,54.5,42.53333333333334,44.76666666666666,4.676180777806413,0.2127058823529411,57.1,56.5,55.3
2026-05-24 21:00:00,Karachi,24.8607,67.0011,28.6,81.0,17.6,1005.8,unknown,2.0,9.97,45.52,0.07,0.3,84.85,38.72,0.0,52.6,,21.0,24.0,5.0,6.0,1.0,13.200000000000005,39.4,42.3,53.3,45.96666666666667,44.7375,4.622516959789095,0.21902460456942,56.4,56.2,54.8
2026-05-24 22:00:00,Karachi,24.8607,67.0011,28.4,82.0,17.7,1005.4,unknown,2.0,11.04,48.77,0.07,0.31,85.24,39.47,0.0,54.6,,22.0,24.0,5.0,6.0,1.0,2.0,52.6,45.9,52.4,48.866666666666674,44.82916666666667,4.799499898470858,0.2263686692638917,56.4,55.8,54.4
2026-05-24 23:00:00,Karachi,24.8607,67.0011,28.4,81.0,17.1,1005.2,unknown,3.0,12.15,51.75,0.07,0.32,85.59,39.99,0.0,56.7,,23.0,24.0,5.0,6.0,1.0,2.1000000000000014,54.6,39.4,51.8,54.63333333333333,45.03333333333333,5.196710219120219,0.2347826086956521,56.9,55.4,54.1
2026-05-25 00:00:00,Karachi,24.8607,67.0011,28.1,87.0,16.2,1005.4,unknown,3.0,13.22,54.51,0.07,0.33,85.88,40.15,0.0,58.7,,0.0,25.0,5.0,0.0,0.0,2.0,56.7,52.6,51.3,56.66666666666668,45.34166666666667,5.772341599064524,0.2425243074665199,58.1,54.9,54.0
2026-05-25 01:00:00,Karachi,24.8607,67.0011,28.2,87.0,15.8,1005.4,unknown,3.0,14.11,56.7,0.07,0.34,85.77,40.18,0.0,60.3,,1.0,25.0,5.0,0.0,0.0,1.5999999999999943,58.7,54.6,45.3,58.56666666666667,45.96666666666666,6.5299754754672055,0.2488536155202821,59.3,54.2,54.0
2026-05-25 02:00:00,Karachi,24.8607,67.0011,29.0,82.0,17.6,1006.0,unknown,3.0,14.61,57.56,0.08,0.34,85.54,40.13,0.0,61.3,,2.0,25.0,5.0,0.0,0.0,1.0,60.3,56.7,49.2,60.1,46.47083333333334,7.221012765698211,0.2538220986796386,60.0,53.6,54.2
2026-05-25 03:00:00,Karachi,24.8607,67.0011,30.2,74.0,18.0,1006.4,unknown,3.0,14.7,57.43,0.07,0.34,85.0,40.31,0.0,61.4,,3.0,25.0,5.0,0.0,0.0,0.1000000000000014,61.3,58.7,48.1,61.0,47.025,7.83566262007938,0.2559637819954727,60.2,53.0,54.5
2026-05-25 04:00:00,Karachi,24.8607,67.0011,31.3,69.0,18.4,1006.8,unknown,3.0,14.54,56.94,0.06,0.34,84.45,40.76,0.0,61.1,,4.0,25.0,5.0,0.0,0.0,-0.2999999999999971,61.4,60.3,47.0,61.26666666666667,47.6125,8.345699882082723,0.2553565156304882,60.2,52.4,54.8
2026-05-25 05:00:00,Karachi,24.8607,67.0011,32.0,66.0,17.3,1007.0,unknown,3.0,14.39,56.92,0.05,0.33,84.07,41.17,0.0,60.9,,5.0,25.0,5.0,0.0,0.0,-0.2000000000000028,61.1,61.3,46.3,61.13333333333335,48.22083333333333,8.767329629974881,0.2528109627547435,60.4,52.1,55.1
2026-05-25 06:00:00,Karachi,24.8607,67.0011,32.4,66.0,18.0,1006.8,unknown,3.0,14.36,56.93,0.05,0.33,83.47,41.04,0.0,60.8,,6.0,25.0,5.0,0.0,0.0,-0.1000000000000014,60.9,61.4,45.8,60.93333333333334,48.84583333333333,9.11501289878312,0.2522395924819954,61.0,52.0,55.1
2026-05-25 07:00:00,Karachi,24.8607,67.0011,32.6,65.0,19.0,1006.5,unknown,3.0,14.37,56.62,0.04,0.33,82.98,40.4,0.0,60.8,,7.0,25.0,5.0,0.0,0.0,0.0,60.8,61.1,45.4,60.833333333333336,49.48749999999999,9.39950565305397,0.2537972447898269,61.6,52.0,55.0
2026-05-25 08:00:00,Karachi,24.8607,67.0011,32.9,64.0,20.3,1005.7,unknown,3.0,14.52,56.33,0.04,0.33,82.66,39.59,0.0,61.1,,8.0,25.0,5.0,0.0,0.0,0.3000000000000042,60.8,60.9,44.9,60.900000000000006,50.1625,9.634485726671922,0.2577667317592757,62.1,52.1,54.8
2026-05-25 09:00:00,Karachi,24.8607,67.0011,32.9,65.0,20.2,1004.9,unknown,3.0,14.85,56.94,0.04,0.33,82.84,38.99,0.0,61.7,,9.0,25.0,5.0,0.0,0.0,0.6000000000000014,61.1,60.8,44.4,61.20000000000001,50.88333333333333,9.829797939748548,0.2608008429926238,62.5,52.2,54.7
2026-05-25 10:00:00,Karachi,24.8607,67.0011,32.4,68.0,19.8,1004.1,unknown,3.0,15.61,59.13,0.04,0.33,83.27,38.88,0.0,63.1,,10.0,25.0,5.0,0.0,0.0,1.3999999999999986,61.7,60.8,43.9,61.96666666666668,51.68333333333333,10.016276608675566,0.2639945881955014,62.8,52.3,54.9
2026-05-25 11:00:00,Karachi,24.8607,67.0011,31.8,72.0,18.6,1003.5,unknown,3.0,16.72,62.25,0.04,0.33,83.83,38.95,0.0,65.2,,11.0,25.0,5.0,0.0,0.0,2.1000000000000014,63.1,61.1,42.9,63.33333333333334,52.6125,10.198734469661408,0.2685943775100401,62.6,52.4,55.3
2026-05-25 12:00:00,Karachi,24.8607,67.0011,31.6,72.0,16.9,1003.2,unknown,3.0,17.91,65.75,0.04,0.34,84.24,39.13,0.0,67.4,,12.0,25.0,5.0,0.0,0.0,2.200000000000003,65.2,61.7,41.3,65.23333333333333,53.70000000000001,10.330705603245086,0.2723954372623574,61.9,52.6,55.9
2026-05-25 13:00:00,Karachi,24.8607,67.0011,30.5,78.0,13.9,1003.2,unknown,3.0,18.83,68.54,0.05,0.35,84.3,39.4,0.0,69.1,,13.0,25.0,5.0,0.0,0.0,1.6999999999999886,67.4,63.1,39.8,67.23333333333333,54.92083333333333,10.34790376447757,0.2747300846221184,60.9,53.0,56.5
2026-05-25 14:00:00,Karachi,24.8607,67.0011,29.6,83.0,13.0,1003.6,unknown,3.0,19.1,69.12,0.07,0.36,83.79,39.23,0.0,69.6,,14.0,25.0,5.0,0.0,0.0,0.5,69.1,65.2,38.4,68.7,56.22083333333333,10.139890196074752,0.2763310185185185,59.6,53.6,56.8
2026-05-25 15:00:00,Karachi,24.8607,67.0011,29.4,84.0,12.7,1004.0,unknown,3.0,18.51,67.12,0.08,0.36,83.1,38.88,0.0,68.5,,15.0,25.0,5.0,0.0,0.0,-1.0999999999999943,69.6,67.4,37.8,69.06666666666666,57.5,9.639096114941957,0.2757747318235995,58.5,54.2,56.9
2026-05-25 16:00:00,Karachi,24.8607,67.0011,29.3,85.0,11.3,1004.3,unknown,3.0,17.18,63.29,0.08,0.37,82.31,38.47,0.0,66.1,,16.0,25.0,5.0,0.0,0.0,-2.4000000000000057,68.5,69.1,38.0,68.06666666666668,58.67083333333334,8.841083898074828,0.2714488860799494,57.7,54.7,56.6
2026-05-25 17:00:00,Karachi,24.8607,67.0011,29.0,87.0,10.2,1004.7,unknown,3.0,15.58,59.11,0.09,0.37,81.63,38.13,0.0,63.1,,17.0,25.0,5.0,0.0,0.0,-2.999999999999993,66.1,69.6,39.5,65.9,59.65416666666667,7.875883893347626,0.2635763830147183,57.3,55.2,56.0
2026-05-25 18:00:00,Karachi,24.8607,67.0011,29.3,87.0,10.3,1004.9,unknown,3.0,14.14,55.54,0.09,0.37,81.14,37.84,0.0,60.4,,18.0,25.0,5.0,0.0,0.0,-2.700000000000003,63.1,68.5,42.3,63.2,60.40833333333333,6.954567886849339,0.2545912855599568,57.0,55.5,55.7
2026-05-25 19:00:00,Karachi,24.8607,67.0011,28.8,90.0,10.5,1004.6,unknown,3.0,13.04,53.33,0.09,0.37,80.66,37.58,0.0,58.3,,19.0,25.0,5.0,0.0,0.0,-2.1000000000000014,60.4,66.1,45.9,60.6,60.925,6.255310787124821,0.2445152822051378,56.8,55.6,55.6
2026-05-25 20:00:00,Karachi,24.8607,67.0011,28.6,92.0,10.6,1004.4,unknown,3.0,12.36,52.37,0.09,0.37,80.33,37.22,0.0,57.1,,20.0,25.0,5.0,0.0,0.0,-1.1999999999999955,58.3,63.1,39.4,58.6,61.6625,4.364960530729192,0.2360129845331296,56.5,55.3,55.9
2026-05-25 21:00:00,Karachi,24.8607,67.0011,28.3,93.0,12.7,1003.9,unknown,3.0,12.01,52.35,0.1,0.38,80.12,36.81,0.0,56.4,,21.0,25.0,5.0,0.0,0.0,-0.7000000000000028,57.1,60.4,52.6,57.26666666666667,61.82083333333333,4.081664107211526,0.2294173829990448,56.2,54.8,56.2
2026-05-25 22:00:00,Karachi,24.8607,67.0011,28.2,93.0,13.3,1003.6,unknown,3.0,11.98,54.44,0.1,0.39,80.11,36.69,0.0,56.4,,22.0,25.0,5.0,0.0,0.0,0.0,56.4,58.3,54.6,56.63333333333333,61.89583333333332,3.95787373381143,0.2200587803085966,55.8,54.4,56.6
2026-05-25 23:00:00,Karachi,24.8607,67.0011,28.1,93.0,13.5,1003.6,unknown,3.0,12.29,58.43,0.1,0.39,80.32,37.08,0.0,56.9,,23.0,25.0,5.0,0.0,0.0,0.5,56.4,57.1,56.7,56.56666666666667,61.90416666666667,3.946652865482409,0.2103371555707684,55.4,54.1,57.2
2026-05-26 00:00:00,Karachi,24.8607,67.0011,28.1,93.0,13.2,1003.8,unknown,3.0,12.9,63.21,0.1,0.39,80.55,37.75,0.0,58.1,,0.0,26.0,5.0,1.0,0.0,1.2000000000000028,56.9,56.4,58.7,57.13333333333333,61.87916666666666,3.969665320107479,0.2040816326530612,54.9,54.0,58.2
2026-05-26 01:00:00,Karachi,24.8607,67.0011,28.0,94.0,12.7,1004.1,unknown,3.0,13.53,67.1,0.1,0.39,80.74,38.23,0.0,59.3,,1.0,26.0,5.0,1.0,0.0,1.1999999999999955,58.1,56.4,60.3,58.1,61.837500000000006,3.9921458215990095,0.2016393442622951,54.2,54.0,59.3
2026-05-26 02:00:00,Karachi,24.8607,67.0011,28.8,88.0,13.3,1004.8,unknown,3.0,13.91,68.39,0.11,0.4,80.65,38.0,0.0,60.0,,2.0,26.0,5.0,1.0,0.0,0.7000000000000028,59.3,56.9,61.3,59.13333333333333,61.78333333333333,4.0085416047663,0.2033923088170785,53.6,54.2,60.3
2026-05-26 03:00:00,Karachi,24.8607,67.0011,30.1,80.0,12.0,1005.3,unknown,3.0,14.03,68.03,0.11,0.41,80.65,37.49,0.0,60.2,,3.0,26.0,5.0,1.0,0.0,0.2000000000000028,60.0,58.1,61.4,59.83333333333334,61.73333333333333,4.020995622621645,0.2062325444656769,53.0,54.5,61.2
2026-05-26 04:00:00,Karachi,24.8607,67.0011,31.1,75.0,11.4,1005.5,unknown,3.0,14.03,67.48,0.09,0.42,80.52,37.25,0.0,60.2,,4.0,26.0,5.0,1.0,0.0,0.0,60.2,59.3,61.1,60.13333333333333,61.695833333333326,4.031342334078536,0.207913455838767,52.4,54.8,62.0
2026-05-26 05:00:00,Karachi,24.8607,67.0011,32.2,71.0,11.3,1005.8,unknown,3.0,14.17,68.13,0.07,0.42,80.88,37.52,0.0,60.4,,5.0,26.0,5.0,1.0,0.0,0.1999999999999957,60.2,60.0,60.9,60.26666666666667,61.675,4.03692198716743,0.2079847350653163,52.1,55.1,63.0
2026-05-26 06:00:00,Karachi,24.8607,67.0011,33.3,66.0,13.5,1005.7,unknown,3.0,14.46,69.28,0.06,0.41,81.25,37.73,0.0,61.0,,6.0,26.0,5.0,1.0,0.0,0.6000000000000014,60.4,60.2,60.8,60.53333333333334,61.68333333333334,4.035243289547502,0.2087182448036951,52.0,55.1,63.8
2026-05-26 07:00:00,Karachi,24.8607,67.0011,33.7,63.0,14.5,1005.4,unknown,3.0,14.78,69.57,0.06,0.41,81.6,37.46,0.0,61.6,,7.0,26.0,5.0,1.0,0.0,0.6000000000000014,61.0,60.2,60.8,61.0,61.71666666666666,4.030931132770995,0.2124478942072732,52.0,55.0,64.4
2026-05-26 08:00:00,Karachi,24.8607,67.0011,33.8,63.0,15.7,1004.9,unknown,3.0,15.05,68.52,0.05,0.4,81.75,36.66,0.0,62.1,,8.0,26.0,5.0,1.0,0.0,0.5,61.6,60.4,61.1,61.56666666666667,61.75833333333333,4.029447763081596,0.2196438995913602,52.1,54.8,64.6
2026-05-26 09:00:00,Karachi,24.8607,67.0011,33.8,63.0,16.2,1004.2,unknown,3.0,15.27,66.81,0.05,0.4,81.56,35.76,0.0,62.5,,9.0,26.0,5.0,1.0,0.0,0.3999999999999986,62.1,61.0,61.7,62.06666666666667,61.79166666666666,4.032252220664702,0.2285585990121239,52.2,54.7,64.7
2026-05-26 10:00:00,Karachi,24.8607,67.0011,33.5,63.0,15.9,1003.4,unknown,3.0,15.42,65.15,0.05,0.39,81.51,35.0,0.0,62.8,,10.0,26.0,5.0,1.0,0.0,0.2999999999999971,62.5,61.6,63.1,62.46666666666668,61.77916666666667,4.028483279880012,0.2366845740598618,52.3,54.9,64.5
2026-05-26 11:00:00,Karachi,24.8607,67.0011,33.1,65.0,15.1,1003.2,unknown,3.0,15.32,63.6,0.05,0.39,81.19,34.43,0.0,62.6,,11.0,26.0,5.0,1.0,0.0,-0.1999999999999957,62.8,62.1,65.2,62.63333333333333,61.67083333333333,3.966981019092246,0.2408805031446541,52.4,55.3,64.1
2026-05-26 12:00:00,Karachi,24.8607,67.0011,32.8,67.0,13.4,1003.2,unknown,3.0,14.96,62.44,0.05,0.39,80.74,34.3,0.0,61.9,,12.0,26.0,5.0,1.0,0.0,-0.7000000000000028,62.6,62.5,67.4,62.43333333333334,61.44166666666666,3.7758864973170216,0.2395900064061499,52.6,55.9,63.3
2026-05-26 13:00:00,Karachi,24.8607,67.0011,31.3,74.0,12.2,1003.1,unknown,3.0,14.4,61.38,0.06,0.39,80.33,34.32,0.0,60.9,,13.0,26.0,5.0,1.0,0.0,-1.0,61.9,62.8,69.1,61.8,61.1,3.405621950482303,0.2346041055718475,53.0,56.5,62.5
2026-05-26 14:00:00,Karachi,24.8607,67.0011,30.1,81.0,12.0,1003.6,unknown,3.0,13.72,59.84,0.08,0.39,79.49,34.18,0.0,59.6,,14.0,26.0,5.0,1.0,0.0,-1.2999999999999972,60.9,62.6,69.6,60.80000000000001,60.68333333333334,2.893721339114726,0.2292780748663101,53.6,56.8,61.8
2026-05-26 15:00:00,Karachi,24.8607,67.0011,29.5,84.0,10.8,1004.0,unknown,3.0,13.1,58.2,0.1,0.39,78.5,33.89,0.0,58.5,,15.0,26.0,5.0,1.0,0.0,-1.1000000000000014,59.6,61.9,68.5,59.66666666666666,60.26666666666667,2.396495025206536,0.2250859106529209,54.2,56.9,61.1
2026-05-26 16:00:00,Karachi,24.8607,67.0011,29.2,87.0,10.2,1004.5,unknown,3.0,12.69,57.22,0.1,0.39,77.58,33.75,0.0,57.7,,16.0,26.0,5.0,1.0,0.0,-0.7999999999999972,58.5,60.9,66.1,58.6,59.91666666666666,2.1029310118552766,0.2217756029360363,54.7,56.6,60.5
2026-05-26 17:00:00,Karachi,24.8607,67.0011,29.0,88.0,9.4,1005.2,unknown,3.0,12.46,57.05,0.1,0.4,77.39,33.74,0.0,57.3,,17.0,26.0,5.0,1.0,0.0,-0.4000000000000057,57.7,59.6,63.1,57.833333333333336,59.675,2.053893439522306,0.2184049079754601,55.2,56.0,59.8
2026-05-26 18:00:00,Karachi,24.8607,67.0011,28.9,90.0,8.0,1005.6,unknown,3.0,12.34,57.07,0.1,0.4,77.41,34.03,0.0,57.0,,18.0,26.0,5.0,1.0,0.0,-0.2999999999999971,57.3,58.5,60.4,57.333333333333336,59.53333333333333,2.1179700426334245,0.2162256877518836,55.5,55.7,59.3
2026-05-26 19:00:00,Karachi,24.8607,67.0011,28.5,92.0,6.6,1005.5,unknown,3.0,12.2,56.89,0.1,0.39,77.49,34.26,0.0,56.8,,19.0,26.0,5.0,1.0,0.0,-0.2000000000000028,57.0,57.7,58.3,57.03333333333334,59.47083333333333,2.1772497942840845,0.2144489365442081,55.6,55.6,58.9
2026-05-26 20:00:00,Karachi,24.8607,67.0011,28.3,93.0,6.9,1005.3,unknown,3.0,12.06,56.43,0.1,0.39,77.89,34.46,0.0,56.5,,20.0,26.0,5.0,1.0,0.0,-0.2999999999999971,56.8,57.3,57.1,56.76666666666667,59.44583333333333,2.2088712771196124,0.2137161084529505,55.3,55.9,58.7
2026-05-26 21:00:00,Karachi,24.8607,67.0011,28.0,94.0,9.2,1005.0,unknown,3.0,11.89,55.7,0.1,0.39,77.93,34.57,0.0,56.2,,21.0,26.0,5.0,1.0,0.0,-0.2999999999999971,56.5,57.0,56.4,56.5,59.4375,2.2212046281339,0.2134649910233393,54.8,56.2,58.9
2026-05-26 22:00:00,Karachi,24.8607,67.0011,27.9,94.0,10.6,1004.8,unknown,3.0,11.66,54.85,0.1,0.38,77.94,34.58,0.0,55.8,,22.0,26.0,5.0,1.0,0.0,-0.4000000000000057,56.2,56.8,56.4,56.16666666666666,59.4125,2.259917755342669,0.2125797629899726,54.4,56.6,59.7
2026-05-26 23:00:00,Karachi,24.8607,67.0011,27.9,93.0,12.4,1004.9,unknown,3.0,11.45,54.14,0.11,0.38,77.71,34.47,0.0,55.4,,23.0,26.0,5.0,1.0,0.0,-0.3999999999999986,55.8,56.5,56.9,55.8,59.35,2.351317854356884,0.2114887329146656,54.1,57.2,60.9
2026-05-27 00:00:00,Karachi,24.8607,67.0011,28.2,92.0,13.8,1005.0,unknown,3.0,11.19,53.6,0.11,0.39,77.4,34.28,0.0,54.9,,0.0,27.0,5.0,2.0,0.0,-0.5,55.4,56.2,58.1,55.366666666666674,59.21666666666667,2.5106151449078755,0.2087686567164179,54.0,58.2,62.1
2026-05-27 01:00:00,Karachi,24.8607,67.0011,28.2,92.0,13.9,1005.3,unknown,3.0,10.83,53.41,0.11,0.38,77.22,34.29,0.0,54.2,,1.0,27.0,5.0,2.0,0.0,-0.6999999999999957,54.9,55.8,59.3,54.833333333333336,59.00416666666666,2.71108500126829,0.2027710166635461,54.0,59.3,62.7
2026-05-27 02:00:00,Karachi,24.8607,67.0011,28.9,87.0,13.6,1006.1,unknown,3.0,10.47,53.64,0.12,0.38,77.21,34.47,0.0,53.6,,2.0,27.0,5.0,2.0,0.0,-0.6000000000000014,54.2,55.4,60.0,54.23333333333334,58.73749999999999,2.915895343152444,0.1951901565995525,54.2,60.3,62.8
2026-05-27 03:00:00,Karachi,24.8607,67.0011,30.0,79.0,14.0,1006.7,unknown,3.0,10.15,54.08,0.1,0.37,77.19,34.75,0.0,53.0,,3.0,27.0,5.0,2.0,0.0,-0.6000000000000014,53.6,54.9,60.2,53.6,58.4375,3.1219855025777083,0.1876849112426035,54.5,61.2,62.6
2026-05-27 04:00:00,Karachi,24.8607,67.0011,31.1,73.0,14.3,1007.1,unknown,3.0,9.87,54.04,0.09,0.36,76.87,35.05,0.0,52.4,,4.0,27.0,5.0,2.0,0.0,-0.6000000000000014,53.0,54.2,60.2,53.0,58.1125,3.3296184009127887,0.1826424870466321,54.8,62.0,62.3
2026-05-27 05:00:00,Karachi,24.8607,67.0011,32.1,69.0,13.9,1007.1,unknown,3.0,9.69,53.28,0.07,0.36,76.49,35.05,0.0,52.1,,5.0,27.0,5.0,2.0,0.0,-0.2999999999999971,52.4,53.6,60.4,52.50000000000001,57.76666666666666,3.507961958387591,0.1818693693693693,55.1,63.0,62.1
2026-05-27 06:00:00,Karachi,24.8607,67.0011,33.0,64.0,14.8,1007.0,unknown,3.0,9.63,52.14,0.06,0.36,75.96,34.71,0.0,52.0,,6.0,27.0,5.0,2.0,0.0,-0.1000000000000014,52.1,53.0,61.0,52.16666666666668,57.39166666666666,3.6263428297509614,0.1846950517836594,55.1,63.8,62.0
2026-05-27 07:00:00,Karachi,24.8607,67.0011,33.3,64.0,15.8,1006.5,unknown,3.0,9.65,51.08,0.06,0.36,75.36,34.23,0.0,52.0,,7.0,27.0,5.0,2.0,0.0,0.0,52.0,52.4,61.6,52.03333333333334,56.99166666666667,3.6711468018353295,0.1889193422083007,55.0,64.4,62.1
2026-05-27 08:00:00,Karachi,24.8607,67.0011,33.4,65.0,16.2,1005.9,unknown,3.0,9.71,50.16,0.06,0.36,75.02,33.68,0.0,52.1,,8.0,27.0,5.0,2.0,0.0,0.1000000000000014,52.0,52.1,62.1,52.03333333333334,56.575,3.633449672389261,0.1935805422647528,54.8,64.6,62.2
2026-05-27 09:00:00,Karachi,24.8607,67.0011,33.2,66.0,16.7,1005.2,unknown,2.0,9.75,49.44,0.05,0.36,74.88,33.2,0.0,52.2,,9.0,27.0,5.0,2.0,0.0,0.1000000000000014,52.1,52.0,62.5,52.1,56.145833333333336,3.5093637682659757,0.1972087378640776,54.7,64.7,62.3
2026-05-27 10:00:00,Karachi,24.8607,67.0011,32.9,68.0,16.7,1004.7,unknown,2.0,9.81,48.96,0.05,0.35,75.39,32.97,0.0,52.3,,10.0,27.0,5.0,2.0,0.0,0.0999999999999943,52.2,52.0,62.8,52.20000000000001,55.708333333333336,3.291479998383335,0.2003676470588235,54.9,64.5,62.2
2026-05-27 11:00:00,Karachi,24.8607,67.0011,32.3,71.0,16.2,1004.4,unknown,2.0,9.86,48.65,0.05,0.35,75.81,32.92,0.0,52.4,,11.0,27.0,5.0,2.0,0.0,0.1000000000000014,52.3,52.1,62.6,52.3,55.28333333333333,3.0093573872349952,0.202672147995889,55.3,64.1,61.9
2026-05-27 12:00:00,Karachi,24.8607,67.0011,32.3,69.0,15.3,1004.0,unknown,2.0,9.96,48.8,0.06,0.35,76.35,33.14,0.0,52.6,,12.0,27.0,5.0,2.0,0.0,0.2000000000000028,52.4,52.2,61.9,52.43333333333334,54.895833333333336,2.7035370015756874,0.2040983606557377,55.9,63.3,61.5
2026-05-27 13:00:00,Karachi,24.8607,67.0011,31.2,74.0,13.5,1004.1,unknown,2.0,10.19,49.58,0.07,0.36,77.06,33.52,0.0,53.0,,13.0,27.0,5.0,2.0,0.0,0.3999999999999986,52.6,52.3,60.9,52.66666666666666,54.56666666666667,2.4051876301612145,0.2055264219443323,56.5,62.5,61.4
2026-05-27 14:00:00,Karachi,24.8607,67.0011,30.1,81.0,11.8,1004.4,unknown,3.0,10.48,50.68,0.08,0.37,77.47,33.77,0.0,53.6,,14.0,27.0,5.0,2.0,0.0,0.6000000000000014,53.0,52.4,59.6,53.06666666666667,54.31666666666666,2.158434752258925,0.2067876874506709,56.8,61.8,61.6
2026-05-27 15:00:00,Karachi,24.8607,67.0011,29.5,87.0,11.6,1004.6,unknown,3.0,10.8,51.9,0.09,0.38,77.7,33.98,0.0,54.2,,15.0,27.0,5.0,2.0,0.0,0.6000000000000014,53.6,52.6,58.5,53.6,54.1375,1.9659741473059056,0.2080924855491329,56.9,61.1,62.1
2026-05-27 16:00:00,Karachi,24.8607,67.0011,29.1,89.0,12.3,1004.8,unknown,3.0,11.06,53.2,0.09,0.39,77.72,34.06,0.0,54.7,,16.0,27.0,5.0,2.0,0.0,0.5,54.2,53.0,57.7,54.16666666666668,54.0125,1.819534699253729,0.2078947368421052,56.6,60.5,62.4
2026-05-27 17:00:00,Karachi,24.8607,67.0011,28.9,91.0,14.0,1005.4,unknown,3.0,11.33,54.93,0.09,0.4,77.63,34.24,0.0,55.2,,17.0,27.0,5.0,2.0,0.0,0.5,54.7,53.6,57.3,54.70000000000001,53.925,1.7012144000189784,0.2062625159293646,56.0,59.8,62.4
2026-05-27 18:00:00,Karachi,24.8607,67.0011,29.2,89.0,12.9,1005.9,unknown,3.0,11.54,56.75,0.09,0.41,77.68,34.47,0.0,55.5,,18.0,27.0,5.0,2.0,0.0,0.2999999999999971,55.2,54.2,57.0,55.13333333333333,53.8625,1.6083511675968842,0.2033480176211453,55.7,59.3,62.1
2026-05-27 19:00:00,Karachi,24.8607,67.0011,28.9,91.0,13.4,1005.8,unknown,3.0,11.58,57.52,0.09,0.42,77.52,34.63,0.0,55.6,,19.0,27.0,5.0,2.0,0.0,0.1000000000000014,55.5,54.7,56.8,55.43333333333334,53.8125,1.5297946722288849,0.2013212795549374,55.6,58.9,61.9
2026-05-27 20:00:00,Karachi,24.8607,67.0011,28.7,92.0,14.3,1005.3,unknown,3.0,11.39,56.79,0.09,0.42,77.13,34.59,0.0,55.3,,20.0,27.0,5.0,2.0,0.0,-0.3000000000000042,55.6,55.2,56.5,55.46666666666667,53.7625,1.4559659874362585,0.2005634794858249,55.9,58.7,61.9
2026-05-27 21:00:00,Karachi,24.8607,67.0011,28.4,93.0,14.0,1005.1,unknown,3.0,11.16,55.68,0.09,0.42,76.63,34.38,0.0,54.8,,21.0,27.0,5.0,2.0,0.0,-0.5,55.3,55.5,56.2,55.23333333333333,53.70416666666667,1.3801320562914208,0.2004310344827586,56.2,58.9,62.1
2026-05-27 22:00:00,Karachi,24.8607,67.0011,28.4,92.0,14.7,1004.7,unknown,3.0,10.93,55.08,0.1,0.41,76.16,34.13,0.0,54.4,,22.0,27.0,5.0,2.0,0.0,-0.3999999999999986,54.8,55.6,55.8,54.833333333333336,53.645833333333336,1.3157835049633675,0.1984386347131445,56.6,59.7,62.4
2026-05-27 23:00:00,Karachi,24.8607,67.0011,28.3,92.0,15.0,1004.3,unknown,3.0,10.78,54.73,0.1,0.4,75.9,33.76,0.0,54.1,,23.0,27.0,5.0,2.0,0.0,-0.2999999999999971,54.4,55.3,55.4,54.43333333333334,53.59166666666666,1.2662566079397712,0.1969669285583775,57.2,60.9,62.4
2026-05-28 00:00:00,Karachi,24.8607,67.0011,28.4,91.0,15.5,1004.4,unknown,3.0,10.7,54.41,0.1,0.39,75.64,33.41,0.0,54.0,,0.0,28.0,5.0,3.0,0.0,-0.1000000000000014,54.1,54.8,54.9,54.16666666666666,53.554166666666674,1.2388561227210169,0.1966550266495129,58.2,62.1,62.2
2026-05-28 01:00:00,Karachi,24.8607,67.0011,28.3,92.0,14.7,1004.9,unknown,3.0,10.69,54.41,0.1,0.39,75.54,33.23,0.0,54.0,,1.0,28.0,5.0,3.0,0.0,0.0,54.0,54.4,54.2,54.03333333333334,53.54583333333333,1.2349895851431527,0.1964712369049807,59.3,62.7,61.7
2026-05-28 02:00:00,Karachi,24.8607,67.0011,29.1,86.0,15.9,1005.5,unknown,3.0,10.81,54.59,0.11,0.39,75.33,32.96,0.0,54.2,,2.0,28.0,5.0,3.0,0.0,0.2000000000000028,54.0,54.1,53.6,54.06666666666667,53.57083333333333,1.2421857197571349,0.1980216156805275,60.3,62.8,61.2
2026-05-28 03:00:00,Karachi,24.8607,67.0011,30.3,79.0,17.1,1005.7,unknown,3.0,10.98,54.89,0.1,0.39,75.1,32.58,0.0,54.5,,3.0,28.0,5.0,3.0,0.0,0.2999999999999971,54.2,54.0,53.0,54.23333333333334,53.63333333333333,1.2499275341512208,0.2000364365093824,61.2,62.6,60.8
2026-05-28 04:00:00,Karachi,24.8607,67.0011,31.4,72.0,17.1,1006.0,unknown,3.0,11.16,55.08,0.08,0.39,74.61,32.34,0.0,54.8,,4.0,28.0,5.0,3.0,0.0,0.2999999999999971,54.5,54.0,52.4,54.5,53.73333333333333,1.2429511399413151,0.2026143790849673,62.0,62.3,60.5
2026-05-28 05:00:00,Karachi,24.8607,67.0011,32.2,69.0,16.9,1006.1,unknown,3.0,11.28,55.14,0.07,0.39,74.44,32.2,0.0,55.1,,5.0,28.0,5.0,3.0,0.0,0.3000000000000042,54.8,54.2,52.1,54.8,53.85833333333334,1.2222277119095026,0.2045701849836779,63.0,62.1,60.5
2026-05-28 06:00:00,Karachi,24.8607,67.0011,33.2,65.0,16.7,1006.1,unknown,3.0,11.31,54.73,0.06,0.39,74.35,31.97,0.0,55.1,,6.0,28.0,5.0,3.0,0.0,0.0,55.1,54.5,52.0,55.0,53.9875,1.1803877402957708,0.2066508313539192,63.8,62.0,60.5
2026-05-28 07:00:00,Karachi,24.8607,67.0011,33.4,65.0,16.4,1005.7,unknown,3.0,11.24,53.82,0.06,0.38,74.49,31.69,0.0,55.0,,7.0,28.0,5.0,3.0,0.0,-0.1000000000000014,55.1,54.8,52.0,55.06666666666667,54.1125,1.117961071133898,0.2088442958008175,64.4,62.1,60.5
2026-05-28 08:00:00,Karachi,24.8607,67.0011,33.6,64.0,16.1,1005.1,unknown,3.0,11.13,52.97,0.05,0.38,74.69,31.44,0.0,54.8,,8.0,28.0,5.0,3.0,0.0,-0.2000000000000028,55.0,55.1,52.1,54.96666666666668,54.225,1.0397533152487315,0.2101189352463658,64.6,62.2,60.5
2026-05-28 09:00:00,Karachi,24.8607,67.0011,33.4,67.0,17.5,1004.3,unknown,3.0,11.07,52.64,0.05,0.37,75.01,31.33,0.0,54.7,,9.0,28.0,5.0,3.0,0.0,-0.0999999999999943,54.8,55.1,52.2,54.833333333333336,54.32916666666666,0.9493609597686928,0.2102963525835866,64.7,62.3,60.4
2026-05-28 10:00:00,Karachi,24.8607,67.0011,32.8,72.0,17.8,1003.6,unknown,3.0,11.19,53.23,0.05,0.37,75.46,31.4,0.0,54.9,,10.0,28.0,5.0,3.0,0.0,0.1999999999999957,54.7,55.0,52.3,54.8,54.4375,0.8509904715432791,0.2102198008641743,64.5,62.2,60.4
2026-05-28 11:00:00,Karachi,24.8607,67.0011,32.2,74.0,18.0,1003.0,unknown,3.0,11.42,54.29,0.05,0.38,75.5,31.44,0.0,55.3,,11.0,28.0,5.0,3.0,0.0,0.3999999999999986,54.9,54.8,52.4,54.96666666666667,54.55833333333334,0.7488638738101214,0.2103518143304476,64.1,61.9,60.2
2026-05-28 12:00:00,Karachi,24.8607,67.0011,32.0,74.0,16.8,1002.8,unknown,3.0,11.73,55.58,0.05,0.39,75.16,31.37,0.0,55.9,,12.0,28.0,5.0,3.0,0.0,0.6000000000000014,55.3,54.7,52.6,55.366666666666674,54.69583333333333,0.6727485263890385,0.2110471392587261,63.3,61.5,59.8
2026-08-28 11:00:00,Karachi,24.8607,67.0011,28.9,71.0,18.3,1002.0,unknown,3.0,18.35,84.62,0.08,0.54,65.68,38.92,0.0,68.0,,11.0,28.0,8.0,4.0,0.0,-1.0,69.0,70.0,64.9,68.66666666666667,68.425,1.6030541502687212,0.2168518080831954,61.8,63.4,60.8
2026-08-28 12:00:00,Karachi,24.8607,67.0011,28.5,75.0,19.2,1002.3,unknown,3.0,18.2,83.93,0.09,0.56,65.37,38.03,0.0,68.0,,12.0,28.0,8.0,4.0,0.0,0.0,68.0,69.0,64.8,68.33333333333333,68.55833333333332,1.4098771659923035,0.2168473728106755,61.5,63.4,61.2
2026-08-28 13:00:00,Karachi,24.8607,67.0011,27.4,81.0,18.8,1002.3,unknown,3.0,17.75,81.61,0.1,0.56,65.21,37.23,0.0,67.0,,13.0,28.0,8.0,4.0,0.0,-1.0,68.0,69.0,65.3,67.66666666666667,68.62916666666666,1.2753445115679405,0.2174978556549442,61.0,63.5,61.1
2026-08-28 14:00:00,Karachi,24.8607,67.0011,26.7,84.0,17.7,1002.8,unknown,3.0,16.91,77.21,0.11,0.56,65.13,36.51,0.0,66.0,,14.0,28.0,8.0,4.0,0.0,-1.0,67.0,68.0,65.9,67.0,68.63333333333333,1.2661707648635567,0.2190130812070975,60.4,63.7,60.9
2026-08-28 15:00:00,Karachi,24.8607,67.0011,26.4,86.0,17.4,1002.8,unknown,3.0,15.94,72.52,0.12,0.56,65.09,35.81,0.0,64.0,,15.0,28.0,8.0,4.0,0.0,-2.0,66.0,68.0,66.5,65.66666666666667,68.52916666666665,1.525573068851141,0.2198014340871484,60.1,63.8,60.7
2026-08-28 16:00:00,Karachi,24.8607,67.0011,26.4,85.0,16.1,1003.6,unknown,3.0,15.28,69.72,0.12,0.55,65.0,35.11,0.0,63.0,,16.0,28.0,8.0,4.0,0.0,-1.0,64.0,67.0,66.7,64.33333333333333,68.375,1.867164788609784,0.219162363740677,60.0,63.6,60.4
2026-08-28 17:00:00,Karachi,24.8607,67.0011,26.4,85.0,15.1,1004.5,unknown,3.0,15.18,69.18,0.12,0.56,64.73,34.24,0.0,62.0,,17.0,28.0,8.0,4.0,0.0,-1.0,63.0,66.0,67.1,63.0,68.1625,2.266161761753333,0.2194275802254987,59.9,63.4,60.1
2026-08-28 18:00:00,Karachi,24.8607,67.0011,26.4,87.0,16.0,1004.3,unknown,3.0,15.63,70.83,0.12,0.57,64.44,33.38,0.0,63.0,,18.0,28.0,8.0,4.0,0.0,1.0,62.0,64.0,67.9,62.66666666666666,67.95833333333333,2.4995506842604023,0.2206692079627276,60.3,63.2,59.9
2026-08-28 19:00:00,Karachi,24.8607,67.0011,26.0,91.0,14.8,1004.2,unknown,3.0,16.38,72.61,0.12,0.57,64.21,32.75,0.0,65.0,,19.0,28.0,8.0,4.0,0.0,2.0,63.0,63.0,68.6,63.333333333333336,67.80833333333332,2.5664925595000843,0.2255887618785291,60.8,62.9,59.7
2026-08-28 20:00:00,Karachi,24.8607,67.0011,26.1,91.0,13.3,1003.7,unknown,3.0,17.07,74.99,0.13,0.57,64.35,32.57,0.0,66.0,,20.0,28.0,8.0,4.0,0.0,1.0,65.0,62.0,68.8,64.66666666666667,67.69166666666666,2.5830411241932785,0.2276303507134284,61.2,62.3,59.5
2026-08-28 21:00:00,Karachi,24.8607,67.0011,25.8,92.0,14.5,1003.1,unknown,3.0,17.51,76.79,0.13,0.57,64.75,32.77,0.0,67.0,,21.0,28.0,8.0,4.0,0.0,1.0,66.0,63.0,68.8,66.0,67.61666666666666,2.5755821067098856,0.2280244823544732,61.3,61.3,59.1
2026-08-28 22:00:00,Karachi,24.8607,67.0011,25.8,91.0,14.6,1002.9,unknown,3.0,17.75,76.71,0.12,0.55,65.21,33.45,0.0,67.0,,22.0,28.0,8.0,4.0,0.0,0.0,67.0,65.0,68.5,66.66666666666667,67.55416666666666,2.5714112462031045,0.2313909529396428,61.1,59.9,58.4
2026-08-28 23:00:00,Karachi,24.8607,67.0011,25.8,90.0,15.8,1002.9,unknown,3.0,17.89,77.11,0.12,0.54,65.66,34.32,0.0,67.0,,23.0,28.0,8.0,4.0,0.0,0.0,67.0,66.0,68.6,67.0,67.4875,2.563847736779561,0.2320062248735572,60.9,58.9,58.2
2026-08-29 00:00:00,Karachi,24.8607,67.0011,25.9,90.0,16.8,1002.9,unknown,3.0,17.97,77.86,0.12,0.53,65.71,35.11,0.0,68.0,,0.0,29.0,8.0,5.0,1.0,1.0,67.0,67.0,68.7,67.33333333333333,67.45833333333333,2.553414877420092,0.2307988697662471,61.2,58.4,58.9
2026-08-29 01:00:00,Karachi,24.8607,67.0011,25.8,91.0,16.9,1003.2,unknown,3.0,18.01,79.01,0.12,0.53,65.59,35.95,0.0,67.6,,1.0,29.0,8.0,5.0,1.0,-0.4000000000000057,68.0,67.0,70.0,67.53333333333333,67.35833333333333,2.495895180816213,0.2279458296418175,61.9,58.1,60.0
2026-08-29 02:00:00,Karachi,24.8607,67.0011,25.8,90.0,17.5,1003.8,unknown,3.0,17.96,78.64,0.12,0.54,65.23,36.62,0.0,67.5,,2.0,29.0,8.0,5.0,1.0,-0.0999999999999943,67.6,67.0,70.0,67.7,67.25416666666668,2.432207651079457,0.228382502543235,62.5,57.8,61.3
2026-08-29 03:00:00,Karachi,24.8607,67.0011,27.0,81.0,19.5,1004.1,unknown,3.0,17.68,76.65,0.11,0.54,64.88,37.4,0.0,67.0,,3.0,29.0,8.0,5.0,1.0,-0.5,67.5,68.0,70.0,67.36666666666666,67.12916666666668,2.3610018445870384,0.2306588388780169,62.9,57.5,62.3
2026-08-29 04:00:00,Karachi,24.8607,67.0011,27.8,76.0,20.4,1004.5,unknown,3.0,16.77,71.83,0.09,0.53,64.54,38.55,0.0,65.3,,4.0,29.0,8.0,5.0,1.0,-1.7000000000000028,67.0,67.6,70.0,66.60000000000001,66.93333333333334,2.306826667818984,0.2334679103438674,62.6,57.4,63.0
2026-08-29 05:00:00,Karachi,24.8607,67.0011,28.8,71.0,20.9,1004.9,unknown,3.0,15.63,66.39,0.08,0.51,64.47,39.72,0.0,63.2,,5.0,29.0,8.0,5.0,1.0,-2.0999999999999943,65.3,67.5,70.0,65.16666666666667,66.65,2.331262020600482,0.2354270221418888,62.0,57.3,63.9
2026-08-29 06:00:00,Karachi,24.8607,67.0011,28.7,70.0,22.2,1005.2,unknown,3.0,14.87,64.28,0.07,0.5,64.52,40.44,0.0,61.8,,6.0,29.0,8.0,5.0,1.0,-1.4000000000000057,63.2,67.0,70.0,63.43333333333334,66.30833333333334,2.418212898647901,0.2313316739265712,61.3,57.3,64.7
2026-08-29 07:00:00,Karachi,24.8607,67.0011,29.1,67.0,21.2,1004.9,unknown,3.0,14.76,65.6,0.06,0.5,64.46,40.58,0.0,61.5,,7.0,29.0,8.0,5.0,1.0,-0.2999999999999971,61.8,65.3,70.0,62.16666666666666,65.95416666666667,2.4757922169374464,0.225,61.0,57.7,65.3
2026-08-29 08:00:00,Karachi,24.8607,67.0011,29.3,67.0,21.4,1004.3,unknown,3.0,14.94,67.45,0.05,0.5,64.3,40.22,0.0,61.9,,8.0,29.0,8.0,5.0,1.0,0.3999999999999986,61.5,63.2,70.0,61.73333333333333,65.61666666666667,2.4522689877753283,0.2214974054855448,61.8,58.2,65.4
2026-08-29 09:00:00,Karachi,24.8607,67.0011,29.0,70.0,21.2,1003.6,unknown,3.0,15.02,68.32,0.05,0.5,64.27,39.71,0.0,62.0,,9.0,29.0,8.0,5.0,1.0,0.1000000000000014,61.9,61.8,69.0,61.8,65.325,2.4486464761611253,0.219847775175644,62.9,58.8,65.1
2026-08-29 10:00:00,Karachi,24.8607,67.0011,28.5,73.0,20.6,1003.1,unknown,3.0,14.95,68.58,0.05,0.51,64.26,39.12,0.0,61.9,,10.0,29.0,8.0,5.0,1.0,-0.1000000000000014,62.0,61.5,69.0,61.93333333333334,65.02916666666667,2.4139952751413527,0.2179935841353164,63.3,59.8,64.6
